timestamp_ns,symbol,best_bid,best_ask,spread,bid_volume,ask_volume,bid_levels,ask_levels,total_orders
14400007694888,TSLA,6119800,0,0,20,0,1,0,1
14410189958459,AAPL,3217958,3218000,42,100,200,3,4,7
14410189958459,AMZN,18539989,18540000,11,100,50,9,4,13
14410189958459,GOOGL,14418878,14418937,59,91,100,7,3,11
14410189958459,MSFT,1745690,1746000,310,100,500,8,4,12
14410189958459,TSLA,6459906,6460000,94,92,450,24,10,39
14420116258967,AAPL,3217989,3218000,11,70,200,14,6,22
14420116258967,AMZN,18539989,18540000,11,80,50,19,10,32
14420116258967,GOOGL,14418878,14418941,63,91,100,9,3,14
14420116258967,MSFT,1726795,1727005,210,100,100,14,7,23
14420116258967,TSLA,6459863,6460000,137,55,450,46,11,69
14430128422424,AAPL,3217869,3218000,131,95,200,15,6,23
14430128422424,AMZN,18539989,18540000,11,80,50,19,11,34
14430128422424,GOOGL,14418878,14418941,63,91,100,9,3,14
14430128422424,MSFT,1726795,1727005,210,100,100,16,9,28
14430128422424,TSLA,6459796,6460000,204,51,450,67,13,99
14440009312139,AAPL,3217819,3218000,181,85,200,21,16,40
14440009312139,AMZN,18539989,18540000,11,80,50,21,12,39
14440009312139,GOOGL,14418878,14418941,63,91,100,10,3,14
14440009312139,MSFT,1726795,1727005,210,100,100,20,11,37
14440009312139,TSLA,6459760,6460000,240,1,450,82,20,136
14450204211125,AAPL,3217819,3218000,181,26,200,21,23,52
14450204211125,AMZN,18539989,18540000,11,80,50,23,12,41
14450204211125,GOOGL,14418878,14418941,63,91,100,10,3,14
14450204211125,MSFT,1745740,1746000,260,100,500,24,12,49
14450204211125,TSLA,6438390,6439010,620,100,100,91,32,180
14460734530503,AAPL,3217779,3218000,221,66,200,20,24,53
14460734530503,AMZN,18539989,18540000,11,80,50,25,12,43
14460734530503,GOOGL,14418878,14418941,63,91,100,9,3,13
14460734530503,MSFT,1745927,1746000,73,100,500,25,12,50
14460734530503,TSLA,6432540,6433569,1029,95,100,99,44,202
14470767858128,AAPL,3213665,3214100,435,40,30,20,27,54
14470767858128,AMZN,18539989,18540000,11,80,50,24,12,41
14470767858128,GOOGL,14418878,14418941,63,91,100,10,3,14
14470767858128,MSFT,1745958,1746000,42,100,500,25,12,51
14470767858128,TSLA,6432540,6433569,1029,95,100,103,48,213
14480138839390,AAPL,3213665,3214100,435,40,30,20,29,56
14480138839390,AMZN,18539989,18540000,11,80,50,25,12,42
14480138839390,GOOGL,14418878,14418941,63,91,100,10,3,14
14480138839390,MSFT,1745945,1746000,55,90,500,27,13,54
14480138839390,TSLA,6432637,6433471,834,100,100,117,56,248
14490228841918,AAPL,3213665,3214100,435,35,30,21,29,58
14490228841918,AMZN,18539989,18540000,11,80,50,25,12,42
14490228841918,GOOGL,14418878,14418941,63,91,100,10,3,14
14490228841918,MSFT,1745945,1746000,55,90,500,30,13,57
14490228841918,TSLA,6432739,6433369,630,100,100,121,66,265
14500274165662,AAPL,3211136,3211864,728,100,100,21,33,66
14500274165662,AMZN,18539989,18540000,11,80,50,27,11,42
14500274165662,GOOGL,14418878,14418941,63,91,100,10,3,15
14500274165662,MSFT,1745869,1746000,131,90,500,32,11,60
14500274165662,TSLA,6430167,6431397,1230,100,100,120,72,268
14510089483967,AAPL,3211136,3211864,728,100,100,22,36,70
14510089483967,AMZN,18539989,18540000,11,36,50,29,10,46
14510089483967,GOOGL,14418878,14418941,63,70,100,11,3,17
14510089483967,MSFT,1745729,1746000,271,90,500,34,11,67
14510089483967,TSLA,6430174,6431390,1216,100,100,125,77,285
14520454654805,AAPL,3211136,3211864,728,100,100,22,40,78
14520454654805,AMZN,18539989,18540000,11,36,50,29,10,50
14520454654805,GOOGL,14418878,14418941,63,70,100,12,3,21
14520454654805,MSFT,1745669,1746000,331,80,500,34,11,70
14520454654805,TSLA,6430174,6431390,1216,100,100,125,78,293
14530090183725,AAPL,3211136,3211864,728,100,100,22,40,79
14530090183725,AMZN,18539989,18540000,11,36,50,29,9,49
14530090183725,GOOGL,14418878,14418941,63,70,100,12,3,22
14530090183725,MSFT,1745528,1746000,472,80,500,36,11,75
14530090183725,TSLA,6430174,6431390,1216,55,100,127,81,305
14540157831912,AAPL,3210468,3211396,928,100,100,21,41,79
14540157831912,AMZN,18539989,18540000,11,36,50,29,9,49
14540157831912,GOOGL,14418878,14418941,63,70,100,13,3,24
14540157831912,MSFT,1745329,1746000,671,80,500,36,11,75
14540157831912,TSLA,6430174,6431397,1223,55,93,130,85,323
14550125501430,AAPL,3210468,3211396,928,100,100,24,43,85
14550125501430,AMZN,18539989,18540000,11,26,50,30,9,50
14550125501430,GOOGL,14418878,14418941,63,60,100,16,3,28
14550125501430,MSFT,1745329,1746000,671,80,500,36,11,75
14550125501430,TSLA,6430174,6431397,1223,55,93,131,88,331
14560976665066,AAPL,3210468,3211396,928,100,100,24,43,89
14560976665066,AMZN,18539989,18540000,11,26,50,31,9,51
14560976665066,GOOGL,14418878,14418941,63,60,100,22,3,36
14560976665066,MSFT,1744856,1746000,1144,51,500,36,11,75
14560976665066,TSLA,6430174,6431397,1223,38,93,127,91,331
14571199667535,AAPL,3210468,3211396,928,100,100,25,44,93
14571199667535,AMZN,18539989,18540000,11,26,50,31,8,49
14571199667535,GOOGL,14418878,14418941,63,60,100,23,3,37
14571199667535,MSFT,1744184,1746000,1816,91,500,39,11,83
14571199667535,TSLA,6426300,6427300,1000,16,572,116,96,325
14581398994455,AAPL,3210468,3211396,928,100,100,26,43,92
14581398994455,AMZN,18539989,18540000,11,26,50,32,8,50
14581398994455,GOOGL,14418878,14418941,63,60,100,23,3,37
14581398994455,MSFT,1744184,1746000,1816,31,500,39,10,84
14581398994455,TSLA,6425985,6427300,1315,5,572,117,99,334
14590183615010,AAPL,3210468,3211396,928,100,100,27,44,95
14590183615010,AMZN,18539989,18540000,11,26,50,33,8,51
14590183615010,GOOGL,14418878,14418941,63,59,100,23,3,37
14590183615010,MSFT,1744184,1746000,1816,31,500,42,10,90
14590183615010,TSLA,6425732,6427300,1568,45,572,119,101,333
14600180471375,AAPL,3210468,3211396,928,100,100,27,43,96
14600180471375,AMZN,18539989,18540000,11,16,50,42,9,62
14600180471375,GOOGL,14418878,14418941,63,59,100,23,3,37
14600180471375,MSFT,1736700,1739443,2743,20,100,41,11,90
14600180471375,TSLA,6425732,6427300,1568,13,572,125,101,341
14610170053764,AAPL,3210468,3211396,928,100,100,27,45,99
14610170053764,AMZN,18539989,18540000,11,16,50,43,9,63
14610170053764,GOOGL,14418878,14418941,63,59,100,25,3,39
14610170053764,MSFT,1736700,1738888,2188,20,100,42,15,96
14610170053764,TSLA,6425572,6427300,1728,88,572,128,102,348
14620062508445,AAPL,3210375,3211300,925,100,100,30,45,104
14620062508445,AMZN,18539989,18540000,11,16,50,48,9,69
14620062508445,GOOGL,14418878,14418941,63,59,100,25,3,40
14620062508445,MSFT,1736700,1738886,2186,20,100,41,15,97
14620062508445,TSLA,6420100,6422221,2121,60,100,111,106,327
14630068992021,AAPL,3210086,3211214,1128,100,100,33,48,111
14630068992021,AMZN,18539989,18540000,11,16,50,50,9,74
14630068992021,GOOGL,14418874,14419081,207,64,100,38,3,55
14630068992021,MSFT,1736700,1737700,1000,20,100,45,18,108
14630068992021,TSLA,6420100,6420700,600,60,130,110,107,324
14641118238562,AAPL,3210000,3211300,1300,119,100,33,47,109
14641118238562,AMZN,18539989,18540000,11,16,50,52,9,80
14641118238562,GOOGL,14418872,14419129,257,70,100,47,3,68
14641118238562,MSFT,1736700,1737700,1000,20,100,46,19,113
14641118238562,TSLA,6420100,6420700,600,60,130,107,108,322
14650094083955,AAPL,3210000,3211300,1300,119,100,33,44,104
14650094083955,AMZN,18539989,18540000,11,16,50,53,9,83
14650094083955,GOOGL,14418871,14419161,290,65,100,50,3,73
14650094083955,MSFT,1736900,1737700,800,100,100,48,22,120
14650094083955,TSLA,6420000,6420100,100,256,15,106,110,313
14660226293713,AAPL,3210000,3211000,1000,119,200,32,44,106
14660226293713,AMZN,18539989,18540000,11,6,50,52,9,83
14660226293713,GOOGL,14418871,14419169,298,65,100,51,3,75
14660226293713,MSFT,1736900,1737700,800,100,100,47,26,125
14660226293713,TSLA,6414300,6416449,2149,7,100,89,112,290
14670576171695,AAPL,3210000,3211000,1000,119,300,32,43,107
14670576171695,AMZN,18539989,18540000,11,6,50,52,9,82
14670576171695,GOOGL,14418871,14419170,299,65,100,52,3,76
14670576171695,MSFT,1736900,1738000,1100,100,630,47,28,131
14670576171695,TSLA,6414300,6416412,2112,7,90,94,112,306
14680698250055,AAPL,3210000,3211000,1000,119,300,33,43,109
14680698250055,AMZN,18539989,18540000,11,6,50,52,9,82
14680698250055,GOOGL,14418871,14419170,299,65,100,52,3,76
14680698250055,MSFT,1736900,1738000,1100,100,630,47,28,135
14680698250055,TSLA,6413200,6415360,2160,47,100,93,115,314
14690327996202,AAPL,3210000,3211000,1000,119,300,35,44,112
14690327996202,AMZN,18539969,18540000,31,55,50,53,9,84
14690327996202,GOOGL,14418871,14419170,299,28,100,52,3,76
14690327996202,MSFT,1736900,1738000,1100,100,630,47,31,142
14690327996202,TSLA,6413200,6413300,100,37,500,97,116,323
14700552116953,AAPL,3210000,3211000,1000,119,300,35,46,114
14700552116953,AMZN,18539969,18540000,31,55,50,54,9,85
14700552116953,GOOGL,14418867,14419278,411,64,100,62,3,92
14700552116953,MSFT,1736900,1738000,1100,100,630,47,31,144
14700552116953,TSLA,6413000,6413300,300,450,500,94,114,325
14710213421738,AAPL,3209836,3210900,1064,19,32,38,47,114
14710213421738,AMZN,18539969,18540000,31,55,50,54,9,86
14710213421738,GOOGL,14418864,14419431,567,34,100,70,3,108
14710213421738,MSFT,1736900,1738000,1100,100,630,49,31,152
14710213421738,TSLA,6413000,6413300,300,382,500,97,114,329
14720305423629,AAPL,3209700,3209800,100,30,51,36,49,115
14720305423629,AMZN,18539944,18540000,56,95,50,57,9,89
14720305423629,GOOGL,14418860,14419515,655,83,100,76,3,121
14720305423629,MSFT,1736900,1738000,1100,100,630,49,31,152
14720305423629,TSLA,6413000,6413300,300,376,489,101,116,333
14730690071803,AAPL,3209700,3209800,100,30,51,36,51,120
14730690071803,AMZN,18539944,18540000,56,95,80,58,9,91
14730690071803,GOOGL,14418860,14419515,655,83,100,76,3,122
14730690071803,MSFT,1737000,1738000,1000,20,630,51,32,155
14730690071803,TSLA,6413000,6413300,300,376,517,101,116,337
14740649878672,AAPL,3209700,3209800,100,30,51,39,51,126
14740649878672,AMZN,18539944,18540000,56,95,80,61,10,95
14740649878672,GOOGL,14418860,14419515,655,12,100,78,3,127
14740649878672,MSFT,1737000,1738000,1000,20,630,51,33,158
14740649878672,TSLA,6413000,6413300,300,373,517,100,113,339
14750279501401,AAPL,3209700,3209800,100,30,178,39,51,127
14750279501401,AMZN,18539944,18540000,56,95,80,63,10,97
14750279501401,GOOGL,14418860,14419515,655,12,100,79,3,128
14750279501401,MSFT,1737000,1738000,1000,20,630,51,33,165
14750279501401,TSLA,6413000,6413300,300,873,517,106,114,348
14760263318958,AAPL,3209500,3209800,300,23,178,37,51,124
14760263318958,AMZN,18539944,18540000,56,35,30,64,10,99
14760263318958,GOOGL,14418859,14419518,659,84,100,79,3,129
14760263318958,MSFT,1737000,1738000,1000,20,630,51,35,171
14760263318958,TSLA,6413000,6413300,300,873,437,108,120,362
14770487474323,AAPL,3209500,3209800,300,23,178,39,52,130
14770487474323,AMZN,18539944,18540000,56,15,30,65,10,100
14770487474323,GOOGL,14418859,14419518,659,70,100,79,3,130
14770487474323,MSFT,1737000,1738000,1000,20,630,51,35,172
14770487474323,TSLA,6413000,6413300,300,661,437,111,122,370
14780653777820,AAPL,3209500,3209800,300,23,178,40,52,132
14780653777820,AMZN,18539927,18540000,73,87,30,64,10,102
14780653777820,GOOGL,14418859,14419518,659,41,100,79,3,133
14780653777820,MSFT,1737000,1738000,1000,20,130,53,37,172
14780653777820,TSLA,6413000,6413300,300,661,437,112,120,372
14790119468355,AAPL,3209500,3209800,300,23,178,41,51,135
14790119468355,AMZN,18539927,18540000,73,67,30,65,10,103
14790119468355,GOOGL,14418859,14419518,659,11,100,79,3,134
14790119468355,MSFT,1737000,1738000,1000,20,130,54,37,175
14790119468355,TSLA,6413000,6413300,300,661,432,117,120,386
14800819445644,AAPL,3209500,3209800,300,23,178,44,50,141
14800819445644,AMZN,18539927,18540000,73,67,30,65,11,104
14800819445644,GOOGL,14418857,14419551,694,88,100,80,3,137
14800819445644,MSFT,1738000,1738200,200,70,132,57,40,180
14800819445644,TSLA,6410700,6412799,2099,41,100,115,118,376
14811129182756,AAPL,3209700,3210900,1200,30,29,49,52,152
14811129182756,AMZN,18539927,18540000,73,67,30,68,14,110
14811129182756,GOOGL,14418856,14419565,709,25,100,81,5,141
14811129182756,MSFT,1738100,1738200,100,100,32,58,41,178
14811129182756,TSLA,6410750,6412742,1992,100,100,115,122,378
14820181209531,AAPL,3209700,3210900,1200,30,29,52,56,166
14820181209531,AMZN,18539927,18540000,73,67,30,73,16,118
14820181209531,GOOGL,14418855,14419580,725,85,100,81,5,141
14820181209531,MSFT,1738200,1738300,100,268,32,59,41,179
14820181209531,TSLA,6410750,6412745,1995,98,100,118,122,381
14830487206124,AAPL,3209700,3210900,1200,30,29,52,56,170
14830487206124,AMZN,18539927,18540000,73,46,30,77,17,126
14830487206124,GOOGL,14418855,14419591,736,39,100,81,5,141
14830487206124,MSFT,1738500,1739000,500,100,327,61,34,159
14830487206124,TSLA,6410750,6412745,1995,77,100,119,124,392
14840200826494,AAPL,3209700,3210900,1200,30,29,52,58,173
14840200826494,AMZN,18539927,18540000,73,45,30,78,17,126
14840200826494,GOOGL,14418855,14419593,738,10,100,81,5,141
14840200826494,MSFT,1738900,1739200,300,100,62,62,32,158
14840200826494,TSLA,6410750,6412745,1995,35,100,118,126,394
14850073058359,AAPL,3209700,3210900,1200,30,29,52,60,175
14850073058359,AMZN,18539927,18540000,73,45,30,78,17,126
14850073058359,GOOGL,14418855,14419593,738,10,100,81,5,141
14850073058359,MSFT,1738900,1739700,800,100,12,62,28,148
14850073058359,TSLA,6410400,6412694,2294,29,100,116,128,396
14860355221166,AAPL,3209700,3210900,1200,30,29,51,60,172
14860355221166,AMZN,18539927,18540000,73,45,30,78,18,126
14860355221166,GOOGL,14418855,14419593,738,10,100,81,5,140
14860355221166,MSFT,1740300,1740400,100,14,100,63,27,149
14860355221166,TSLA,6410000,6411400,1400,336,32,116,129,395
14870134484913,AAPL,3209700,3210900,1200,30,29,51,62,175
14870134484913,AMZN,18539927,18540000,73,45,30,77,18,126
14870134484913,GOOGL,14418854,14419622,768,52,100,81,5,140
14870134484913,MSFT,1740300,1741400,1100,14,100,63,28,152
14870134484913,TSLA,6401300,6401400,100,47,227,75,138,329
14880563052031,AAPL,3210100,3210900,800,30,29,54,64,185
14880563052031,AMZN,18539927,18540000,73,25,30,81,19,129
14880563052031,GOOGL,14418854,14419627,773,23,100,81,5,140
14880563052031,MSFT,1741000,1741400,400,100,100,65,29,156
14880563052031,TSLA,6401300,6401400,100,47,227,77,139,337
14890403607770,AAPL,3210100,3210900,800,30,29,53,67,190
14890403607770,AMZN,18539927,18540000,73,25,30,81,20,130
14890403607770,GOOGL,14418851,14419635,784,94,100,81,5,139
14890403607770,MSFT,1741200,1741600,400,100,200,72,31,176
14890403607770,TSLA,6401300,6401400,100,47,222,77,140,341
14900449998181,AAPL,3210500,3210900,400,60,9,54,68,195
14900449998181,AMZN,18539927,18540000,73,25,30,81,20,130
14900449998181,GOOGL,14418851,14419635,784,94,100,81,5,139
14900449998181,MSFT,1741200,1741600,400,100,200,72,31,177
14900449998181,TSLA,6401000,6401400,400,276,222,76,140,337
14910487708221,AAPL,3210600,3210900,300,30,9,55,67,195
14910487708221,AMZN,18539927,18540000,73,5,30,81,21,130
14910487708221,GOOGL,14418851,14419639,788,36,100,81,5,139
14910487708221,MSFT,1740300,1740900,600,14,200,72,35,183
14910487708221,TSLA,6400000,6401400,1400,724,222,69,143,326
14920030592260,AAPL,3210800,3210900,100,30,9,57,69,200
14920030592260,AMZN,18539927,18540000,73,5,30,81,23,133
14920030592260,GOOGL,14418851,14419640,789,7,100,81,5,138
14920030592260,MSFT,1740300,1740800,500,14,100,74,40,197
14920030592260,TSLA,6370000,6372196,2196,180,100,58,154,319
14930031486992,AAPL,3210800,3210900,100,30,9,57,68,202
14930031486992,AMZN,18539927,18540000,73,5,30,80,23,131
14930031486992,GOOGL,14418850,14419662,812,78,100,80,5,137
14930031486992,MSFT,1740300,1740800,500,14,100,75,41,201
14930031486992,TSLA,6371400,6373421,2021,16,100,67,164,345
14940930289478,AAPL,3211500,3212000,500,2871,52,58,64,194
14940930289478,AMZN,18539927,18540000,73,5,30,79,23,130
14940930289478,GOOGL,14418850,14419681,831,78,100,79,5,135
14940930289478,MSFT,1740300,1740800,500,14,100,74,42,203
14940930289478,TSLA,6375802,6377798,1996,100,100,80,172,383
14950021971484,AAPL,3211500,3212000,500,2871,23,57,64,195
14950021971484,AMZN,18539905,18540000,95,85,30,79,26,135
14950021971484,GOOGL,14418850,14419682,832,78,100,79,5,134
14950021971484,MSFT,1740300,1740800,500,14,220,75,43,210
14950021971484,TSLA,6373500,6375646,2146,38,100,85,179,402
14960288633623,AAPL,3211500,3212000,500,2871,23,57,64,195
14960288633623,AMZN,18539905,18540000,95,85,30,79,26,136
14960288633623,GOOGL,14418850,14419683,833,49,100,78,5,133
14960288633623,MSFT,1740300,1740700,400,14,100,75,45,218
14960288633623,TSLA,6373600,6375737,2137,21,18,94,188,430
14970185987935,AAPL,3211600,3212000,400,150,23,59,63,196
14970185987935,AMZN,18539905,18540000,95,85,30,81,27,139
14970185987935,GOOGL,14418850,14419683,833,49,100,78,5,133
14970185987935,MSFT,1740300,1740700,400,14,100,77,46,226
14970185987935,TSLA,6373600,6375655,2055,19,90,100,195,456
14980100870513,AAPL,3211600,3212000,400,150,23,59,64,196
14980100870513,AMZN,18539905,18540000,95,85,30,85,27,144
14980100870513,GOOGL,14418850,14419683,833,49,100,79,5,133
14980100870513,MSFT,1740500,1740700,200,200,100,82,48,247
14980100870513,TSLA,6370000,6371200,1200,806,14,94,204,457
14990383685521,AAPL,3211600,3212000,400,150,23,61,65,198
14990383685521,AMZN,18539905,18540000,95,85,30,89,27,147
14990383685521,GOOGL,14418850,14419683,833,20,100,78,5,131
14990383685521,MSFT,1740500,1740700,200,200,100,83,48,253
14990383685521,TSLA,6370000,6371200,1200,763,14,97,207,472
15000370518721,AAPL,3211600,3212000,400,150,23,61,65,199
15000370518721,AMZN,18539905,18540000,95,85,30,92,29,152
15000370518721,GOOGL,14418849,14419700,851,62,100,77,5,126
15000370518721,MSFT,1740500,1740700,200,200,100,85,48,257
15000370518721,TSLA,6370000,6370400,400,168,15,105,210,492
15010487052977,AAPL,3211600,3212000,400,150,23,62,65,203
15010487052977,AMZN,18539905,18540000,95,85,30,92,31,154
15010487052977,GOOGL,14418848,14419724,876,57,100,75,5,124
15010487052977,MSFT,1740500,1740700,200,200,100,85,49,256
15010487052977,TSLA,6370000,6370400,400,62,31,113,213,512
15020740968327,AAPL,3211600,3212000,400,150,23,61,65,208
15020740968327,AMZN,18539905,18540000,95,85,30,96,31,161
15020740968327,GOOGL,14418848,14419731,883,13,100,75,5,123
15020740968327,MSFT,1740500,1740700,200,200,100,86,50,264
15020740968327,TSLA,6370000,6370400,400,42,31,118,217,537
15030112281458,AAPL,3211600,3212000,400,150,23,61,65,209
15030112281458,AMZN,18539905,18540000,95,85,30,102,33,169
15030112281458,GOOGL,14418847,14419759,912,67,100,75,5,122
15030112281458,MSFT,1740500,1740700,200,200,100,86,51,268
15030112281458,TSLA,6369300,6369900,600,7,1,124,219,553
15040055794325,AAPL,3211600,3212000,400,150,23,62,64,214
15040055794325,AMZN,18539905,18540000,95,85,30,103,36,175
15040055794325,GOOGL,14418847,14419762,915,50,100,75,5,121
15040055794325,MSFT,1740500,1740700,200,200,100,87,56,279
15040055794325,TSLA,6369300,6369900,600,7,1,127,221,568
15050567794805,AAPL,3211600,3212000,400,150,23,61,63,216
15050567794805,AMZN,18539905,18540000,95,85,30,102,38,176
15050567794805,GOOGL,14418847,14419762,915,50,100,75,4,120
15050567794805,MSFT,1740500,1740700,200,200,100,86,60,288
15050567794805,TSLA,6369300,6370000,700,7,300,131,221,579
15060016956777,AAPL,3211600,3212000,400,150,23,61,63,216
15060016956777,AMZN,18539905,18540000,95,85,30,102,38,176
15060016956777,GOOGL,14418847,14419762,915,50,100,75,4,120
15060016956777,MSFT,1740500,1740700,200,200,100,86,60,292
15060016956777,TSLA,6369300,6370000,700,7,245,134,221,588
15070682073562,AAPL,3211700,3212000,300,60,23,62,64,219
15070682073562,AMZN,18539905,18540000,95,85,30,102,38,176
15070682073562,GOOGL,14418847,14419762,915,50,100,75,4,121
15070682073562,MSFT,1740500,1740700,200,200,100,85,60,297
15070682073562,TSLA,6369300,6369900,600,7,7,135,224,598
15080307942821,AAPL,3211700,3212000,300,60,23,62,66,221
15080307942821,AMZN,18539905,18540000,95,85,30,102,39,177
15080307942821,GOOGL,14418847,14419762,915,50,100,75,4,121
15080307942821,MSFT,1740500,1740700,200,200,100,86,60,301
15080307942821,TSLA,6369300,6370000,700,7,205,139,227,609
15090487210916,AAPL,3211700,3212000,300,60,23,62,66,225
15090487210916,AMZN,18539905,18540000,95,85,30,105,41,182
15090487210916,GOOGL,14418847,14419762,915,33,100,75,4,121
15090487210916,MSFT,1740500,1740700,200,200,83,87,60,301
15090487210916,TSLA,6369300,6370000,700,7,202,141,229,622
15100180002806,AAPL,3215000,3215100,100,1038,30,67,48,190
15100180002806,AMZN,18539905,18540000,95,85,30,105,41,182
15100180002806,GOOGL,14418847,14419762,915,33,100,75,4,121
15100180002806,MSFT,1740500,1740700,200,200,83,87,60,302
15100180002806,TSLA,6369300,6370000,700,7,107,144,231,630
15110237368978,AAPL,3214113,3215000,887,100,962,70,48,200
15110237368978,AMZN,18539905,18540000,95,85,30,107,42,185
15110237368978,GOOGL,14418847,14419762,915,16,100,75,4,121
15110237368978,MSFT,1740500,1740700,200,200,83,85,60,297
15110237368978,TSLA,6369300,6370000,700,7,36,146,233,644
15120206888995,AAPL,3214110,3215000,890,100,1062,73,47,206
15120206888995,AMZN,18539905,18540000,95,85,30,110,42,187
15120206888995,GOOGL,14418846,14419763,917,82,100,75,4,121
15120206888995,MSFT,1740300,1740700,400,14,83,83,61,298
15120206888995,TSLA,6370300,6371500,1200,25,44,149,234,658
15130381853330,AAPL,3214110,3215000,890,100,1062,74,47,211
15130381853330,AMZN,18539905,18540000,95,85,30,110,45,191
15130381853330,GOOGL,14418846,14419763,917,53,100,75,4,121
15130381853330,MSFT,1740300,1740600,300,14,8,83,64,303
15130381853330,TSLA,6371100,6372000,900,14,32,154,233,668
15140053693399,AAPL,3214110,3215000,890,100,1062,75,47,217
15140053693399,AMZN,18539905,18540000,95,85,30,112,47,201
15140053693399,GOOGL,14418846,14419763,917,36,100,75,4,121
15140053693399,MSFT,1740300,1740600,300,14,8,83,64,304
15140053693399,TSLA,6371100,6372600,1500,14,20,155,232,668
15150218372754,AAPL,3214110,3215000,890,100,1062,75,47,218
15150218372754,AMZN,18539905,18540000,95,85,30,120,57,225
15150218372754,GOOGL,14418846,14419763,917,19,100,75,4,121
15150218372754,MSFT,1740300,1740600,300,14,8,86,64,310
15150218372754,TSLA,6371286,6372558,1272,100,100,155,240,679
15160249563182,AAPL,3214110,3215000,890,100,1069,75,47,219
15160249563182,AMZN,18539905,18540000,95,65,30,119,60,234
15160249563182,GOOGL,14418846,14419763,917,19,100,76,4,121
15160249563182,MSFT,1740300,1740600,300,14,8,86,64,310
15160249563182,TSLA,6371394,6372450,1056,100,100,153,250,688
15171269305074,AAPL,3214110,3215000,890,100,2055,76,47,230
15171269305074,AMZN,18539905,18540000,95,65,30,118,60,233
15171269305074,GOOGL,14418845,14419781,936,82,100,76,4,121
15171269305074,MSFT,1740300,1740600,300,14,8,88,64,316
15171269305074,TSLA,6371714,6372144,430,100,100,154,261,704
15180180133966,AAPL,3214110,3215000,890,100,1655,76,48,236
15180180133966,AMZN,18539905,18540000,95,65,30,121,60,235
15180180133966,GOOGL,14418845,14419794,949,65,100,76,4,120
15180180133966,MSFT,1740300,1740600,300,14,8,88,64,319
15180180133966,TSLA,6371965,6371991,26,100,77,154,267,713
15190198680441,AAPL,3214110,3215000,890,100,1590,75,48,241
15190198680441,AMZN,18539905,18540000,95,65,30,123,60,236
15190198680441,GOOGL,14418845,14419798,953,20,100,75,4,118
15190198680441,MSFT,1740300,1740600,300,14,8,88,65,320
15190198680441,TSLA,6372133,6372144,11,100,23,154,269,717
15200660354412,AAPL,3214110,3215000,890,100,1590,77,48,253
15200660354412,AMZN,18539905,18540000,95,65,30,123,60,236
15200660354412,GOOGL,14418845,14419798,953,20,100,75,4,117
15200660354412,MSFT,1739800,1740000,200,100,86,84,66,316
15200660354412,TSLA,6372164,6372175,11,100,78,154,268,721
15212231062039,AAPL,3214110,3215000,890,100,1590,86,49,270
15212231062039,AMZN,18539905,18540000,95,65,30,123,60,236
15212231062039,GOOGL,14418845,14419798,953,20,100,72,4,113
15212231062039,MSFT,1739800,1740000,200,100,86,84,66,319
15212231062039,TSLA,6372164,6372175,11,100,48,154,268,724
15220261995154,AAPL,3214400,3215000,600,60,1490,89,50,277
15220261995154,AMZN,18539905,18540000,95,65,30,122,60,235
15220261995154,GOOGL,14418845,14419798,953,20,100,72,4,113
15220261995154,MSFT,1739800,1740000,200,100,86,85,66,319
15220261995154,TSLA,6372164,6372175,11,100,3,154,274,736
15230796385700,AAPL,3214900,3215000,100,60,1430,94,50,289
15230796385700,AMZN,18539905,18540000,95,65,30,122,60,234
15230796385700,GOOGL,14418845,14419798,953,9,100,71,4,112
15230796385700,MSFT,1739800,1740000,200,100,86,86,66,320
15230796385700,TSLA,6372179,6372191,12,100,73,155,278,744
15240406197379,AAPL,3214900,3215000,100,60,1430,94,50,294
15240406197379,AMZN,18539905,18540000,95,65,30,122,60,233
15240406197379,GOOGL,14418845,14419798,953,9,100,70,4,111
15240406197379,MSFT,1739800,1740000,200,100,86,87,66,321
15240406197379,TSLA,6372180,6372191,11,100,27,156,280,749
15250276879239,AAPL,3214900,3215000,100,60,1430,95,50,295
15250276879239,AMZN,18539905,18540000,95,65,30,122,60,233
15250276879239,GOOGL,14418845,14419798,953,9,100,70,4,111
15250276879239,MSFT,1739800,1740000,200,100,86,87,66,320
15250276879239,TSLA,6372434,6372450,16,100,60,156,273,743
15260832626624,AAPL,3214900,3215000,100,60,1427,94,50,294
15260832626624,AMZN,18539905,18540000,95,65,30,123,60,234
15260832626624,GOOGL,14418845,14419798,953,9,100,70,4,111
15260832626624,MSFT,1739800,1740000,200,100,86,88,68,323
15260832626624,TSLA,6372460,6372480,20,100,55,157,273,746
15271682882516,AAPL,3214900,3215000,100,120,1427,94,50,299
15271682882516,AMZN,18539905,18540000,95,65,30,124,60,236
15271682882516,GOOGL,14418845,14419798,953,9,100,70,4,111
15271682882516,MSFT,1739800,1740000,200,100,86,87,68,323
15271682882516,TSLA,6372469,6372480,11,100,9,159,276,754
15280105796130,AAPL,3214900,3215000,100,120,1427,95,50,302
15280105796130,AMZN,18539905,18540000,95,65,30,126,60,238
15280105796130,GOOGL,14418844,14419800,956,98,100,69,4,110
15280105796130,MSFT,1739800,1740000,200,100,86,87,68,323
15280105796130,TSLA,6372483,6372496,13,100,63,162,276,757
15290892759837,AAPL,3214900,3215000,100,120,1427,96,50,309
15290892759837,AMZN,18539905,18540000,95,65,30,127,60,238
15290892759837,GOOGL,14418844,14419801,957,87,100,71,4,111
15290892759837,MSFT,1739800,1740000,200,100,75,85,72,328
15290892759837,TSLA,6372492,6372510,18,100,73,163,274,755
15300295528630,AAPL,3214900,3215000,100,120,1427,96,50,313
15300295528630,AMZN,18539905,18540000,95,65,30,127,60,238
15300295528630,GOOGL,14418844,14419801,957,65,100,70,4,109
15300295528630,MSFT,1739800,1740000,200,100,75,85,72,334
15300295528630,TSLA,6372501,6372512,11,100,71,163,273,755
15310211273823,AAPL,3214900,3215000,100,120,1427,96,50,317
15310211273823,AMZN,18539905,18540000,95,45,30,130,64,252
15310211273823,GOOGL,14418844,14419801,957,31,100,69,4,105
15310211273823,MSFT,1739800,1740000,200,100,135,85,77,339
15310211273823,TSLA,6372515,6372526,11,100,51,163,277,759
15320607852307,AAPL,3214900,3215000,100,120,1227,96,51,321
15320607852307,AMZN,18539905,18540000,95,45,30,130,66,255
15320607852307,GOOGL,14418844,14419801,957,9,100,67,4,101
15320607852307,MSFT,1739800,1740000,200,100,135,85,77,343
15320607852307,TSLA,6372562,6372574,12,100,7,163,275,761
15330249486605,AAPL,3214900,3215000,100,120,1227,96,51,322
15330249486605,AMZN,18539905,18540000,95,45,30,130,66,259
15330249486605,GOOGL,14418843,14419804,961,58,100,65,4,97
15330249486605,MSFT,1739800,1740000,200,100,129,85,77,344
15330249486605,TSLA,6372673,6372684,11,100,17,163,275,763
15340315806039,AAPL,3214900,3215000,100,120,1227,96,51,323
15340315806039,AMZN,18539905,18540000,95,45,30,129,67,261
15340315806039,GOOGL,14418843,14419804,961,58,100,65,4,97
15340315806039,MSFT,1739600,1739700,100,100,20,84,79,346
15340315806039,TSLA,6372704,6372715,11,100,30,164,276,767
15350014295603,AAPL,3214900,3215000,100,120,1227,96,51,323
15350014295603,AMZN,18539905,18540000,95,45,30,130,68,264
15350014295603,GOOGL,14418843,14419804,961,47,100,65,4,97
15350014295603,MSFT,1739600,1739700,100,40,20,83,80,346
15350014295603,TSLA,6372704,6372715,11,100,30,164,277,773
15361053809787,AAPL,3214900,3215000,100,120,1216,97,53,334
15361053809787,AMZN,18539905,18540000,95,45,30,130,68,267
15361053809787,GOOGL,14418843,14419804,961,47,100,65,4,97
15361053809787,MSFT,1739600,1739700,100,40,20,83,81,349
15361053809787,TSLA,6372704,6372715,11,100,30,164,280,781
15370366527248,AAPL,3214900,3215000,100,120,1216,97,53,335
15370366527248,AMZN,18539905,18540000,95,45,30,133,68,270
15370366527248,GOOGL,14418842,14419924,1082,30,100,66,4,97
15370366527248,MSFT,1739600,1739700,100,40,20,83,81,348
15370366527248,TSLA,6372704,6372715,11,100,30,164,282,785
15380198935861,AAPL,3214900,3215000,100,120,1223,97,53,340
15380198935861,AMZN,18539905,18540000,95,45,30,133,68,277
15380198935861,GOOGL,14418842,14419930,1088,19,100,66,4,97
15380198935861,MSFT,1739600,1739700,100,40,20,83,81,347
15380198935861,TSLA,6373347,6373400,53,100,11,164,278,782
15390282811993,AAPL,3214900,3215000,100,120,1223,97,54,350
15390282811993,AMZN,18539905,18540000,95,45,30,131,68,278
15390282811993,GOOGL,14418842,14419931,1089,19,100,66,4,96
15390282811993,MSFT,1739600,1739700,100,40,20,83,81,347
15390282811993,TSLA,6374734,6375000,266,100,220,164,272,766
15400701721134,AAPL,3214900,3215000,100,120,1223,97,54,352
15400701721134,AMZN,18539905,18540000,95,45,30,132,68,285
15400701721134,GOOGL,14418841,14419944,1103,91,100,65,4,95
15400701721134,MSFT,1739600,1739700,100,40,20,83,81,347
15400701721134,TSLA,6374989,6375000,11,100,112,165,272,770
15410385086948,AAPL,3214900,3215000,100,120,1223,97,55,356
15410385086948,AMZN,18539905,18540000,95,45,30,133,69,294
15410385086948,GOOGL,14418841,14419948,1107,51,100,64,4,93
15410385086948,MSFT,1739500,1739700,200,780,20,82,81,347
15410385086948,TSLA,6375643,6375654,11,100,1,167,267,765
15420178033622,AAPL,3214900,3215000,100,120,1223,97,56,360
15420178033622,AMZN,18539905,18540000,95,45,30,135,71,300
15420178033622,GOOGL,14418840,14419948,1108,97,100,63,6,94
15420178033622,MSFT,1739500,1739700,200,780,20,82,81,348
15420178033622,TSLA,6375644,6375655,11,100,76,168,269,769
15430098098473,AAPL,3214900,3215000,100,120,1223,96,56,362
15430098098473,AMZN,18539905,18540000,95,45,30,136,71,308
15430098098473,GOOGL,14418840,14419900,1060,8,15,64,7,96
15430098098473,MSFT,1739500,1739700,200,760,20,82,82,350
15430098098473,TSLA,6375937,6376000,63,100,87,169,265,764
15440174608356,AAPL,3214900,3215000,100,120,1223,97,56,368
15440174608356,AMZN,18539905,18540000,95,45,30,138,74,320
15440174608356,GOOGL,14418813,14419900,1087,77,15,64,7,96
15440174608356,MSFT,1739500,1739700,200,760,20,82,82,350
15440174608356,TSLA,6375989,6376000,11,100,24,169,264,759
15450246346865,AAPL,3214900,3215000,100,120,1223,97,56,375
15450246346865,AMZN,18539905,18540000,95,45,30,139,74,336
15450246346865,GOOGL,14418813,14419900,1087,77,15,63,7,95
15450246346865,MSFT,1739500,1739700,200,760,20,82,80,351
15450246346865,TSLA,6375989,6376000,11,100,3,167,269,762
15460067390742,AAPL,3214900,3215000,100,120,1223,96,56,377
15460067390742,AMZN,18539905,18540000,95,45,30,139,76,348
15460067390742,GOOGL,14418813,14419900,1087,77,15,63,7,95
15460067390742,MSFT,1739500,1739700,200,760,20,82,80,355
15460067390742,TSLA,6377864,6378000,136,100,69,167,264,756
15470591308396,AAPL,3214900,3215000,100,120,1223,96,56,379
15470591308396,AMZN,18539905,18540000,95,45,30,143,76,360
15470591308396,GOOGL,14418813,14419900,1087,77,15,63,7,95
15470591308396,MSFT,1739500,1739700,200,760,20,82,80,356
15470591308396,TSLA,6379711,6380000,289,100,621,169,262,759
15480126564386,AAPL,3214900,3215000,100,120,1223,95,56,383
15480126564386,AMZN,18539905,18540000,95,27,30,144,76,362
15480126564386,GOOGL,14418813,14419900,1087,77,26,63,9,99
15480126564386,MSFT,1739500,1739700,200,760,20,82,81,355
15480126564386,TSLA,6379989,6380000,11,100,511,169,262,761
15490019439101,AAPL,3214900,3215000,100,120,1223,94,56,386
15490019439101,AMZN,18539905,18540000,95,27,30,147,76,375
15490019439101,GOOGL,14418813,14419900,1087,77,26,63,9,99
15490019439101,MSFT,1739500,1739700,200,742,20,82,81,355
15490019439101,TSLA,6379989,6380000,11,100,495,169,264,768
15500714996482,AAPL,3214900,3215000,100,120,1223,95,57,397
15500714996482,AMZN,18539905,18540000,95,27,30,147,76,379
15500714996482,GOOGL,14418813,14419900,1087,77,37,62,9,99
15500714996482,MSFT,1739500,1739700,200,742,20,82,82,356
15500714996482,TSLA,6379989,6380000,11,100,475,170,266,775
15510609273440,AAPL,3214900,3215000,100,120,1223,95,58,401
15510609273440,AMZN,18539905,18540000,95,27,30,147,76,387
15510609273440,GOOGL,14418813,14419900,1087,77,45,61,9,99
15510609273440,MSFT,1739500,1739700,200,742,20,82,82,357
15510609273440,TSLA,6379989,6380000,11,100,146,169,268,772
15523211363419,AAPL,3214900,3215000,100,120,1223,95,59,403
15523211363419,AMZN,18539905,18540000,95,27,30,147,76,389
15523211363419,GOOGL,14418813,14419900,1087,77,45,61,9,97
15523211363419,MSFT,1739500,1739700,200,742,20,82,82,360
15523211363419,TSLA,6379989,6380000,11,100,87,169,270,776
15531188668460,AAPL,3214900,3215000,100,120,1223,95,59,403
15531188668460,AMZN,18539905,18540000,95,27,30,147,76,394
15531188668460,GOOGL,14418813,14419900,1087,77,45,60,9,95
15531188668460,MSFT,1739500,1739700,200,742,20,83,82,361
15531188668460,TSLA,6379989,6380000,11,100,87,168,270,779
15540215985588,AAPL,3214900,3215000,100,120,1223,95,60,404
15540215985588,AMZN,18539905,18540000,95,27,30,147,76,395
15540215985588,GOOGL,14418813,14419900,1087,77,45,60,9,95
15540215985588,MSFT,1739500,1739700,200,742,20,83,82,363
15540215985588,TSLA,6384281,6384500,219,100,2,168,256,755
15551195432060,AAPL,3214900,3215000,100,120,1223,95,60,405
15551195432060,AMZN,18539905,18540000,95,27,30,147,76,396
15551195432060,GOOGL,14418813,14419900,1087,77,56,58,9,93
15551195432060,MSFT,1739500,1739700,200,742,20,83,82,363
15551195432060,TSLA,6384989,6385000,11,100,18,169,258,765
15560946715301,AAPL,3214900,3215000,100,120,1223,95,60,411
15560946715301,AMZN,18539905,18540000,95,27,30,147,76,396
15560946715301,GOOGL,14418813,14419900,1087,77,56,56,9,91
15560946715301,MSFT,1739500,1739700,200,742,20,83,82,363
15560946715301,TSLA,6387428,6388500,1072,100,7,169,250,762
15570486281912,AAPL,3214900,3215000,100,120,1223,94,61,414
15570486281912,AMZN,18539905,18540000,95,27,30,148,78,402
15570486281912,GOOGL,14418813,14419900,1087,77,64,55,9,90
15570486281912,MSFT,1739500,1739700,200,742,20,82,82,365
15570486281912,TSLA,6389277,6389400,123,100,17,170,249,778
15580404316973,AAPL,3214900,3215000,100,120,1223,94,61,414
15580404316973,AMZN,18539905,18540000,95,27,30,150,78,409
15580404316973,GOOGL,14418813,14419900,1087,77,64,55,9,90
15580404316973,MSFT,1740000,1740100,100,572,60,84,79,363
15580404316973,TSLA,6389827,6389900,73,100,109,171,245,775
15591058901657,AAPL,3214900,3215000,100,120,1223,95,63,417
15591058901657,AMZN,18539905,18540000,95,27,30,154,81,421
15591058901657,GOOGL,14418813,14419900,1087,77,64,54,10,90
15591058901657,MSFT,1740000,1740100,100,572,60,84,81,370
15591058901657,TSLA,6389964,6390000,36,100,25,174,245,772
15600034052743,AAPL,3214900,3215000,100,120,1223,95,63,420
15600034052743,AMZN,18539905,18540000,95,27,30,154,81,422
15600034052743,GOOGL,14418813,14419900,1087,77,64,54,10,88
15600034052743,MSFT,1740000,1740100,100,572,60,85,82,377
15600034052743,TSLA,6391089,6391100,11,100,91,175,239,772
15610355091221,AAPL,3214900,3215000,100,120,1223,94,63,427
15610355091221,AMZN,18539905,18540000,95,27,30,158,83,433
15610355091221,GOOGL,14418813,14419900,1087,69,72,50,10,83
15610355091221,MSFT,1740000,1740100,100,572,60,85,84,382
15610355091221,TSLA,6391089,6391100,11,100,51,175,244,784
15620089856810,AAPL,3214900,3215000,100,120,1223,94,68,434
15620089856810,AMZN,18539905,18540000,95,27,30,163,86,451
15620089856810,GOOGL,14418813,14419900,1087,69,72,46,13,81
15620089856810,MSFT,1740000,1740100,100,772,60,84,84,396
15620089856810,TSLA,6392074,6392100,26,100,38,177,243,789
15630026743503,AAPL,3214900,3215000,100,120,1223,94,71,451
15630026743503,AMZN,18539905,18540000,95,27,30,161,86,453
15630026743503,GOOGL,14418813,14419900,1087,69,72,42,13,77
15630026743503,MSFT,1740000,1740200,200,772,60,84,84,416
15630026743503,TSLA,6396739,6397000,261,100,180,178,229,768
15640091827359,AAPL,3214900,3215000,100,120,1223,94,72,458
15640091827359,AMZN,18539905,18540000,95,27,30,165,87,462
15640091827359,GOOGL,14418813,14419900,1087,69,72,39,13,72
15640091827359,MSFT,1740600,1740700,100,10,143,85,80,430
15640091827359,TSLA,6398973,6399000,27,100,44,179,221,751
15650487213147,AAPL,3214900,3215000,100,120,1223,95,72,463
15650487213147,AMZN,18539905,18540000,95,27,30,168,87,465
15650487213147,GOOGL,14418813,14419900,1087,69,72,37,13,69
15650487213147,MSFT,1740600,1740700,100,10,143,88,80,449
15650487213147,TSLA,6401389,6401400,11,100,71,178,213,732
15660117793064,AAPL,3214900,3215000,100,120,1223,96,72,466
15660117793064,AMZN,18539905,18540000,95,27,30,168,87,467
15660117793064,GOOGL,14418813,14419900,1087,69,72,35,14,66
15660117793064,MSFT,1740600,1740700,100,10,143,89,81,455
15660117793064,TSLA,6401989,6402000,11,100,4,178,214,735
15670976846031,AAPL,3214900,3215000,100,120,1223,94,73,467
15670976846031,AMZN,18539905,18540000,95,27,30,169,88,472
15670976846031,GOOGL,14418813,14419900,1087,69,72,35,15,68
15670976846031,MSFT,1740600,1740700,100,10,143,89,81,455
15670976846031,TSLA,6402689,6402800,111,100,53,178,220,743
15680262527569,AAPL,3214900,3215000,100,120,1223,94,73,469
15680262527569,AMZN,18539905,18540000,95,27,30,170,91,482
15680262527569,GOOGL,14418813,14419900,1087,69,72,34,15,68
15680262527569,MSFT,1740600,1740700,100,10,143,89,81,457
15680262527569,TSLA,6405828,6406000,172,100,19,179,208,725
15690049623295,AAPL,3214900,3215000,100,120,1173,94,73,476
15690049623295,AMZN,18539905,18540000,95,27,30,169,92,484
15690049623295,GOOGL,14418813,14419900,1087,69,72,34,15,68
15690049623295,MSFT,1740600,1740700,100,10,143,89,81,463
15690049623295,TSLA,6406989,6407000,11,100,58,179,205,729
15700639155955,AAPL,3214900,3215000,100,120,1173,94,73,479
15700639155955,AMZN,18539905,18540000,95,27,30,171,94,489
15700639155955,GOOGL,14418813,14419900,1087,69,72,33,15,68
15700639155955,MSFT,1740700,1740900,200,7,1090,91,79,462
15700639155955,TSLA,6407989,6408000,11,100,135,179,198,720
15710661751144,AAPL,3214900,3215000,100,120,1173,94,73,485
15710661751144,AMZN,18539905,18540000,95,27,30,171,97,493
15710661751144,GOOGL,14418813,14419900,1087,69,72,33,15,68
15710661751144,MSFT,1740700,1740900,200,7,940,91,79,477
15710661751144,TSLA,6408289,6408600,311,100,103,180,196,712
15720314756612,AAPL,3215000,3215100,100,1327,30,96,73,485
15720314756612,AMZN,18539905,18540000,95,27,30,170,98,493
15720314756612,GOOGL,14418813,14419900,1087,69,72,33,17,72
15720314756612,MSFT,1740700,1740900,200,7,640,91,79,499
15720314756612,TSLA,6408589,6408600,11,100,28,182,197,714
15730704451217,AAPL,3215400,3215500,100,668,370,96,71,475
15730704451217,AMZN,18539905,18540000,95,27,30,170,99,494
15730704451217,GOOGL,14418813,14419900,1087,69,72,33,17,72
15730704451217,MSFT,1740700,1740900,200,7,340,91,79,510
15730704451217,TSLA,6408889,6409000,111,100,16,182,202,719
15740193441868,AAPL,3215400,3215500,100,668,370,96,72,476
15740193441868,AMZN,18539905,18540000,95,27,30,170,102,497
15740193441868,GOOGL,14418813,14419900,1087,69,72,33,18,72
15740193441868,MSFT,1740700,1740900,200,7,340,91,80,512
15740193441868,TSLA,6409953,6410000,47,100,901,182,196,705
15750099912950,AAPL,3215400,3215500,100,668,370,95,73,476
15750099912950,AMZN,18539905,18540000,95,27,30,168,102,495
15750099912950,GOOGL,14418813,14419900,1087,69,72,34,18,72
15750099912950,MSFT,1740700,1740900,200,7,40,90,81,514
15750099912950,TSLA,6409989,6410000,11,100,660,182,196,708
15760611288192,AAPL,3215400,3215500,100,668,370,95,73,485
15760611288192,AMZN,18539905,18540000,95,27,30,167,102,494
15760611288192,GOOGL,14418813,14419900,1087,69,72,34,19,72
15760611288192,MSFT,1741400,1741500,100,10,60,91,75,512
15760611288192,TSLA,6409989,6410000,11,100,530,182,202,720
15770333448243,AAPL,3215400,3215500,100,668,370,97,73,492
15770333448243,AMZN,18539905,18540000,95,27,30,167,102,494
15770333448243,GOOGL,14418813,14419900,1087,69,72,34,19,72
15770333448243,MSFT,1741400,1741500,100,10,60,95,75,518
15770333448243,TSLA,6409989,6410000,11,100,495,182,203,721
15780569992230,AAPL,3215400,3215500,100,728,310,98,73,493
15780569992230,AMZN,18539905,18540000,95,27,30,167,104,497
15780569992230,GOOGL,14418813,14419900,1087,69,72,34,19,72
15780569992230,MSFT,1741400,1741500,100,10,60,94,75,522
15780569992230,TSLA,6409989,6410000,11,100,281,184,204,730
15790776325900,AAPL,3215400,3215500,100,728,310,98,73,492
15790776325900,AMZN,18539905,18540000,95,27,30,167,107,508
15790776325900,GOOGL,14418813,14419900,1087,69,72,34,19,72
15790776325900,MSFT,1741400,1741500,100,10,60,94,74,523
15790776325900,TSLA,6409989,6410000,11,100,265,184,206,734
15800657609441,AAPL,3215400,3215500,100,728,310,97,73,490
15800657609441,AMZN,18539905,18540000,95,27,30,167,109,516
15800657609441,GOOGL,14418813,14419900,1087,69,72,34,19,72
15800657609441,MSFT,1741400,1741500,100,10,60,94,74,524
15800657609441,TSLA,6409989,6410000,11,100,59,184,206,741
15810031638543,AAPL,3215400,3215500,100,728,310,98,78,499
15810031638543,AMZN,18539905,18540000,95,27,30,167,107,520
15810031638543,GOOGL,14418813,14419900,1087,69,72,33,20,72
15810031638543,MSFT,1741400,1741500,100,10,60,94,74,527
15810031638543,TSLA,6411368,6411400,32,100,7,185,198,737
15821114947779,AAPL,3215400,3215500,100,728,110,98,78,493
15821114947779,AMZN,18539905,18540000,95,27,30,166,107,529
15821114947779,GOOGL,14418813,14419900,1087,69,72,33,20,72
15821114947779,MSFT,1741400,1741500,100,10,60,94,74,527
15821114947779,TSLA,6411389,6411400,11,100,6,185,197,739
15830042130232,AAPL,3215400,3215500,100,728,30,98,79,499
15830042130232,AMZN,18539905,18540000,95,27,30,167,113,542
15830042130232,GOOGL,14418813,14419900,1087,69,72,35,21,75
15830042130232,MSFT,1741400,1741500,100,10,60,94,74,527
15830042130232,TSLA,6411789,6411800,11,100,7,185,195,737
15840432859272,AAPL,3215400,3215700,300,728,20,97,83,499
15840432859272,AMZN,18539905,18540000,95,27,30,172,119,560
15840432859272,GOOGL,14418813,14419900,1087,69,72,34,21,74
15840432859272,MSFT,1741400,1741500,100,10,60,94,75,536
15840432859272,TSLA,6412489,6412500,11,100,15,188,197,743
15851039264091,AAPL,3215400,3215700,300,728,20,96,86,502
15851039264091,AMZN,18539905,18540000,95,27,30,176,125,573
15851039264091,GOOGL,14418813,14419900,1087,69,72,34,20,73
15851039264091,MSFT,1741400,1741500,100,10,60,94,76,537
15851039264091,TSLA,6413889,6414000,111,100,15,189,194,744
15860063025252,AAPL,3215400,3215900,500,728,60,96,84,498
15860063025252,AMZN,18539905,18540000,95,27,30,175,126,588
15860063025252,GOOGL,14418813,14419900,1087,69,72,35,21,75
15860063025252,MSFT,1741400,1741800,400,10,200,94,73,530
15860063025252,TSLA,6413977,6414000,23,100,15,189,194,745
15870892039397,AAPL,3215400,3215900,500,728,57,96,86,503
15870892039397,AMZN,18539905,18540000,95,27,30,173,127,593
15870892039397,GOOGL,14418813,14419900,1087,69,72,35,21,75
15870892039397,MSFT,1741400,1741800,400,10,200,94,72,530
15870892039397,TSLA,6414189,6414200,11,100,51,189,194,751
15880204425042,AAPL,3215400,3216000,600,728,287,96,86,498
15880204425042,AMZN,18539905,18540000,95,27,30,175,128,599
15880204425042,GOOGL,14418813,14419900,1087,69,72,36,21,78
15880204425042,MSFT,1741400,1741800,400,10,200,94,72,531
15880204425042,TSLA,6414189,6414200,11,100,7,189,196,752
15890086012571,AAPL,3215400,3216200,800,728,27,95,85,491
15890086012571,AMZN,18539905,18540000,95,27,30,179,132,614
15890086012571,GOOGL,14418813,14419900,1087,69,72,37,21,84
15890086012571,MSFT,1741400,1741800,400,10,200,94,75,537
15890086012571,TSLA,6414987,6415000,13,100,43,189,196,755
15900243108744,AAPL,3215477,3216155,678,100,100,95,86,491
15900243108744,AMZN,18539905,18540000,95,27,30,179,134,619
15900243108744,GOOGL,14418813,14419900,1087,69,72,37,21,84
15900243108744,MSFT,1741400,1741800,400,10,200,94,75,542
15900243108744,TSLA,6415088,6415100,12,100,9,189,194,755
15910257818774,AAPL,3215527,3216105,578,100,100,95,91,493
15910257818774,AMZN,18539905,18540000,95,27,30,182,135,626
15910257818774,GOOGL,14418813,14419900,1087,69,72,37,21,84
15910257818774,MSFT,1741400,1741800,400,10,200,94,76,549
15910257818774,TSLA,6416176,6416200,24,100,8,189,189,743
15921059680159,AAPL,3215527,3216105,578,100,100,95,92,493
15921059680159,AMZN,18539905,18540000,95,27,30,181,137,629
15921059680159,GOOGL,14418813,14419900,1087,69,72,38,21,85
15921059680159,MSFT,1741400,1741800,400,10,200,95,77,564
15921059680159,TSLA,6419879,6419900,21,100,164,189,180,709
15930017071377,AAPL,3215587,3216045,458,100,100,94,94,499
15930017071377,AMZN,18539905,18540000,95,27,30,181,140,633
15930017071377,GOOGL,14418813,14419900,1087,69,72,39,21,86
15930017071377,MSFT,1741400,1741800,400,10,200,94,77,567
15930017071377,TSLA,6419889,6419900,11,100,134,190,180,715
15940021460242,AAPL,3215797,3215835,38,100,100,94,102,507
15940021460242,AMZN,18539905,18540000,95,27,30,181,141,635
15940021460242,GOOGL,14418813,14419900,1087,69,72,40,23,90
15940021460242,MSFT,1741400,1741800,400,10,88,93,77,577
15940021460242,TSLA,6419889,6419900,11,100,72,189,181,716
15950342537925,AAPL,3215839,3215865,26,100,50,94,101,507
15950342537925,AMZN,18524827,18525173,346,100,100,176,142,636
15950342537925,GOOGL,14418813,14419900,1087,69,72,42,23,95
15950342537925,MSFT,1741400,1741800,400,10,88,93,77,587
15950342537925,TSLA,6419889,6419900,11,100,27,190,181,722
15960520430470,AAPL,3215882,3215895,13,100,35,94,102,509
15960520430470,AMZN,18524827,18525173,346,100,100,177,143,642
15960520430470,GOOGL,14418813,14419900,1087,69,72,44,23,97
15960520430470,MSFT,1741400,1741800,400,10,88,93,77,604
15960520430470,TSLA,6419889,6419900,11,100,27,190,181,724
15971936846819,AAPL,3215883,3215895,12,100,35,94,102,508
15971936846819,AMZN,18524827,18525173,346,100,100,184,147,656
15971936846819,GOOGL,14418813,14419900,1087,69,72,44,23,97
15971936846819,MSFT,1741400,1741800,400,10,88,93,77,610
15971936846819,TSLA,6419977,6420000,23,100,178,190,180,724
15980326495844,AAPL,3215899,3215925,26,100,50,94,102,508
15980326495844,AMZN,18524827,18525173,346,100,100,185,149,667
15980326495844,GOOGL,14418813,14419900,1087,69,72,45,23,98
15980326495844,MSFT,1741400,1741800,400,10,88,92,76,608
15980326495844,TSLA,6419989,6420000,11,100,138,190,180,726
15990465922805,AAPL,3215899,3215925,26,100,50,94,102,508
15990465922805,AMZN,18524827,18525173,346,100,100,187,152,678
15990465922805,GOOGL,14418813,14419900,1087,69,72,46,23,99
15990465922805,MSFT,1741400,1741800,400,10,88,93,76,610
15990465922805,TSLA,6419989,6420000,11,100,138,190,181,729
16002974266118,AAPL,3215899,3215925,26,100,50,94,102,508
16002974266118,AMZN,18524827,18525173,346,100,100,191,156,699
16002974266118,GOOGL,14418813,14419900,1087,69,72,46,23,99
16002974266118,MSFT,1741400,1741800,400,10,88,93,75,609
16002974266118,TSLA,6419989,6420000,11,100,74,190,181,729
16010631270090,AAPL,3215899,3215925,26,100,50,94,102,508
16010631270090,AMZN,18524827,18525173,346,100,100,192,156,701
16010631270090,GOOGL,14418813,14419900,1087,69,72,46,23,99
16010631270090,MSFT,1741400,1741800,400,10,88,93,75,613
16010631270090,TSLA,6419989,6420000,11,100,44,190,181,730
16020420570493,AAPL,3215899,3215955,56,100,65,94,101,507
16020420570493,AMZN,18524827,18525173,346,100,100,192,156,702
16020420570493,GOOGL,14418813,14419900,1087,69,72,46,23,99
16020420570493,MSFT,1741400,1741800,400,10,88,93,75,616
16020420570493,TSLA,6419989,6420000,11,100,44,191,181,732
16030596224801,AAPL,3215999,3216015,16,100,65,94,101,508
16030596224801,AMZN,18524827,18525173,346,100,100,192,156,701
16030596224801,GOOGL,14418813,14419900,1087,69,72,46,23,99
16030596224801,MSFT,1741400,1741800,400,10,88,93,75,617
16030596224801,TSLA,6419989,6420000,11,100,35,191,183,735
16040544030677,AAPL,3216004,3216015,11,100,10,94,101,510
16040544030677,AMZN,18524827,18525173,346,100,100,192,156,700
16040544030677,GOOGL,14418813,14419900,1087,69,72,46,24,105
16040544030677,MSFT,1741400,1741800,400,10,88,93,76,622
16040544030677,TSLA,6424114,6424400,286,100,13,191,169,712
16050015149774,AAPL,3216004,3216015,11,100,10,94,102,512
16050015149774,AMZN,18524827,18525173,346,100,100,192,156,700
16050015149774,GOOGL,14418813,14419900,1087,69,72,46,25,111
16050015149774,MSFT,1741400,1741800,400,10,68,93,75,628
16050015149774,TSLA,6424252,6424400,148,100,4,191,169,712
16060135948357,AAPL,3216033,3216045,12,100,50,94,103,514
16060135948357,AMZN,18524827,18525173,346,100,100,192,157,701
16060135948357,GOOGL,14418813,14419900,1087,69,72,46,25,111
16060135948357,MSFT,1741400,1741800,400,10,68,93,75,630
16060135948357,TSLA,6424970,6425000,30,100,160,193,169,715
16070976944471,AAPL,3216034,3216045,11,100,50,94,103,513
16070976944471,AMZN,18524827,18525173,346,100,100,194,160,712
16070976944471,GOOGL,14418813,14419900,1087,69,72,46,25,111
16070976944471,MSFT,1741400,1741800,400,10,68,93,75,631
16070976944471,TSLA,6424987,6425000,13,100,140,194,170,717
16081008265308,AAPL,3216100,3216155,55,100,65,94,99,508
16081008265308,AMZN,18524827,18525173,346,100,100,194,160,714
16081008265308,GOOGL,14418813,14419900,1087,69,72,46,28,117
16081008265308,MSFT,1741400,1741800,400,10,68,92,75,637
16081008265308,TSLA,6424989,6425000,11,100,126,194,171,719
16090043212345,AAPL,3216212,3216232,20,100,62,93,99,505
16090043212345,AMZN,18524827,18525173,346,100,100,194,162,730
16090043212345,GOOGL,14418813,14419900,1087,69,72,46,29,118
16090043212345,MSFT,1741400,1741800,400,10,68,90,75,640
16090043212345,TSLA,6424989,6425000,11,100,12,195,170,722
16100135233589,AAPL,3216217,3216232,15,100,32,93,99,505
16100135233589,AMZN,18524827,18525173,346,100,100,195,164,741
16100135233589,GOOGL,14418813,14419900,1087,69,72,46,29,118
16100135233589,MSFT,1741400,1741800,400,110,68,89,75,644
16100135233589,TSLA,6425718,6425800,82,100,11,196,165,717
16110192786582,AAPL,3216280,3216300,20,100,37,93,99,504
16110192786582,AMZN,18524827,18525173,346,100,100,196,164,745
16110192786582,GOOGL,14418813,14419900,1087,69,72,46,29,118
16110192786582,MSFT,1741500,1741800,300,100,68,88,75,645
16110192786582,TSLA,6425787,6425800,13,100,11,198,166,721
16120066341979,AAPL,3216433,3216500,67,100,12,94,97,501
16120066341979,AMZN,18524827,18525173,346,100,100,196,164,746
16120066341979,GOOGL,14418813,14419900,1087,69,72,46,31,131
16120066341979,MSFT,1741500,1741800,300,100,68,86,75,649
16120066341979,TSLA,6425789,6425800,11,100,11,199,166,723
16130735436601,AAPL,3216689,3216700,11,100,271,94,97,496
16130735436601,AMZN,18524827,18525173,346,100,100,196,164,746
16130735436601,GOOGL,14418813,14419900,1087,69,72,46,33,133
16130735436601,MSFT,1741500,1741800,300,100,68,85,75,655
16130735436601,TSLA,6425789,6425800,11,100,11,200,167,728
16140232548682,AAPL,3216689,3216700,11,100,271,94,98,498
16140232548682,AMZN,18524827,18525173,346,100,100,196,166,752
16140232548682,GOOGL,14418813,14419900,1087,69,72,46,33,133
16140232548682,MSFT,1741500,1741800,300,100,68,85,75,667
16140232548682,TSLA,6425789,6425800,11,100,11,202,167,735
16150030031095,AAPL,3216689,3216700,11,100,241,93,98,498
16150030031095,AMZN,18524827,18525173,346,100,100,196,169,760
16150030031095,GOOGL,14418813,14419900,1087,69,72,47,35,137
16150030031095,MSFT,1741800,1741900,100,30,260,86,74,672
16150030031095,TSLA,6425789,6425800,11,100,2,202,167,737
16160034307159,AAPL,3216689,3216700,11,100,21,93,98,490
16160034307159,AMZN,18524827,18525173,346,100,100,196,168,767
16160034307159,GOOGL,14418813,14419900,1087,69,72,50,35,143
16160034307159,MSFT,1741800,1741900,100,30,160,85,74,684
16160034307159,TSLA,6425789,6425800,11,100,2,204,167,744
16170266169299,AAPL,3216983,3217000,17,100,625,93,95,479
16170266169299,AMZN,18524827,18525173,346,100,100,196,168,767
16170266169299,GOOGL,14418813,14419900,1087,69,72,55,35,148
16170266169299,MSFT,1741700,1741900,200,186,160,83,73,689
16170266169299,TSLA,6425789,6425800,11,100,2,204,168,749
16180748105207,AAPL,3216989,3217000,11,100,320,93,95,475
16180748105207,AMZN,18524827,18525173,346,100,100,198,169,776
16180748105207,GOOGL,14418813,14419900,1087,69,72,56,35,151
16180748105207,MSFT,1741700,1741900,200,186,160,82,73,692
16180748105207,TSLA,6425789,6425800,11,100,2,204,167,748
16190114559342,AAPL,3216989,3217000,11,100,284,93,95,475
16190114559342,AMZN,18524827,18525173,346,100,100,198,170,783
16190114559342,GOOGL,14418813,14419900,1087,69,72,62,38,162
16190114559342,MSFT,1741700,1741900,200,186,160,83,73,718
16190114559342,TSLA,6428349,6428400,51,100,48,206,161,746
16200079975422,AAPL,3216989,3217000,11,100,284,93,95,474
16200079975422,AMZN,18524827,18525173,346,100,100,198,174,797
16200079975422,GOOGL,14418813,14419900,1087,69,72,69,40,174
16200079975422,MSFT,1741800,1742000,200,98,313,84,72,722
16200079975422,TSLA,6428389,6428400,11,100,33,206,161,739
16210115255500,AAPL,3216989,3217000,11,100,236,93,95,473
16210115255500,AMZN,18524827,18525173,346,100,100,200,177,814
16210115255500,GOOGL,14418813,14419900,1087,69,72,75,46,188
16210115255500,MSFT,1741900,1742000,100,78,157,84,72,722
16210115255500,TSLA,6428389,6428400,11,100,33,206,164,741
16220376554474,AAPL,3216989,3217000,11,100,236,93,95,472
16220376554474,AMZN,18524827,18525173,346,100,100,201,177,828
16220376554474,GOOGL,14418813,14419900,1087,69,72,77,49,203
16220376554474,MSFT,1741900,1742000,100,78,157,83,71,727
16220376554474,TSLA,6428389,6428400,11,100,13,206,164,741
16230272147565,AAPL,3216989,3217000,11,100,206,92,96,472
16230272147565,AMZN,18524827,18525173,346,100,100,202,181,841
16230272147565,GOOGL,14418813,14419900,1087,69,72,83,57,233
16230272147565,MSFT,1741900,1742000,100,78,157,83,71,731
16230272147565,TSLA,6428988,6429000,12,100,9,209,162,738
16241063169101,AAPL,3216989,3217000,11,100,206,92,96,474
16241063169101,AMZN,18524827,18525173,346,100,100,202,181,847
16241063169101,GOOGL,14418813,14419900,1087,69,72,86,58,244
16241063169101,MSFT,1741900,1742000,100,78,157,83,71,741
16241063169101,TSLA,6429927,6430000,73,100,458,211,163,743
16250917371670,AAPL,3216989,3217000,11,100,206,92,96,475
16250917371670,AMZN,18524827,18525173,346,100,100,202,181,847
16250917371670,GOOGL,14418813,14419900,1087,69,72,86,58,244
16250917371670,MSFT,1741800,1741900,100,176,22,82,72,744
16250917371670,TSLA,6429989,6430000,11,100,458,213,163,747
16260242452294,AAPL,3216989,3217000,11,100,170,92,97,477
16260242452294,AMZN,18524827,18525173,346,100,100,202,184,853
16260242452294,GOOGL,14418813,14419900,1087,69,72,86,58,244
16260242452294,MSFT,1741800,1741900,100,76,22,82,72,746
16260242452294,TSLA,6429989,6430000,11,100,458,214,163,748
16270204738278,AAPL,3216989,3217000,11,100,170,93,99,480
16270204738278,AMZN,18524827,18525173,346,100,100,202,182,851
16270204738278,GOOGL,14418813,14419900,1087,69,72,88,61,255
16270204738278,MSFT,1741800,1741900,100,76,22,82,72,744
16270204738278,TSLA,6429989,6430000,11,100,434,220,168,778
16280708174672,AAPL,3216989,3217000,11,100,170,93,99,480
16280708174672,AMZN,18524827,18525173,346,100,100,204,182,855
16280708174672,GOOGL,14418813,14419900,1087,69,72,88,61,255
16280708174672,MSFT,1741800,1741900,100,76,22,82,72,746
16280708174672,TSLA,6429295,6429505,210,100,100,225,171,796
16290702159893,AAPL,3216989,3217000,11,100,170,93,99,480
16290702159893,AMZN,18524827,18525173,346,100,100,206,182,857
16290702159893,GOOGL,14418813,14419900,1087,69,72,88,61,256
16290702159893,MSFT,1741800,1741900,100,76,22,81,72,746
16290702159893,TSLA,6429295,6429505,210,100,100,231,171,810
16300704830287,AAPL,3216989,3217000,11,100,170,93,99,480
16300704830287,AMZN,18524827,18525173,346,100,100,210,182,864
16300704830287,GOOGL,14418813,14419900,1087,69,72,88,63,258
16300704830287,MSFT,1741800,1741900,100,21,22,80,72,750
16300704830287,TSLA,6429295,6429505,210,100,100,232,173,817
16310028500571,AAPL,3216989,3217000,11,100,170,93,99,481
16310028500571,AMZN,18524827,18525173,346,100,100,211,182,868
16310028500571,GOOGL,14418813,14419900,1087,69,72,88,63,260
16310028500571,MSFT,1741800,1741900,100,21,22,79,72,750
16310028500571,TSLA,6429295,6429523,228,90,100,234,179,829
16322664727707,AAPL,3216989,3217000,11,100,170,93,99,482
16322664727707,AMZN,18524827,18525173,346,100,100,211,181,867
16322664727707,GOOGL,14418813,14419900,1087,69,72,91,67,277
16322664727707,MSFT,1741700,1741900,200,178,22,78,72,752
16322664727707,TSLA,6429295,6429524,229,90,100,233,181,831
16331157956128,AAPL,3216989,3217000,11,100,170,93,99,482
16331157956128,AMZN,18524827,18525173,346,100,100,211,181,868
16331157956128,GOOGL,14418813,14419900,1087,69,72,91,67,278
16331157956128,MSFT,1741700,1741900,200,178,122,78,72,755
16331157956128,TSLA,6429295,6429524,229,90,100,233,183,835
16340554657198,AAPL,3216989,3217000,11,100,170,94,99,484
16340554657198,AMZN,18524827,18525173,346,100,100,211,181,869
16340554657198,GOOGL,14418813,14419900,1087,69,72,91,67,277
16340554657198,MSFT,1741700,1741900,200,178,122,78,72,762
16340554657198,TSLA,6429295,6429524,229,90,100,234,183,835
16350775251477,AAPL,3216989,3217000,11,100,140,94,102,489
16350775251477,AMZN,18524827,18525173,346,100,100,211,181,869
16350775251477,GOOGL,14418813,14419900,1087,69,72,92,68,279
16350775251477,MSFT,1741700,1741900,200,178,122,78,72,762
16350775251477,TSLA,6429295,6429524,229,90,69,236,186,844
16360303593907,AAPL,3216989,3217000,11,100,80,94,102,488
16360303593907,AMZN,18524827,18525173,346,100,100,212,182,873
16360303593907,GOOGL,14418813,14419900,1087,69,72,92,69,280
16360303593907,MSFT,1741700,1741900,200,178,122,78,72,764
16360303593907,TSLA,6429325,6429493,168,100,100,241,191,859
16372296087853,AAPL,3216989,3217000,11,100,80,94,105,491
16372296087853,AMZN,18524827,18525173,346,100,100,212,181,872
16372296087853,GOOGL,14418813,14419900,1087,69,72,92,69,280
16372296087853,MSFT,1741700,1741900,200,178,122,78,72,766
16372296087853,TSLA,6429325,6429493,168,100,100,242,192,864
16380340771910,AAPL,3216989,3217000,11,100,50,96,105,499
16380340771910,AMZN,18524827,18525173,346,100,100,212,181,871
16380340771910,GOOGL,14418813,14419900,1087,69,72,92,69,281
16380340771910,MSFT,1741700,1741900,200,178,122,78,72,766
16380340771910,TSLA,6429325,6429493,168,100,100,243,192,865
16392748045858,AAPL,3216989,3217000,11,100,50,97,107,508
16392748045858,AMZN,18524827,18525173,346,100,100,213,181,871
16392748045858,GOOGL,14418813,14419900,1087,69,72,92,70,282
16392748045858,MSFT,1741700,1741900,200,178,112,77,72,767
16392748045858,TSLA,6429325,6429493,168,100,100,243,192,867
16400070500581,AAPL,3216989,3217000,11,100,50,98,110,515
16400070500581,AMZN,18524827,18525173,346,100,100,213,181,871
16400070500581,GOOGL,14418813,14419900,1087,69,72,92,70,282
16400070500581,MSFT,1741700,1741900,200,178,112,77,72,770
16400070500581,TSLA,6429325,6429493,168,100,100,244,192,869
16410634722258,AAPL,3216989,3217000,11,100,50,98,110,520
16410634722258,AMZN,18524827,18525173,346,100,100,213,181,871
16410634722258,GOOGL,14418813,14419900,1087,69,72,92,71,284
16410634722258,MSFT,1741700,1741900,200,178,112,77,72,773
16410634722258,TSLA,6429325,6429493,168,100,100,243,192,870
16421501574541,AAPL,3216989,3217000,11,100,50,99,111,524
16421501574541,AMZN,18524827,18525173,346,100,100,213,181,871
16421501574541,GOOGL,14418813,14419900,1087,69,72,92,71,284
16421501574541,MSFT,1741700,1741900,200,178,112,77,72,778
16421501574541,TSLA,6429325,6429493,168,100,100,243,192,872
16430739058572,AAPL,3216989,3217000,11,100,50,99,112,525
16430739058572,AMZN,18524827,18525173,346,100,100,213,181,871
16430739058572,GOOGL,14418813,14419900,1087,69,72,92,71,286
16430739058572,MSFT,1741700,1741900,200,178,112,77,72,779
16430739058572,TSLA,6429325,6429493,168,100,100,245,193,878
16440101640758,AAPL,3216989,3217000,11,100,50,99,112,525
16440101640758,AMZN,18524827,18525173,346,100,100,215,180,873
16440101640758,GOOGL,14418813,14419900,1087,69,72,103,80,310
16440101640758,MSFT,1741700,1741900,200,158,112,77,72,782
16440101640758,TSLA,6429325,6429493,168,100,100,248,193,880
16450020133579,AAPL,3216989,3217000,11,100,50,105,112,530
16450020133579,AMZN,18524827,18525173,346,100,100,215,180,873
16450020133579,GOOGL,14418794,14419900,1106,13,72,117,87,336
16450020133579,MSFT,1741700,1741900,200,158,112,77,73,783
16450020133579,TSLA,6429325,6429493,168,100,100,248,193,878
16462304852826,AAPL,3217163,3217200,37,100,160,106,110,524
16462304852826,AMZN,18524827,18525173,346,100,100,215,180,873
16462304852826,GOOGL,14418752,14419900,1148,49,72,126,89,353
16462304852826,MSFT,1741700,1741900,200,158,112,77,73,781
16462304852826,TSLA,6429325,6429493,168,100,100,246,193,881
16470373149622,AAPL,3217239,3217300,61,100,210,106,109,519
16470373149622,AMZN,18524827,18525173,346,100,100,215,180,872
16470373149622,GOOGL,14418752,14419900,1148,49,72,128,89,355
16470373149622,MSFT,1741700,1741800,100,158,100,77,74,789
16470373149622,TSLA,6429325,6429493,168,100,100,247,193,882
16480168324747,AAPL,3217289,3217300,11,100,50,106,109,515
16480168324747,AMZN,18524827,18525173,346,100,100,214,180,870
16480168324747,GOOGL,14418752,14419800,1048,49,10,128,93,364
16480168324747,MSFT,1741700,1741800,100,108,100,77,74,789
16480168324747,TSLA,6429325,6429493,168,100,100,249,193,886
16490169920487,AAPL,3217289,3217300,11,100,10,106,109,518
16490169920487,AMZN,18524827,18525173,346,100,100,214,180,871
16490169920487,GOOGL,14418752,14419800,1048,49,22,128,94,366
16490169920487,MSFT,1741700,1741800,100,108,100,77,74,789
16490169920487,TSLA,6429325,6429493,168,100,100,249,193,886
16500339938333,AAPL,3217289,3217300,11,100,10,107,109,524
16500339938333,AMZN,18524827,18525173,346,100,100,215,180,874
16500339938333,GOOGL,14418752,14419800,1048,49,22,128,94,366
16500339938333,MSFT,1741700,1741800,100,108,100,77,74,790
16500339938333,TSLA,6429295,6429524,229,90,69,249,193,892
16514101886548,AAPL,3217339,3217400,61,100,230,107,109,524
16514101886548,AMZN,18524827,18525173,346,100,100,216,180,876
16514101886548,GOOGL,14418752,14419800,1048,49,22,128,94,366
16514101886548,MSFT,1741700,1741800,100,108,100,77,74,789
16514101886548,TSLA,6429295,6429524,229,90,69,252,193,895
16522021868748,AAPL,3217339,3217400,61,100,230,107,109,524
16522021868748,AMZN,18524827,18525173,346,100,100,216,180,876
16522021868748,GOOGL,14418752,14419800,1048,49,22,128,94,366
16522021868748,MSFT,1741700,1741800,100,108,100,77,74,789
16522021868748,TSLA,6429295,6429524,229,90,69,252,193,896
16533613419315,AAPL,3217339,3217400,61,100,230,107,110,525
16533613419315,AMZN,18524827,18525173,346,100,100,216,180,877
16533613419315,GOOGL,14418752,14419800,1048,49,22,128,95,367
16533613419315,MSFT,1741700,1741800,100,108,100,77,74,789
16533613419315,TSLA,6429295,6429524,229,90,69,252,193,897
16540593401326,AAPL,3217386,3217400,14,100,170,107,110,523
16540593401326,AMZN,18524827,18525173,346,100,100,217,180,881
16540593401326,GOOGL,14418752,14419800,1048,49,22,128,95,368
16540593401326,MSFT,1741700,1741800,100,108,100,77,74,789
16540593401326,TSLA,6429295,6429524,229,90,69,251,193,895
16550278196476,AAPL,3217389,3217400,11,100,10,106,112,521
16550278196476,AMZN,18524827,18525173,346,100,100,217,180,882
16550278196476,GOOGL,14418752,14419800,1048,49,22,128,99,377
16550278196476,MSFT,1741700,1741800,100,108,100,77,74,788
16550278196476,TSLA,6429295,6429524,229,90,69,252,195,902
16560235042013,AAPL,3217488,3217500,12,100,150,111,111,526
16560235042013,AMZN,18524827,18525173,346,100,100,217,180,882
16560235042013,GOOGL,14418752,14419800,1048,49,22,128,102,389
16560235042013,MSFT,1741700,1741800,100,108,100,77,74,788
16560235042013,TSLA,6429295,6429524,229,90,69,251,195,902
16570103678469,AAPL,3217488,3217500,12,100,150,111,111,526
16570103678469,AMZN,18524827,18525173,346,100,100,219,181,885
16570103678469,GOOGL,14418752,14419800,1048,49,22,128,102,389
16570103678469,MSFT,1741700,1741800,100,108,100,77,74,789
16570103678469,TSLA,6429295,6429524,229,90,69,254,196,908
16581075607516,AAPL,3217489,3217500,11,100,150,111,111,528
16581075607516,AMZN,18524827,18525173,346,100,100,219,181,888
16581075607516,GOOGL,14418752,14419800,1048,49,22,128,103,390
16581075607516,MSFT,1741700,1741800,100,108,100,77,74,787
16581075607516,TSLA,6429295,6429524,229,90,69,254,196,910
16590593274130,AAPL,3217489,3217500,11,100,150,111,112,529
16590593274130,AMZN,18524827,18525173,346,100,100,219,184,898
16590593274130,GOOGL,14418752,14419800,1048,49,22,128,103,390
16590593274130,MSFT,1741700,1741800,100,108,100,77,74,786
16590593274130,TSLA,6429295,6429524,229,90,69,253,197,911
16600255484909,AAPL,3217489,3217500,11,100,150,111,112,537
16600255484909,AMZN,18524827,18525173,346,100,100,219,184,906
16600255484909,GOOGL,14418752,14419800,1048,49,22,128,103,391
16600255484909,MSFT,1741700,1741800,100,108,100,77,74,786
16600255484909,TSLA,6429295,6429524,229,90,69,252,197,911
16611574305189,AAPL,3217489,3217500,11,100,150,112,112,541
16611574305189,AMZN,18524827,18525173,346,100,100,219,184,908
16611574305189,GOOGL,14418752,14419800,1048,49,22,129,104,393
16611574305189,MSFT,1741700,1741800,100,108,100,77,74,791
16611574305189,TSLA,6429295,6429524,229,90,69,253,197,911
16620102631493,AAPL,3217489,3217500,11,100,150,112,113,545
16620102631493,AMZN,18524827,18525173,346,100,100,219,188,915
16620102631493,GOOGL,14418752,14419800,1048,49,22,129,104,393
16620102631493,MSFT,1741700,1741800,100,102,100,77,74,792
16620102631493,TSLA,6429295,6429524,229,90,69,253,197,911
16630452855322,AAPL,3217489,3217500,11,100,150,112,113,546
16630452855322,AMZN,18524827,18525173,346,100,100,219,191,926
16630452855322,GOOGL,14418752,14419800,1048,49,22,129,104,393
16630452855322,MSFT,1741700,1741800,100,102,100,77,74,795
16630452855322,TSLA,6429295,6429524,229,90,69,253,197,916
16641117818796,AAPL,3217489,3217500,11,100,120,111,113,548
16641117818796,AMZN,18524827,18525173,346,100,100,220,192,941
16641117818796,GOOGL,14418752,14419800,1048,49,22,129,104,395
16641117818796,MSFT,1741600,1741800,200,174,100,76,73,791
16641117818796,TSLA,6429295,6429524,229,90,69,251,196,915
16650042529468,AAPL,3217400,3217500,100,10,120,110,113,550
16650042529468,AMZN,18524827,18525173,346,100,100,220,192,942
16650042529468,GOOGL,14418752,14419800,1048,49,22,129,104,395
16650042529468,MSFT,1741600,1741800,200,174,100,76,73,800
16650042529468,TSLA,6429225,6429524,299,72,69,248,198,917
16660389083691,AAPL,3217345,3217500,155,10,120,111,114,553
16660389083691,AMZN,18524827,18525173,346,100,100,220,192,942
16660389083691,GOOGL,14418752,14419800,1048,49,22,129,104,395
16660389083691,MSFT,1741600,1741800,200,174,100,76,73,800
16660389083691,TSLA,6429225,6429524,299,72,69,247,198,917
16670254885554,AAPL,3217345,3217500,155,10,120,112,116,558
16670254885554,AMZN,18524827,18525173,346,100,100,220,193,943
16670254885554,GOOGL,14418752,14419800,1048,49,22,129,104,397
16670254885554,MSFT,1741600,1741800,200,174,106,76,73,805
16670254885554,TSLA,6429180,6429524,344,72,69,246,200,922
16680301362400,AAPL,3217345,3217500,155,10,120,112,116,557
16680301362400,AMZN,18524827,18525173,346,100,100,220,193,943
16680301362400,GOOGL,14418752,14419800,1048,49,22,130,104,401
16680301362400,MSFT,1741600,1741800,200,174,106,77,73,814
16680301362400,TSLA,6429180,6429400,220,65,32,248,202,929
16691055173982,AAPL,3217345,3217500,155,10,120,112,116,558
16691055173982,AMZN,18524827,18525173,346,100,100,220,193,943
16691055173982,GOOGL,14418752,14419800,1048,49,22,130,104,401
16691055173982,MSFT,1741600,1741800,200,174,106,77,73,817
16691055173982,TSLA,6429180,6429300,120,65,16,249,203,931
16700128455404,AAPL,3217024,3217500,476,79,120,109,116,558
16700128455404,AMZN,18524827,18525173,346,100,100,220,193,944
16700128455404,GOOGL,14418752,14419800,1048,49,22,130,104,401
16700128455404,MSFT,1741600,1741800,200,174,106,77,73,818
16700128455404,TSLA,6429180,6429300,120,65,16,248,203,929
16711507950440,AAPL,3217024,3217500,476,79,120,109,116,562
16711507950440,AMZN,18524827,18525173,346,100,100,220,193,944
16711507950440,GOOGL,14418752,14419800,1048,49,22,130,104,401
16711507950440,MSFT,1741600,1741800,200,174,106,77,73,819
16711507950440,TSLA,6429018,6429300,282,65,16,248,203,931
16720799343654,AAPL,3216965,3217500,535,99,120,107,116,561
16720799343654,AMZN,18524827,18525173,346,100,100,220,193,944
16720799343654,GOOGL,14418752,14419800,1048,49,22,132,104,406
16720799343654,MSFT,1741600,1741800,200,174,106,77,73,819
16720799343654,TSLA,6429018,6429200,182,65,15,251,204,935
16730325888410,AAPL,3216965,3217500,535,99,120,108,116,567
16730325888410,AMZN,18524827,18525173,346,100,100,221,193,942
16730325888410,GOOGL,14418752,14419800,1048,49,22,132,104,406
16730325888410,MSFT,1741600,1741800,200,174,106,77,73,822
16730325888410,TSLA,6428800,6429000,200,15,135,252,205,941
16740017645739,AAPL,3216965,3217500,535,99,120,108,116,572
16740017645739,AMZN,18524827,18525173,346,100,100,221,193,942
16740017645739,GOOGL,14418752,14419800,1048,49,22,132,104,406
16740017645739,MSFT,1741600,1741800,200,144,106,77,73,822
16740017645739,TSLA,6427643,6428357,714,100,100,246,205,935
16751031422449,AAPL,3216934,3217500,566,99,120,108,116,575
16751031422449,AMZN,18524827,18525173,346,100,100,221,193,942
16751031422449,GOOGL,14417949,14418900,951,100,13,132,105,407
16751031422449,MSFT,1741600,1741700,100,44,200,77,74,829
16751031422449,TSLA,6427643,6428357,714,100,100,248,206,939
16761237164976,AAPL,3216909,3217500,591,99,120,108,116,576
16761237164976,AMZN,18524827,18525173,346,100,100,221,193,943
16761237164976,GOOGL,14417949,14418900,951,100,13,132,105,407
16761237164976,MSFT,1741500,1741700,200,310,200,76,74,835
16761237164976,TSLA,6427643,6428357,714,100,100,248,206,941
16770014552400,AAPL,3216909,3217500,591,99,120,108,116,581
16770014552400,AMZN,18524827,18525173,346,100,100,223,192,947
16770014552400,GOOGL,14417949,14418900,951,100,13,132,105,407
16770014552400,MSFT,1741500,1741700,200,310,200,76,73,840
16770014552400,TSLA,6427643,6428402,759,77,100,254,207,949
16781273325747,AAPL,3216909,3217500,591,99,120,108,116,581
16781273325747,AMZN,18524827,18525173,346,100,100,223,192,946
16781273325747,GOOGL,14417949,14418900,951,100,13,132,105,407
16781273325747,MSFT,1741500,1741700,200,260,200,76,73,840
16781273325747,TSLA,6426121,6427104,983,77,100,245,207,937
16790873902162,AAPL,3216909,3217500,591,99,120,108,116,582
16790873902162,AMZN,18524827,18525173,346,100,100,223,192,946
16790873902162,GOOGL,14417815,14418900,1085,100,13,132,105,407
16790873902162,MSFT,1741500,1741700,200,260,200,76,73,840
16790873902162,TSLA,6424701,6425600,899,100,14,240,210,931
16800537992230,AAPL,3216900,3217500,600,111,120,107,117,588
16800537992230,AMZN,18524827,18525173,346,100,100,223,192,947
16800537992230,GOOGL,14417815,14418900,1085,100,13,132,105,407
16800537992230,MSFT,1741500,1741700,200,260,200,76,73,840
16800537992230,TSLA,6423700,6423900,200,27,16,242,213,935
16810879859838,AAPL,3216900,3217500,600,111,120,107,117,589
16810879859838,AMZN,18524827,18525173,346,100,100,223,192,949
16810879859838,GOOGL,14417815,14418900,1085,100,13,132,105,407
16810879859838,MSFT,1741500,1741700,200,260,200,76,73,840
16810879859838,TSLA,6421500,6421800,300,22,16,238,215,930
16820283124745,AAPL,3216900,3217500,600,111,120,108,117,593
16820283124745,AMZN,18524827,18525173,346,100,100,223,192,948
16820283124745,GOOGL,14417815,14418900,1085,100,13,132,105,407
16820283124745,MSFT,1741500,1741700,200,260,200,76,72,844
16820283124745,TSLA,6420697,6421700,1003,64,16,237,216,926
16830316665257,AAPL,3216900,3217500,600,111,120,108,117,593
16830316665257,AMZN,18524827,18525173,346,100,100,223,192,947
16830316665257,GOOGL,14417815,14418900,1085,100,13,132,105,407
16830316665257,MSFT,1741500,1741700,200,260,200,76,72,843
16830316665257,TSLA,6420697,6421700,1003,49,32,238,216,933
16842488109849,AAPL,3216900,3217500,600,104,120,108,117,593
16842488109849,AMZN,18524827,18525173,346,100,100,223,192,946
16842488109849,GOOGL,14417815,14418900,1085,100,13,132,105,407
16842488109849,MSFT,1741500,1741700,200,260,200,77,72,842
16842488109849,TSLA,6420697,6421700,1003,49,32,241,220,944
16852322582590,AAPL,3216900,3217500,600,104,120,108,117,596
16852322582590,AMZN,18524827,18525173,346,100,100,224,192,948
16852322582590,GOOGL,14417815,14418900,1085,100,13,132,105,407
16852322582590,MSFT,1741500,1741700,200,260,200,77,72,842
16852322582590,TSLA,6420697,6421700,1003,49,32,241,220,946
16860139894644,AAPL,3216900,3217500,600,104,120,108,117,596
16860139894644,AMZN,18524827,18525173,346,100,100,224,191,948
16860139894644,GOOGL,14417815,14418900,1085,100,13,132,105,407
16860139894644,MSFT,1741500,1741700,200,260,200,77,72,842
16860139894644,TSLA,6420697,6421700,1003,39,32,245,221,952
16870487265344,AAPL,3216900,3217500,600,4,120,108,117,594
16870487265344,AMZN,18524827,18525173,346,100,100,224,191,948
16870487265344,GOOGL,14417815,14418900,1085,100,13,132,105,407
16870487265344,MSFT,1741500,1741700,200,200,200,77,72,843
16870487265344,TSLA,6420697,6421700,1003,29,32,247,222,957
16880143751084,AAPL,3216900,3217500,600,4,120,108,118,601
16880143751084,AMZN,18524827,18525173,346,100,100,224,193,953
16880143751084,GOOGL,14417748,14418900,1152,100,13,133,105,408
16880143751084,MSFT,1741500,1741700,200,200,200,77,71,840
16880143751084,TSLA,6420697,6421700,1003,29,32,250,226,962
16891287113948,AAPL,3216900,3217500,600,4,120,108,118,601
16891287113948,AMZN,18524827,18525173,346,100,100,224,193,954
16891287113948,GOOGL,14417748,14418900,1152,100,13,133,105,408
16891287113948,MSFT,1741500,1741700,200,200,200,76,70,841
16891287113948,TSLA,6420697,6421700,1003,29,32,251,228,967
16900013258501,AAPL,3216900,3217500,600,4,120,108,118,603
16900013258501,AMZN,18524827,18525173,346,100,100,225,193,961
16900013258501,GOOGL,14417698,14418900,1202,100,13,133,105,410
16900013258501,MSFT,1741500,1741700,200,200,200,76,70,841
16900013258501,TSLA,6420697,6421700,1003,29,48,254,229,976
16910357993121,AAPL,3216900,3217500,600,4,120,108,118,604
16910357993121,AMZN,18524827,18525173,346,100,100,227,193,964
16910357993121,GOOGL,14417698,14418900,1202,100,13,133,105,410
16910357993121,MSFT,1741500,1741700,200,200,200,76,70,840
16910357993121,TSLA,6420697,6421700,1003,29,48,255,230,980
16920100472244,AAPL,3216900,3217500,600,4,120,108,119,607
16920100472244,AMZN,18524827,18525173,346,100,100,228,194,967
16920100472244,GOOGL,14417698,14418900,1202,100,13,133,105,410
16920100472244,MSFT,1741500,1741700,200,200,200,76,70,839
16920100472244,TSLA,6420311,6421700,1389,98,48,255,233,987
16933532687527,AAPL,3216800,3217400,600,14,30,107,120,607
16933532687527,AMZN,18524827,18525173,346,100,100,228,194,970
16933532687527,GOOGL,14417698,14418900,1202,100,13,133,105,410
16933532687527,MSFT,1741500,1741700,200,200,200,76,70,842
16933532687527,TSLA,6420221,6421700,1479,26,48,259,233,991
16941162984118,AAPL,3216800,3217400,600,14,30,107,120,608
16941162984118,AMZN,18524827,18525173,346,100,100,229,194,972
16941162984118,GOOGL,14417698,14418900,1202,66,13,134,105,412
16941162984118,MSFT,1741500,1741700,200,200,200,76,70,845
16941162984118,TSLA,6420174,6421700,1526,81,48,261,233,993
16950781410778,AAPL,3216800,3217400,600,14,30,107,120,608
16950781410778,AMZN,18524827,18525173,346,100,100,229,194,972
16950781410778,GOOGL,14417698,14418900,1202,66,13,134,105,412
16950781410778,MSFT,1741500,1741700,200,100,200,76,70,845
16950781410778,TSLA,6420174,6421700,1526,32,48,261,233,994
16961561748178,AAPL,3216287,3217358,1071,40,100,102,120,602
16961561748178,AMZN,18524827,18525173,346,100,100,229,194,973
16961561748178,GOOGL,14417698,14418900,1202,66,13,134,105,412
16961561748178,MSFT,1741500,1741700,200,100,200,76,70,845
16961561748178,TSLA,6420146,6421700,1554,57,48,261,233,995
16970454640995,AAPL,3216200,3216600,400,44,30,101,123,603
16970454640995,AMZN,18524827,18525173,346,100,100,230,194,976
16970454640995,GOOGL,14417698,14418900,1202,66,13,134,105,412
16970454640995,MSFT,1741500,1741700,200,100,200,76,70,848
16970454640995,TSLA,6420146,6421700,1554,12,48,261,233,991
16980034162180,AAPL,3215900,3216600,700,86,30,98,123,596
16980034162180,AMZN,18524827,18525173,346,100,100,232,194,978
16980034162180,GOOGL,14417698,14418200,502,66,12,137,107,417
16980034162180,MSFT,1741500,1741700,200,100,200,76,70,850
16980034162180,TSLA,6420130,6421700,1570,50,48,263,233,993
16990246195629,AAPL,3215900,3216600,700,26,30,99,124,598
16990246195629,AMZN,18524827,18525173,346,100,100,234,195,983
16990246195629,GOOGL,14417400,14418200,800,11,12,142,108,425
16990246195629,MSFT,1741500,1741700,200,100,200,76,70,845
16990246195629,TSLA,6420100,6421700,1600,9,48,260,233,993
17001658580073,AAPL,3215900,3216600,700,19,30,99,124,600
17001658580073,AMZN,18524827,18525173,346,100,100,234,195,983
17001658580073,GOOGL,14417025,14417100,75,16,13,148,109,435
17001658580073,MSFT,1741500,1741700,200,100,200,76,70,845
17001658580073,TSLA,6420062,6421700,1638,29,48,260,233,993
17010016698867,AAPL,3215900,3216600,700,19,30,100,124,601
17010016698867,AMZN,18524827,18525173,346,100,100,234,197,986
17010016698867,GOOGL,14416027,14417100,1073,97,13,152,109,442
17010016698867,MSFT,1741500,1741700,200,100,200,76,70,849
17010016698867,TSLA,6420000,6421700,1700,203,48,264,233,995
17021206791465,AAPL,3215900,3216600,700,19,30,101,124,602
17021206791465,AMZN,18524827,18525173,346,100,100,234,196,983
17021206791465,GOOGL,14415746,14417100,1354,26,13,159,109,453
17021206791465,MSFT,1741500,1741700,200,100,200,75,71,854
17021206791465,TSLA,6420000,6421700,1700,73,48,265,233,992
17030850813049,AAPL,3215900,3216600,700,19,30,101,124,602
17030850813049,AMZN,18524827,18525173,346,100,100,234,196,983
17030850813049,GOOGL,14415485,14416700,1215,75,13,166,111,465
17030850813049,MSFT,1741500,1741700,200,100,200,75,71,858
17030850813049,TSLA,6420000,6421700,1700,73,48,264,233,994
17040347907571,AAPL,3215900,3216600,700,19,30,101,124,601
17040347907571,AMZN,18524827,18525173,346,100,100,235,197,988
17040347907571,GOOGL,14415343,14416700,1357,97,13,171,111,475
17040347907571,MSFT,1741500,1741700,200,100,200,77,71,862
17040347907571,TSLA,6420000,6421700,1700,73,48,261,233,989
17050692921449,AAPL,3215900,3216600,700,19,30,101,124,602
17050692921449,AMZN,18524827,18525173,346,100,100,236,197,989
17050692921449,GOOGL,14415343,14416700,1357,56,13,174,112,485
17050692921449,MSFT,1741500,1741700,200,100,200,77,71,865
17050692921449,TSLA,6420000,6421700,1700,68,48,260,233,988
17061124772338,AAPL,3215900,3216600,700,16,30,101,124,600
17061124772338,AMZN,18524827,18525173,346,100,100,236,197,990
17061124772338,GOOGL,14415343,14416700,1357,42,13,177,112,490
17061124772338,MSFT,1741500,1741700,200,100,200,76,71,865
17061124772338,TSLA,6419200,6421494,2294,13,100,253,233,979
17071291342226,AAPL,3215707,3216600,893,39,30,100,124,599
17071291342226,AMZN,18524827,18525173,346,100,100,236,197,989
17071291342226,GOOGL,14415269,14416700,1431,16,13,179,112,500
17071291342226,MSFT,1741500,1741700,200,100,200,76,71,871
17071291342226,TSLA,6418900,6421051,2151,23,100,248,233,972
17080074149145,AAPL,3215707,3216600,893,39,30,100,124,598
17080074149145,AMZN,18524827,18525173,346,100,100,236,196,989
17080074149145,GOOGL,14415196,14416700,1504,67,13,181,112,503
17080074149145,MSFT,1741400,1741700,300,407,200,75,71,876
17080074149145,TSLA,6418900,6420995,2095,23,100,249,233,972
17092369568870,AAPL,3215707,3216600,893,39,30,100,124,598
17092369568870,AMZN,18524827,18525173,346,100,100,236,196,989
17092369568870,GOOGL,14415196,14416700,1504,10,13,183,112,508
17092369568870,MSFT,1741400,1741700,300,407,200,76,71,884
17092369568870,TSLA,6418900,6420988,2088,23,100,251,233,971
17100829080737,AAPL,3215707,3216600,893,39,30,100,124,598
17100829080737,AMZN,18524827,18525173,346,100,100,237,196,990
17100829080737,GOOGL,14415127,14415300,173,48,17,184,113,511
17100829080737,MSFT,1741400,1741700,300,336,200,76,71,889
17100829080737,TSLA,6418900,6420988,2088,9,100,250,233,974
17110576802798,AAPL,3215707,3216600,893,39,30,101,124,599
17110576802798,AMZN,18524827,18525173,346,100,100,237,196,990
17110576802798,GOOGL,14415127,14415300,173,48,17,184,113,511
17110576802798,MSFT,1741400,1741700,300,336,200,76,71,894
17110576802798,TSLA,6418600,6420727,2127,3,100,247,233,972
17121133808748,AAPL,3215700,3216000,300,52,30,101,126,608
17121133808748,AMZN,18524827,18525173,346,100,100,237,196,990
17121133808748,GOOGL,14415127,14415300,173,48,17,185,113,512
17121133808748,MSFT,1741400,1741700,300,336,200,76,71,898
17121133808748,TSLA,6417500,6419694,2194,3,100,243,233,967
17130102062771,AAPL,3215700,3216000,300,52,30,101,127,614
17130102062771,AMZN,18524827,18525173,346,100,100,236,196,989
17130102062771,GOOGL,14415127,14415300,173,48,17,185,113,512
17130102062771,MSFT,1741400,1741700,300,135,300,76,71,901
17130102062771,TSLA,6417500,6419641,2141,3,100,243,233,966
17141277621525,AAPL,3215700,3216000,300,52,30,101,127,614
17141277621525,AMZN,18524827,18525173,346,100,100,236,196,989
17141277621525,GOOGL,14415127,14415300,173,48,17,185,113,512
17141277621525,MSFT,1741400,1741500,100,135,100,76,72,903
17141277621525,TSLA,6415300,6418514,3214,16,100,237,233,959
17150208263763,AAPL,3215700,3216000,300,52,30,100,127,614
17150208263763,AMZN,18524827,18525173,346,100,100,236,196,989
17150208263763,GOOGL,14414381,14415300,919,98,17,185,113,512
17150208263763,MSFT,1741400,1741500,100,135,200,76,72,908
17150208263763,TSLA,6415300,6415800,500,2,14,238,234,964
17160427189986,AAPL,3215400,3216000,600,542,30,97,129,615
17160427189986,AMZN,18524827,18525173,346,100,100,236,198,998
17160427189986,GOOGL,14414381,14415300,919,98,17,185,113,513
17160427189986,MSFT,1741300,1741500,200,657,300,75,72,907
17160427189986,TSLA,6414600,6415800,1200,2,14,239,234,964
17171111452489,AAPL,3215400,3215500,100,542,100,97,130,621
17171111452489,AMZN,18524827,18525173,346,100,100,238,199,1005
17171111452489,GOOGL,14414381,14415300,919,98,17,185,113,513
17171111452489,MSFT,1741300,1741500,200,657,300,75,72,906
17171111452489,TSLA,6414600,6414800,200,1,15,238,236,968
17180938890745,AAPL,3215400,3215500,100,542,100,97,130,621
17180938890745,AMZN,18524827,18525173,346,100,100,238,199,1006
17180938890745,GOOGL,14414381,14414700,319,32,13,191,117,528
17180938890745,MSFT,1741300,1741500,200,157,300,75,71,899
17180938890745,TSLA,6413500,6414800,1300,22,15,232,236,959
17191705060650,AAPL,3215400,3215500,100,542,100,97,130,624
17191705060650,AMZN,18524827,18525173,346,100,100,238,200,1007
17191705060650,GOOGL,14414381,14414400,19,32,43,196,120,550
17191705060650,MSFT,1741300,1741500,200,157,300,75,71,897
17191705060650,TSLA,6413500,6414700,1200,22,14,232,237,963
17200117400729,AAPL,3215400,3215500,100,542,100,98,131,629
17200117400729,AMZN,18524827,18525173,346,100,100,239,204,1009
17200117400729,GOOGL,14413000,14413200,200,41,35,200,129,578
17200117400729,MSFT,1741300,1741400,100,57,100,75,72,897
17200117400729,TSLA,6413500,6414100,600,21,16,232,241,967
17210487214064,AAPL,3215400,3215500,100,542,100,99,133,632
17210487214064,AMZN,18524827,18525173,346,100,100,238,205,1009
17210487214064,GOOGL,14413000,14413100,100,5,36,204,130,583
17210487214064,MSFT,1741300,1741400,100,57,100,75,73,897
17210487214064,TSLA,6413500,6414100,600,21,16,234,241,970
17220104868567,AAPL,3215400,3215500,100,542,100,99,133,633
17220104868567,AMZN,18524827,18525173,346,100,100,238,205,1009
17220104868567,GOOGL,14412500,14412600,100,16,73,210,134,602
17220104868567,MSFT,1741300,1741400,100,57,100,75,73,896
17220104868567,TSLA,6413500,6414100,600,21,16,235,241,971
17231277575357,AAPL,3215400,3215500,100,542,100,99,133,633
17231277575357,AMZN,18524827,18525173,346,100,100,238,205,1008
17231277575357,GOOGL,14412500,14412600,100,16,73,211,135,606
17231277575357,MSFT,1741300,1741400,100,57,100,75,73,896
17231277575357,TSLA,6413500,6414100,600,7,16,236,242,975
17240767781322,AAPL,3215400,3215500,100,527,100,99,133,641
17240767781322,AMZN,18524827,18525173,346,100,100,238,204,1006
17240767781322,GOOGL,14412500,14412600,100,16,73,212,135,610
17240767781322,MSFT,1741300,1741400,100,57,100,75,73,897
17240767781322,TSLA,6413400,6414100,700,7,62,234,243,979
17250147216962,AAPL,3215400,3215500,100,527,100,99,133,641
17250147216962,AMZN,18524827,18525173,346,100,100,238,204,1006
17250147216962,GOOGL,14412500,14412600,100,16,73,212,135,611
17250147216962,MSFT,1741300,1741400,100,57,100,75,73,897
17250147216962,TSLA,6413400,6414100,700,7,62,236,243,982
17260212556861,AAPL,3215400,3215500,100,312,100,99,133,643
17260212556861,AMZN,18524827,18525173,346,100,100,238,203,1003
17260212556861,GOOGL,14411400,14412000,600,28,3,211,136,618
17260212556861,MSFT,1741300,1741400,100,57,100,75,73,896
17260212556861,TSLA,6412800,6414000,1200,48,14,233,244,979
17270579435935,AAPL,3215400,3215500,100,312,200,99,133,643
17270579435935,AMZN,18524827,18525173,346,100,100,239,203,1014
17270579435935,GOOGL,14411400,14411700,300,28,15,213,137,625
17270579435935,MSFT,1741300,1741400,100,57,100,75,73,897
17270579435935,TSLA,6408700,6410870,2170,851,100,224,243,954
17280366973451,AAPL,3215400,3215500,100,312,200,100,133,646
17280366973451,AMZN,18524827,18525173,346,100,100,239,203,1015
17280366973451,GOOGL,14411400,14411700,300,28,15,213,137,626
17280366973451,MSFT,1741300,1741400,100,57,100,75,73,898
17280366973451,TSLA,6408700,6410798,2098,804,100,225,243,955
17290224145675,AAPL,3215400,3215500,100,312,200,101,135,651
17290224145675,AMZN,18524827,18525173,346,100,100,239,203,1015
17290224145675,GOOGL,14411200,14411700,500,36,77,216,142,643
17290224145675,MSFT,1741300,1741400,100,57,100,75,73,894
17290224145675,TSLA,6408700,6410700,2000,804,15,232,247,969
17300222296506,AAPL,3215400,3215500,100,312,200,101,135,653
17300222296506,AMZN,18524827,18525173,346,100,100,239,204,1016
17300222296506,GOOGL,14410500,14411700,1200,122,77,215,143,649
17300222296506,MSFT,1741300,1741400,100,57,100,75,73,895
17300222296506,TSLA,6408700,6409600,900,768,14,237,248,977
17310343538715,AAPL,3215400,3215500,100,312,200,101,135,653
17310343538715,AMZN,18524827,18525173,346,100,100,239,203,1016
17310343538715,GOOGL,14410500,14411700,1200,122,77,216,143,650
17310343538715,MSFT,1741200,1741300,100,720,143,74,74,898
17310343538715,TSLA,6408700,6409600,900,318,28,239,251,997
17320736906583,AAPL,3215400,3215500,100,312,200,101,135,653
17320736906583,AMZN,18524827,18525173,346,100,100,239,203,1020
17320736906583,GOOGL,14410500,14411700,1200,122,77,216,143,650
17320736906583,MSFT,1741200,1741300,100,720,143,74,74,899
17320736906583,TSLA,6408700,6409600,900,318,28,241,252,1009
17330174813231,AAPL,3215400,3215500,100,312,200,101,136,661
17330174813231,AMZN,18524827,18525173,346,100,100,238,203,1028
17330174813231,GOOGL,14410500,14411700,1200,122,77,216,143,650
17330174813231,MSFT,1741200,1741300,100,720,143,74,74,905
17330174813231,TSLA,6407000,6409104,2104,48,100,245,254,1013
17340464876311,AAPL,3215400,3215500,100,312,200,101,136,667
17340464876311,AMZN,18524827,18525173,346,100,100,238,204,1034
17340464876311,GOOGL,14410500,14411700,1200,122,77,216,143,650
17340464876311,MSFT,1741200,1741300,100,720,143,74,74,905
17340464876311,TSLA,6407000,6409088,2088,19,100,247,254,1018
17350064864983,AAPL,3215400,3215500,100,212,200,101,137,668
17350064864983,AMZN,18524827,18525173,346,100,100,237,205,1041
17350064864983,GOOGL,14410500,14411700,1200,122,77,216,143,650
17350064864983,MSFT,1741200,1741300,100,420,143,74,74,905
17350064864983,TSLA,6407000,6409088,2088,19,100,249,255,1025
17360250992426,AAPL,3215400,3215500,100,212,200,102,139,673
17360250992426,AMZN,18524827,18525179,352,96,100,239,208,1052
17360250992426,GOOGL,14410500,14411700,1200,122,77,216,143,650
17360250992426,MSFT,1741200,1741300,100,420,143,74,74,907
17360250992426,TSLA,6407000,6409088,2088,19,100,252,255,1032
17370338951282,AAPL,3215400,3215500,100,212,200,102,139,673
17370338951282,AMZN,18524827,18525180,353,96,100,239,208,1052
17370338951282,GOOGL,14410500,14411700,1200,122,77,216,143,650
17370338951282,MSFT,1741200,1741300,100,420,143,74,74,908
17370338951282,TSLA,6407000,6409088,2088,19,100,256,256,1048
17382216347088,AAPL,3215400,3215500,100,212,200,101,139,674
17382216347088,AMZN,18524827,18525180,353,96,100,240,209,1058
17382216347088,GOOGL,14410500,14411700,1200,122,77,216,144,651
17382216347088,MSFT,1741200,1741300,100,420,243,74,74,908
17382216347088,TSLA,6407000,6409088,2088,19,100,264,256,1074
17390976865693,AAPL,3215400,3215500,100,212,200,101,139,674
17390976865693,AMZN,18524827,18525180,353,96,100,241,209,1060
17390976865693,GOOGL,14410500,14411700,1200,122,77,216,144,651
17390976865693,MSFT,1741200,1741300,100,420,243,74,74,908
17390976865693,TSLA,6407000,6409088,2088,19,100,265,256,1078
17400262182321,AAPL,3215400,3215500,100,212,200,101,139,674
17400262182321,AMZN,18524827,18525180,353,96,100,243,210,1068
17400262182321,GOOGL,14410500,14411700,1200,122,77,216,144,651
17400262182321,MSFT,1741200,1741300,100,420,243,73,74,906
17400262182321,TSLA,6405500,6408751,3251,11,100,261,256,1077
17410192859702,AAPL,3215400,3215500,100,212,200,101,139,675
17410192859702,AMZN,18524827,18525180,353,96,100,243,210,1070
17410192859702,GOOGL,14410500,14411700,1200,122,77,216,144,651
17410192859702,MSFT,1741200,1741300,100,220,243,73,75,905
17410192859702,TSLA,6405400,6405500,100,26,3,260,258,1080
17420008234508,AAPL,3215400,3215500,100,212,200,102,139,679
17420008234508,AMZN,18524827,18525180,353,96,100,245,211,1088
17420008234508,GOOGL,14410500,14411200,700,122,39,222,146,669
17420008234508,MSFT,1741100,1741300,200,790,243,72,75,904
17420008234508,TSLA,6405400,6405500,100,26,3,265,259,1086
17431934315185,AAPL,3215300,3215500,200,37,200,101,139,683
17431934315185,AMZN,18524827,18525180,353,96,100,244,212,1090
17431934315185,GOOGL,14410500,14411200,700,88,39,224,149,681
17431934315185,MSFT,1741100,1741300,200,790,243,72,75,903
17431934315185,TSLA,6405400,6405500,100,26,3,265,261,1093
17440346069647,AAPL,3215300,3215500,200,2,200,101,140,686
17440346069647,AMZN,18524827,18525180,353,96,100,244,214,1099
17440346069647,GOOGL,14410500,14411200,700,88,39,224,149,687
17440346069647,MSFT,1741100,1741300,200,790,243,72,75,902
17440346069647,TSLA,6405400,6405500,100,26,3,265,261,1093
17450976825222,AAPL,3215300,3215500,200,1,200,101,142,687
17450976825222,AMZN,18524827,18525180,353,96,100,240,213,1118
17450976825222,GOOGL,14410500,14411200,700,88,39,224,149,692
17450976825222,MSFT,1741100,1741300,200,790,243,72,75,901
17450976825222,TSLA,6405400,6405500,100,25,3,266,260,1099
17460416519278,AAPL,3215300,3215500,200,1,200,101,143,690
17460416519278,AMZN,18524827,18525180,353,96,100,240,212,1125
17460416519278,GOOGL,14410500,14411200,700,88,39,224,150,694
17460416519278,MSFT,1741100,1741300,200,790,243,72,75,901
17460416519278,TSLA,6405400,6405500,100,25,3,266,261,1103
17470068984145,AAPL,3215300,3215500,200,1,200,101,143,693
17470068984145,AMZN,18524827,18525180,353,96,100,240,213,1131
17470068984145,GOOGL,14410500,14411200,700,88,39,224,151,695
17470068984145,MSFT,1741100,1741300,200,790,243,72,75,901
17470068984145,TSLA,6405400,6405500,100,25,3,267,264,1113
17480183887381,AAPL,3215300,3215500,200,1,200,101,145,698
17480183887381,AMZN,18524827,18525180,353,96,100,241,213,1131
17480183887381,GOOGL,14410500,14411200,700,58,39,224,152,699
17480183887381,MSFT,1741100,1741200,100,590,100,72,76,902
17480183887381,TSLA,6405400,6405500,100,25,3,267,264,1115
17490385974837,AAPL,3215300,3215500,200,1,200,102,147,700
17490385974837,AMZN,18524827,18525180,353,96,100,241,214,1143
17490385974837,GOOGL,14410500,14411200,700,58,39,226,154,704
17490385974837,MSFT,1741100,1741200,100,490,100,72,76,906
17490385974837,TSLA,6405400,6405500,100,25,3,268,264,1119
17500382205971,AAPL,3215300,3215500,200,1,300,102,147,708
17500382205971,AMZN,18524827,18525180,353,96,100,241,217,1166
17500382205971,GOOGL,14410500,14411200,700,58,39,231,155,716
17500382205971,MSFT,1741100,1741200,100,490,100,72,76,913
17500382205971,TSLA,6405000,6405500,500,128,3,266,264,1122
17510039343140,AAPL,3215300,3215500,200,1,300,102,147,704
17510039343140,AMZN,18524827,18525180,353,96,100,241,218,1186
17510039343140,GOOGL,14410500,14411200,700,58,39,234,157,730
17510039343140,MSFT,1741100,1741200,100,490,100,72,76,919
17510039343140,TSLA,6405000,6405500,500,96,3,272,267,1134
17520249282614,AAPL,3215300,3215500,200,1,300,102,147,700
17520249282614,AMZN,18524827,18525180,353,96,100,241,221,1202
17520249282614,GOOGL,14410500,14411200,700,58,39,236,158,742
17520249282614,MSFT,1741100,1741200,100,490,100,72,76,928
17520249282614,TSLA,6405000,6405500,500,96,3,274,270,1142
17530157733385,AAPL,3215200,3215500,300,75,300,101,147,693
17530157733385,AMZN,18524827,18525180,353,96,100,242,223,1208
17530157733385,GOOGL,14410500,14411200,700,58,39,237,159,755
17530157733385,MSFT,1741100,1741200,100,490,100,72,76,931
17530157733385,TSLA,6405000,6405500,500,96,3,278,271,1152
17542209580193,AAPL,3215200,3215500,300,51,300,101,149,695
17542209580193,AMZN,18524827,18525180,353,96,100,243,224,1215
17542209580193,GOOGL,14410500,14411200,700,58,39,237,159,755
17542209580193,MSFT,1741100,1741200,100,284,100,71,76,934
17542209580193,TSLA,6405000,6405500,500,96,3,279,271,1154
17551056925651,AAPL,3215200,3215500,300,51,300,101,149,702
17551056925651,AMZN,18524827,18525180,353,96,100,244,224,1218
17551056925651,GOOGL,14410500,14411200,700,58,39,238,159,756
17551056925651,MSFT,1741100,1741200,100,284,100,71,76,934
17551056925651,TSLA,6405000,6405500,500,88,3,279,271,1155
17560086411454,AAPL,3215200,3215500,300,51,300,101,149,704
17560086411454,AMZN,18524827,18525180,353,96,100,244,224,1222
17560086411454,GOOGL,14410500,14411200,700,58,39,238,159,756
17560086411454,MSFT,1741100,1741200,100,271,100,71,76,932
17560086411454,TSLA,6405000,6405500,500,56,3,279,274,1162
17570057130104,AAPL,3215200,3215500,300,51,300,100,149,702
17570057130104,AMZN,18524827,18525180,353,96,100,245,224,1247
17570057130104,GOOGL,14410500,14411200,700,18,39,238,159,755
17570057130104,MSFT,1741100,1741200,100,263,100,71,76,931
17570057130104,TSLA,6405000,6405500,500,56,3,278,276,1165
17580078359444,AAPL,3215200,3215500,300,51,300,100,149,703
17580078359444,AMZN,18524827,18525180,353,96,100,245,228,1266
17580078359444,GOOGL,14410500,14411200,700,18,39,238,159,755
17580078359444,MSFT,1741100,1741200,100,263,100,71,75,941
17580078359444,TSLA,6405000,6405500,500,56,3,278,279,1169
17590052490235,AAPL,3215200,3215500,300,51,300,100,149,703
17590052490235,AMZN,18524827,18525180,353,96,100,247,228,1275
17590052490235,GOOGL,14410500,14411200,700,18,39,238,160,756
17590052490235,MSFT,1741100,1741200,100,263,100,71,75,953
17590052490235,TSLA,6405000,6405500,500,56,3,278,280,1171
17600152395579,AAPL,3215200,3215500,300,51,300,99,149,696
17600152395579,AMZN,18524827,18525180,353,96,100,247,229,1293
17600152395579,GOOGL,14410500,14411200,700,18,39,239,161,767
17600152395579,MSFT,1741100,1741200,100,163,100,71,75,961
17600152395579,TSLA,6405000,6405500,500,56,3,273,281,1171
17610623864927,AAPL,3215200,3215500,300,51,300,99,149,698
17610623864927,AMZN,18524827,18525180,353,96,100,245,233,1303
17610623864927,GOOGL,14410500,14411200,700,18,39,239,162,769
17610623864927,MSFT,1741100,1741200,100,163,100,71,75,973
17610623864927,TSLA,6405000,6405500,500,56,3,272,282,1175
17620157187605,AAPL,3215200,3215500,300,51,300,99,149,698
17620157187605,AMZN,18524827,18525180,353,96,100,247,235,1331
17620157187605,GOOGL,14410500,14411200,700,18,39,238,162,768
17620157187605,MSFT,1741100,1741200,100,163,100,71,75,979
17620157187605,TSLA,6405000,6405500,500,56,3,275,282,1182
17630059332719,AAPL,3215200,3215500,300,51,300,100,149,697
17630059332719,AMZN,18524827,18525180,353,96,100,248,238,1348
17630059332719,GOOGL,14410500,14411200,700,18,39,238,162,767
17630059332719,MSFT,1741100,1741200,100,163,100,71,75,986
17630059332719,TSLA,6405000,6405500,500,56,3,276,284,1190
17640389649670,AAPL,3215200,3215500,300,51,300,100,149,700
17640389649670,AMZN,18524827,18525180,353,96,100,249,242,1366
17640389649670,GOOGL,14410500,14411200,700,18,39,238,164,770
17640389649670,MSFT,1741100,1741200,100,163,100,71,75,991
17640389649670,TSLA,6405000,6405500,500,56,3,276,285,1197
17651156384916,AAPL,3215200,3215500,300,51,300,101,149,704
17651156384916,AMZN,18524827,18525180,353,96,100,251,241,1371
17651156384916,GOOGL,14410500,14411200,700,18,39,238,165,771
17651156384916,MSFT,1741100,1741200,100,63,100,71,75,999
17651156384916,TSLA,6405000,6405500,500,56,3,277,286,1206
17661743653229,AAPL,3215200,3215500,300,51,300,101,149,708
17661743653229,AMZN,18524827,18525180,353,96,100,251,241,1370
17661743653229,GOOGL,14410500,14411200,700,18,39,238,165,771
17661743653229,MSFT,1741100,1741200,100,53,100,71,75,999
17661743653229,TSLA,6405000,6405500,500,56,3,277,286,1208
17670090045994,AAPL,3215200,3215500,300,51,300,100,149,708
17670090045994,AMZN,18524827,18525180,353,96,100,251,241,1372
17670090045994,GOOGL,14410500,14411200,700,18,39,238,165,772
17670090045994,MSFT,1741000,1741100,100,940,47,70,76,999
17670090045994,TSLA,6405000,6405500,500,56,3,277,286,1212
17681072314540,AAPL,3215200,3215500,300,51,300,100,149,708
17681072314540,AMZN,18524827,18525180,353,96,100,252,243,1376
17681072314540,GOOGL,14410500,14411200,700,18,39,238,166,773
17681072314540,MSFT,1741000,1741100,100,940,47,70,76,999
17681072314540,TSLA,6405000,6405500,500,56,3,277,287,1216
17691836594157,AAPL,3215100,3215500,400,1072,300,99,149,711
17691836594157,AMZN,18524827,18525180,353,96,100,250,242,1385
17691836594157,GOOGL,14410500,14411200,700,18,39,238,166,773
17691836594157,MSFT,1741000,1741100,100,940,47,70,76,1000
17691836594157,TSLA,6405000,6405500,500,56,3,277,288,1220
17700607410182,AAPL,3215100,3215500,400,972,300,99,149,715
17700607410182,AMZN,18524827,18525180,353,96,100,250,242,1384
17700607410182,GOOGL,14410500,14411200,700,18,39,238,166,773
17700607410182,MSFT,1741000,1741100,100,840,47,70,76,999
17700607410182,TSLA,6405000,6405500,500,56,3,277,289,1224
17711400575985,AAPL,3215100,3215500,400,972,300,100,150,720
17711400575985,AMZN,18524827,18525180,353,96,100,252,245,1400
17711400575985,GOOGL,14410500,14411200,700,18,39,238,167,776
17711400575985,MSFT,1741000,1741100,100,730,47,70,76,998
17711400575985,TSLA,6405000,6405500,500,56,3,277,289,1223
17720907026021,AAPL,3215100,3215500,400,872,300,100,150,721
17720907026021,AMZN,18524827,18525180,353,96,100,254,249,1415
17720907026021,GOOGL,14410500,14411200,700,18,39,239,167,777
17720907026021,MSFT,1741000,1741100,100,730,47,70,76,997
17720907026021,TSLA,6405000,6405500,500,56,3,277,291,1224
17730977038754,AAPL,3215100,3215500,400,458,300,100,150,716
17730977038754,AMZN,18524827,18525180,353,96,100,254,249,1437
17730977038754,GOOGL,14410500,14411200,700,18,39,239,167,777
17730977038754,MSFT,1741000,1741100,100,430,47,70,76,994
17730977038754,TSLA,6405000,6405500,500,56,3,280,292,1230
17740553237674,AAPL,3215100,3215500,400,458,300,100,150,715
17740553237674,AMZN,18524827,18525180,353,96,100,256,249,1451
17740553237674,GOOGL,14410500,14411200,700,18,39,239,167,777
17740553237674,MSFT,1741000,1741100,100,330,247,71,76,995
17740553237674,TSLA,6405000,6405500,500,56,3,280,296,1236
17750213291730,AAPL,3215100,3215500,400,458,300,100,150,715
17750213291730,AMZN,18524827,18525180,353,96,100,256,249,1463
17750213291730,GOOGL,14410500,14411200,700,18,39,239,167,777
17750213291730,MSFT,1741000,1741100,100,330,247,71,76,998
17750213291730,TSLA,6405000,6405500,500,56,3,280,297,1238
17760009177543,AAPL,3215100,3215500,400,458,300,100,150,715
17760009177543,AMZN,18524827,18525180,353,96,100,255,250,1483
17760009177543,GOOGL,14410500,14411200,700,18,39,239,167,777
17760009177543,MSFT,1741000,1741100,100,330,247,71,76,1000
17760009177543,TSLA,6405000,6405500,500,56,3,280,297,1242
17770115330352,AAPL,3215100,3215500,400,458,300,100,150,715
17770115330352,AMZN,18524827,18525180,353,96,100,256,252,1505
17770115330352,GOOGL,14410500,14411200,700,18,39,239,167,777
17770115330352,MSFT,1741000,1741100,100,330,247,71,76,1001
17770115330352,TSLA,6405000,6405500,500,56,3,279,298,1244
17780508467456,AAPL,3215100,3215500,400,458,300,100,150,714
17780508467456,AMZN,18524827,18525180,353,96,100,259,251,1520
17780508467456,GOOGL,14410500,14411200,700,18,39,239,167,777
17780508467456,MSFT,1741000,1741100,100,330,247,72,76,1008
17780508467456,TSLA,6405000,6405500,500,56,3,280,298,1247
17790709722712,AAPL,3215100,3215500,400,308,300,100,150,715
17790709722712,AMZN,18524827,18525180,353,96,100,259,251,1521
17790709722712,GOOGL,14410500,14411200,700,18,39,239,167,777
17790709722712,MSFT,1741000,1741100,100,330,247,72,76,1009
17790709722712,TSLA,6405000,6405500,500,56,3,280,299,1252
17800432773045,AAPL,3215100,3215500,400,164,300,100,150,714
17800432773045,AMZN,18524827,18525180,353,96,100,259,251,1526
17800432773045,GOOGL,14410500,14411200,700,18,39,239,167,777
17800432773045,MSFT,1741000,1741100,100,330,247,72,76,1009
17800432773045,TSLA,6405000,6405500,500,56,3,280,299,1256
17810319225727,AAPL,3215100,3215500,400,164,300,100,150,716
17810319225727,AMZN,18524827,18525180,353,96,100,259,253,1529
17810319225727,GOOGL,14410500,14411200,700,18,39,239,167,777
17810319225727,MSFT,1740900,1741000,100,600,100,71,76,1007
17810319225727,TSLA,6405000,6405500,500,56,3,280,300,1261
17820634503886,AAPL,3215100,3215500,400,164,300,100,149,721
17820634503886,AMZN,18524827,18525180,353,96,100,258,254,1531
17820634503886,GOOGL,14410500,14411200,700,18,39,239,167,777
17820634503886,MSFT,1740900,1741000,100,400,100,71,76,1005
17820634503886,TSLA,6405000,6405500,500,56,3,280,302,1270
17830682528328,AAPL,3215100,3215500,400,56,300,100,149,722
17830682528328,AMZN,18524827,18525180,353,96,100,258,254,1533
17830682528328,GOOGL,14410500,14411200,700,18,39,239,167,777
17830682528328,MSFT,1740800,1741000,200,1192,100,72,76,1002
17830682528328,TSLA,6405000,6405500,500,56,3,281,303,1276
17840051625969,AAPL,3215100,3215500,400,56,300,100,149,720
17840051625969,AMZN,18524827,18525180,353,96,100,258,254,1534
17840051625969,GOOGL,14410500,14411200,700,18,39,239,167,777
17840051625969,MSFT,1740800,1741000,200,892,100,74,76,1010
17840051625969,TSLA,6405000,6405500,500,56,3,281,303,1290
17854785240761,AAPL,3215100,3215500,400,56,300,100,149,722
17854785240761,AMZN,18524827,18525180,353,96,100,257,254,1533
17854785240761,GOOGL,14410500,14411200,700,18,39,239,167,777
17854785240761,MSFT,1740800,1741000,200,826,100,74,76,1010
17854785240761,TSLA,6405000,6405500,500,56,3,281,303,1295
17865605888112,AAPL,3215100,3215500,400,56,300,100,149,726
17865605888112,AMZN,18524827,18525180,353,96,100,257,254,1533
17865605888112,GOOGL,14410500,14411200,700,18,39,239,167,777
17865605888112,MSFT,1740800,1741000,200,738,100,74,76,1009
17865605888112,TSLA,6405000,6405500,500,56,3,281,303,1296
17870387605123,AAPL,3215100,3215500,400,56,300,100,149,726
17870387605123,AMZN,18524827,18525180,353,96,100,257,254,1536
17870387605123,GOOGL,14410500,14411200,700,18,39,239,167,777
17870387605123,MSFT,1740800,1741000,200,738,100,74,76,1010
17870387605123,TSLA,6405000,6405500,500,56,3,281,304,1300
17880221323223,AAPL,3215100,3215500,400,56,300,100,150,730
17880221323223,AMZN,18524827,18525180,353,96,100,259,254,1542
17880221323223,GOOGL,14410500,14411200,700,18,39,239,167,777
17880221323223,MSFT,1740800,1741000,200,738,100,74,76,1009
17880221323223,TSLA,6405000,6405500,500,56,3,281,305,1300
17892207413636,AAPL,3215100,3215500,400,46,300,100,150,731
17892207413636,AMZN,18524827,18525180,353,96,100,261,254,1546
17892207413636,GOOGL,14410500,14411200,700,18,39,240,167,779
17892207413636,MSFT,1740800,1741000,200,549,100,75,76,1010
17892207413636,TSLA,6405000,6405500,500,56,3,281,305,1303
17900576321253,AAPL,3215100,3215500,400,46,300,100,150,731
17900576321253,AMZN,18524827,18525180,353,96,100,261,254,1547
17900576321253,GOOGL,14410500,14411200,700,18,39,240,167,779
17900576321253,MSFT,1740800,1741000,200,549,100,75,76,1010
17900576321253,TSLA,6405000,6405500,500,37,3,281,308,1308
17910020472935,AAPL,3215000,3215500,500,3551,300,99,150,731
17910020472935,AMZN,18524827,18525180,353,96,100,261,254,1548
17910020472935,GOOGL,14410500,14411200,700,18,39,240,167,779
17910020472935,MSFT,1740800,1741000,200,549,100,75,76,1010
17910020472935,TSLA,6405000,6405500,500,37,3,282,309,1313
17920451774095,AAPL,3215000,3215500,500,3551,300,99,151,733
17920451774095,AMZN,18524827,18525180,353,96,100,261,256,1553
17920451774095,GOOGL,14410500,14411200,700,18,39,240,167,779
17920451774095,MSFT,1740800,1741000,200,443,100,75,76,1009
17920451774095,TSLA,6403400,6405488,2088,12,100,280,311,1316
17930538440307,AAPL,3215000,3215500,500,3551,300,99,151,730
17930538440307,AMZN,18524827,18525180,353,96,100,261,256,1555
17930538440307,GOOGL,14410500,14411200,700,18,39,240,167,779
17930538440307,MSFT,1740800,1741000,200,243,100,75,76,1008
17930538440307,TSLA,6403400,6405488,2088,12,100,280,311,1325
17940634806716,AAPL,3215000,3215500,500,3551,300,99,151,732
17940634806716,AMZN,18524827,18525180,353,96,100,261,257,1562
17940634806716,GOOGL,14410500,14411200,700,18,39,240,167,779
17940634806716,MSFT,1740700,1741000,300,762,100,74,76,1004
17940634806716,TSLA,6403300,6404000,700,59,10,281,316,1335
17950028219063,AAPL,3215000,3215500,500,3244,300,99,151,732
17950028219063,AMZN,18524827,18525180,353,96,100,261,256,1562
17950028219063,GOOGL,14410500,14411200,700,18,39,240,167,779
17950028219063,MSFT,1740700,1741000,300,673,100,74,76,1003
17950028219063,TSLA,6403300,6404000,700,59,10,281,319,1339
17961250218249,AAPL,3215000,3215500,500,3244,300,99,151,732
17961250218249,AMZN,18524827,18525180,353,96,100,262,255,1562
17961250218249,GOOGL,14410500,14411200,700,18,39,240,167,780
17961250218249,MSFT,1740700,1741000,300,673,100,74,76,1002
17961250218249,TSLA,6403300,6404000,700,59,10,282,320,1348
17970280163515,AAPL,3215000,3215500,500,3144,300,99,151,738
17970280163515,AMZN,18524827,18525180,353,96,100,265,255,1564
17970280163515,GOOGL,14410500,14411200,700,18,39,240,167,782
17970280163515,MSFT,1740700,1741000,300,573,100,74,76,1002
17970280163515,TSLA,6403300,6404000,700,58,10,283,320,1357
17981008862196,AAPL,3215000,3215500,500,3144,300,99,151,738
17981008862196,AMZN,18524827,18525180,353,96,100,265,255,1566
17981008862196,GOOGL,14410500,14411200,700,18,39,240,167,782
17981008862196,MSFT,1740700,1741000,300,573,100,74,76,1002
17981008862196,TSLA,6403300,6404000,700,58,10,282,325,1364
17990099072411,AAPL,3215000,3215500,500,3144,300,99,151,739
17990099072411,AMZN,18524827,18525180,353,96,100,265,256,1568
17990099072411,GOOGL,14410500,14411200,700,18,39,240,167,782
17990099072411,MSFT,1740700,1741000,300,73,100,74,76,997
17990099072411,TSLA,6403300,6404000,700,58,10,283,327,1373
18001335124241,AAPL,3215000,3215500,500,3044,300,99,151,740
18001335124241,AMZN,18524827,18525180,353,96,100,266,256,1571
18001335124241,GOOGL,14410500,14411200,700,18,39,242,167,786
18001335124241,MSFT,1740600,1741000,400,1511,100,73,76,994
18001335124241,TSLA,6403300,6404000,700,34,10,285,329,1382
18010525826196,AAPL,3215000,3215500,500,3044,300,99,151,740
18010525826196,AMZN,18524827,18525180,353,96,100,266,257,1572
18010525826196,GOOGL,14410500,14411200,700,18,39,242,167,787
18010525826196,MSFT,1740600,1741000,400,1422,100,73,76,994
18010525826196,TSLA,6402500,6404000,1500,105,10,282,332,1391
18021894828443,AAPL,3215000,3215500,500,3044,300,99,152,741
18021894828443,AMZN,18524827,18525180,353,96,100,265,256,1569
18021894828443,GOOGL,14410500,14411200,700,18,39,242,170,794
18021894828443,MSFT,1740600,1741000,400,1333,100,74,76,995
18021894828443,TSLA,6402500,6404000,1500,70,10,283,332,1397
18030345945056,AAPL,3215000,3215500,500,3044,300,99,152,741
18030345945056,AMZN,18524827,18525180,353,96,100,265,256,1568
18030345945056,GOOGL,14410300,14411200,900,6,39,241,170,793
18030345945056,MSFT,1740600,1741000,400,1244,100,74,76,995
18030345945056,TSLA,6402500,6404000,1500,70,10,284,334,1405
18040618634967,AAPL,3215000,3215500,500,3044,300,99,152,742
18040618634967,AMZN,18524827,18525180,353,96,100,266,255,1567
18040618634967,GOOGL,14410300,14411200,900,6,39,241,170,793
18040618634967,MSFT,1740600,1741000,400,1244,100,74,76,995
18040618634967,TSLA,6402500,6403400,900,64,16,284,336,1413
18050262915736,AAPL,3215000,3215500,500,3003,300,99,152,741
18050262915736,AMZN,18524827,18525180,353,96,100,266,255,1571
18050262915736,GOOGL,14410300,14411200,900,6,39,241,170,793
18050262915736,MSFT,1740600,1741000,400,1244,100,74,76,995
18050262915736,TSLA,6402500,6403400,900,64,16,284,337,1416
18060080641076,AAPL,3215000,3215500,500,2982,300,99,152,744
18060080641076,AMZN,18524827,18525180,353,96,100,265,256,1572
18060080641076,GOOGL,14410300,14411200,900,6,39,241,170,793
18060080641076,MSFT,1740600,1741000,400,1244,100,74,76,996
18060080641076,TSLA,6402500,6403400,900,17,31,285,337,1421
18070589802410,AAPL,3215000,3215500,500,2982,300,99,151,743
18070589802410,AMZN,18524827,18525180,353,96,100,268,257,1580
18070589802410,GOOGL,14410300,14411200,900,6,39,240,170,792
18070589802410,MSFT,1740600,1741000,400,1244,100,74,76,996
18070589802410,TSLA,6402500,6403400,900,11,31,285,337,1423
18080737301934,AAPL,3215000,3215500,500,2982,300,99,151,741
18080737301934,AMZN,18524827,18525180,353,96,100,268,258,1584
18080737301934,GOOGL,14409916,14411200,1284,67,39,239,170,792
18080737301934,MSFT,1740600,1741000,400,1244,100,74,76,997
18080737301934,TSLA,6402500,6403400,900,11,31,286,336,1423
18090238237270,AAPL,3215000,3215500,500,2882,300,100,153,747
18090238237270,AMZN,18524827,18525180,353,96,100,270,259,1589
18090238237270,GOOGL,14409916,14411200,1284,67,39,240,169,792
18090238237270,MSFT,1740600,1741000,400,944,100,74,76,993
18090238237270,TSLA,6402500,6403400,900,11,31,289,339,1430
18100204254074,AAPL,3215000,3215500,500,2774,330,100,153,749
18100204254074,AMZN,18524827,18525180,353,96,100,271,259,1593
18100204254074,GOOGL,14409583,14411200,1617,31,39,238,169,790
18100204254074,MSFT,1740600,1741000,400,444,100,76,75,989
18100204254074,TSLA,6402500,6403000,500,11,14,292,340,1440
18110436731893,AAPL,3215000,3215500,500,2674,330,100,154,752
18110436731893,AMZN,18524827,18525180,353,96,100,270,259,1592
18110436731893,GOOGL,14409507,14411200,1693,82,39,238,170,791
18110436731893,MSFT,1740500,1741000,500,1240,100,76,75,984
18110436731893,TSLA,6402500,6403000,500,11,14,292,340,1442
18120944672338,AAPL,3215000,3215200,200,2514,60,101,156,759
18120944672338,AMZN,18524827,18525180,353,96,100,270,259,1591
18120944672338,GOOGL,14409507,14411200,1693,82,39,239,170,793
18120944672338,MSFT,1740500,1741000,500,835,100,76,75,982
18120944672338,TSLA,6402400,6403000,600,12,14,291,340,1439
18130307671833,AAPL,3215000,3215200,200,2514,60,102,157,764
18130307671833,AMZN,18524827,18525180,353,96,100,274,261,1599
18130307671833,GOOGL,14409507,14411200,1693,82,39,239,170,794
18130307671833,MSFT,1740500,1741000,500,835,100,76,75,982
18130307671833,TSLA,6402400,6403000,600,12,14,292,340,1440
18141277748568,AAPL,3215000,3215200,200,2514,60,102,157,764
18141277748568,AMZN,18524827,18525180,353,96,100,277,261,1602
18141277748568,GOOGL,14409507,14411200,1693,82,39,239,170,794
18141277748568,MSFT,1740500,1741000,500,429,100,76,75,978
18141277748568,TSLA,6402400,6403000,600,12,14,292,340,1442
18152987625042,AAPL,3215000,3215200,200,2483,60,102,157,765
18152987625042,AMZN,18524827,18525180,353,96,100,277,261,1604
18152987625042,GOOGL,14409507,14411200,1693,82,39,239,170,794
18152987625042,MSFT,1740500,1741000,500,429,100,76,75,978
18152987625042,TSLA,6402200,6403000,800,12,14,291,340,1443
18164110290068,AAPL,3215000,3215200,200,2483,60,102,157,765
18164110290068,AMZN,18524827,18525180,353,96,100,277,261,1605
18164110290068,GOOGL,14409507,14411200,1693,82,39,239,170,794
18164110290068,MSFT,1740500,1741000,500,213,100,76,75,976
18164110290068,TSLA,6401200,6403000,1800,201,14,287,340,1439
18174239493733,AAPL,3215000,3215200,200,2483,60,103,157,766
18174239493733,AMZN,18524827,18525180,353,96,100,277,261,1605
18174239493733,GOOGL,14409507,14411200,1693,82,39,239,170,794
18174239493733,MSFT,1740400,1741000,600,1495,100,75,75,974
18174239493733,TSLA,6401200,6403000,1800,171,14,288,340,1441
18180478913127,AAPL,3215000,3215200,200,2483,60,104,157,767
18180478913127,AMZN,18524827,18525180,353,96,100,276,261,1610
18180478913127,GOOGL,14409507,14411200,1693,82,39,239,170,794
18180478913127,MSFT,1740400,1741000,600,1379,100,76,75,975
18180478913127,TSLA,6401200,6403000,1800,171,14,288,340,1441
18190240069500,AAPL,3215000,3215100,100,2483,60,104,158,769
18190240069500,AMZN,18524827,18525180,353,96,100,277,262,1617
18190240069500,GOOGL,14409507,14411200,1693,82,39,239,170,794
18190240069500,MSFT,1740400,1741000,600,1363,100,76,75,975
18190240069500,TSLA,6401200,6403000,1800,171,14,289,340,1444
18201134676046,AAPL,3215000,3215100,100,2483,60,104,158,769
18201134676046,AMZN,18524827,18525180,353,96,100,276,262,1620
18201134676046,GOOGL,14409507,14411200,1693,82,39,239,170,794
18201134676046,MSFT,1740400,1741000,600,1363,100,78,76,981
18201134676046,TSLA,6401200,6403000,1800,167,14,288,340,1445
18210738780078,AAPL,3215000,3215100,100,2483,60,104,158,774
18210738780078,AMZN,18524827,18525180,353,96,100,275,262,1620
18210738780078,GOOGL,14409507,14411200,1693,82,39,239,170,794
18210738780078,MSFT,1740400,1741000,600,1163,100,79,76,980
18210738780078,TSLA,6401200,6403000,1800,64,14,288,340,1447
18220519390815,AAPL,3215000,3215100,100,2483,60,104,158,774
18220519390815,AMZN,18524827,18525180,353,96,100,275,262,1620
18220519390815,GOOGL,14409507,14411200,1693,82,39,239,170,794
18220519390815,MSFT,1740400,1741000,600,1158,100,79,76,985
18220519390815,TSLA,6401200,6403000,1800,6,14,288,340,1449
18230434062243,AAPL,3215000,3215100,100,2383,60,105,160,778
18230434062243,AMZN,18524827,18525180,353,96,100,275,262,1622
18230434062243,GOOGL,14409507,14411200,1693,82,39,239,170,794
18230434062243,MSFT,1740400,1741000,600,958,100,82,76,983
18230434062243,TSLA,6401200,6403000,1800,3,14,290,341,1455
18240238307370,AAPL,3215000,3215100,100,2253,60,105,160,779
18240238307370,AMZN,18524827,18525180,353,96,100,275,262,1620
18240238307370,GOOGL,14409507,14411200,1693,82,39,240,170,797
18240238307370,MSFT,1740400,1741000,600,958,100,82,76,983
18240238307370,TSLA,6401200,6403000,1800,3,14,290,341,1458
18251754761036,AAPL,3215000,3215100,100,2223,60,105,160,778
18251754761036,AMZN,18524827,18525180,353,96,100,275,262,1620
18251754761036,GOOGL,14409507,14411200,1693,82,39,240,170,797
18251754761036,MSFT,1740400,1741000,600,758,100,82,76,982
18251754761036,TSLA,6401100,6401200,100,18,11,290,344,1462
18261116046031,AAPL,3215000,3215100,100,2223,60,105,160,778
18261116046031,AMZN,18524827,18525180,353,96,100,276,262,1619
18261116046031,GOOGL,14409507,14411200,1693,82,39,240,170,797
18261116046031,MSFT,1740400,1741000,600,458,100,84,76,982
18261116046031,TSLA,6401100,6401200,100,18,11,290,344,1462
18272057655139,AAPL,3215000,3215100,100,2193,60,105,160,781
18272057655139,AMZN,18524827,18525180,353,96,100,276,262,1620
18272057655139,GOOGL,14409507,14411200,1693,82,39,240,170,797
18272057655139,MSFT,1740400,1741000,600,458,100,86,76,985
18272057655139,TSLA,6401100,6401200,100,3,11,292,347,1467
18281592449231,AAPL,3215000,3215100,100,2167,60,106,162,784
18281592449231,AMZN,18524827,18525180,353,96,100,276,262,1620
18281592449231,GOOGL,14409507,14411200,1693,82,39,240,170,797
18281592449231,MSFT,1740400,1741000,600,458,100,86,76,987
18281592449231,TSLA,6401100,6401200,100,3,11,293,347,1468
18290152940320,AAPL,3215000,3215100,100,2167,60,106,162,795
18290152940320,AMZN,18524827,18525180,353,96,100,276,262,1622
18290152940320,GOOGL,14409507,14411200,1693,82,39,240,170,797
18290152940320,MSFT,1740400,1741000,600,151,100,86,76,985
18290152940320,TSLA,6401100,6401200,100,3,11,293,347,1468
18300361286774,AAPL,3215000,3215100,100,2167,60,107,162,798
18300361286774,AMZN,18524827,18525180,353,96,100,276,262,1622
18300361286774,GOOGL,14409507,14411200,1693,82,39,240,170,797
18300361286774,MSFT,1740300,1741000,700,1151,100,85,76,984
18300361286774,TSLA,6401100,6401200,100,3,11,293,347,1469
18310746862695,AAPL,3215000,3215100,100,2166,60,107,162,798
18310746862695,AMZN,18524827,18525180,353,96,100,277,262,1626
18310746862695,GOOGL,14409507,14411200,1693,82,39,240,170,797
18310746862695,MSFT,1740300,1741000,700,551,100,86,76,981
18310746862695,TSLA,6401000,6401200,200,137,11,292,347,1468
18320440102080,AAPL,3215000,3215100,100,1917,60,108,164,803
18320440102080,AMZN,18524827,18525180,353,96,100,279,263,1629
18320440102080,GOOGL,14409507,14411200,1693,82,39,240,170,798
18320440102080,MSFT,1740300,1741000,700,551,100,86,76,981
18320440102080,TSLA,6401000,6401200,200,123,11,292,347,1471
18332417113211,AAPL,3215000,3215100,100,1917,60,108,164,806
18332417113211,AMZN,18524827,18525180,353,96,100,279,263,1627
18332417113211,GOOGL,14409507,14411200,1693,82,39,240,170,798
18332417113211,MSFT,1740300,1741000,700,451,100,86,76,978
18332417113211,TSLA,6401000,6401200,200,93,11,292,347,1474
18340453585017,AAPL,3215000,3215100,100,1917,60,108,164,807
18340453585017,AMZN,18524827,18525180,353,96,100,281,262,1636
18340453585017,GOOGL,14409507,14411200,1693,82,39,240,170,800
18340453585017,MSFT,1740300,1741000,700,451,100,86,76,978
18340453585017,TSLA,6400900,6401200,300,36,11,292,347,1471
18350088187066,AAPL,3215000,3215100,100,1917,60,108,164,819
18350088187066,AMZN,18524827,18525180,353,96,100,281,264,1646
18350088187066,GOOGL,14409507,14411200,1693,82,39,240,170,800
18350088187066,MSFT,1740300,1741000,700,151,100,86,76,977
18350088187066,TSLA,6400900,6401200,300,20,11,292,347,1471
18360534315349,AAPL,3215000,3215100,100,1917,60,108,164,824
18360534315349,AMZN,18524827,18525180,353,96,100,281,267,1667
18360534315349,GOOGL,14409507,14411200,1693,82,39,240,170,800
18360534315349,MSFT,1740300,1741000,700,146,100,86,76,977
18360534315349,TSLA,6400900,6401200,300,4,11,292,347,1470
18370976920963,AAPL,3215000,3215100,100,1917,60,108,164,826
18370976920963,AMZN,18524827,18525180,353,96,100,280,267,1677
18370976920963,GOOGL,14409507,14411200,1693,82,39,240,170,800
18370976920963,MSFT,1740300,1741000,700,146,100,86,76,977
18370976920963,TSLA,6400100,6401000,900,164,14,284,349,1453
18380421143508,AAPL,3215000,3215100,100,1917,60,109,164,835
18380421143508,AMZN,18524827,18525180,353,96,100,280,267,1684
18380421143508,GOOGL,14409507,14411200,1693,82,39,240,169,797
18380421143508,MSFT,1740300,1741000,700,146,100,86,76,977
18380421143508,TSLA,6400100,6401000,900,136,14,285,348,1453
18390228672779,AAPL,3215000,3215100,100,1917,60,109,164,838
18390228672779,AMZN,18524827,18525180,353,96,100,280,267,1697
18390228672779,GOOGL,14409507,14411200,1693,82,39,240,169,796
18390228672779,MSFT,1740300,1741000,700,146,100,86,76,977
18390228672779,TSLA,6400100,6401000,900,120,14,286,348,1453
18400893214942,AAPL,3215000,3215100,100,1917,60,109,164,843
18400893214942,AMZN,18524827,18525180,353,96,100,278,267,1709
18400893214942,GOOGL,14409507,14411200,1693,82,39,240,169,796
18400893214942,MSFT,1740300,1741000,700,146,100,86,76,979
18400893214942,TSLA,6400100,6401000,900,110,14,287,348,1453
18410240366727,AAPL,3215000,3215100,100,1917,60,109,164,846
18410240366727,AMZN,18524827,18525180,353,96,100,277,267,1715
18410240366727,GOOGL,14409507,14411200,1693,82,39,240,169,796
18410240366727,MSFT,1740300,1741000,700,136,100,86,76,978
18410240366727,TSLA,6400000,6401000,1000,2117,14,287,348,1448
18421278974642,AAPL,3215000,3215100,100,1817,60,109,164,847
18421278974642,AMZN,18524827,18525180,353,96,100,277,267,1713
18421278974642,GOOGL,14409507,14410200,693,82,34,241,170,801
18421278974642,MSFT,1740200,1741000,800,1136,100,86,76,979
18421278974642,TSLA,6400000,6401000,1000,2117,14,290,348,1451
18430027288793,AAPL,3215000,3215100,100,1817,60,109,164,848
18430027288793,AMZN,18524827,18525180,353,96,100,278,267,1719
18430027288793,GOOGL,14409507,14410200,693,82,34,242,170,802
18430027288793,MSFT,1740200,1741000,800,636,100,86,76,981
18430027288793,TSLA,6400000,6401000,1000,2117,14,290,348,1452
18440341667587,AAPL,3215000,3215100,100,1217,60,108,164,850
18440341667587,AMZN,18524827,18525180,353,96,100,278,267,1717
18440341667587,GOOGL,14409507,14410200,693,82,34,242,170,803
18440341667587,MSFT,1740200,1741000,800,536,100,86,76,984
18440341667587,TSLA,6400000,6401000,1000,2087,14,293,348,1456
18450622046779,AAPL,3215000,3215100,100,1217,60,108,164,853
18450622046779,AMZN,18524827,18525180,353,96,100,278,267,1715
18450622046779,GOOGL,14409507,14410200,693,82,34,242,170,803
18450622046779,MSFT,1740200,1741000,800,536,100,87,76,987
18450622046779,TSLA,6400000,6401000,1000,2087,14,293,348,1456
18460122249950,AAPL,3215000,3215100,100,1217,60,107,164,852
18460122249950,AMZN,18524827,18525180,353,96,100,278,267,1714
18460122249950,GOOGL,14409507,14410200,693,82,34,242,170,803
18460122249950,MSFT,1740200,1741000,800,136,100,88,76,988
18460122249950,TSLA,6400000,6401000,1000,2065,14,295,349,1460
18470649910249,AAPL,3215000,3215100,100,1117,60,107,164,848
18470649910249,AMZN,18524827,18525180,353,96,100,278,267,1714
18470649910249,GOOGL,14409507,14410200,693,82,34,242,170,803
18470649910249,MSFT,1740200,1741000,800,106,100,88,77,989
18470649910249,TSLA,6400000,6401000,1000,1948,14,296,349,1456
18480178203266,AAPL,3215000,3215100,100,1117,60,107,164,847
18480178203266,AMZN,18524827,18525180,353,96,100,278,267,1717
18480178203266,GOOGL,14409507,14410200,693,82,34,242,170,803
18480178203266,MSFT,1740100,1741000,900,906,100,88,77,988
18480178203266,TSLA,6400000,6401000,1000,1917,14,297,349,1458
18491009198882,AAPL,3215000,3215100,100,1117,60,107,164,846
18491009198882,AMZN,18524827,18525180,353,96,100,278,267,1725
18491009198882,GOOGL,14409507,14410200,693,82,34,242,169,802
18491009198882,MSFT,1740100,1741000,900,906,100,88,77,988
18491009198882,TSLA,6400000,6401000,1000,1873,14,297,349,1458
18503300923715,AAPL,3215000,3215100,100,1117,60,106,164,844
18503300923715,AMZN,18524827,18525180,353,96,100,278,267,1731
18503300923715,GOOGL,14409507,14410200,693,82,34,243,169,802
18503300923715,MSFT,1740100,1741000,900,406,100,89,77,989
18503300923715,TSLA,6400000,6400600,600,1843,16,296,351,1460
18510088234936,AAPL,3215000,3215100,100,1117,60,105,164,843
18510088234936,AMZN,18524827,18525180,353,96,100,278,267,1733
18510088234936,GOOGL,14409507,14410200,693,82,34,243,169,802
18510088234936,MSFT,1740100,1741000,900,106,100,89,77,988
18510088234936,TSLA,6400000,6400600,600,1843,16,296,351,1460
18520542442588,AAPL,3215000,3215100,100,1117,60,105,163,843
18520542442588,AMZN,18524827,18525180,353,96,100,278,268,1741
18520542442588,GOOGL,14409507,14410200,693,38,34,244,169,804
18520542442588,MSFT,1740000,1741000,1000,2187,100,88,76,982
18520542442588,TSLA,6400000,6400600,600,1843,16,297,352,1463
18530416443975,AAPL,3215000,3215100,100,1117,60,105,163,844
18530416443975,AMZN,18524827,18525180,353,96,100,280,267,1748
18530416443975,GOOGL,14408951,14410200,1249,76,34,244,169,804
18530416443975,MSFT,1740000,1741000,1000,1787,100,88,76,984
18530416443975,TSLA,6400000,6400600,600,1812,16,297,352,1467
18540746885074,AAPL,3215000,3215100,100,1117,60,105,163,844
18540746885074,AMZN,18524827,18525180,353,96,100,280,267,1751
18540746885074,GOOGL,14408951,14410200,1249,76,34,244,169,804
18540746885074,MSFT,1740000,1741000,1000,1587,100,88,76,987
18540746885074,TSLA,6400000,6400600,600,1782,16,298,353,1471
18551129853286,AAPL,3215000,3215100,100,1117,60,105,163,843
18551129853286,AMZN,18524827,18525180,353,96,100,280,267,1759
18551129853286,GOOGL,14408951,14410200,1249,76,34,244,169,804
18551129853286,MSFT,1740000,1741000,1000,1387,100,88,76,986
18551129853286,TSLA,6400000,6400600,600,1767,16,298,353,1473
18560536387223,AAPL,3215000,3215100,100,1117,60,105,162,844
18560536387223,AMZN,18524827,18525180,353,96,100,280,267,1761
18560536387223,GOOGL,14408951,14410200,1249,76,34,244,169,804
18560536387223,MSFT,1740000,1741000,1000,987,100,88,76,987
18560536387223,TSLA,6400000,6400600,600,1767,16,298,353,1474
18570976931144,AAPL,3215000,3215100,100,1117,60,106,162,849
18570976931144,AMZN,18524827,18525180,353,96,100,280,266,1766
18570976931144,GOOGL,14408951,14410200,1249,76,34,244,169,804
18570976931144,MSFT,1740000,1741000,1000,887,100,88,76,990
18570976931144,TSLA,6400000,6400200,200,1767,14,299,356,1479
18580023646680,AAPL,3215000,3215100,100,1117,60,106,162,850
18580023646680,AMZN,18524827,18525180,353,96,100,278,266,1764
18580023646680,GOOGL,14408951,14410200,1249,76,34,244,169,804
18580023646680,MSFT,1740000,1741000,1000,862,100,88,76,992
18580023646680,TSLA,6400000,6400200,200,1730,14,300,356,1480
18590012262399,AAPL,3215000,3215100,100,1117,60,106,162,851
18590012262399,AMZN,18524827,18525180,353,96,100,278,266,1775
18590012262399,GOOGL,14408951,14410200,1249,76,34,244,169,804
18590012262399,MSFT,1740000,1741000,1000,862,100,87,76,995
18590012262399,TSLA,6400000,6400200,200,1730,14,300,356,1480
18600207827126,AAPL,3215000,3215100,100,1117,60,106,162,851
18600207827126,AMZN,18524827,18525180,353,96,100,278,266,1778
18600207827126,GOOGL,14408951,14410200,1249,76,34,244,169,804
18600207827126,MSFT,1740000,1741000,1000,716,100,87,76,994
18600207827126,TSLA,6400000,6400200,200,1614,14,300,356,1480
18610929938566,AAPL,3215000,3215100,100,1117,60,106,162,856
18610929938566,AMZN,18524827,18525180,353,96,100,278,266,1777
18610929938566,GOOGL,14408951,14410200,1249,76,34,244,169,804
18610929938566,MSFT,1740000,1741000,1000,691,100,87,76,994
18610929938566,TSLA,6400000,6400200,200,1614,14,300,357,1482
18621670437682,AAPL,3215000,3215100,100,1117,60,106,163,860
18621670437682,AMZN,18524827,18525180,353,96,100,278,266,1778
18621670437682,GOOGL,14408951,14410200,1249,76,34,244,169,803
18621670437682,MSFT,1740000,1741000,1000,691,100,87,76,1001
18621670437682,TSLA,6400000,6400200,200,1614,14,300,358,1486
18633092190907,AAPL,3215000,3215100,100,1117,60,106,164,862
18633092190907,AMZN,18524827,18525180,353,96,100,280,266,1784
18633092190907,GOOGL,14408951,14410200,1249,76,34,244,169,803
18633092190907,MSFT,1740000,1741000,1000,691,100,88,76,1003
18633092190907,TSLA,6400000,6400200,200,1584,14,301,358,1488
18641056330817,AAPL,3215000,3215100,100,1117,60,105,164,864
18641056330817,AMZN,18524827,18525180,353,96,100,281,267,1794
18641056330817,GOOGL,14408951,14410200,1249,76,34,244,169,803
18641056330817,MSFT,1740000,1741000,1000,591,100,88,76,1002
18641056330817,TSLA,6400000,6400200,200,1584,14,301,359,1495
18650258117898,AAPL,3215000,3215100,100,1117,60,105,165,866
18650258117898,AMZN,18524827,18525180,353,96,100,281,267,1799
18650258117898,GOOGL,14408951,14410200,1249,76,34,244,169,803
18650258117898,MSFT,1740000,1741000,1000,551,100,88,76,1001
18650258117898,TSLA,6400000,6400200,200,1138,14,301,359,1488
18660201034868,AAPL,3215000,3215100,100,1097,60,105,165,869
18660201034868,AMZN,18524827,18525180,353,96,100,281,267,1809
18660201034868,GOOGL,14408951,14410200,1249,76,34,244,169,803
18660201034868,MSFT,1740000,1741000,1000,551,100,88,76,1001
18660201034868,TSLA,6400000,6400200,200,1124,14,302,360,1492
18670181324408,AAPL,3215000,3215100,100,1097,60,105,165,870
18670181324408,AMZN,18524827,18525180,353,96,100,281,267,1811
18670181324408,GOOGL,14408951,14410200,1249,76,34,244,169,803
18670181324408,MSFT,1740000,1741000,1000,351,100,88,76,1000
18670181324408,TSLA,6400000,6400200,200,1093,14,304,360,1493
18680906052416,AAPL,3215000,3215100,100,1097,60,105,165,880
18680906052416,AMZN,18524827,18525180,353,96,100,280,267,1814
18680906052416,GOOGL,14408951,14410200,1249,33,34,245,169,804
18680906052416,MSFT,1739900,1741000,1100,311,100,87,76,1002
18680906052416,TSLA,6400000,6400200,200,1079,14,303,360,1496
18690877361037,AAPL,3215000,3215100,100,1034,60,105,165,879
18690877361037,AMZN,18524827,18525180,353,96,100,280,267,1823
18690877361037,GOOGL,14408951,14410200,1249,33,34,245,169,804
18690877361037,MSFT,1739900,1741000,1100,111,100,88,76,1005
18690877361037,TSLA,6400000,6400200,200,1079,14,303,360,1497
18700046383280,AAPL,3215000,3215100,100,1034,60,105,165,879
18700046383280,AMZN,18524827,18525180,353,96,100,279,267,1825
18700046383280,GOOGL,14408951,14410200,1249,33,34,245,169,804
18700046383280,MSFT,1739900,1741000,1100,11,100,88,76,1007
18700046383280,TSLA,6400000,6400200,200,1049,14,304,360,1498
18710197727842,AAPL,3215000,3215100,100,1034,60,105,165,879
18710197727842,AMZN,18524827,18525180,353,96,100,280,267,1830
18710197727842,GOOGL,14408951,14410200,1249,33,34,245,169,804
18710197727842,MSFT,1739900,1741000,1100,11,100,89,76,1007
18710197727842,TSLA,6400000,6400200,200,1042,14,304,360,1500
18720639360660,AAPL,3215000,3215100,100,1034,60,105,165,878
18720639360660,AMZN,18524827,18525180,353,96,100,281,268,1838
18720639360660,GOOGL,14408951,14410200,1249,33,34,245,169,804
18720639360660,MSFT,1739800,1741000,1200,11,100,88,76,1004
18720639360660,TSLA,6400000,6400200,200,1012,14,307,360,1502
18730645862975,AAPL,3215000,3215100,100,1034,60,105,165,877
18730645862975,AMZN,18524827,18525180,353,96,100,281,268,1842
18730645862975,GOOGL,14408951,14410200,1249,33,34,245,169,804
18730645862975,MSFT,1739700,1741000,1300,511,100,87,76,1002
18730645862975,TSLA,6400000,6400200,200,1012,14,307,360,1502
18740986683468,AAPL,3215000,3215100,100,1034,60,105,165,877
18740986683468,AMZN,18524827,18525180,353,96,100,281,268,1852
18740986683468,GOOGL,14408951,14410200,1249,33,34,245,169,804
18740986683468,MSFT,1739700,1741000,1300,456,100,88,76,1003
18740986683468,TSLA,6400000,6400200,200,936,14,307,361,1506
18751005194104,AAPL,3215000,3215100,100,1034,60,105,165,876
18751005194104,AMZN,18524827,18525180,353,96,100,281,268,1856
18751005194104,GOOGL,14408951,14410200,1249,33,34,245,169,804
18751005194104,MSFT,1739700,1741000,1300,456,100,88,76,1003
18751005194104,TSLA,6400000,6400200,200,908,14,307,361,1506
18761354739091,AAPL,3215000,3215100,100,904,60,105,165,876
18761354739091,AMZN,18524827,18525180,353,96,100,281,268,1861
18761354739091,GOOGL,14408951,14410200,1249,33,34,245,169,804
18761354739091,MSFT,1739700,1741000,1300,316,100,89,76,1007
18761354739091,TSLA,6400000,6400200,200,908,14,307,361,1506
18772702996357,AAPL,3215000,3215100,100,904,60,105,165,876
18772702996357,AMZN,18524827,18525180,353,96,100,281,268,1861
18772702996357,GOOGL,14408951,14410200,1249,33,34,245,169,804
18772702996357,MSFT,1739700,1741000,1300,316,100,89,76,1007
18772702996357,TSLA,6400000,6400200,200,708,14,308,361,1506
18780505963267,AAPL,3215000,3215100,100,874,60,105,165,876
18780505963267,AMZN,18524827,18525180,353,96,100,281,268,1863
18780505963267,GOOGL,14408951,14410200,1249,33,34,245,169,804
18780505963267,MSFT,1739700,1741000,1300,316,100,89,76,1007
18780505963267,TSLA,6400000,6400200,200,574,14,308,361,1506
18790016359615,AAPL,3215000,3215100,100,844,60,106,165,879
18790016359615,AMZN,18524827,18525180,353,96,100,281,268,1864
18790016359615,GOOGL,14408951,14410200,1249,33,34,245,169,804
18790016359615,MSFT,1739700,1740000,300,316,80,89,77,1008
18790016359615,TSLA,6400000,6400200,200,558,14,308,361,1507
18809164887567,AAPL,3215000,3215100,100,844,60,106,166,879
18809164887567,AMZN,18524827,18525180,353,96,100,281,268,1867
18809164887567,GOOGL,14408951,14410200,1249,33,34,245,169,803
18809164887567,MSFT,1739700,1740000,300,316,80,89,77,1008
18809164887567,TSLA,6400000,6400200,200,558,14,308,361,1510
18811644208355,AAPL,3215000,3215100,100,844,60,106,166,879
18811644208355,AMZN,18524827,18525180,353,96,100,281,268,1867
18811644208355,GOOGL,14408951,14410200,1249,33,34,245,169,803
18811644208355,MSFT,1739700,1740000,300,316,80,89,77,1008
18811644208355,TSLA,6400000,6400200,200,558,14,308,361,1511
18822912393461,AAPL,3215000,3215100,100,844,60,106,166,879
18822912393461,AMZN,18524827,18525180,353,96,100,282,269,1870
18822912393461,GOOGL,14408951,14410200,1249,33,34,245,169,803
18822912393461,MSFT,1739700,1740000,300,316,80,89,77,1008
18822912393461,TSLA,6400000,6400200,200,558,14,308,361,1512
18830100629974,AAPL,3215000,3215100,100,844,60,108,166,882
18830100629974,AMZN,18524827,18525180,353,96,100,280,268,1868
18830100629974,GOOGL,14408951,14410200,1249,33,34,245,168,802
18830100629974,MSFT,1739700,1740000,300,316,80,89,77,1008
18830100629974,TSLA,6400000,6400200,200,315,14,308,361,1512
18840037757555,AAPL,3215000,3215100,100,684,60,109,167,885
18840037757555,AMZN,18524827,18525180,353,96,100,280,268,1870
18840037757555,GOOGL,14408800,14409900,1100,9,14,247,169,809
18840037757555,MSFT,1739700,1740000,300,116,80,89,77,1004
18840037757555,TSLA,6400000,6400200,200,191,14,309,361,1514
18850171259135,AAPL,3215000,3215100,100,561,60,109,167,883
18850171259135,AMZN,18524827,18525180,353,96,100,280,268,1873
18850171259135,GOOGL,14408800,14408900,100,9,14,248,172,820
18850171259135,MSFT,1739700,1740000,300,116,80,89,77,1001
18850171259135,TSLA,6400000,6400200,200,143,14,309,361,1511
18860433023486,AAPL,3215000,3215100,100,561,60,109,167,887
18860433023486,AMZN,18524827,18525180,353,96,100,280,268,1874
18860433023486,GOOGL,14408400,14408800,400,50,24,247,173,825
18860433023486,MSFT,1739700,1740000,300,116,80,89,77,1000
18860433023486,TSLA,6399900,6400200,300,37,14,308,361,1498
18870487210210,AAPL,3215000,3215100,100,561,60,109,167,890
18870487210210,AMZN,18524827,18525180,353,96,100,280,267,1876
18870487210210,GOOGL,14408400,14408800,400,36,24,247,174,826
18870487210210,MSFT,1739600,1740000,400,1122,80,88,78,999
18870487210210,TSLA,6399800,6400200,400,11,14,309,361,1491
18880281247591,AAPL,3215000,3215100,100,561,60,109,167,899
18880281247591,AMZN,18524827,18525180,353,96,100,280,267,1876
18880281247591,GOOGL,14408400,14408800,400,36,24,248,176,829
18880281247591,MSFT,1739600,1740000,400,1022,80,88,78,998
18880281247591,TSLA,6399600,6400200,600,27,14,307,361,1485
18890854303327,AAPL,3215000,3215100,100,561,60,110,167,906
18890854303327,AMZN,18524827,18525180,353,96,100,280,267,1879
18890854303327,GOOGL,14408400,14408800,400,22,24,248,176,829
18890854303327,MSFT,1739600,1740000,400,1022,80,89,78,999
18890854303327,TSLA,6399600,6400200,600,27,14,306,361,1484
18900641025568,AAPL,3215000,3215100,100,561,60,111,169,910
18900641025568,AMZN,18524827,18525180,353,96,100,280,268,1882
18900641025568,GOOGL,14408400,14408800,400,22,24,248,176,830
18900641025568,MSFT,1739600,1740000,400,1016,80,89,78,999
18900641025568,TSLA,6399300,6400200,900,29,14,306,361,1486
18910093417370,AAPL,3215000,3215100,100,561,60,111,169,910
18910093417370,AMZN,18524827,18525180,353,96,100,280,268,1884
18910093417370,GOOGL,14408400,14408800,400,22,24,248,176,835
18910093417370,MSFT,1739600,1740000,400,776,80,89,78,997
18910093417370,TSLA,6399200,6400000,800,15,205,308,362,1491
18920413042678,AAPL,3215000,3215100,100,561,60,111,169,908
18920413042678,AMZN,18524827,18525180,353,96,100,280,267,1886
18920413042678,GOOGL,14408400,14408800,400,22,24,248,178,841
18920413042678,MSFT,1739600,1740000,400,776,80,89,78,997
18920413042678,TSLA,6398600,6400000,1400,20,205,305,362,1488
18935524170537,AAPL,3215000,3215100,100,561,60,111,169,908
18935524170537,AMZN,18524827,18525180,353,96,100,282,267,1892
18935524170537,GOOGL,14408400,14408800,400,22,24,249,180,845
18935524170537,MSFT,1739600,1740000,400,776,80,89,78,997
18935524170537,TSLA,6398600,6400000,1400,20,205,305,362,1488
18940038191061,AAPL,3215000,3215100,100,561,60,111,169,909
18940038191061,AMZN,18524827,18525180,353,96,100,282,267,1892
18940038191061,GOOGL,14408400,14408800,400,22,24,250,180,848
18940038191061,MSFT,1739600,1740000,400,776,80,89,80,1002
18940038191061,TSLA,6398600,6400000,1400,20,205,307,362,1490
18950196680069,AAPL,3215000,3215100,100,561,60,111,169,912
18950196680069,AMZN,18524827,18525180,353,96,100,284,267,1894
18950196680069,GOOGL,14408400,14408800,400,22,24,250,180,851
18950196680069,MSFT,1739600,1740000,400,776,80,89,80,1011
18950196680069,TSLA,6398000,6400000,2000,104,205,306,362,1488
18961271552929,AAPL,3215000,3215100,100,551,60,111,169,913
18961271552929,AMZN,18524827,18525180,353,96,100,284,267,1894
18961271552929,GOOGL,14408400,14408800,400,22,24,252,183,857
18961271552929,MSFT,1739600,1740000,400,776,80,89,80,1009
18961271552929,TSLA,6398000,6400000,2000,104,205,309,362,1492
18973179654018,AAPL,3215000,3215100,100,449,60,111,169,913
18973179654018,AMZN,18524827,18525180,353,96,100,284,267,1894
18973179654018,GOOGL,14408400,14408800,400,22,24,252,183,857
18973179654018,MSFT,1739600,1740000,400,776,80,89,80,1009
18973179654018,TSLA,6398000,6400000,2000,11,205,309,362,1492
18982821564655,AAPL,3215000,3215100,100,449,60,111,169,913
18982821564655,AMZN,18524827,18525180,353,96,100,284,267,1894
18982821564655,GOOGL,14408400,14408800,400,22,24,252,183,856
18982821564655,MSFT,1739600,1740000,400,776,120,89,81,1011
18982821564655,TSLA,6398000,6400000,2000,1,205,309,362,1493
18990036492168,AAPL,3215000,3215100,100,449,60,111,169,915
18990036492168,AMZN,18524827,18525180,353,96,100,286,266,1895
18990036492168,GOOGL,14408400,14408800,400,22,24,251,183,855
18990036492168,MSFT,1739600,1740000,400,776,120,89,81,1010
18990036492168,TSLA,6397500,6399694,2194,42,100,305,362,1493
19001810109673,AAPL,3215000,3215100,100,439,60,111,169,916
19001810109673,AMZN,18524827,18525180,353,96,100,286,266,1903
19001810109673,GOOGL,14408400,14408800,400,22,24,251,183,855
19001810109673,MSFT,1739600,1740000,400,776,120,89,81,1011
19001810109673,TSLA,6397100,6399253,2153,17,100,302,362,1489
19010080720089,AAPL,3215000,3215100,100,439,48,112,169,917
19010080720089,AMZN,18524827,18525180,353,96,100,285,265,1910
19010080720089,GOOGL,14408300,14408800,500,66,24,251,183,853
19010080720089,MSFT,1739600,1740000,400,776,120,89,81,1008
19010080720089,TSLA,6394700,6396851,2151,15,100,295,362,1488
19020362125401,AAPL,3215000,3215100,100,289,48,112,168,915
19020362125401,AMZN,18524827,18525180,353,51,100,289,263,1912
19020362125401,GOOGL,14407624,14408800,1176,60,24,256,183,862
19020362125401,MSFT,1739600,1740000,400,776,120,89,81,1007
19020362125401,TSLA,6393900,6396239,2339,15,100,294,362,1486
19030048825181,AAPL,3215000,3215100,100,129,18,113,169,917
19030048825181,AMZN,18524827,18525180,353,36,100,289,262,1909
19030048825181,GOOGL,14407100,14408800,1700,112,24,256,183,869
19030048825181,MSFT,1739600,1740000,400,776,105,89,82,1011
19030048825181,TSLA,6393300,6395361,2061,10,100,289,363,1470
19040017854607,AAPL,3214800,3215100,300,19,18,113,168,915
19040017854607,AMZN,18524827,18525180,353,6,100,292,262,1912
19040017854607,GOOGL,14407100,14408800,1700,97,24,257,184,877
19040017854607,MSFT,1739600,1740000,400,776,90,89,83,1011
19040017854607,TSLA,6393200,6395308,2108,10,100,288,363,1470
19050021832435,AAPL,3214700,3215200,500,19,3,112,172,915
19050021832435,AMZN,18524826,18525223,397,63,100,297,263,1917
19050021832435,GOOGL,14407100,14408800,1700,67,24,265,185,894
19050021832435,MSFT,1739600,1739900,300,776,40,89,86,1013
19050021832435,TSLA,6393154,6395092,1938,100,100,289,368,1474
19060066573823,AAPL,3214600,3215300,700,49,18,113,172,911
19060066573823,AMZN,18524826,18525223,397,48,100,298,263,1917
19060066573823,GOOGL,14407000,14408800,1800,35,24,265,185,896
19060066573823,MSFT,1739600,1739700,100,752,50,89,92,1018
19060066573823,TSLA,6393018,6395034,2016,42,40,289,371,1477
19070250034850,AAPL,3214600,3215400,800,49,93,113,175,914
19070250034850,AMZN,18524826,18525223,397,33,100,299,263,1917
19070250034850,GOOGL,14406904,14408800,1896,29,24,268,185,899
19070250034850,MSFT,1739600,1739700,100,134,50,89,96,1022
19070250034850,TSLA,6393033,6395019,1986,100,100,290,372,1480
19080344967696,AAPL,3214500,3215400,900,19,93,112,175,911
19080344967696,AMZN,18524826,18525223,397,19,100,302,262,1918
19080344967696,GOOGL,14406904,14408800,1896,29,24,270,185,901
19080344967696,MSFT,1739600,1739700,100,134,50,89,96,1024
19080344967696,TSLA,6393033,6395035,2002,55,85,290,372,1481
19090337375038,AAPL,3214303,3215400,1097,89,93,111,175,909
19090337375038,AMZN,18524825,18525244,419,16,100,303,262,1917
19090337375038,GOOGL,14406700,14408737,2037,200,100,268,185,901
19090337375038,MSFT,1739600,1739700,100,14,50,89,97,1023
19090337375038,TSLA,6393033,6395035,2002,55,35,290,372,1481
19100192019356,AAPL,3214300,3215400,1100,59,63,112,177,909
19100192019356,AMZN,18524825,18525244,419,1,100,302,263,1917
19100192019356,GOOGL,14406700,14407200,500,116,15,271,186,904
19100192019356,MSFT,1739600,1739700,100,14,35,89,100,1022
19100192019356,TSLA,6393033,6395035,2002,5,20,290,372,1481
19110520427750,AAPL,3214100,3215400,1300,222,63,111,178,909
19110520427750,AMZN,18524825,18525244,419,1,100,301,264,1918
19110520427750,GOOGL,14406700,14407200,500,116,15,274,192,917
19110520427750,MSFT,1739500,1739700,200,338,35,88,101,1018
19110520427750,TSLA,6393018,6395032,2014,11,100,291,372,1482
19120350104518,AAPL,3214100,3215400,1300,162,18,112,181,906
19120350104518,AMZN,18524824,18525268,444,86,100,302,265,1920
19120350104518,GOOGL,14406700,14407500,800,71,27,275,193,929
19120350104518,MSFT,1739500,1739700,200,338,35,88,106,1019
19120350104518,TSLA,6392666,6394650,1984,100,100,288,373,1475
19130282285700,AAPL,3214116,3215410,1294,100,100,112,182,906
19130282285700,AMZN,18524824,18525271,447,71,100,304,268,1926
19130282285700,GOOGL,14406700,14406800,100,26,15,276,194,933
19130282285700,MSFT,1739500,1739700,200,238,35,88,106,1016
19130282285700,TSLA,6392681,6394650,1969,40,39,290,374,1479
19140252690982,AAPL,3214116,3215410,1294,100,100,112,182,906
19140252690982,AMZN,18524824,18525271,447,71,100,304,268,1925
19140252690982,GOOGL,14406600,14406800,200,8,15,275,195,937
19140252690982,MSFT,1739500,1739700,200,238,35,88,110,1019
19140252690982,TSLA,6392681,6394650,1969,40,9,290,374,1479
19150040515998,AAPL,3214116,3215410,1294,100,100,112,183,909
19150040515998,AMZN,18524824,18525271,447,71,100,306,268,1926
19150040515998,GOOGL,14406400,14406800,400,61,15,273,195,940
19150040515998,MSFT,1739500,1739700,200,238,20,88,115,1019
19150040515998,TSLA,6392706,6394646,1940,100,100,291,376,1483
19160067118718,AAPL,3214116,3215427,1311,70,70,115,183,912
19160067118718,AMZN,18524824,18525271,447,41,100,308,268,1927
19160067118718,GOOGL,14406400,14406800,400,16,15,273,195,944
19160067118718,MSFT,1739500,1739600,100,238,200,88,117,1021
19160067118718,TSLA,6392811,6394541,1730,100,100,291,385,1490
19170128025344,AAPL,3214100,3215427,1327,52,70,114,186,918
19170128025344,AMZN,18524824,18525271,447,41,100,308,269,1928
19170128025344,GOOGL,14406400,14406800,400,1,15,274,195,952
19170128025344,MSFT,1739500,1739600,100,138,170,88,120,1021
19170128025344,TSLA,6392841,6394526,1685,69,70,291,388,1493
19180691815162,AAPL,3214086,3215427,1341,62,70,114,185,917
19180691815162,AMZN,18524824,18525271,447,41,100,308,271,1931
19180691815162,GOOGL,14406100,14406300,200,26,15,274,200,964
19180691815162,MSFT,1739200,1739600,400,352,170,85,123,1011
19180691815162,TSLA,6392841,6394533,1692,123,138,291,388,1497
19190043159686,AAPL,3214086,3215427,1341,32,70,114,185,920
19190043159686,AMZN,18524824,18525271,447,26,100,307,271,1931
19190043159686,GOOGL,14405700,14406300,600,13,15,276,200,971
19190043159686,MSFT,1739200,1739600,400,352,155,85,122,1010
19190043159686,TSLA,6392841,6394533,1692,109,108,291,388,1494
19200305874809,AAPL,3214071,3215427,1356,42,55,114,185,921
19200305874809,AMZN,18524824,18525271,447,11,100,309,270,1931
19200305874809,GOOGL,14405100,14406300,1200,152,15,275,198,972
19200305874809,MSFT,1739200,1739600,400,352,155,85,122,1010
19200305874809,TSLA,6392841,6394533,1692,63,8,292,389,1492
19210687082086,AAPL,3214036,3215427,1391,52,10,114,188,928
19210687082086,AMZN,18524823,18525278,455,96,100,310,270,1930
19210687082086,GOOGL,14405100,14406300,1200,122,15,279,198,982
19210687082086,MSFT,1739200,1739600,400,352,155,85,125,1009
19210687082086,TSLA,6393159,6394221,1062,100,100,292,415,1514
19220552612976,AAPL,3214000,3214200,200,1069,5,116,192,933
19220552612976,AMZN,18524823,18525278,455,96,100,310,272,1932
19220552612976,GOOGL,14405100,14405600,500,77,15,282,201,994
19220552612976,MSFT,1739200,1739600,400,352,155,85,125,1010
19220552612976,TSLA,6393159,6394236,1077,10,5,294,414,1512
19230016100486,AAPL,3214000,3214200,200,979,5,117,192,934
19230016100486,AMZN,18524823,18525278,455,81,100,312,273,1931
19230016100486,GOOGL,14405100,14405600,500,17,15,286,201,1007
19230016100486,MSFT,1739200,1739600,400,352,155,85,125,1010
19230016100486,TSLA,6393156,6394251,1095,85,80,295,413,1510
19240066053619,AAPL,3214000,3214200,200,979,5,118,192,935
19240066053619,AMZN,18524823,18525278,455,36,100,314,272,1929
19240066053619,GOOGL,14404600,14405600,1000,37,15,284,202,1016
19240066053619,MSFT,1739200,1739600,400,352,155,85,125,1010
19240066053619,TSLA,6393156,6394251,1095,45,65,295,413,1510
19250138426607,AAPL,3214000,3214831,831,979,90,119,193,936
19250138426607,AMZN,18524823,18525278,455,21,100,314,272,1926
19250138426607,GOOGL,14404300,14404600,300,50,15,285,203,1026
19250138426607,MSFT,1739100,1739600,500,988,155,84,125,1009
19250138426607,TSLA,6393156,6394251,1095,8,50,296,412,1506
19260268076013,AAPL,3214000,3214831,831,979,75,119,194,935
19260268076013,AMZN,18524823,18525278,455,21,100,314,272,1926
19260268076013,GOOGL,14404300,14404600,300,50,15,285,203,1032
19260268076013,MSFT,1739100,1739600,500,988,155,84,125,1011
19260268076013,TSLA,6393151,6394251,1100,41,5,295,412,1506
19270065845624,AAPL,3214000,3215221,1221,949,52,119,194,931
19270065845624,AMZN,18524823,18525278,455,21,100,314,272,1927
19270065845624,GOOGL,14404300,14404600,300,35,15,286,203,1043
19270065845624,MSFT,1739100,1739600,500,467,155,85,125,1012
19270065845624,TSLA,6393187,6394221,1034,100,100,296,412,1504
19280133616919,AAPL,3214000,3215221,1221,949,52,119,194,930
19280133616919,AMZN,18524823,18525278,455,6,100,313,272,1926
19280133616919,GOOGL,14404300,14404600,300,5,15,286,203,1058
19280133616919,MSFT,1739100,1739600,500,67,155,85,126,1012
19280133616919,TSLA,6393106,6394176,1070,95,55,299,416,1509
19290349238973,AAPL,3214000,3215221,1221,949,52,119,194,930
19290349238973,AMZN,18524822,18525295,473,91,100,316,272,1925
19290349238973,GOOGL,14403800,14404100,300,22,15,286,204,1069
19290349238973,MSFT,1739000,1739600,600,1224,155,84,128,1013
19290349238973,TSLA,6393106,6394191,1085,24,50,299,417,1507
19300151939251,AAPL,3214000,3215221,1221,949,37,119,196,929
19300151939251,AMZN,18524822,18525295,473,76,100,317,272,1925
19300151939251,GOOGL,14403600,14404100,500,5,15,286,205,1077
19300151939251,MSFT,1739000,1739600,600,524,155,84,128,1009
19300151939251,TSLA,6393106,6394191,1085,24,2,300,415,1505
19310098077644,AAPL,3214000,3215221,1221,949,37,119,196,928
19310098077644,AMZN,18524822,18525295,473,58,100,318,274,1927
19310098077644,GOOGL,14403500,14404100,600,25,15,285,205,1086
19310098077644,MSFT,1739000,1739600,600,324,140,84,131,1009
19310098077644,TSLA,6393091,6394205,1114,85,87,301,415,1503
19320247630630,AAPL,3214000,3215221,1221,919,22,119,196,928
19320247630630,AMZN,18524822,18525295,473,58,100,320,275,1932
19320247630630,GOOGL,14403500,14404100,600,10,15,286,205,1095
19320247630630,MSFT,1738900,1739600,700,1099,140,83,135,1012
19320247630630,TSLA,6393091,6394205,1114,65,72,302,414,1504
19330601737632,AAPL,3214000,3215221,1221,919,22,119,195,927
19330601737632,AMZN,18524822,18525295,473,28,100,321,275,1931
19330601737632,GOOGL,14403100,14403500,400,40,5,286,208,1100
19330601737632,MSFT,1738900,1739600,700,699,140,83,135,1014
19330601737632,TSLA,6393086,6394205,1119,69,72,304,414,1507
19340925678214,AAPL,3214000,3215221,1221,919,7,119,195,926
19340925678214,AMZN,18524822,18525295,473,28,100,321,276,1934
19340925678214,GOOGL,14403100,14403300,200,10,30,286,213,1109
19340925678214,MSFT,1738900,1739600,700,599,140,83,135,1012
19340925678214,TSLA,6393086,6394205,1119,16,72,304,414,1509
19350010742842,AAPL,3214000,3215300,1300,919,22,119,195,925
19350010742842,AMZN,18524822,18525295,473,13,100,321,276,1933
19350010742842,GOOGL,14402900,14403100,200,8,20,285,215,1119
19350010742842,MSFT,1738900,1739600,700,599,140,83,137,1012
19350010742842,TSLA,6392987,6394205,1218,55,72,304,414,1510
19361849460592,AAPL,3214000,3215300,1300,919,22,118,194,922
19361849460592,AMZN,18524822,18525295,473,13,100,321,277,1934
19361849460592,GOOGL,14402700,14402900,200,50,22,284,217,1129
19361849460592,MSFT,1738900,1739600,700,499,140,83,138,1014
19361849460592,TSLA,6392930,6394205,1275,71,57,306,415,1515
19370176514893,AAPL,3214000,3215300,1300,919,7,118,194,922
19370176514893,AMZN,18524822,18525295,473,13,100,321,277,1934
19370176514893,GOOGL,14402700,14402900,200,50,22,284,217,1129
19370176514893,MSFT,1738900,1739600,700,499,140,83,138,1013
19370176514893,TSLA,6392930,6394205,1275,45,57,307,414,1516
19382997569816,AAPL,3214000,3215300,1300,919,7,119,194,926
19382997569816,AMZN,18524822,18525295,473,13,100,321,277,1935
19382997569816,GOOGL,14402700,14402900,200,50,22,284,216,1128
19382997569816,MSFT,1738900,1739600,700,399,140,83,138,1013
19382997569816,TSLA,6392930,6394205,1275,13,57,306,412,1513
19390250494211,AAPL,3214000,3215300,1300,919,7,119,194,927
19390250494211,AMZN,18524822,18525295,473,13,100,321,277,1932
19390250494211,GOOGL,14402700,14402900,200,50,22,283,216,1127
19390250494211,MSFT,1738900,1739600,700,399,140,83,138,1013
19390250494211,TSLA,6392887,6394205,1318,36,57,308,411,1516
19400100578281,AAPL,3214000,3215300,1300,919,7,120,194,933
19400100578281,AMZN,18524822,18525295,473,13,100,322,277,1933
19400100578281,GOOGL,14402700,14402900,200,50,22,283,218,1141
19400100578281,MSFT,1738900,1739600,700,399,140,83,141,1013
19400100578281,TSLA,6392841,6394205,1364,52,42,309,408,1517
19410880470289,AAPL,3214009,3215359,1350,100,100,121,195,937
19410880470289,AMZN,18524821,18525297,476,98,100,322,277,1932
19410880470289,GOOGL,14402700,14402900,200,50,22,283,221,1150
19410880470289,MSFT,1738900,1739600,700,399,140,83,145,1015
19410880470289,TSLA,6392788,6394206,1418,90,82,312,407,1519
19420014241442,AAPL,3214009,3215368,1359,70,57,122,195,940
19420014241442,AMZN,18524821,18525297,476,98,100,322,277,1932
19420014241442,GOOGL,14402700,14402900,200,50,22,283,222,1153
19420014241442,MSFT,1738900,1739600,700,399,140,83,146,1016
19420014241442,TSLA,6392752,6394206,1454,30,7,317,405,1522
19430127771511,AAPL,3214009,3215368,1359,70,57,122,195,939
19430127771511,AMZN,18524821,18525298,477,68,100,322,277,1931
19430127771511,GOOGL,14402700,14402900,200,50,22,283,222,1157
19430127771511,MSFT,1738900,1739600,700,399,140,83,147,1016
19430127771511,TSLA,6392752,6394221,1469,16,77,317,403,1521
19440096963872,AAPL,3214009,3215368,1359,40,57,122,195,939
19440096963872,AMZN,18524821,18525298,477,68,100,322,277,1931
19440096963872,GOOGL,14402700,14402900,200,5,22,284,223,1166
19440096963872,MSFT,1738900,1739600,700,179,140,83,148,1014
19440096963872,TSLA,6392600,6394221,1621,2,62,317,404,1520
19451100012869,AAPL,3214009,3215368,1359,10,57,123,194,941
19451100012869,AMZN,18524821,18525298,477,53,100,323,277,1934
19451100012869,GOOGL,14401500,14402900,1400,3,22,284,224,1175
19451100012869,MSFT,1738900,1739600,700,179,140,83,147,1013
19451100012869,TSLA,6392508,6394251,1743,57,83,320,401,1519
19460132256509,AAPL,3214009,3215368,1359,10,27,122,194,941
19460132256509,AMZN,18524821,18525298,477,38,100,324,279,1940
19460132256509,GOOGL,14401500,14402900,1400,3,22,285,224,1190
19460132256509,MSFT,1738900,1739600,700,179,95,83,149,1016
19460132256509,TSLA,6392500,6394258,1758,2,30,322,401,1518
19470805108026,AAPL,3214009,3215393,1384,10,97,122,196,944
19470805108026,AMZN,18524821,18525298,477,38,100,324,279,1941
19470805108026,GOOGL,14401500,14402900,1400,3,22,285,227,1215
19470805108026,MSFT,1738900,1739600,700,79,65,83,152,1016
19470805108026,TSLA,6392464,6394281,1817,36,3,325,398,1516
19480019999751,AAPL,3214009,3215393,1384,10,67,123,197,954
19480019999751,AMZN,18524821,18525298,477,38,100,327,279,1945
19480019999751,GOOGL,14401500,14402900,1400,3,22,285,228,1231
19480019999751,MSFT,1738900,1739600,700,79,50,83,154,1021
19480019999751,TSLA,6392464,6394311,1847,26,85,325,394,1508
19490248785146,AAPL,3214009,3215393,1384,10,67,123,199,962
19490248785146,AMZN,18524821,18525298,477,38,100,329,279,1947
19490248785146,GOOGL,14401500,14402900,1400,3,22,285,229,1246
19490248785146,MSFT,1738900,1739600,700,79,50,83,154,1024
19490248785146,TSLA,6392418,6394311,1893,70,85,328,394,1511
19500219057416,AAPL,3214009,3215393,1384,10,16,123,200,963
19500219057416,AMZN,18524821,18525298,477,38,100,329,279,1947
19500219057416,GOOGL,14401500,14402900,1400,3,22,288,230,1271
19500219057416,MSFT,1738800,1739600,800,279,50,82,158,1029
19500219057416,TSLA,6392418,6394311,1893,55,55,328,394,1506
19510041963786,AAPL,3214009,3215393,1384,10,1,123,200,963
19510041963786,AMZN,18524821,18525298,477,38,100,329,279,1947
19510041963786,GOOGL,14400900,14402900,2000,17,22,287,231,1283
19510041963786,MSFT,1738700,1739600,900,279,50,81,159,1029
19510041963786,TSLA,6392418,6394326,1908,55,80,329,395,1506
19520126640184,AAPL,3214009,3215393,1384,10,1,123,200,964
19520126640184,AMZN,18524820,18525310,490,93,100,331,279,1944
19520126640184,GOOGL,14400900,14402900,2000,17,22,288,233,1295
19520126640184,MSFT,1738700,1739600,900,179,50,81,159,1030
19520126640184,TSLA,6392364,6394326,1962,91,65,326,396,1501
19530343521455,AAPL,3214000,3215393,1393,869,1,122,200,968
19530343521455,AMZN,18524820,18525311,491,48,100,331,279,1938
19530343521455,GOOGL,14400900,14402900,2000,17,22,288,236,1304
19530343521455,MSFT,1738700,1739600,900,79,50,81,159,1031
19530343521455,TSLA,6392364,6394326,1962,61,6,329,396,1507
19540476014552,AAPL,3214000,3215393,1393,869,1,122,199,971
19540476014552,AMZN,18524819,18525318,499,80,100,331,279,1937
19540476014552,GOOGL,14400900,14402900,2000,17,22,289,236,1316
19540476014552,MSFT,1738600,1739600,1000,879,50,80,159,1030
19540476014552,TSLA,6392200,6394247,2047,38,100,328,396,1505
19550165509104,AAPL,3214000,3214200,200,809,60,122,201,974
19550165509104,AMZN,18524819,18525320,501,65,100,331,277,1934
19550165509104,GOOGL,14400900,14402900,2000,17,22,289,236,1330
19550165509104,MSFT,1738600,1739600,1000,679,50,80,160,1031
19550165509104,TSLA,6392215,6394216,2001,15,11,330,397,1505
19560313497713,AAPL,3214000,3214200,200,809,60,122,201,974
19560313497713,AMZN,18524819,18525320,501,5,100,332,277,1933
19560313497713,GOOGL,14400900,14402900,2000,2,22,290,237,1341
19560313497713,MSFT,1738600,1739600,1000,479,50,80,161,1034
19560313497713,TSLA,6392215,6394293,2078,15,22,332,397,1507
19570022536267,AAPL,3214000,3214200,200,809,45,122,201,972
19570022536267,AMZN,18524819,18525320,501,5,100,332,277,1933
19570022536267,GOOGL,14400900,14402900,2000,2,22,290,237,1351
19570022536267,MSFT,1738600,1739600,1000,279,50,80,162,1035
19570022536267,TSLA,6392215,6394314,2099,15,77,333,399,1507
19581369534610,AAPL,3214000,3214802,802,809,81,121,202,967
19581369534610,AMZN,18524818,18525335,517,75,100,335,277,1937
19581369534610,GOOGL,14400900,14402900,2000,2,22,290,237,1359
19581369534610,MSFT,1738600,1738700,100,179,100,80,163,1040
19581369534610,TSLA,6392200,6394306,2106,25,100,335,399,1506
19592514660507,AAPL,3214000,3214802,802,809,81,121,202,966
19592514660507,AMZN,18524818,18525339,521,45,100,337,276,1939
19592514660507,GOOGL,14400900,14402900,2000,2,22,290,237,1364
19592514660507,MSFT,1738600,1738700,100,179,100,80,163,1040
19592514660507,TSLA,6392200,6394304,2104,11,100,336,399,1506
19601462815793,AAPL,3214000,3214802,802,809,81,121,202,966
19601462815793,AMZN,18524818,18525339,521,45,100,337,276,1935
19601462815793,GOOGL,14400900,14402900,2000,2,22,291,237,1372
19601462815793,MSFT,1738600,1738700,100,79,300,80,163,1042
19601462815793,TSLA,6392100,6394210,2110,9,100,338,399,1509
19612613535059,AAPL,3214000,3214802,802,809,81,121,202,966
19612613535059,AMZN,18524818,18525339,521,45,100,337,276,1932
19612613535059,GOOGL,14400900,14402900,2000,2,22,291,237,1371
19612613535059,MSFT,1738600,1738700,100,79,300,80,163,1042
19612613535059,TSLA,6392000,6394104,2104,245,100,339,398,1510
19620697451773,AAPL,3214000,3214802,802,809,81,121,204,969
19620697451773,AMZN,18524818,18525339,521,41,100,338,279,1933
19620697451773,GOOGL,14400900,14402900,2000,2,22,291,237,1379
19620697451773,MSFT,1738600,1738700,100,79,300,80,164,1047
19620697451773,TSLA,6392000,6394089,2089,215,100,341,400,1515
19630350067246,AAPL,3214000,3214800,800,749,15,122,206,971
19630350067246,AMZN,18524816,18525342,526,75,100,342,279,1930
19630350067246,GOOGL,14400900,14402900,2000,2,22,291,238,1391
19630350067246,MSFT,1738500,1738600,100,900,121,79,166,1059
19630350067246,TSLA,6392000,6394015,2015,186,100,341,403,1516
19640068916822,AAPL,3214000,3214800,800,749,30,122,209,975
19640068916822,AMZN,18524816,18525390,574,60,100,343,279,1929
19640068916822,GOOGL,14400600,14402616,2016,44,100,290,238,1403
19640068916822,MSFT,1738500,1738600,100,900,121,79,166,1061
19640068916822,TSLA,6392015,6394014,1999,71,85,342,404,1519
19650154930257,AAPL,3214000,3214802,802,749,66,122,209,974
19650154930257,AMZN,18524816,18525391,575,45,100,343,278,1928
19650154930257,GOOGL,14400600,14402616,2016,44,100,290,239,1408
19650154930257,MSFT,1738500,1738600,100,900,121,78,166,1061
19650154930257,TSLA,6392015,6394014,1999,57,70,343,403,1531
19661763044301,AAPL,3214000,3214802,802,749,36,122,211,974
19661763044301,AMZN,18524815,18525413,598,85,100,346,278,1928
19661763044301,GOOGL,14400600,14402616,2016,44,100,289,240,1417
19661763044301,MSFT,1738500,1738600,100,900,121,78,164,1066
19661763044301,TSLA,6392015,6394014,1999,15,40,348,403,1543
19672077088152,AAPL,3214000,3214802,802,749,36,122,211,973
19672077088152,AMZN,18524815,18525417,602,85,100,346,278,1927
19672077088152,GOOGL,14400600,14402616,2016,44,100,289,240,1425
19672077088152,MSFT,1738500,1738600,100,900,121,78,164,1070
19672077088152,TSLA,6392016,6394020,2004,100,100,350,404,1544
19680033538182,AAPL,3214000,3214900,900,749,36,122,214,976
19680033538182,AMZN,18524815,18525420,605,40,100,350,278,1927
19680033538182,GOOGL,14400600,14402616,2016,44,100,290,240,1430
19680033538182,MSFT,1738500,1738600,100,800,121,78,165,1073
19680033538182,TSLA,6392063,6393973,1910,100,100,352,406,1549
19690328046130,AAPL,3214000,3214900,900,749,21,122,214,973
19690328046130,AMZN,18524815,18525420,605,25,100,354,278,1929
19690328046130,GOOGL,14400600,14402616,2016,44,100,292,241,1439
19690328046130,MSFT,1738500,1738600,100,700,121,78,166,1078
19690328046130,TSLA,6392078,6393958,1880,100,100,353,407,1552
19700043992327,AAPL,3214000,3214300,300,749,30,124,216,980
19700043992327,AMZN,18524815,18525420,605,25,100,354,277,1926
19700043992327,GOOGL,14400600,14402616,2016,44,100,292,242,1443
19700043992327,MSFT,1738500,1738600,100,700,321,78,167,1084
19700043992327,TSLA,6392078,6393973,1895,69,85,354,408,1555
19710072676657,AAPL,3214000,3214300,300,749,15,124,217,981
19710072676657,AMZN,18524814,18525429,615,68,100,353,277,1922
19710072676657,GOOGL,14400600,14402616,2016,44,100,293,242,1446
19710072676657,MSFT,1738500,1738600,100,100,521,78,167,1088
19710072676657,TSLA,6392078,6393973,1895,38,58,355,409,1556
19720094209638,AAPL,3214000,3214600,600,749,15,124,217,979
19720094209638,AMZN,18524814,18525429,615,38,100,355,277,1918
19720094209638,GOOGL,14400600,14402616,2016,44,100,296,244,1467
19720094209638,MSFT,1738400,1738500,100,700,100,77,168,1091
19720094209638,TSLA,6392078,6393981,1903,38,82,355,416,1561
19730175794360,AAPL,3214000,3214700,700,749,30,124,217,979
19730175794360,AMZN,18524813,18525464,651,67,100,358,278,1918
19730175794360,GOOGL,14400600,14402616,2016,44,100,297,243,1484
19730175794360,MSFT,1738400,1738500,100,200,100,77,168,1090
19730175794360,TSLA,6392082,6393982,1900,71,95,355,416,1563
19740157148777,AAPL,3214000,3214300,300,749,60,124,222,987
19740157148777,AMZN,18524812,18525477,665,74,100,363,281,1916
19740157148777,GOOGL,14400600,14402616,2016,44,100,299,245,1492
19740157148777,MSFT,1738300,1738500,200,1300,100,76,169,1094
19740157148777,TSLA,6392078,6393982,1904,32,80,355,416,1567
19750080627278,AAPL,3214000,3214200,200,749,30,124,227,996
19750080627278,AMZN,18524811,18525478,667,99,100,369,284,1921
19750080627278,GOOGL,14400600,14402616,2016,44,100,302,246,1506
19750080627278,MSFT,1738300,1738500,200,1100,100,76,172,1102
19750080627278,TSLA,6392262,6393808,1546,100,100,355,426,1575
19760020210937,AAPL,3214000,3214300,300,749,55,124,226,996
19760020210937,AMZN,18524811,18525478,667,84,100,371,284,1921
19760020210937,GOOGL,14400600,14402616,2016,44,100,302,247,1513
19760020210937,MSFT,1738300,1738500,200,1100,100,76,172,1106
19760020210937,TSLA,6392262,6393808,1546,100,100,356,426,1575
19770654336943,AAPL,3214000,3214200,200,749,45,124,228,1000
19770654336943,AMZN,18524810,18525492,682,77,100,373,285,1921
19770654336943,GOOGL,14400600,14402616,2016,14,100,302,247,1529
19770654336943,MSFT,1738300,1738500,200,1100,100,76,172,1109
19770654336943,TSLA,6392262,6393823,1561,84,13,359,427,1578
19780144148773,AAPL,3214000,3214200,200,749,30,124,229,1001
19780144148773,AMZN,18524810,18525493,683,62,100,374,285,1919
19780144148773,GOOGL,14400600,14402616,2016,14,100,302,247,1546
19780144148773,MSFT,1738300,1738500,200,1100,100,76,173,1111
19780144148773,TSLA,6392294,6393828,1534,70,100,360,426,1579
19790059934261,AAPL,3214000,3214300,300,749,38,124,228,1000
19790059934261,AMZN,18524810,18525493,683,32,100,375,285,1917
19790059934261,GOOGL,14400600,14402616,2016,14,100,302,247,1556
19790059934261,MSFT,1738300,1738500,200,800,100,76,173,1112
19790059934261,TSLA,6392308,6393814,1506,100,100,361,428,1581
19800104555371,AAPL,3214000,3214200,200,749,60,124,229,1002
19800104555371,AMZN,18524809,18525518,709,87,100,377,282,1913
19800104555371,GOOGL,14400100,14402131,2031,20,100,300,247,1569
19800104555371,MSFT,1738300,1738500,200,100,100,77,173,1109
19800104555371,TSLA,6392323,6393814,1491,70,85,362,429,1583
19810189811079,AAPL,3214000,3214100,100,719,45,124,232,1012
19810189811079,AMZN,18524809,18525518,709,72,100,377,285,1916
19810189811079,GOOGL,14400127,14402089,1962,100,100,300,248,1578
19810189811079,MSFT,1738200,1738500,300,13,100,79,173,1107
19810189811079,TSLA,6392344,6393800,1456,100,100,364,431,1587
19820478015513,AAPL,3214000,3214100,100,719,15,124,233,1013
19820478015513,AMZN,18524809,18525518,709,42,100,379,285,1917
19820478015513,GOOGL,14400100,14400500,400,20,60,300,250,1588
19820478015513,MSFT,1738100,1738500,400,833,100,78,173,1107
19820478015513,TSLA,6392359,6393785,1426,100,100,364,433,1586
19830295177336,AAPL,3214000,3214600,600,719,60,124,233,1012
19830295177336,AMZN,18524808,18525523,715,7,100,384,285,1918
19830295177336,GOOGL,14400100,14400500,400,20,60,300,250,1595
19830295177336,MSFT,1738100,1738500,400,833,100,78,173,1108
19830295177336,TSLA,6392404,6393740,1336,100,100,365,437,1590
19840448659879,AAPL,3214000,3214700,700,519,11,124,232,1011
19840448659879,AMZN,18524806,18525541,735,97,100,390,285,1926
19840448659879,GOOGL,14400100,14400500,400,20,60,300,250,1605
19840448659879,MSFT,1738100,1738500,400,833,100,78,173,1109
19840448659879,TSLA,6392499,6393645,1146,100,100,367,441,1595
19850031370486,AAPL,3214000,3214800,800,419,16,124,231,1009
19850031370486,AMZN,18524806,18525543,737,55,100,390,284,1924
19850031370486,GOOGL,14400100,14400500,400,20,60,301,250,1620
19850031370486,MSFT,1738100,1738500,400,833,100,78,175,1109
19850031370486,TSLA,6392499,6393660,1161,68,10,369,441,1597
19860113985358,AAPL,3214000,3214700,700,19,30,125,234,1021
19860113985358,AMZN,18524806,18525543,737,10,100,390,282,1922
19860113985358,GOOGL,14400100,14400500,400,20,60,302,250,1635
19860113985358,MSFT,1738100,1738500,400,683,100,78,178,1106
19860113985358,TSLA,6392515,6393662,1147,93,100,370,442,1597
19870018791951,AAPL,3213600,3214700,1100,204,15,122,234,1019
19870018791951,AMZN,18524805,18525552,747,80,100,391,282,1923
19870018791951,GOOGL,14400100,14400500,400,20,60,302,250,1654
19870018791951,MSFT,1738100,1738500,400,633,100,78,180,1105
19870018791951,TSLA,6392594,6393582,988,100,100,371,445,1600
19880380119779,AAPL,3213500,3214200,700,1064,30,121,235,1019
19880380119779,AMZN,18524805,18525552,747,80,100,395,284,1930
19880380119779,GOOGL,14400100,14400500,400,20,60,303,250,1660
19880380119779,MSFT,1738100,1738500,400,633,100,78,181,1104
19880380119779,TSLA,6392594,6393597,1003,65,85,372,443,1602
19895714025573,AAPL,3213500,3214200,700,734,30,121,235,1019
19895714025573,AMZN,18524805,18525552,747,80,100,395,284,1930
19895714025573,GOOGL,14400100,14400500,400,20,60,303,250,1661
19895714025573,MSFT,1738100,1738500,400,633,100,78,181,1105
19895714025573,TSLA,6392594,6393597,1003,65,85,373,443,1603
19900145859094,AAPL,3213500,3214200,700,734,30,121,235,1020
19900145859094,AMZN,18524805,18525552,747,80,100,396,284,1931
19900145859094,GOOGL,14400100,14400500,400,20,60,303,250,1661
19900145859094,MSFT,1738100,1738500,400,633,100,78,181,1106
19900145859094,TSLA,6392594,6393597,1003,65,85,374,443,1606
19910744597342,AAPL,3213500,3214200,700,734,30,121,235,1019
19910744597342,AMZN,18524805,18525552,747,80,100,396,283,1930
19910744597342,GOOGL,14400100,14400500,400,20,60,303,250,1662
19910744597342,MSFT,1738100,1738500,400,633,100,78,181,1106
19910744597342,TSLA,6392594,6393597,1003,65,85,375,443,1612
19920012289243,AAPL,3213500,3214200,700,734,30,122,234,1023
19920012289243,AMZN,18524805,18525552,747,65,100,402,281,1932
19920012289243,GOOGL,14400100,14400500,400,20,90,304,250,1674
19920012289243,MSFT,1738100,1738500,400,533,100,78,184,1106
19920012289243,TSLA,6392594,6393597,1003,33,85,378,442,1620
19930217527219,AAPL,3213500,3214200,700,449,30,122,234,1022
19930217527219,AMZN,18524805,18525552,747,50,100,403,283,1934
19930217527219,GOOGL,14400100,14400500,400,20,120,304,251,1690
19930217527219,MSFT,1738100,1738500,400,533,100,78,186,1105
19930217527219,TSLA,6392594,6393597,1003,33,85,380,442,1621
19940150331067,AAPL,3213500,3214548,1048,449,85,122,237,1024
19940150331067,AMZN,18524805,18525552,747,35,100,403,283,1936
19940150331067,GOOGL,14400100,14400500,400,20,105,304,251,1712
19940150331067,MSFT,1738100,1738500,400,533,85,79,186,1105
19940150331067,TSLA,6392594,6393597,1003,33,40,381,443,1623
19950073901496,AAPL,3213500,3214707,1207,449,84,122,238,1029
19950073901496,AMZN,18524805,18525552,747,35,100,405,283,1939
19950073901496,GOOGL,14400000,14400500,500,12,60,303,252,1731
19950073901496,MSFT,1738100,1738500,400,533,85,79,189,1106
19950073901496,TSLA,6392594,6393608,1014,2,95,384,443,1630
19961840814065,AAPL,3213500,3214000,500,449,30,122,239,1029
19961840814065,AMZN,18524805,18525552,747,20,100,405,283,1940
19961840814065,GOOGL,14400000,14400500,500,12,60,303,252,1744
19961840814065,MSFT,1738100,1738500,400,533,85,79,192,1108
19961840814065,TSLA,6392515,6393608,1093,35,50,384,442,1631
19973292411177,AAPL,3213500,3214000,500,449,15,122,239,1029
19973292411177,AMZN,18524804,18525559,755,66,100,406,283,1938
19973292411177,GOOGL,14400000,14400500,500,12,60,303,253,1752
19973292411177,MSFT,1738100,1738500,400,533,85,79,192,1108
19973292411177,TSLA,6392515,6393608,1093,5,50,384,442,1633
19980056513712,AAPL,3213500,3213900,400,449,30,122,240,1030
19980056513712,AMZN,18524804,18525559,755,51,100,407,284,1940
19980056513712,GOOGL,14400000,14400500,500,12,60,304,253,1759
19980056513712,MSFT,1738100,1738500,400,533,85,79,192,1107
19980056513712,TSLA,6392499,6393608,1109,57,50,384,442,1633
19990224849296,AAPL,3213500,3213900,400,449,15,122,240,1030
19990224849296,AMZN,18524804,18525559,755,36,100,409,285,1943
19990224849296,GOOGL,14400000,14400500,500,12,60,303,253,1771
19990224849296,MSFT,1738100,1738500,400,433,85,79,194,1109
19990224849296,TSLA,6392499,6393608,1109,43,50,384,442,1634
20000603609949,AAPL,3213500,3213700,200,449,30,122,242,1031
20000603609949,AMZN,18524803,18525574,771,91,100,410,288,1946
20000603609949,GOOGL,14400000,14400500,500,12,60,303,253,1780
20000603609949,MSFT,1738100,1738500,400,333,85,79,195,1105
20000603609949,TSLA,6392447,6393608,1161,13,50,385,441,1637
20010118113334,AAPL,3213500,3213600,100,449,15,122,243,1032
20010118113334,AMZN,18524803,18525576,773,61,100,413,290,1950
20010118113334,GOOGL,14400000,14400500,500,12,36,302,253,1786
20010118113334,MSFT,1738100,1738500,400,333,85,80,194,1107
20010118113334,TSLA,6392323,6393608,1285,7,20,384,442,1638
20020044880072,AAPL,3213500,3213600,100,449,15,122,244,1041
20020044880072,AMZN,18524801,18525628,827,72,100,422,289,1948
20020044880072,GOOGL,14400000,14400500,500,12,36,302,253,1800
20020044880072,MSFT,1738100,1738500,400,128,85,80,198,1109
20020044880072,TSLA,6392294,6393662,1368,32,14,385,441,1645
20030206811816,AAPL,3213500,3213700,200,249,15,123,243,1043
20030206811816,AMZN,18524801,18525628,827,16,100,428,289,1944
20030206811816,GOOGL,14399900,14400500,600,34,32,303,254,1825
20030206811816,MSFT,1738100,1738500,400,28,70,80,199,1108
20030206811816,TSLA,6392294,6393664,1370,4,52,385,440,1645
20040050403293,AAPL,3213500,3213700,200,249,15,123,243,1045
20040050403293,AMZN,18524800,18525655,855,71,100,430,288,1939
20040050403293,GOOGL,14399900,14400500,600,34,32,304,254,1840
20040050403293,MSFT,1738100,1738500,400,28,70,80,199,1108
20040050403293,TSLA,6392268,6393664,1396,58,37,384,441,1644
20050061408158,AAPL,3213500,3213700,200,249,15,123,243,1045
20050061408158,AMZN,18524798,18525689,891,81,100,433,288,1943
20050061408158,GOOGL,14399900,14400500,600,34,32,304,255,1849
20050061408158,MSFT,1738100,1738500,400,28,70,80,200,1111
20050061408158,TSLA,6392268,6393664,1396,58,7,385,441,1648
20060072222111,AAPL,3213500,3213700,200,249,15,123,243,1045
20060072222111,AMZN,18524798,18525689,891,11,100,434,288,1943
20060072222111,GOOGL,14399900,14400500,600,34,32,304,255,1856
20060072222111,MSFT,1738100,1738500,400,28,70,80,200,1112
20060072222111,TSLA,6392268,6393666,1398,29,72,385,440,1650
20070243233392,AAPL,3213500,3213800,300,249,30,123,242,1044
20070243233392,AMZN,18524797,18525695,898,96,100,433,288,1943
20070243233392,GOOGL,14399900,14400500,600,34,32,304,255,1867
20070243233392,MSFT,1738100,1738500,400,28,70,80,202,1116
20070243233392,TSLA,6392268,6393666,1398,5,42,385,440,1650
20080471209598,AAPL,3213500,3214000,500,249,15,123,240,1042
20080471209598,AMZN,18524797,18525696,899,81,100,432,288,1942
20080471209598,GOOGL,14399900,14400500,600,34,32,304,255,1873
20080471209598,MSFT,1738100,1738500,400,28,70,80,202,1116
20080471209598,TSLA,6392262,6393666,1404,73,27,384,440,1647
20092668727032,AAPL,3213500,3214000,500,249,15,123,239,1041
20092668727032,AMZN,18524797,18525696,899,81,100,432,288,1942
20092668727032,GOOGL,14399900,14400500,600,34,32,304,255,1878
20092668727032,MSFT,1738100,1738500,400,28,30,79,202,1115
20092668727032,TSLA,6392262,6393666,1404,28,27,384,439,1646
20101266799378,AAPL,3213500,3214000,500,249,15,123,239,1041
20101266799378,AMZN,18524797,18525696,899,81,100,432,288,1942
20101266799378,GOOGL,14399900,14400500,600,34,32,304,255,1879
20101266799378,MSFT,1738100,1738500,400,28,30,79,202,1115
20101266799378,TSLA,6392262,6393666,1404,28,27,384,439,1647
20110532164769,AAPL,3213500,3214000,500,249,15,123,238,1040
20110532164769,AMZN,18524797,18525696,899,81,100,432,288,1942
20110532164769,GOOGL,14399900,14400500,600,34,32,304,255,1880
20110532164769,MSFT,1738100,1738500,400,28,30,79,202,1115
20110532164769,TSLA,6392262,6393666,1404,28,27,384,439,1646
20120013914573,AAPL,3213500,3214000,500,249,15,123,237,1042
20120013914573,AMZN,18524797,18525696,899,81,100,432,288,1941
20120013914573,GOOGL,14399900,14400500,600,34,32,305,255,1884
20120013914573,MSFT,1738100,1738500,400,28,30,79,202,1117
20120013914573,TSLA,6392242,6393675,1433,84,64,386,438,1646
20130425127433,AAPL,3213500,3214000,500,249,15,123,237,1043
20130425127433,AMZN,18524797,18525696,899,81,100,432,288,1941
20130425127433,GOOGL,14399900,14400500,600,34,32,305,255,1886
20130425127433,MSFT,1738100,1738500,400,28,30,79,203,1118
20130425127433,TSLA,6392242,6393675,1433,38,51,386,438,1646
20142057953048,AAPL,3213500,3214000,500,249,15,123,237,1045
20142057953048,AMZN,18524797,18525696,899,81,100,434,289,1945
20142057953048,GOOGL,14399900,14400500,600,34,32,305,255,1889
20142057953048,MSFT,1738000,1738500,500,2127,30,78,203,1116
20142057953048,TSLA,6392234,6393675,1441,71,51,388,437,1646
20155157715101,AAPL,3213500,3214000,500,249,15,123,237,1047
20155157715101,AMZN,18524797,18525696,899,81,100,436,290,1949
20155157715101,GOOGL,14399900,14400500,600,20,32,306,255,1890
20155157715101,MSFT,1738000,1738500,500,2127,5,78,203,1117
20155157715101,TSLA,6392234,6393675,1441,71,30,388,438,1646
20163630632845,AAPL,3213500,3214000,500,249,15,123,237,1048
20163630632845,AMZN,18524797,18525696,899,81,100,438,292,1958
20163630632845,GOOGL,14399900,14400500,600,20,32,306,255,1891
20163630632845,MSFT,1738000,1738500,500,2027,5,78,203,1115
20163630632845,TSLA,6392234,6393675,1441,71,30,388,439,1647
20170372686322,AAPL,3213500,3214000,500,249,15,123,237,1049
20170372686322,AMZN,18524797,18525696,899,81,100,438,292,1957
20170372686322,GOOGL,14399900,14400500,600,6,32,306,255,1893
20170372686322,MSFT,1738000,1738500,500,1527,5,78,203,1108
20170372686322,TSLA,6392234,6393675,1441,25,30,390,439,1649
20181441351514,AAPL,3213500,3214000,500,249,15,123,236,1048
20181441351514,AMZN,18524797,18525696,899,81,100,437,292,1956
20181441351514,GOOGL,14399900,14400500,600,6,32,306,254,1894
20181441351514,MSFT,1738000,1738500,500,1227,5,78,203,1112
20181441351514,TSLA,6392297,6393623,1326,50,100,391,440,1653
20190193486418,AAPL,3213500,3214000,500,249,15,123,234,1046
20190193486418,AMZN,18524797,18525696,899,81,100,437,292,1955
20190193486418,GOOGL,14399900,14400500,600,6,32,306,254,1896
20190193486418,MSFT,1738000,1738500,500,1227,5,79,204,1122
20190193486418,TSLA,6392297,6393687,1390,50,80,392,438,1651
20201978848031,AAPL,3213500,3214000,500,249,15,123,233,1046
20201978848031,AMZN,18524797,18525696,899,81,100,437,292,1953
20201978848031,GOOGL,14399900,14400500,600,6,32,306,254,1900
20201978848031,MSFT,1738000,1738400,400,1143,100,79,206,1128
20201978848031,TSLA,6392297,6393687,1390,48,80,392,438,1652
20210623667984,AAPL,3213500,3214000,500,249,15,123,233,1045
20210623667984,AMZN,18524797,18525696,899,81,100,438,297,1963
20210623667984,GOOGL,14399900,14400500,600,6,32,306,254,1900
20210623667984,MSFT,1738000,1738400,400,1086,100,79,206,1130
20210623667984,TSLA,6392279,6393687,1408,79,80,393,437,1654
20220522066247,AAPL,3213500,3214000,500,249,15,123,233,1050
20220522066247,AMZN,18524797,18525696,899,81,100,439,296,1961
20220522066247,GOOGL,14399900,14400500,600,6,32,306,254,1900
20220522066247,MSFT,1738000,1738400,400,1086,100,79,206,1130
20220522066247,TSLA,6392279,6393687,1408,79,80,394,437,1656
20230154031120,AAPL,3213500,3214000,500,249,15,123,233,1052
20230154031120,AMZN,18524797,18525696,899,81,100,439,297,1963
20230154031120,GOOGL,14399900,14400500,600,6,32,306,254,1900
20230154031120,MSFT,1738000,1738400,400,1086,100,79,206,1131
20230154031120,TSLA,6392279,6393687,1408,38,80,394,438,1658
20241516351954,AAPL,3213500,3214000,500,249,15,123,233,1052
20241516351954,AMZN,18524797,18525696,899,81,100,440,297,1965
20241516351954,GOOGL,14399900,14400500,600,6,32,306,254,1904
20241516351954,MSFT,1738000,1738400,400,1086,100,79,206,1131
20241516351954,TSLA,6392279,6393687,1408,22,80,394,438,1659
20250303517655,AAPL,3213500,3213700,200,249,30,124,235,1056
20250303517655,AMZN,18524797,18525696,899,81,100,440,298,1972
20250303517655,GOOGL,14399219,14400500,1281,91,17,306,254,1911
20250303517655,MSFT,1738000,1738400,400,1086,100,79,207,1134
20250303517655,TSLA,6392264,6393687,1423,91,39,394,437,1657
20260368541311,AAPL,3213500,3214300,800,249,54,124,232,1053
20260368541311,AMZN,18524797,18525696,899,81,100,440,300,1977
20260368541311,GOOGL,14399219,14400500,1281,91,2,308,253,1916
20260368541311,MSFT,1738000,1738400,400,1086,100,79,207,1137
20260368541311,TSLA,6392264,6393687,1423,91,9,394,437,1657
20270209189955,AAPL,3213500,3214300,800,249,9,124,232,1054
20270209189955,AMZN,18524796,18525708,912,93,100,442,302,1979
20270209189955,GOOGL,14399219,14400500,1281,91,2,308,254,1929
20270209189955,MSFT,1738000,1738400,400,1086,100,79,207,1143
20270209189955,TSLA,6392249,6393690,1441,90,21,393,435,1653
20280185903011,AAPL,3213500,3214400,900,249,60,124,231,1054
20280185903011,AMZN,18524796,18525709,913,63,100,444,302,1978
20280185903011,GOOGL,14399219,14400500,1281,91,2,308,253,1937
20280185903011,MSFT,1738000,1738400,400,1086,200,79,209,1154
20280185903011,TSLA,6392249,6393690,1441,90,21,393,435,1654
20290055080008,AAPL,3213500,3214400,900,249,30,124,231,1053
20290055080008,AMZN,18524794,18525745,951,65,100,446,300,1978
20290055080008,GOOGL,14399219,14400500,1281,91,2,308,254,1947
20290055080008,MSFT,1738000,1738400,400,900,200,79,213,1162
20290055080008,TSLA,6392249,6393690,1441,75,21,393,435,1656
20300358306256,AAPL,3213500,3214400,900,249,30,124,231,1054
20300358306256,AMZN,18524794,18525745,951,35,100,447,300,1978
20300358306256,GOOGL,14399219,14400500,1281,91,2,308,254,1961
20300358306256,MSFT,1738000,1738400,400,900,200,79,213,1169
20300358306256,TSLA,6392249,6393707,1458,170,161,391,434,1655
20311260819795,AAPL,3213500,3214600,1100,249,15,124,230,1054
20311260819795,AMZN,18524794,18525745,951,35,100,448,300,1976
20311260819795,GOOGL,14399219,14400500,1281,91,2,310,255,1975
20311260819795,MSFT,1738000,1738400,400,900,200,79,215,1182
20311260819795,TSLA,6392249,6393707,1458,141,131,395,434,1659
20320201456285,AAPL,3213500,3213800,300,249,30,124,231,1057
20320201456285,AMZN,18524794,18525745,951,5,100,448,300,1976
20320201456285,GOOGL,14399219,14400999,1780,76,72,310,254,1984
20320201456285,MSFT,1738000,1738400,400,900,217,79,216,1186
20320201456285,TSLA,6392249,6393707,1458,141,116,396,435,1660
20330307430236,AAPL,3213500,3214300,800,249,15,124,230,1056
20330307430236,AMZN,18524794,18525745,951,5,100,448,300,1976
20330307430236,GOOGL,14399219,14400999,1780,76,27,311,253,1993
20330307430236,MSFT,1738000,1738400,400,900,217,79,219,1189
20330307430236,TSLA,6392249,6393707,1458,141,101,396,437,1663
20340108050522,AAPL,3213500,3214300,800,249,15,125,230,1057
20340108050522,AMZN,18524794,18525745,951,5,100,448,300,1975
20340108050522,GOOGL,14399219,14400999,1780,76,27,311,251,2002
20340108050522,MSFT,1738000,1738400,400,300,217,79,220,1192
20340108050522,TSLA,6392263,6393693,1430,100,100,399,440,1667
20350160018734,AAPL,3213500,3214785,1285,249,90,125,231,1054
20350160018734,AMZN,18524794,18525745,951,5,100,448,300,1978
20350160018734,GOOGL,14399219,14400999,1780,61,27,312,250,2017
20350160018734,MSFT,1737900,1738400,500,1800,217,78,223,1206
20350160018734,TSLA,6392263,6393702,1439,95,100,400,440,1666
20360574377392,AAPL,3213500,3214785,1285,249,60,126,231,1054
20360574377392,AMZN,18524793,18525764,971,60,100,449,299,1977
20360574377392,GOOGL,14399219,14400999,1780,61,27,312,250,2025
20360574377392,MSFT,1737900,1738400,500,1800,217,78,225,1219
20360574377392,TSLA,6392263,6393702,1439,95,100,400,442,1668
20370143835052,AAPL,3213500,3214785,1285,249,60,126,231,1053
20370143835052,AMZN,18524792,18525764,972,100,100,450,299,1975
20370143835052,GOOGL,14399219,14400999,1780,61,27,312,250,2036
20370143835052,MSFT,1737900,1738400,500,1800,217,78,225,1223
20370143835052,TSLA,6392326,6393638,1312,100,100,400,445,1670
20380731427752,AAPL,3213500,3214785,1285,249,45,126,231,1057
20380731427752,AMZN,18524792,18525764,972,100,100,451,298,1976
20380731427752,GOOGL,14399219,14400999,1780,61,27,312,250,2050
20380731427752,MSFT,1737900,1738400,500,1800,217,78,227,1229
20380731427752,TSLA,6392356,6393608,1252,100,100,400,448,1672
20390487211079,AAPL,3213500,3214785,1285,207,45,126,231,1055
20390487211079,AMZN,18524792,18525793,1001,55,100,454,298,1976
20390487211079,GOOGL,14399219,14400999,1780,61,27,312,251,2062
20390487211079,MSFT,1737900,1738400,500,1800,217,78,229,1238
20390487211079,TSLA,6392420,6393559,1139,72,85,405,450,1679
20400069358937,AAPL,3213500,3214785,1285,177,45,126,231,1053
20400069358937,AMZN,18524792,18525793,1001,40,100,455,298,1975
20400069358937,GOOGL,14399219,14400999,1780,46,12,313,251,2072
20400069358937,MSFT,1737900,1738400,500,1800,217,78,229,1245
20400069358937,TSLA,6392420,6393559,1139,26,70,405,449,1678
20410344301932,AAPL,3213500,3214785,1285,177,45,126,231,1053
20410344301932,AMZN,18524791,18525806,1015,91,100,455,298,1972
20410344301932,GOOGL,14399219,14401086,1867,46,97,313,251,2071
20410344301932,MSFT,1737900,1738400,500,1800,217,78,229,1257
20410344301932,TSLA,6392413,6393559,1146,66,70,405,449,1680
20420099145763,AAPL,3213500,3214785,1285,163,45,126,231,1053
20420099145763,AMZN,18524791,18525806,1015,91,100,455,298,1972
20420099145763,GOOGL,14399219,14401086,1867,46,97,313,251,2071
20420099145763,MSFT,1737900,1738400,500,1800,217,78,229,1260
20420099145763,TSLA,6392407,6393559,1152,32,70,405,449,1682
20433973006699,AAPL,3213500,3214785,1285,133,45,126,231,1053
20433973006699,AMZN,18524791,18525809,1018,91,100,455,299,1974
20433973006699,GOOGL,14399219,14401086,1867,46,97,313,251,2072
20433973006699,MSFT,1737900,1738400,500,1800,217,78,229,1260
20433973006699,TSLA,6392395,6393559,1164,89,70,404,449,1681
20440109775875,AAPL,3213500,3214785,1285,73,45,126,231,1053
20440109775875,AMZN,18524791,18525810,1019,91,100,456,299,1975
20440109775875,GOOGL,14399219,14401086,1867,46,97,314,251,2074
20440109775875,MSFT,1737900,1738400,500,1800,217,78,230,1269
20440109775875,TSLA,6392395,6393559,1164,26,70,405,449,1680
20450770418536,AAPL,3213500,3214785,1285,43,45,126,231,1053
20450770418536,AMZN,18524791,18525810,1019,91,100,458,299,1976
20450770418536,GOOGL,14399219,14401086,1867,46,97,315,251,2076
20450770418536,MSFT,1737900,1738400,500,1800,217,78,230,1278
20450770418536,TSLA,6392395,6393559,1164,26,70,405,449,1684
20460158414567,AAPL,3213470,3214785,1315,83,30,126,231,1052
20460158414567,AMZN,18524791,18525810,1019,91,100,458,300,1981
20460158414567,GOOGL,14399219,14400100,881,46,13,316,253,2088
20460158414567,MSFT,1737900,1738400,500,1800,217,78,232,1284
20460158414567,TSLA,6392395,6393559,1164,26,70,405,449,1687
20470699944574,AAPL,3213470,3214800,1330,53,16,126,230,1050
20470699944574,AMZN,18524791,18525810,1019,91,100,458,300,1981
20470699944574,GOOGL,14399219,14400100,881,46,13,316,253,2094
20470699944574,MSFT,1737900,1738400,500,1800,217,78,232,1285
20470699944574,TSLA,6392395,6393559,1164,26,70,405,449,1687
20480256951484,AAPL,3213487,3214807,1320,100,100,126,231,1051
20480256951484,AMZN,18524791,18525810,1019,91,100,458,301,1983
20480256951484,GOOGL,14399219,14400633,1414,46,83,316,255,2106
20480256951484,MSFT,1737900,1738400,500,1800,217,78,234,1287
20480256951484,TSLA,6392406,6393564,1158,100,100,405,449,1687
20490029725423,AAPL,3213502,3214792,1290,100,85,126,232,1051
20490029725423,AMZN,18524791,18525810,1019,91,100,458,301,1983
20490029725423,GOOGL,14399219,14400633,1414,46,83,316,255,2112
20490029725423,MSFT,1737900,1738400,500,1600,217,78,235,1288
20490029725423,TSLA,6392406,6393576,1170,46,80,406,448,1688
20500128950780,AAPL,3213592,3214702,1110,100,85,126,238,1057
20500128950780,AMZN,18524791,18525810,1019,1,100,460,300,1980
20500128950780,GOOGL,14399219,14400633,1414,16,83,316,255,2118
20500128950780,MSFT,1737900,1738400,500,1600,217,78,237,1292
20500128950780,TSLA,6392305,6393576,1271,27,65,405,448,1689
20510636173302,AAPL,3213727,3214567,840,100,100,126,243,1062
20510636173302,AMZN,18524790,18525837,1047,26,100,460,300,1979
20510636173302,GOOGL,14398954,14400633,1679,86,83,316,254,2133
20510636173302,MSFT,1737900,1738400,500,1600,217,78,237,1297
20510636173302,TSLA,6392227,6393576,1349,96,5,402,448,1688
20520173436489,AAPL,3213727,3214567,840,100,100,126,243,1062
20520173436489,AMZN,18524790,18525837,1047,26,100,460,300,1979
20520173436489,GOOGL,14398954,14400633,1679,86,83,316,254,2141
20520173436489,MSFT,1737900,1738400,500,1600,217,78,239,1299
20520173436489,TSLA,6392229,6393590,1361,18,75,403,448,1691
20530200533560,AAPL,3213727,3214567,840,100,100,126,243,1062
20530200533560,AMZN,18524790,18525837,1047,26,100,460,300,1979
20530200533560,GOOGL,14398954,14400633,1679,86,83,316,254,2143
20530200533560,MSFT,1737900,1738400,500,1600,217,78,239,1297
20530200533560,TSLA,6392227,6393590,1363,14,75,403,448,1693
20540374341264,AAPL,3213727,3214582,855,70,85,126,243,1062
20540374341264,AMZN,18524790,18525837,1047,26,100,462,300,1982
20540374341264,GOOGL,14398954,14400633,1679,86,83,316,254,2152
20540374341264,MSFT,1737900,1738400,500,1600,217,78,239,1296
20540374341264,TSLA,6392045,6393590,1545,62,75,402,447,1692
20550601751121,AAPL,3213727,3214582,855,70,85,126,243,1062
20550601751121,AMZN,18524790,18525837,1047,26,100,462,300,1982
20550601751121,GOOGL,14398954,14400633,1679,86,83,316,252,2159
20550601751121,MSFT,1737900,1738400,500,1500,217,78,240,1299
20550601751121,TSLA,6392045,6393590,1545,27,75,401,447,1694
20560189473822,AAPL,3213727,3214582,855,10,85,126,243,1062
20560189473822,AMZN,18524789,18525841,1052,96,100,462,300,1980
20560189473822,GOOGL,14398954,14400633,1679,86,83,316,251,2163
20560189473822,MSFT,1737900,1738400,500,1500,217,78,240,1300
20560189473822,TSLA,6392045,6393590,1545,27,75,403,447,1696
20570076582232,AAPL,3213513,3213700,187,80,30,126,245,1064
20570076582232,AMZN,18524789,18525844,1055,66,100,463,300,1982
20570076582232,GOOGL,14398954,14400633,1679,71,68,316,251,2173
20570076582232,MSFT,1737900,1738400,500,1500,217,78,240,1301
20570076582232,TSLA,6392045,6393590,1545,6,75,404,447,1700
20580008829376,AAPL,3213513,3213700,187,20,30,126,245,1067
20580008829376,AMZN,18524788,18525861,1073,30,100,465,300,1981
20580008829376,GOOGL,14398954,14400633,1679,71,53,316,251,2182
20580008829376,MSFT,1737900,1738400,500,1500,217,78,240,1302
20580008829376,TSLA,6392000,6393590,1590,107,60,402,447,1696
20590513355582,AAPL,3213300,3213700,400,167,30,123,245,1063
20590513355582,AMZN,18524787,18525873,1086,88,100,465,300,1981
20590513355582,GOOGL,14398954,14400633,1679,71,53,316,251,2186
20590513355582,MSFT,1737900,1738400,500,1500,217,78,241,1301
20590513355582,TSLA,6392000,6393590,1590,85,45,403,446,1698
20600048757770,AAPL,3213300,3213970,670,137,84,123,245,1062
20600048757770,AMZN,18524787,18525884,1097,58,100,466,299,1983
20600048757770,GOOGL,14398954,14400633,1679,56,53,317,250,2197
20600048757770,MSFT,1737900,1738400,500,1500,217,78,244,1304
20600048757770,TSLA,6392000,6393590,1590,85,15,403,447,1701
20611029677768,AAPL,3213300,3213970,670,107,84,123,246,1065
20611029677768,AMZN,18524787,18525884,1097,16,100,467,299,1982
20611029677768,GOOGL,14398954,14400633,1679,41,53,317,250,2199
20611029677768,MSFT,1737900,1738400,500,1500,202,78,247,1307
20611029677768,TSLA,6392000,6393590,1590,45,15,403,447,1705
20620687016506,AAPL,3213300,3213970,670,17,84,123,246,1065
20620687016506,AMZN,18524787,18525884,1097,16,100,467,299,1979
20620687016506,GOOGL,14398954,14400633,1679,41,53,317,250,2199
20620687016506,MSFT,1737900,1738400,500,1500,202,78,247,1307
20620687016506,TSLA,6391868,6393590,1722,45,15,403,447,1705
20630476190625,AAPL,3213200,3213970,770,17,84,122,246,1063
20630476190625,AMZN,18524787,18525884,1097,16,100,467,299,1977
20630476190625,GOOGL,14398954,14400633,1679,26,38,315,249,2211
20630476190625,MSFT,1737900,1738400,500,1500,202,78,247,1308
20630476190625,TSLA,6391773,6393590,1817,95,15,402,447,1704
20641972205824,AAPL,3213200,3213970,770,17,84,122,246,1064
20641972205824,AMZN,18524787,18525884,1097,1,100,468,299,1975
20641972205824,GOOGL,14398954,14400633,1679,26,38,314,246,2213
20641972205824,MSFT,1737900,1738400,500,1500,202,78,247,1310
20641972205824,TSLA,6391681,6393590,1909,8,15,404,445,1719
20650333618825,AAPL,3213131,3213970,839,87,54,122,246,1065
20650333618825,AMZN,18524786,18525898,1112,86,100,468,299,1974
20650333618825,GOOGL,14398954,14400779,1825,26,93,314,244,2221
20650333618825,MSFT,1737900,1738400,500,1500,202,78,247,1313
20650333618825,TSLA,6391674,6393606,1932,41,76,405,445,1726
20660430235251,AAPL,3213131,3213970,839,27,54,122,246,1065
20660430235251,AMZN,18524786,18525911,1125,86,100,467,299,1968
20660430235251,GOOGL,14398954,14400779,1825,26,93,314,244,2222
20660430235251,MSFT,1737900,1738400,500,1500,202,78,247,1314
20660430235251,TSLA,6391666,6393606,1940,38,76,405,445,1740
20670140288963,AAPL,3213100,3213970,870,1017,54,121,246,1063
20670140288963,AMZN,18524786,18525911,1125,71,100,467,299,1964
20670140288963,GOOGL,14398954,14400779,1825,26,78,316,243,2229
20670140288963,MSFT,1737900,1738400,500,1500,202,78,247,1315
20670140288963,TSLA,6391660,6393606,1946,51,14,405,446,1742
20680917056198,AAPL,3213100,3213200,100,806,30,121,248,1066
20680917056198,AMZN,18524785,18525922,1137,79,100,471,296,1961
20680917056198,GOOGL,14398887,14400779,1892,4,63,319,240,2244
20680917056198,MSFT,1737900,1738400,500,1500,202,78,247,1314
20680917056198,TSLA,6391659,6393608,1949,19,40,405,445,1745
20690339417958,AAPL,3213100,3213200,100,626,15,121,250,1069
20690339417958,AMZN,18524784,18525943,1159,59,100,473,295,1959
20690339417958,GOOGL,14398887,14400779,1892,4,63,322,240,2255
20690339417958,MSFT,1737900,1738400,500,1500,202,78,248,1316
20690339417958,TSLA,6391654,6393608,1954,19,25,405,445,1747
20700928402363,AAPL,3213100,3213200,100,566,15,121,251,1072
20700928402363,AMZN,18524784,18525943,1159,14,100,474,295,1958
20700928402363,GOOGL,14398850,14400779,1929,29,63,325,240,2263
20700928402363,MSFT,1737900,1738400,500,1400,202,78,249,1317
20700928402363,TSLA,6391645,6393608,1963,89,25,406,444,1749
20710116646971,AAPL,3213100,3213200,100,506,15,121,251,1081
20710116646971,AMZN,18524784,18525943,1159,14,100,474,295,1958
20710116646971,GOOGL,14398850,14400779,1929,29,48,325,239,2262
20710116646971,MSFT,1737900,1738400,500,1400,202,78,249,1319
20710116646971,TSLA,6391645,6393608,1963,89,25,406,444,1752
20720796244286,AAPL,3213100,3213200,100,506,15,121,251,1082
20720796244286,AMZN,18524784,18525943,1159,14,100,474,295,1958
20720796244286,GOOGL,14398850,14400779,1929,29,48,325,238,2265
20720796244286,MSFT,1737900,1738400,500,1300,202,78,249,1318
20720796244286,TSLA,6391645,6393608,1963,89,25,406,444,1752
20730236207257,AAPL,3213100,3213200,100,446,15,121,251,1084
20730236207257,AMZN,18524784,18525943,1159,14,100,475,295,1961
20730236207257,GOOGL,14398850,14400779,1929,29,48,325,238,2271
20730236207257,MSFT,1737900,1738400,500,1300,202,78,249,1320
20730236207257,TSLA,6391629,6393608,1979,98,10,405,444,1752
20740247668298,AAPL,3213100,3213200,100,446,15,121,251,1085
20740247668298,AMZN,18524783,18525944,1161,84,100,476,295,1964
20740247668298,GOOGL,14398850,14400779,1929,29,33,326,236,2272
20740247668298,MSFT,1737900,1738400,500,1300,202,78,249,1322
20740247668298,TSLA,6391629,6393617,1988,82,95,406,445,1753
20750183555222,AAPL,3213100,3213400,300,386,90,121,250,1084
20750183555222,AMZN,18524783,18525944,1161,3,100,478,297,1967
20750183555222,GOOGL,14398850,14400779,1929,29,33,326,236,2287
20750183555222,MSFT,1737900,1738400,500,1300,202,78,250,1326
20750183555222,TSLA,6391629,6393617,1988,50,80,406,445,1754
20760190006634,AAPL,3213100,3213200,100,296,30,121,252,1088
20760190006634,AMZN,18524782,18525967,1185,73,100,478,298,1963
20760190006634,GOOGL,14398820,14400779,1959,84,18,329,236,2295
20760190006634,MSFT,1737900,1738400,500,1300,202,78,250,1326
20760190006634,TSLA,6391627,6393617,1990,90,65,405,445,1757
20770033556933,AAPL,3213100,3213200,100,266,30,121,251,1088
20770033556933,AMZN,18524782,18525967,1185,43,100,478,299,1965
20770033556933,GOOGL,14398820,14400779,1959,84,18,329,235,2299
20770033556933,MSFT,1737900,1738400,500,1300,202,78,250,1326
20770033556933,TSLA,6391627,6393617,1990,74,50,406,445,1763
20780060971945,AAPL,3213100,3213200,100,86,19,121,250,1089
20780060971945,AMZN,18524782,18525967,1185,43,100,481,300,1987
20780060971945,GOOGL,14398820,14400779,1959,84,18,330,234,2305
20780060971945,MSFT,1737900,1738400,500,1300,202,78,249,1324
20780060971945,TSLA,6391627,6393617,1990,31,50,407,444,1767
20790469069475,AAPL,3213100,3213200,100,86,4,121,250,1090
20790469069475,AMZN,18524782,18525967,1185,43,100,481,301,1995
20790469069475,GOOGL,14398820,14400779,1959,84,3,330,234,2311
20790469069475,MSFT,1737900,1738400,500,1300,202,78,249,1324
20790469069475,TSLA,6391627,6393617,1990,31,27,407,445,1769
20800264115255,AAPL,3213100,3213400,300,86,109,121,249,1090
20800264115255,AMZN,18524782,18525967,1185,43,100,483,301,2004
20800264115255,GOOGL,14398820,14400779,1959,84,3,332,234,2322
20800264115255,MSFT,1737900,1738400,500,1300,202,78,250,1328
20800264115255,TSLA,6391500,6393524,2024,65,100,409,444,1769
20810794017296,AAPL,3213100,3213400,300,86,109,121,250,1096
20810794017296,AMZN,18524782,18525967,1185,43,100,485,301,2009
20810794017296,GOOGL,14398820,14400779,1959,84,3,332,234,2325
20810794017296,MSFT,1737900,1738400,500,1300,202,78,252,1331
20810794017296,TSLA,6391500,6393512,2012,49,100,410,443,1769
20820289326893,AAPL,3213100,3213400,300,86,109,121,250,1097
20820289326893,AMZN,18524782,18525967,1185,43,100,487,301,2012
20820289326893,GOOGL,14398820,14400779,1959,84,3,333,234,2330
20820289326893,MSFT,1737900,1738400,500,1300,202,78,253,1332
20820289326893,TSLA,6391400,6392300,900,18,1,410,443,1771
20830759554650,AAPL,3213100,3213400,300,86,109,121,250,1099
20830759554650,AMZN,18524782,18525967,1185,28,100,490,301,2017
20830759554650,GOOGL,14398820,14400779,1959,84,3,333,233,2340
20830759554650,MSFT,1737900,1738400,500,1000,202,78,254,1329
20830759554650,TSLA,6391400,6392856,1456,18,91,411,446,1767
20841201593259,AAPL,3213100,3213400,300,86,109,121,250,1099
20841201593259,AMZN,18524782,18525967,1185,28,100,490,300,2019
20841201593259,GOOGL,14398820,14400779,1959,84,3,335,233,2346
20841201593259,MSFT,1737900,1738400,500,900,202,78,254,1328
20841201593259,TSLA,6391400,6392856,1456,13,46,411,447,1766
20850458819181,AAPL,3213100,3213400,300,86,109,121,249,1099
20850458819181,AMZN,18524782,18525967,1185,28,100,491,300,2021
20850458819181,GOOGL,14398820,14400779,1959,53,3,336,233,2357
20850458819181,MSFT,1737900,1738400,500,900,202,78,254,1328
20850458819181,TSLA,6391100,6392856,1756,37,31,410,448,1761
20860121845828,AAPL,3213100,3213400,300,86,109,122,249,1104
20860121845828,AMZN,18524782,18525967,1185,28,100,493,300,2025
20860121845828,GOOGL,14398820,14400779,1959,53,3,336,232,2361
20860121845828,MSFT,1737900,1738400,500,900,202,78,254,1328
20860121845828,TSLA,6391100,6392856,1756,2,31,413,449,1765
20870483058587,AAPL,3213100,3213400,300,86,109,122,249,1105
20870483058587,AMZN,18524782,18525967,1185,28,100,494,300,2026
20870483058587,GOOGL,14398820,14400779,1959,53,3,336,232,2361
20870483058587,MSFT,1737900,1738400,500,600,202,78,254,1328
20870483058587,TSLA,6391000,6392856,1856,82,31,412,449,1763
20880303494676,AAPL,3213100,3213400,300,86,109,122,249,1104
20880303494676,AMZN,18524782,18525967,1185,28,100,496,301,2030
20880303494676,GOOGL,14398820,14400779,1959,53,3,336,232,2365
20880303494676,MSFT,1737800,1738400,600,600,202,77,254,1322
20880303494676,TSLA,6391000,6392925,1925,82,166,412,447,1764
20891462921447,AAPL,3213100,3213400,300,86,109,122,249,1104
20891462921447,AMZN,18524782,18525967,1185,13,100,497,301,2031
20891462921447,GOOGL,14398820,14400779,1959,53,3,336,232,2374
20891462921447,MSFT,1737800,1738400,600,600,202,77,254,1327
20891462921447,TSLA,6391000,6392925,1925,82,151,412,449,1767
20900134928456,AAPL,3213100,3213400,300,86,109,122,249,1105
20900134928456,AMZN,18524782,18525967,1185,13,100,496,305,2045
20900134928456,GOOGL,14398820,14400779,1959,53,3,336,232,2388
20900134928456,MSFT,1737800,1738400,600,600,202,77,254,1326
20900134928456,TSLA,6391008,6392916,1908,100,100,414,450,1773
20910065281230,AAPL,3213100,3213400,300,86,109,122,251,1111
20910065281230,AMZN,18524782,18525967,1185,13,100,499,305,2055
20910065281230,GOOGL,14398820,14400779,1959,53,3,337,231,2394
20910065281230,MSFT,1737800,1738400,600,600,202,77,255,1329
20910065281230,TSLA,6391046,6392900,1854,86,70,416,454,1782
20920190359257,AAPL,3213100,3213400,300,86,109,122,251,1115
20920190359257,AMZN,18524782,18525967,1185,13,100,502,305,2064
20920190359257,GOOGL,14398820,14400779,1959,53,3,337,231,2402
20920190359257,MSFT,1737800,1738400,600,600,202,77,255,1331
20920190359257,TSLA,6391046,6392900,1854,86,55,418,454,1786
20930018487315,AAPL,3213100,3213400,300,86,109,122,251,1116
20930018487315,AMZN,18524781,18525970,1189,98,100,503,305,2067
20930018487315,GOOGL,14398820,14400779,1959,53,3,337,230,2410
20930018487315,MSFT,1737800,1738400,600,600,202,77,257,1334
20930018487315,TSLA,6391046,6392900,1854,86,40,419,455,1785
20940422100984,AAPL,3213100,3213400,300,86,109,122,251,1119
20940422100984,AMZN,18524781,18525970,1189,98,100,506,305,2070
20940422100984,GOOGL,14398820,14400779,1959,53,3,337,230,2416
20940422100984,MSFT,1737800,1738400,600,600,202,77,257,1335
20940422100984,TSLA,6391038,6392900,1862,72,25,418,454,1784
20950155173181,AAPL,3213100,3213400,300,86,109,122,251,1122
20950155173181,AMZN,18524781,18525970,1189,57,100,508,305,2078
20950155173181,GOOGL,14398820,14400779,1959,38,3,337,229,2428
20950155173181,MSFT,1737800,1738400,600,600,202,77,257,1338
20950155173181,TSLA,6391038,6392900,1862,43,4,420,454,1782
20960173190223,AAPL,3213100,3213400,300,86,109,123,250,1123
20960173190223,AMZN,18524781,18525970,1189,57,100,508,305,2077
20960173190223,GOOGL,14398820,14400779,1959,38,3,337,228,2431
20960173190223,MSFT,1737800,1738400,600,760,202,77,257,1339
20960173190223,TSLA,6391032,6392901,1869,43,59,420,454,1786
20970086758237,AAPL,3213100,3213400,300,86,109,123,250,1125
20970086758237,AMZN,18524781,18525970,1189,57,100,511,305,2082
20970086758237,GOOGL,14398820,14400779,1959,29,3,337,230,2442
20970086758237,MSFT,1738000,1738400,400,150,202,78,257,1340
20970086758237,TSLA,6391032,6392901,1869,43,29,421,454,1787
20981359128737,AAPL,3213100,3213400,300,86,109,123,250,1126
20981359128737,AMZN,18524781,18525970,1189,57,100,511,305,2085
20981359128737,GOOGL,14398824,14400790,1966,100,100,337,230,2452
20981359128737,MSFT,1738000,1738400,400,150,202,78,257,1340
20981359128737,TSLA,6391032,6392901,1869,43,14,421,453,1788
20990872771787,AAPL,3213100,3213400,300,86,109,123,250,1128
20990872771787,AMZN,18524781,18525970,1189,57,100,511,305,2085
20990872771787,GOOGL,14398839,14400775,1936,100,100,337,230,2471
20990872771787,MSFT,1738000,1738400,400,150,202,78,257,1340
20990872771787,TSLA,6391000,6392916,1916,25,57,420,453,1787
21000012725020,AAPL,3213100,3213400,300,86,109,123,250,1128
21000012725020,AMZN,18524781,18525970,1189,57,100,511,305,2085
21000012725020,GOOGL,14398869,14400745,1876,100,100,337,232,2480
21000012725020,MSFT,1738100,1738400,300,150,202,79,257,1343
21000012725020,TSLA,6390600,6392745,2145,795,100,416,452,1779
21011678731667,AAPL,3213100,3213400,300,86,109,123,250,1130
21011678731667,AMZN,18524781,18525970,1189,57,100,511,305,2087
21011678731667,GOOGL,14398884,14400730,1846,100,100,337,232,2493
21011678731667,MSFT,1738200,1738400,200,147,202,80,258,1348
21011678731667,TSLA,6390600,6392000,1400,357,100,417,456,1785
21020165421200,AAPL,3213100,3213400,300,86,109,123,250,1130
21020165421200,AMZN,18524781,18525970,1189,42,100,512,304,2086
21020165421200,GOOGL,14398884,14400730,1846,100,100,337,232,2499
21020165421200,MSFT,1738200,1738400,200,147,202,80,259,1347
21020165421200,TSLA,6390600,6392000,1400,357,300,419,457,1796
21030487350536,AAPL,3213100,3213400,300,86,59,123,250,1126
21030487350536,AMZN,18524781,18525970,1189,42,100,512,304,2087
21030487350536,GOOGL,14398884,14400730,1846,100,100,337,232,2506
21030487350536,MSFT,1738300,1738400,100,145,74,81,259,1350
21030487350536,TSLA,6390600,6392000,1400,357,300,420,458,1806
21040299915423,AAPL,3213100,3213700,600,86,54,123,250,1129
21040299915423,AMZN,18524781,18525970,1189,42,100,512,304,2089
21040299915423,GOOGL,14398884,14400730,1846,100,100,337,232,2511
21040299915423,MSFT,1738300,1738400,100,145,71,81,259,1354
21040299915423,TSLA,6390600,6392000,1400,357,600,421,458,1813
21050895931069,AAPL,3213100,3213700,600,86,39,123,250,1129
21050895931069,AMZN,18524781,18525970,1189,42,100,513,304,2090
21050895931069,GOOGL,14398884,14400730,1846,100,100,337,232,2516
21050895931069,MSFT,1738300,1738400,100,145,71,81,259,1355
21050895931069,TSLA,6390600,6392000,1400,357,544,421,458,1814
21061539133596,AAPL,3213100,3213700,600,86,39,123,250,1129
21061539133596,AMZN,18524781,18525970,1189,42,100,513,304,2090
21061539133596,GOOGL,14398884,14400730,1846,100,100,337,232,2518
21061539133596,MSFT,1738300,1738400,100,145,71,81,259,1356
21061539133596,TSLA,6390600,6392000,1400,357,534,421,459,1815
21070338666632,AAPL,3213100,3213700,600,86,39,123,250,1131
21070338666632,AMZN,18524781,18525970,1189,42,100,513,304,2090
21070338666632,GOOGL,14398884,14400730,1846,100,100,337,232,2521
21070338666632,MSFT,1738300,1738400,100,145,71,81,259,1357
21070338666632,TSLA,6390600,6392000,1400,357,478,422,457,1815
21086644404891,AAPL,3213100,3213700,600,86,39,123,250,1134
21086644404891,AMZN,18524781,18525970,1189,42,100,513,304,2092
21086644404891,GOOGL,14398884,14400730,1846,100,100,337,232,2523
21086644404891,MSFT,1738300,1738400,100,145,71,81,259,1364
21086644404891,TSLA,6390600,6392000,1400,357,478,422,456,1818
21090247755623,AAPL,3213100,3213700,600,86,39,123,250,1134
21090247755623,AMZN,18524781,18525970,1189,42,100,513,304,2092
21090247755623,GOOGL,14398884,14400730,1846,100,100,337,232,2524
21090247755623,MSFT,1738300,1738400,100,145,71,81,259,1363
21090247755623,TSLA,6390600,6392000,1400,357,478,422,456,1818
21102731773417,AAPL,3213100,3213700,600,86,39,123,250,1134
21102731773417,AMZN,18524781,18525970,1189,42,100,513,304,2092
21102731773417,GOOGL,14396000,14400730,4730,44,100,333,232,2520
21102731773417,MSFT,1738300,1738400,100,145,71,81,259,1365
21102731773417,TSLA,6390600,6392000,1400,326,478,422,456,1820
21110049873672,AAPL,3213100,3213700,600,86,39,123,248,1133
21110049873672,AMZN,18524780,18525985,1205,92,100,513,304,2092
21110049873672,GOOGL,14396000,14398047,2047,44,100,334,231,2529
21110049873672,MSFT,1738300,1738400,100,145,71,81,259,1366
21110049873672,TSLA,6391596,6393434,1838,100,100,423,412,1772
21120051182120,AAPL,3213100,3213700,600,86,39,123,248,1137
21120051182120,AMZN,18524780,18525985,1205,92,100,514,304,2091
21120051182120,GOOGL,14396000,14398016,2016,44,100,334,232,2536
21120051182120,MSFT,1738300,1738400,100,145,71,81,259,1366
21120051182120,TSLA,6394400,6394520,120,29,73,424,407,1771
21130186372166,AAPL,3213100,3213700,600,86,9,123,248,1138
21130186372166,AMZN,18524780,18525985,1205,92,100,514,304,2092
21130186372166,GOOGL,14396000,14398016,2016,44,100,334,232,2543
21130186372166,MSFT,1738300,1738400,100,145,71,81,259,1369
21130186372166,TSLA,6394400,6394541,141,29,70,424,403,1767
21140712794057,AAPL,3213100,3213800,700,86,24,123,248,1133
21140712794057,AMZN,18524780,18525985,1205,92,100,514,304,2093
21140712794057,GOOGL,14396000,14398016,2016,44,100,335,233,2552
21140712794057,MSFT,1738300,1738400,100,145,71,81,259,1370
21140712794057,TSLA,6394400,6395039,639,29,82,424,388,1756
21150034972865,AAPL,3213100,3213800,700,86,24,123,246,1131
21150034972865,AMZN,18524780,18525985,1205,92,100,514,304,2093
21150034972865,GOOGL,14396000,14398016,2016,44,100,336,233,2559
21150034972865,MSFT,1738300,1738400,100,145,56,81,259,1370
21150034972865,TSLA,6394400,6395107,707,29,79,426,388,1762
21160221999919,AAPL,3213100,3213800,700,86,24,123,246,1129
21160221999919,AMZN,18524780,18525985,1205,92,100,514,304,2094
21160221999919,GOOGL,14396000,14398016,2016,44,100,337,233,2562
21160221999919,MSFT,1738300,1738400,100,145,56,81,259,1370
21160221999919,TSLA,6394400,6395122,722,29,47,427,389,1766
21170289718971,AAPL,3213100,3213917,817,86,74,123,246,1131
21170289718971,AMZN,18524780,18525985,1205,92,100,514,304,2094
21170289718971,GOOGL,14394700,14396797,2097,29,100,336,232,2564
21170289718971,MSFT,1738300,1738400,100,145,56,81,259,1371
21170289718971,TSLA,6394400,6395130,730,29,1,427,389,1769
21181056480929,AAPL,3213100,3213917,817,86,74,123,248,1128
21181056480929,AMZN,18524780,18525985,1205,92,100,514,304,2094
21181056480929,GOOGL,14394700,14396726,2026,29,100,336,232,2567
21181056480929,MSFT,1738300,1738400,100,145,56,81,259,1373
21181056480929,TSLA,6394400,6395132,732,29,41,427,388,1768
21190885120123,AAPL,3213100,3213917,817,86,59,123,249,1128
21190885120123,AMZN,18524780,18525985,1205,92,100,514,304,2094
21190885120123,GOOGL,14394700,14396716,2016,29,100,337,231,2572
21190885120123,MSFT,1738300,1738400,100,145,56,81,259,1372
21190885120123,TSLA,6394400,6395132,732,29,41,427,389,1770
21200124790604,AAPL,3213100,3213917,817,86,34,123,248,1127
21200124790604,AMZN,18524780,18525985,1205,92,100,514,304,2095
21200124790604,GOOGL,14394700,14396716,2016,29,100,337,232,2583
21200124790604,MSFT,1738300,1738400,100,145,56,81,259,1371
21200124790604,TSLA,6399496,6400904,1408,100,84,428,366,1722
21210132820375,AAPL,3213100,3213917,817,86,19,123,248,1124
21210132820375,AMZN,18524780,18525985,1205,92,100,514,304,2095
21210132820375,GOOGL,14394700,14396716,2016,29,100,337,231,2594
21210132820375,MSFT,1738300,1738400,100,145,56,81,260,1371
21210132820375,TSLA,6400000,6400859,859,11,4,429,369,1725
21220689410092,AAPL,3213114,3213934,820,100,100,123,247,1129
21220689410092,AMZN,18524780,18525985,1205,92,100,514,304,2097
21220689410092,GOOGL,14394700,14396716,2016,29,100,338,230,2610
21220689410092,MSFT,1738300,1738400,100,145,41,81,260,1371
21220689410092,TSLA,6400000,6400873,873,11,13,427,370,1723
21230226810274,AAPL,3213114,3213934,820,100,100,123,247,1130
21230226810274,AMZN,18524780,18525985,1205,92,100,514,304,2097
21230226810274,GOOGL,14394700,14396716,2016,29,100,338,230,2613
21230226810274,MSFT,1738300,1738400,100,145,41,81,260,1371
21230226810274,TSLA,6400000,6400888,888,11,67,427,369,1724
21240230461240,AAPL,3213114,3213934,820,100,100,123,247,1132
21240230461240,AMZN,18524780,18525985,1205,92,100,514,304,2098
21240230461240,GOOGL,14394710,14396706,1996,100,100,338,230,2622
21240230461240,MSFT,1738300,1738400,100,145,41,81,259,1370
21240230461240,TSLA,6400000,6400904,904,11,47,427,368,1723
21250176137377,AAPL,3213114,3213934,820,100,100,123,247,1133
21250176137377,AMZN,18524780,18525985,1205,92,100,514,304,2098
21250176137377,GOOGL,14394710,14396716,2006,85,90,338,230,2626
21250176137377,MSFT,1738300,1738400,100,145,41,81,259,1369
21250176137377,TSLA,6400067,6401067,1000,100,100,427,370,1728
21260356595240,AAPL,3213114,3213934,820,100,100,123,247,1133
21260356595240,AMZN,18524780,18525985,1205,92,100,514,304,2099
21260356595240,GOOGL,14394710,14396716,2006,85,90,338,228,2625
21260356595240,MSFT,1738300,1738400,100,145,41,81,259,1369
21260356595240,TSLA,6400185,6400949,764,100,100,427,378,1740
21270199701414,AAPL,3213114,3213934,820,100,100,123,247,1133
21270199701414,AMZN,18524780,18525985,1205,92,100,514,304,2099
21270199701414,GOOGL,14394710,14396716,2006,85,90,338,228,2625
21270199701414,MSFT,1738300,1738400,100,145,41,81,259,1369
21270199701414,TSLA,6400200,6400934,734,100,100,427,381,1744
21280138574684,AAPL,3213600,3213949,349,20,69,124,247,1134
21280138574684,AMZN,18524780,18525985,1205,92,100,514,304,2100
21280138574684,GOOGL,14394710,14396716,2006,35,90,338,227,2622
21280138574684,MSFT,1738300,1738400,100,145,41,81,259,1371
21280138574684,TSLA,6400388,6400774,386,100,100,427,386,1753
21290221296619,AAPL,3213600,3213949,349,20,69,124,247,1134
21290221296619,AMZN,18524780,18525985,1205,92,100,514,304,2100
21290221296619,GOOGL,14394710,14396716,2006,35,90,338,226,2623
21290221296619,MSFT,1738300,1738400,100,145,41,81,259,1371
21290221296619,TSLA,6400545,6400645,100,100,100,427,388,1763
21300057830265,AAPL,3213600,3213949,349,20,69,124,247,1137
21300057830265,AMZN,18524780,18525985,1205,92,100,514,304,2100
21300057830265,GOOGL,14394710,14396716,2006,34,80,337,226,2624
21300057830265,MSFT,1738300,1738400,100,145,41,81,259,1370
21300057830265,TSLA,6400594,6400605,11,100,55,428,392,1770
21315142472998,AAPL,3213600,3213949,349,20,69,124,247,1137
21315142472998,AMZN,18524780,18525985,1205,92,100,514,304,2100
21315142472998,GOOGL,14394710,14396716,2006,18,80,337,226,2633
21315142472998,MSFT,1738300,1738400,100,145,41,81,260,1370
21315142472998,TSLA,6400594,6400615,21,100,78,428,391,1770
21320625550129,AAPL,3213600,3213949,349,20,69,124,247,1137
21320625550129,AMZN,18524780,18525985,1205,92,100,514,304,2100
21320625550129,GOOGL,14394710,14396716,2006,18,80,337,226,2632
21320625550129,MSFT,1738300,1738400,100,145,26,81,260,1370
21320625550129,TSLA,6400603,6400615,12,100,63,428,391,1771
21331452372845,AAPL,3213600,3213949,349,20,54,124,247,1137
21331452372845,AMZN,18524780,18525985,1205,92,100,514,304,2100
21331452372845,GOOGL,14394710,14396716,2006,18,80,336,226,2636
21331452372845,MSFT,1738300,1738400,100,145,26,81,260,1370
21331452372845,TSLA,6400604,6400615,11,100,41,428,391,1773
21341201755858,AAPL,3213600,3213949,349,20,54,124,247,1137
21341201755858,AMZN,18524780,18525985,1205,92,100,514,304,2100
21341201755858,GOOGL,14394710,14396716,2006,18,80,336,226,2641
21341201755858,MSFT,1738300,1738400,100,145,26,81,260,1370
21341201755858,TSLA,6400611,6400629,18,100,77,431,391,1777
21350429126125,AAPL,3213600,3213949,349,20,54,124,247,1141
21350429126125,AMZN,18524780,18525985,1205,92,100,514,304,2103
21350429126125,GOOGL,14394710,14396716,2006,18,55,337,225,2646
21350429126125,MSFT,1738300,1738400,100,145,26,81,259,1368
21350429126125,TSLA,6400634,6400645,11,100,17,431,391,1782
21360044318978,AAPL,3213600,3213949,349,20,24,124,247,1140
21360044318978,AMZN,18524780,18525985,1205,92,100,514,304,2104
21360044318978,GOOGL,14394400,14396571,2171,37,100,333,222,2668
21360044318978,MSFT,1738300,1738400,100,145,26,81,258,1368
21360044318978,TSLA,6400641,6400659,18,100,74,432,393,1786
21370142855104,AAPL,3213600,3213949,349,20,24,124,247,1140
21370142855104,AMZN,18524780,18525985,1205,92,100,514,304,2105
21370142855104,GOOGL,14394400,14396426,2026,22,100,333,221,2675
21370142855104,MSFT,1738300,1738400,100,145,26,81,258,1372
21370142855104,TSLA,6400648,6400659,11,100,59,432,393,1791
21380487767152,AAPL,3213600,3213949,349,20,24,124,246,1142
21380487767152,AMZN,18524780,18525985,1205,92,100,514,304,2105
21380487767152,GOOGL,14394415,14396411,1996,100,100,334,222,2682
21380487767152,MSFT,1738300,1738400,100,145,26,81,259,1375
21380487767152,TSLA,6400648,6400659,11,100,59,432,394,1796
21390079119268,AAPL,3213600,3213949,349,20,24,124,247,1148
21390079119268,AMZN,18524780,18525985,1205,92,100,515,304,2106
21390079119268,GOOGL,14394445,14396381,1936,100,100,334,222,2683
21390079119268,MSFT,1738300,1738400,100,145,26,81,259,1380
21390079119268,TSLA,6400648,6400659,11,100,59,432,395,1800
21401359527126,AAPL,3213600,3213949,349,20,9,124,247,1152
21401359527126,AMZN,18524780,18525985,1205,92,100,515,304,2106
21401359527126,GOOGL,14394445,14396396,1951,85,85,336,221,2695
21401359527126,MSFT,1738300,1738400,100,145,26,81,259,1381
21401359527126,TSLA,6400648,6400659,11,100,59,432,397,1803
21411674874842,AAPL,3213600,3213949,349,20,9,124,247,1158
21411674874842,AMZN,18524780,18525985,1205,92,100,515,304,2106
21411674874842,GOOGL,14394445,14396396,1951,85,70,335,221,2696
21411674874842,MSFT,1738300,1738400,100,145,26,81,259,1382
21411674874842,TSLA,6400648,6400659,11,100,59,432,398,1806
21420742226774,AAPL,3213600,3213949,349,20,9,126,249,1164
21420742226774,AMZN,18524780,18525985,1205,77,100,516,304,2112
21420742226774,GOOGL,14394445,14396396,1951,85,70,336,222,2707
21420742226774,MSFT,1738300,1738400,100,145,26,81,261,1383
21420742226774,TSLA,6400648,6400659,11,100,44,432,398,1807
21430229946158,AAPL,3213600,3213970,370,20,3,126,248,1162
21430229946158,AMZN,18524780,18525985,1205,77,100,516,304,2112
21430229946158,GOOGL,14394445,14396396,1951,85,70,336,222,2717
21430229946158,MSFT,1738300,1738400,100,145,26,81,261,1387
21430229946158,TSLA,6400648,6400659,11,100,29,432,398,1808
21440172274252,AAPL,3213600,3214000,400,20,78,126,247,1161
21440172274252,AMZN,18524780,18525985,1205,77,100,518,304,2116
21440172274252,GOOGL,14394445,14396396,1951,85,40,336,221,2722
21440172274252,MSFT,1738300,1738400,100,145,26,81,261,1392
21440172274252,TSLA,6400648,6400659,11,100,14,434,400,1817
21450600910809,AAPL,3213600,3214000,400,20,63,126,247,1161
21450600910809,AMZN,18524780,18525985,1205,62,100,520,305,2123
21450600910809,GOOGL,14394445,14396396,1951,70,40,336,220,2727
21450600910809,MSFT,1738300,1738400,100,145,26,81,263,1394
21450600910809,TSLA,6400735,6400774,39,100,70,436,399,1821
21460406158730,AAPL,3213600,3214000,400,20,63,126,247,1161
21460406158730,AMZN,18524780,18525985,1205,62,100,520,305,2123
21460406158730,GOOGL,14394445,14396396,1951,70,40,336,218,2728
21460406158730,MSFT,1738300,1738400,100,145,26,81,263,1396
21460406158730,TSLA,6400778,6400789,11,100,55,438,398,1829
21470739056871,AAPL,3213600,3214000,400,20,48,126,246,1160
21470739056871,AMZN,18524780,18525985,1205,62,100,521,305,2125
21470739056871,GOOGL,14394445,14396396,1951,70,40,336,217,2733
21470739056871,MSFT,1738300,1738400,100,145,26,81,263,1397
21470739056871,TSLA,6400794,6400805,11,100,24,440,399,1841
21480187264903,AAPL,3213600,3214000,400,20,18,125,245,1155
21480187264903,AMZN,18524779,18525988,1209,97,100,521,305,2125
21480187264903,GOOGL,14394445,14396396,1951,70,40,336,217,2746
21480187264903,MSFT,1738300,1738400,100,145,26,81,263,1400
21480187264903,TSLA,6400794,6400805,11,100,24,441,399,1856
21490852210153,AAPL,3213600,3214000,400,20,18,125,244,1154
21490852210153,AMZN,18524779,18525990,1211,47,100,523,305,2123
21490852210153,GOOGL,14394445,14396396,1951,70,40,336,217,2757
21490852210153,MSFT,1738300,1738400,100,145,26,81,263,1402
21490852210153,TSLA,6400809,6400820,11,100,46,440,401,1866
21500091114299,AAPL,3213600,3214100,500,20,33,125,243,1152
21500091114299,AMZN,18524779,18525990,1211,17,100,524,305,2122
21500091114299,GOOGL,14394445,14396396,1951,70,40,336,216,2764
21500091114299,MSFT,1738300,1738400,100,145,26,81,263,1402
21500091114299,TSLA,6400809,6400820,11,100,1,440,403,1870
21511955548143,AAPL,3213600,3214310,710,20,73,125,242,1149
21511955548143,AMZN,18524779,18525990,1211,17,100,527,305,2126
21511955548143,GOOGL,14394445,14396396,1951,60,40,336,216,2775
21511955548143,MSFT,1738300,1738400,100,145,26,81,263,1401
21511955548143,TSLA,6400823,6400834,11,100,42,441,404,1876
21520885024845,AAPL,3213600,3214353,753,20,83,125,241,1148
21520885024845,AMZN,18524779,18525990,1211,2,100,528,305,2125
21520885024845,GOOGL,14394445,14396396,1951,60,25,336,216,2787
21520885024845,MSFT,1738300,1738400,100,145,26,81,264,1402
21520885024845,TSLA,6400823,6400834,11,100,42,441,404,1880
21530179789500,AAPL,3213600,3214353,753,20,68,125,242,1149
21530179789500,AMZN,18524778,18526003,1225,87,100,528,305,2125
21530179789500,GOOGL,14394445,14396396,1951,45,25,336,215,2796
21530179789500,MSFT,1738300,1738400,100,140,26,81,265,1403
21530179789500,TSLA,6400823,6400834,11,100,42,441,405,1885
21540689231792,AAPL,3213600,3214000,400,20,15,125,242,1150
21540689231792,AMZN,18524778,18526009,1231,87,100,528,305,2126
21540689231792,GOOGL,14394445,14396396,1951,45,10,336,214,2808
21540689231792,MSFT,1738300,1738400,100,140,26,81,265,1404
21540689231792,TSLA,6400823,6400834,11,100,42,441,405,1892
21550129012099,AAPL,3213600,3214271,671,20,100,125,241,1149
21550129012099,AMZN,18524778,18526009,1231,87,100,528,305,2126
21550129012099,GOOGL,14394461,14396387,1926,100,100,336,214,2811
21550129012099,MSFT,1738300,1738400,100,140,26,81,265,1404
21550129012099,TSLA,6400823,6400834,11,100,42,441,405,1893
21560311477349,AAPL,3213600,3214316,716,20,100,125,241,1150
21560311477349,AMZN,18524778,18526009,1231,87,100,528,305,2126
21560311477349,GOOGL,14394461,14396402,1941,85,70,337,214,2818
21560311477349,MSFT,1738300,1738400,100,140,26,81,265,1404
21560311477349,TSLA,6400823,6400834,11,100,42,441,405,1894
21570487212859,AAPL,3213652,3214264,612,100,100,125,243,1152
21570487212859,AMZN,18524778,18526015,1237,87,100,528,305,2128
21570487212859,GOOGL,14394461,14396402,1941,35,70,337,210,2829
21570487212859,MSFT,1738300,1738400,100,140,26,81,265,1405
21570487212859,TSLA,6400823,6400834,11,100,42,441,405,1899
21580189161669,AAPL,3213652,3214264,612,100,100,125,243,1152
21580189161669,AMZN,18524778,18526015,1237,87,100,527,305,2132
21580189161669,GOOGL,14394461,14396402,1941,20,70,337,210,2836
21580189161669,MSFT,1738300,1738400,100,140,26,81,265,1405
21580189161669,TSLA,6400823,6400834,11,100,27,440,407,1906
21590025543430,AAPL,3213652,3214264,612,100,100,125,243,1152
21590025543430,AMZN,18524778,18526015,1237,87,100,527,305,2132
21590025543430,GOOGL,14394461,14396402,1941,20,70,337,210,2845
21590025543430,MSFT,1738300,1738400,100,140,26,81,266,1407
21590025543430,TSLA,6400938,6400949,11,100,33,440,406,1906
21600016986133,AAPL,3213652,3214264,612,100,100,125,243,1154
21600016986133,AMZN,18524777,18526030,1253,77,100,531,305,2134
21600016986133,GOOGL,14394461,14396402,1941,20,70,337,209,2854
21600016986133,MSFT,1738200,1738400,200,87,26,80,268,1410
21600016986133,TSLA,6400953,6400964,11,100,42,441,405,1907
21612351373129,AAPL,3213652,3214264,612,100,100,125,243,1155
21612351373129,AMZN,18524776,18526035,1259,57,100,531,304,2131
21612351373129,GOOGL,14394461,14396402,1941,20,70,337,209,2862
21612351373129,MSFT,1738200,1738400,200,87,26,80,268,1411
21612351373129,TSLA,6400953,6400964,11,100,27,441,406,1907
21620253733955,AAPL,3213717,3214199,482,100,100,125,245,1155
21620253733955,AMZN,18524775,18526120,1345,12,100,532,304,2129
21620253733955,GOOGL,14394461,14396402,1941,20,70,337,209,2871
21620253733955,MSFT,1738200,1738400,200,87,26,80,268,1418
21620253733955,TSLA,6400953,6400964,11,100,27,443,406,1910
21630517127200,AAPL,3213732,3214184,452,100,100,125,245,1156
21630517127200,AMZN,18524775,18526120,1345,12,100,534,303,2128
21630517127200,GOOGL,14394461,14396402,1941,20,70,337,209,2873
21630517127200,MSFT,1738200,1738400,200,87,26,80,268,1426
21630517127200,TSLA,6400953,6400964,11,100,27,443,406,1912
21640537367294,AAPL,3213787,3214129,342,100,100,125,249,1159
21640537367294,AMZN,18524775,18526120,1345,12,100,535,302,2127
21640537367294,GOOGL,14394461,14396402,1941,20,70,337,209,2882
21640537367294,MSFT,1738200,1738400,200,67,26,80,268,1434
21640537367294,TSLA,6400953,6400964,11,100,27,443,408,1918
21650797336157,AAPL,3213787,3214129,342,100,100,125,249,1159
21650797336157,AMZN,18524775,18526120,1345,12,100,534,302,2129
21650797336157,GOOGL,14394461,14396402,1941,20,70,336,208,2883
21650797336157,MSFT,1738200,1738400,200,67,26,80,268,1440
21650797336157,TSLA,6400953,6400964,11,100,27,445,408,1922
21660047264645,AAPL,3213787,3214129,342,100,100,125,248,1158
21660047264645,AMZN,18524775,18526120,1345,12,100,535,302,2129
21660047264645,GOOGL,14394461,14396402,1941,20,70,336,208,2888
21660047264645,MSFT,1738200,1738400,200,67,26,80,268,1449
21660047264645,TSLA,6400953,6400964,11,100,27,446,407,1923
21670780133510,AAPL,3213817,3214099,282,100,100,125,248,1159
21670780133510,AMZN,18524775,18526120,1345,12,100,535,301,2126
21670780133510,GOOGL,14394461,14396402,1941,20,70,336,208,2890
21670780133510,MSFT,1738200,1738400,200,67,26,80,269,1455
21670780133510,TSLA,6400953,6400964,11,5,27,449,407,1936
21680901155192,AAPL,3213817,3214099,282,100,100,125,248,1159
21680901155192,AMZN,18524775,18526120,1345,12,100,535,300,2122
21680901155192,GOOGL,14394461,14396402,1941,20,70,336,208,2891
21680901155192,MSFT,1738200,1738400,200,67,26,80,269,1469
21680901155192,TSLA,6400953,6400964,11,5,27,449,408,1941
21690548418151,AAPL,3213817,3214099,282,100,100,125,248,1159
21690548418151,AMZN,18524775,18526120,1345,12,100,535,300,2125
21690548418151,GOOGL,14394461,14396402,1941,20,70,336,208,2892
21690548418151,MSFT,1738200,1738400,200,67,26,80,269,1479
21690548418151,TSLA,6400953,6400964,11,5,27,449,409,1942
21700182490785,AAPL,3213817,3214099,282,100,100,125,248,1159
21700182490785,AMZN,18524774,18526195,1421,12,100,535,299,2122
21700182490785,GOOGL,14394461,14396402,1941,20,70,336,208,2894
21700182490785,MSFT,1738200,1738400,200,47,26,80,270,1485
21700182490785,TSLA,6400953,6400964,11,5,27,449,409,1945
21710781848256,AAPL,3213817,3214099,282,100,100,125,248,1159
21710781848256,AMZN,18524773,18526220,1447,62,100,536,299,2121
21710781848256,GOOGL,14394461,14396402,1941,20,70,336,208,2896
21710781848256,MSFT,1738200,1738400,200,47,26,80,270,1490
21710781848256,TSLA,6400953,6400964,11,5,27,449,410,1952
21720107044199,AAPL,3213817,3214099,282,100,100,125,248,1159
21720107044199,AMZN,18524773,18526220,1447,62,100,536,299,2119
21720107044199,GOOGL,14394461,14396402,1941,5,70,336,208,2902
21720107044199,MSFT,1738200,1738400,200,47,26,80,270,1490
21720107044199,TSLA,6400953,6400964,11,5,27,450,411,1958
21730236977202,AAPL,3213867,3214049,182,100,100,125,249,1160
21730236977202,AMZN,18524772,18526225,1453,82,100,539,299,2120
21730236977202,GOOGL,14394461,14396402,1941,5,70,336,207,2909
21730236977202,MSFT,1738200,1738400,200,47,26,80,271,1492
21730236977202,TSLA,6400953,6400964,11,4,12,450,412,1967
21740368371760,AAPL,3213867,3214049,182,100,100,125,249,1160
21740368371760,AMZN,18524772,18526225,1453,67,100,539,299,2119
21740368371760,GOOGL,14394461,14396402,1941,5,70,336,207,2913
21740368371760,MSFT,1738200,1738400,200,47,26,80,271,1498
21740368371760,TSLA,6400953,6400964,11,4,12,450,414,1983
21750224937519,AAPL,3213867,3214049,182,93,100,125,249,1158
21750224937519,AMZN,18524772,18526225,1453,52,100,539,301,2122
21750224937519,GOOGL,14394461,14396402,1941,5,70,336,206,2913
21750224937519,MSFT,1738200,1738400,200,47,26,80,271,1501
21750224937519,TSLA,6400858,6400964,106,64,12,450,414,1985
21760979369472,AAPL,3213867,3214061,194,63,100,126,249,1160
21760979369472,AMZN,18524772,18526225,1453,7,100,541,300,2131
21760979369472,GOOGL,14394461,14396402,1941,5,70,337,206,2919
21760979369472,MSFT,1738200,1738400,200,47,26,80,271,1503
21760979369472,TSLA,6400858,6400964,106,64,12,450,416,1989
21770323499113,AAPL,3213867,3214062,195,63,100,126,249,1159
21770323499113,AMZN,18524772,18526225,1453,7,100,541,301,2137
21770323499113,GOOGL,14394461,14396402,1941,5,70,337,206,2922
21770323499113,MSFT,1738200,1738400,200,47,26,80,274,1511
21770323499113,TSLA,6400858,6400964,106,64,12,450,417,1989
21780059203480,AAPL,3213867,3214062,195,33,100,126,249,1157
21780059203480,AMZN,18524772,18526225,1453,7,100,541,301,2139
21780059203480,GOOGL,14394461,14396402,1941,5,70,337,206,2927
21780059203480,MSFT,1738200,1738400,200,47,26,80,274,1515
21780059203480,TSLA,6400858,6400964,106,64,12,450,420,1993
21790268604009,AAPL,3213916,3214042,126,70,100,127,250,1160
21790268604009,AMZN,18524772,18526225,1453,7,100,541,301,2141
21790268604009,GOOGL,14394461,14396402,1941,5,70,337,206,2933
21790268604009,MSFT,1738000,1738400,400,47,26,78,274,1518
21790268604009,TSLA,6400858,6400994,136,59,32,450,419,1998
21801277834706,AAPL,3213916,3214062,146,40,50,129,251,1164
21801277834706,AMZN,18524772,18526225,1453,7,100,541,301,2142
21801277834706,GOOGL,14394461,14396402,1941,5,70,337,206,2933
21801277834706,MSFT,1738000,1738400,400,47,26,78,274,1520
21801277834706,TSLA,6400858,6400994,136,59,32,450,418,2006
21810090856237,AAPL,3213916,3214062,146,10,50,129,251,1165
21810090856237,AMZN,18524772,18526225,1453,7,100,541,301,2145
21810090856237,GOOGL,14394461,14396402,1941,5,70,337,206,2935
21810090856237,MSFT,1737800,1738400,600,660,26,77,274,1520
21810090856237,TSLA,6400858,6400994,136,59,32,451,417,2009
21821277734833,AAPL,3213856,3213900,44,63,30,127,253,1168
21821277734833,AMZN,18524772,18526225,1453,7,100,541,300,2143
21821277734833,GOOGL,14394461,14396402,1941,5,70,339,210,2945
21821277734833,MSFT,1737800,1738400,600,654,26,77,274,1527
21821277734833,TSLA,6400858,6400994,136,59,17,451,417,2012
21831953547373,AAPL,3213856,3213900,44,63,30,127,253,1169
21831953547373,AMZN,18524772,18526225,1453,7,100,540,301,2145
21831953547373,GOOGL,14394461,14396402,1941,5,40,340,211,2948
21831953547373,MSFT,1737800,1738400,600,654,26,77,274,1528
21831953547373,TSLA,6400858,6401008,150,59,73,451,419,2017
21840111105275,AAPL,3213856,3213900,44,63,30,127,253,1169
21840111105275,AMZN,18524772,18526225,1453,7,100,540,302,2152
21840111105275,GOOGL,14394453,14396402,1949,90,40,340,214,2952
21840111105275,MSFT,1737800,1738400,600,654,26,77,276,1528
21840111105275,TSLA,6400858,6401008,150,59,73,451,420,2015
21850040457092,AAPL,3213856,3213900,44,63,30,127,254,1171
21850040457092,AMZN,18524771,18526240,1469,92,100,540,302,2158
21850040457092,GOOGL,14394453,14396200,1747,25,50,340,219,2967
21850040457092,MSFT,1737800,1738500,700,560,116,77,278,1520
21850040457092,TSLA,6400858,6401008,150,59,43,451,420,2021
21860848481782,AAPL,3213856,3213993,137,63,71,128,260,1175
21860848481782,AMZN,18524771,18526240,1469,92,100,540,303,2163
21860848481782,GOOGL,14394445,14395700,1255,33,26,348,224,2994
21860848481782,MSFT,1737800,1738500,700,560,116,77,278,1518
21860848481782,TSLA,6400858,6401008,150,59,28,452,421,2027
21870055247582,AAPL,3213856,3213993,137,63,56,128,262,1176
21870055247582,AMZN,18524771,18526240,1469,92,100,540,303,2163
21870055247582,GOOGL,14395200,14395300,100,8,84,353,225,3003
21870055247582,MSFT,1737800,1738500,700,548,116,77,278,1517
21870055247582,TSLA,6400858,6401024,166,59,82,454,420,2035
21880076118627,AAPL,3213856,3213993,137,63,56,128,265,1177
21880076118627,AMZN,18524771,18526240,1469,92,100,542,304,2169
21880076118627,GOOGL,14395200,14395300,100,8,84,355,227,3012
21880076118627,MSFT,1737800,1738400,600,548,100,77,279,1519
21880076118627,TSLA,6400858,6401024,166,59,52,453,421,2039
21890180052472,AAPL,3213856,3214032,176,63,93,127,271,1178
21890180052472,AMZN,18524771,18526240,1469,74,100,545,306,2175
21890180052472,GOOGL,14383700,14385748,2048,269,100,358,240,3047
21890180052472,MSFT,1737800,1738400,600,548,100,77,282,1519
21890180052472,TSLA,6400858,6401038,180,59,28,453,423,2037
21900561320621,AAPL,3213843,3214032,189,66,59,127,273,1179
21900561320621,AMZN,18524771,18526240,1469,74,100,545,306,2175
21900561320621,GOOGL,14383700,14385748,2048,250,100,359,244,3064
21900561320621,MSFT,1737800,1738400,600,548,100,77,285,1521
21900561320621,TSLA,6400858,6401038,180,59,6,453,424,2037
21910483110170,AAPL,3213843,3214032,189,66,37,127,273,1179
21910483110170,AMZN,18524771,18526240,1469,59,100,546,306,2175
21910483110170,GOOGL,14383700,14385748,2048,250,100,360,245,3077
21910483110170,MSFT,1737800,1738400,600,548,100,77,289,1522
21910483110170,TSLA,6400318,6400600,282,79,15,449,430,2042
21920044119567,AAPL,3213843,3214032,189,66,37,127,275,1181
21920044119567,AMZN,18524771,18526240,1469,44,100,548,306,2179
21920044119567,GOOGL,14383700,14385748,2048,250,100,363,249,3111
21920044119567,MSFT,1737800,1738400,600,548,100,77,296,1525
21920044119567,TSLA,6400318,6400747,429,79,65,450,432,2047
21930121045986,AAPL,3213808,3214062,254,46,43,127,273,1179
21930121045986,AMZN,18524771,18526240,1469,19,100,550,306,2181
21930121045986,GOOGL,14383700,14385748,2048,250,100,368,253,3134
21930121045986,MSFT,1737800,1738400,600,548,100,78,299,1529
21930121045986,TSLA,6400318,6400747,429,79,50,450,433,2051
21940051212209,AAPL,3213808,3214062,254,46,43,128,272,1179
21940051212209,AMZN,18524771,18526240,1469,19,100,550,306,2181
21940051212209,GOOGL,14383700,14385748,2048,235,100,372,255,3155
21940051212209,MSFT,1737800,1738400,600,548,100,78,300,1529
21940051212209,TSLA,6400000,6400702,702,237,85,449,433,2051
21950124855409,AAPL,3213808,3214062,254,16,43,128,272,1180
21950124855409,AMZN,18524771,18526240,1469,19,100,550,306,2181
21950124855409,GOOGL,14383700,14385748,2048,235,100,374,255,3165
21950124855409,MSFT,1737800,1738400,600,548,100,78,300,1532
21950124855409,TSLA,6400000,6400702,702,237,70,449,433,2053
21960014961409,AAPL,3213772,3214062,290,56,43,128,272,1180
21960014961409,AMZN,18524771,18526240,1469,4,100,552,306,2183
21960014961409,GOOGL,14383700,14385748,2048,235,100,379,257,3178
21960014961409,MSFT,1737800,1738400,600,512,100,78,300,1534
21960014961409,TSLA,6400000,6400702,702,237,44,450,437,2065
21970819413042,AAPL,3213740,3214062,322,66,30,128,272,1181
21970819413042,AMZN,18524771,18526240,1469,4,100,551,307,2184
21970819413042,GOOGL,14383700,14385748,2048,235,100,386,262,3213
21970819413042,MSFT,1737800,1738400,600,512,100,78,301,1539
21970819413042,TSLA,6400500,6400747,247,23,20,455,438,2072
21981111990381,AAPL,3213740,3214062,322,66,15,127,273,1179
21981111990381,AMZN,18524771,18526240,1469,4,100,551,307,2185
21981111990381,GOOGL,14383700,14385748,2048,235,100,390,263,3230
21981111990381,MSFT,1737800,1738400,600,512,100,78,302,1543
21981111990381,TSLA,6400500,6400762,262,23,59,455,439,2076
21991185801029,AAPL,3213720,3214062,342,76,15,127,273,1179
21991185801029,AMZN,18524771,18526240,1469,4,100,551,308,2186
21991185801029,GOOGL,14383700,14385748,2048,235,100,392,264,3239
21991185801029,MSFT,1737800,1738400,600,512,100,78,306,1546
21991185801029,TSLA,6400500,6400762,262,23,44,456,441,2082
22000683488001,AAPL,3213686,3214062,376,86,15,127,274,1179
22000683488001,AMZN,18524771,18526240,1469,4,100,551,308,2187
22000683488001,GOOGL,14383700,14385748,2048,235,100,396,264,3250
22000683488001,MSFT,1737800,1738400,600,512,100,78,307,1546
22000683488001,TSLA,6400500,6400762,262,17,9,456,444,2091
22010169699315,AAPL,3213655,3214062,407,96,15,127,274,1179
22010169699315,AMZN,18524771,18526240,1469,4,100,551,308,2187
22010169699315,GOOGL,14383700,14385748,2048,235,100,397,264,3260
22010169699315,MSFT,1737800,1738400,600,512,100,78,307,1547
22010169699315,TSLA,6400500,6401045,545,17,64,456,446,2095
22020972905697,AAPL,3213655,3214096,441,66,100,127,275,1180
22020972905697,AMZN,18524771,18526240,1469,4,100,551,308,2187
22020972905697,GOOGL,14383700,14385748,2048,235,100,399,264,3267
22020972905697,MSFT,1737800,1738400,600,512,100,78,309,1551
22020972905697,TSLA,6400500,6401053,553,17,30,455,454,2103
22030414252203,AAPL,3213654,3214099,445,76,50,127,274,1179
22030414252203,AMZN,18524770,18526261,1491,59,100,552,308,2186
22030414252203,GOOGL,14383700,14385748,2048,235,100,399,264,3269
22030414252203,MSFT,1737800,1738400,600,512,100,78,309,1551
22030414252203,TSLA,6400500,6401053,553,17,30,456,454,2116
22040337592404,AAPL,3213629,3214099,470,86,50,127,273,1178
22040337592404,AMZN,18524770,18526261,1491,59,100,552,308,2186
22040337592404,GOOGL,14383700,14385748,2048,235,100,400,264,3275
22040337592404,MSFT,1737800,1738400,600,512,100,78,309,1551
22040337592404,TSLA,6400500,6401053,553,17,30,457,454,2123
22050175179682,AAPL,3213629,3214099,470,56,50,127,273,1178
22050175179682,AMZN,18524770,18526261,1491,44,100,552,308,2186
22050175179682,GOOGL,14383700,14385748,2048,235,100,400,264,3284
22050175179682,MSFT,1737800,1738400,600,512,100,78,310,1552
22050175179682,TSLA,6400500,6401053,553,17,15,457,455,2125
22060294552316,AAPL,3213629,3214099,470,56,50,127,275,1179
22060294552316,AMZN,18524770,18526261,1491,44,100,553,312,2193
22060294552316,GOOGL,14383700,14385748,2048,235,100,401,266,3295
22060294552316,MSFT,1737800,1738400,600,512,100,78,310,1553
22060294552316,TSLA,6400500,6401067,567,17,66,458,455,2128
22070034153887,AAPL,3213603,3214099,496,96,50,127,276,1179
22070034153887,AMZN,18524769,18526262,1493,69,100,557,312,2196
22070034153887,GOOGL,14383700,14385748,2048,235,100,401,266,3300
22070034153887,MSFT,1737800,1738400,600,512,100,78,310,1553
22070034153887,TSLA,6400500,6401067,567,17,66,458,455,2131
22080413460932,AAPL,3213603,3214099,496,96,35,127,278,1184
22080413460932,AMZN,18524769,18526262,1493,54,100,561,312,2202
22080413460932,GOOGL,14383700,14385748,2048,220,100,406,267,3310
22080413460932,MSFT,1737800,1738400,600,512,100,78,309,1551
22080413460932,TSLA,6400500,6401067,567,17,36,460,456,2137
22091472292138,AAPL,3213586,3214099,513,96,20,125,278,1182
22091472292138,AMZN,18524769,18526262,1493,39,100,561,312,2200
22091472292138,GOOGL,14383700,14385748,2048,220,100,406,267,3314
22091472292138,MSFT,1737800,1738400,600,512,100,78,309,1551
22091472292138,TSLA,6400500,6401067,567,17,36,460,459,2146
22100256057372,AAPL,3213586,3214099,513,36,5,125,276,1180
22100256057372,AMZN,18524769,18526262,1493,24,100,561,312,2200
22100256057372,GOOGL,14383700,14385748,2048,220,100,407,267,3321
22100256057372,MSFT,1737800,1738400,600,512,100,78,311,1554
22100256057372,TSLA,6400500,6401081,581,17,7,461,460,2151
22110177858685,AAPL,3213573,3214114,541,76,75,125,275,1180
22110177858685,AMZN,18524769,18526262,1493,9,100,561,312,2200
22110177858685,GOOGL,14383700,14385748,2048,220,100,409,268,3329
22110177858685,MSFT,1737800,1738400,600,512,100,78,315,1557
22110177858685,TSLA,6400500,6401134,634,17,5,461,466,2157
22120348915822,AAPL,3213573,3214114,541,46,45,127,279,1186
22120348915822,AMZN,18524768,18526268,1500,94,100,564,312,2203
22120348915822,GOOGL,14383700,14385748,2048,220,100,412,268,3340
22120348915822,MSFT,1737800,1738400,600,512,100,78,315,1556
22120348915822,TSLA,6400500,6401225,725,17,90,461,467,2160
22130218419535,AAPL,3213550,3214114,564,56,45,127,279,1187
22130218419535,AMZN,18524768,18526273,1505,79,100,564,311,2199
22130218419535,GOOGL,14383700,14385748,2048,190,100,411,267,3344
22130218419535,MSFT,1737800,1738000,200,512,300,78,316,1559
22130218419535,TSLA,6402502,6403098,596,100,100,464,453,2130
22141275205977,AAPL,3213525,3214114,589,56,45,129,279,1189
22141275205977,AMZN,18524768,18526273,1505,79,100,564,311,2198
22141275205977,GOOGL,14383700,14385748,2048,190,100,411,267,3344
22141275205977,MSFT,1737800,1738000,200,512,300,78,316,1561
22141275205977,TSLA,6402502,6403098,596,100,100,466,452,2136
22152499669270,AAPL,3213525,3214114,589,56,45,129,279,1188
22152499669270,AMZN,18524768,18526273,1505,79,100,567,312,2202
22152499669270,GOOGL,14383700,14385748,2048,190,100,411,267,3345
22152499669270,MSFT,1737800,1738000,200,512,300,78,316,1561
22152499669270,TSLA,6402552,6403048,496,100,100,470,453,2145
22160866959219,AAPL,3213525,3214114,589,26,45,130,281,1191
22160866959219,AMZN,18524768,18526273,1505,79,100,567,312,2201
22160866959219,GOOGL,14383700,14385748,2048,190,100,411,267,3350
22160866959219,MSFT,1737800,1738000,200,512,300,78,316,1561
22160866959219,TSLA,6402552,6403048,496,100,100,471,452,2159
22170697918919,AAPL,3213525,3214114,589,26,45,130,281,1191
22170697918919,AMZN,18524768,18526273,1505,79,100,566,312,2200
22170697918919,GOOGL,14383700,14385748,2048,190,100,412,267,3357
22170697918919,MSFT,1737800,1738000,200,512,300,78,318,1565
22170697918919,TSLA,6402642,6402958,316,100,100,473,463,2176
22180426949722,AAPL,3213525,3214129,604,26,85,130,284,1192
22180426949722,AMZN,18524768,18526273,1505,24,100,567,312,2200
22180426949722,GOOGL,14383700,14385748,2048,190,100,415,268,3370
22180426949722,MSFT,1737800,1738000,200,512,300,78,319,1569
22180426949722,TSLA,6402672,6402928,256,100,100,474,465,2184
22190188748934,AAPL,3213476,3214129,653,96,85,130,285,1193
22190188748934,AMZN,18524768,18526273,1505,9,100,568,315,2203
22190188748934,GOOGL,14383700,14385748,2048,190,100,415,272,3380
22190188748934,MSFT,1737800,1738000,200,512,300,78,319,1570
22190188748934,TSLA,6402766,6402834,68,100,100,474,471,2200
22200163538542,AAPL,3213476,3214129,653,96,70,130,286,1195
22200163538542,AMZN,18524768,18526273,1505,9,100,568,315,2203
22200163538542,GOOGL,14383700,14385748,2048,190,100,415,273,3392
22200163538542,MSFT,1737800,1738000,200,512,300,78,320,1568
22200163538542,TSLA,6402808,6402819,11,100,40,474,475,2205
22210728399148,AAPL,3213476,3214129,653,96,70,130,286,1198
22210728399148,AMZN,18524768,18526273,1505,9,100,568,316,2203
22210728399148,GOOGL,14383700,14385748,2048,190,100,415,274,3401
22210728399148,MSFT,1737800,1738000,200,512,300,78,320,1566
22210728399148,TSLA,6402808,6402819,11,100,21,476,477,2211
22221114242976,AAPL,3213476,3214129,653,96,70,130,286,1198
22221114242976,AMZN,18524768,18526273,1505,9,100,570,317,2205
22221114242976,GOOGL,14383700,14385748,2048,175,100,416,274,3410
22221114242976,MSFT,1737800,1738000,200,512,300,78,320,1566
22221114242976,TSLA,6402816,6402834,18,100,76,476,476,2212
22230780639002,AAPL,3213447,3214129,682,76,70,129,286,1197
22230780639002,AMZN,18524767,18526344,1577,59,100,570,318,2207
22230780639002,GOOGL,14383700,14385748,2048,175,100,416,274,3416
22230780639002,MSFT,1737800,1738000,200,312,300,78,322,1565
22230780639002,TSLA,6402822,6402834,12,100,76,476,476,2210
22240595807484,AAPL,3213447,3214129,682,46,70,130,286,1199
22240595807484,AMZN,18524767,18526352,1585,59,100,570,320,2209
22240595807484,GOOGL,14383700,14385748,2048,175,100,416,274,3419
22240595807484,MSFT,1737800,1738000,200,312,300,78,322,1566
22240595807484,TSLA,6402823,6402834,11,100,76,476,477,2214
22250180875004,AAPL,3213447,3214129,682,46,70,131,286,1200
22250180875004,AMZN,18524766,18526370,1604,69,100,570,321,2211
22250180875004,GOOGL,14383750,14385698,1948,100,100,418,275,3427
22250180875004,MSFT,1737800,1738000,200,312,300,78,324,1567
22250180875004,TSLA,6402823,6402834,11,100,61,476,479,2220
22260058550085,AAPL,3213409,3214129,720,9,55,131,287,1201
22260058550085,AMZN,18524766,18526375,1609,9,100,573,322,2215
22260058550085,GOOGL,14383750,14385698,1948,100,100,422,275,3437
22260058550085,MSFT,1737800,1738000,200,312,300,78,327,1570
22260058550085,TSLA,6402823,6402834,11,100,15,476,483,2226
22270562769684,AAPL,3213359,3214129,770,79,10,130,290,1200
22270562769684,AMZN,18524765,18526396,1631,9,100,575,325,2220
22270562769684,GOOGL,14383750,14385698,1948,100,100,422,275,3441
22270562769684,MSFT,1737800,1738000,200,312,300,78,329,1568
22270562769684,TSLA,6402872,6402884,12,100,50,476,484,2230
22281208767363,AAPL,3213313,3214129,816,29,10,131,290,1200
22281208767363,AMZN,18524605,18526100,1495,94,40,576,330,2228
22281208767363,GOOGL,14383750,14385698,1948,100,100,422,275,3448
22281208767363,MSFT,1737800,1738000,200,312,300,78,330,1566
22281208767363,TSLA,6402888,6402899,11,100,25,478,484,2235
22290045215940,AAPL,3213286,3214144,858,69,80,131,289,1201
22290045215940,AMZN,18524605,18525900,1295,49,20,577,331,2231
22290045215940,GOOGL,14383750,14385727,1977,85,100,425,276,3458
22290045215940,MSFT,1737800,1738000,200,312,300,78,331,1567
22290045215940,TSLA,6402902,6402913,11,100,59,478,485,2240
22300370975028,AAPL,3213244,3214144,900,89,80,131,289,1205
22300370975028,AMZN,18524605,18525900,1295,29,20,579,332,2237
22300370975028,GOOGL,14383750,14385727,1977,85,100,426,275,3458
22300370975028,MSFT,1737800,1738000,200,312,300,78,331,1566
22300370975028,TSLA,6402902,6402913,11,100,29,480,486,2249
22310040940064,AAPL,3213244,3214144,900,89,65,133,291,1210
22310040940064,AMZN,18524419,18525900,1481,54,20,587,334,2243
22310040940064,GOOGL,14383750,14385727,1977,55,100,430,276,3469
22310040940064,MSFT,1737800,1738000,200,312,300,78,333,1569
22310040940064,TSLA,6402917,6402928,11,100,69,483,489,2265
22320425489583,AAPL,3213244,3214144,900,89,20,132,294,1212
22320425489583,AMZN,18524419,18525900,1481,39,20,588,336,2245
22320425489583,GOOGL,14384900,14385748,848,15,50,435,276,3478
22320425489583,MSFT,1737800,1738000,200,312,300,78,335,1572
22320425489583,TSLA,6402917,6402928,11,100,24,483,491,2271
22330114739934,AAPL,3213244,3214144,900,59,5,132,294,1212
22330114739934,AMZN,18524419,18525900,1481,24,20,588,336,2247
22330114739934,GOOGL,14384900,14385000,100,30,15,436,277,3490
22330114739934,MSFT,1737800,1738000,200,312,300,78,335,1572
22330114739934,TSLA,6402932,6402943,11,100,79,484,491,2282
22340284781444,AAPL,3213244,3214144,900,59,5,132,295,1214
22340284781444,AMZN,18524419,18525900,1481,24,20,588,337,2248
22340284781444,GOOGL,14383750,14385000,1250,25,15,435,278,3493
22340284781444,MSFT,1737800,1738000,200,312,300,78,335,1572
22340284781444,TSLA,6402932,6402943,11,100,63,484,492,2288
22350222664817,AAPL,3213244,3214144,900,59,5,132,295,1214
22350222664817,AMZN,18524419,18525900,1481,24,20,588,338,2249
22350222664817,GOOGL,14383750,14385400,1650,25,15,435,278,3494
22350222664817,MSFT,1737800,1738000,200,312,300,78,335,1572
22350222664817,TSLA,6402932,6402943,11,100,63,486,492,2299
22360541298816,AAPL,3213244,3214144,900,59,5,133,295,1214
22360541298816,AMZN,18524419,18525900,1481,24,20,588,340,2251
22360541298816,GOOGL,14383750,14385500,1750,25,15,434,278,3496
22360541298816,MSFT,1737800,1738000,200,312,300,78,335,1571
22360541298816,TSLA,6402932,6402943,11,100,63,487,493,2312
22370107284453,AAPL,3213237,3214139,902,100,100,134,297,1219
22370107284453,AMZN,18524419,18524900,481,24,20,588,342,2253
22370107284453,GOOGL,14383756,14385500,1744,85,15,435,278,3504
22370107284453,MSFT,1737800,1738000,200,312,300,78,335,1571
22370107284453,TSLA,6402944,6402958,14,100,76,489,492,2312
22380172079857,AAPL,3213237,3214154,917,70,85,136,297,1220
22380172079857,AMZN,18524419,18524900,481,24,20,588,344,2259
22380172079857,GOOGL,14385200,14385700,500,15,15,436,279,3514
22380172079857,MSFT,1737800,1738000,200,312,300,78,335,1570
22380172079857,TSLA,6404704,6405300,596,100,100,491,484,2302
22391026347228,AAPL,3213219,3214154,935,79,85,135,297,1219
22391026347228,AMZN,18524419,18524900,481,24,20,588,345,2262
22391026347228,GOOGL,14384105,14385748,1643,55,35,437,279,3525
22391026347228,MSFT,1737800,1738000,200,312,300,78,337,1571
22391026347228,TSLA,6405346,6405400,54,100,481,492,483,2303
22400585329798,AAPL,3213219,3214154,935,79,85,135,298,1220
22400585329798,AMZN,18524419,18524900,481,9,20,591,347,2265
22400585329798,GOOGL,14384105,14385748,1643,40,35,437,279,3537
22400585329798,MSFT,1737800,1738000,200,312,300,78,338,1571
22400585329798,TSLA,6405389,6405400,11,100,451,495,483,2307
22410221313260,AAPL,3213219,3214154,935,79,85,135,298,1220
22410221313260,AMZN,18523825,18524900,1075,89,20,595,347,2271
22410221313260,GOOGL,14384105,14385748,1643,25,35,437,279,3542
22410221313260,MSFT,1737800,1738000,200,312,300,78,338,1571
22410221313260,TSLA,6405389,6405400,11,100,421,496,484,2310
22420200274559,AAPL,3213219,3214154,935,79,85,135,298,1220
22420200274559,AMZN,18523825,18524900,1075,89,20,595,347,2274
22420200274559,GOOGL,14383756,14385600,1844,80,15,436,280,3553
22420200274559,MSFT,1737800,1738000,200,312,300,78,338,1571
22420200274559,TSLA,6405389,6405400,11,100,221,496,485,2307
22430029220754,AAPL,3213219,3214154,935,49,85,136,298,1221
22430029220754,AMZN,18523825,18524900,1075,74,20,595,347,2274
22430029220754,GOOGL,14383756,14385600,1844,35,15,435,280,3561
22430029220754,MSFT,1737800,1738000,200,312,300,79,339,1573
22430029220754,TSLA,6405389,6405400,11,100,221,496,485,2308
22440094170914,AAPL,3213219,3214154,935,49,85,137,299,1225
22440094170914,AMZN,18523825,18524900,1075,59,20,595,347,2275
22440094170914,GOOGL,14383700,14385600,1900,85,15,433,280,3563
22440094170914,MSFT,1737800,1738000,200,312,300,79,340,1576
22440094170914,TSLA,6405389,6405400,11,100,191,496,486,2316
22450251523079,AAPL,3213205,3214154,949,89,85,137,300,1225
22450251523079,AMZN,18523825,18524900,1075,59,20,595,347,2275
22450251523079,GOOGL,14383700,14385737,2037,40,100,433,279,3566
22450251523079,MSFT,1737800,1738000,200,312,300,79,342,1578
22450251523079,TSLA,6405389,6405400,11,100,176,496,486,2323
22460400270487,AAPL,3213205,3214154,949,89,85,137,300,1225
22460400270487,AMZN,18523825,18524900,1075,59,20,595,347,2276
22460400270487,GOOGL,14383700,14384200,500,25,15,433,283,3575
22460400270487,MSFT,1737800,1738000,200,162,300,79,343,1579
22460400270487,TSLA,6405389,6405400,11,100,161,497,486,2340
22470030758780,AAPL,3213205,3214154,949,89,85,137,300,1226
22470030758780,AMZN,18523825,18524900,1075,59,20,596,347,2277
22470030758780,GOOGL,14381919,14383927,2008,100,100,435,286,3580
22470030758780,MSFT,1737800,1738000,200,162,285,77,345,1577
22470030758780,TSLA,6405389,6405400,11,9,146,498,488,2350
22480767816430,AAPL,3213187,3214154,967,69,85,139,301,1229
22480767816430,AMZN,18523517,18524900,1383,99,20,601,349,2281
22480767816430,GOOGL,14381934,14382900,966,5,53,439,294,3606
22480767816430,MSFT,1737800,1738000,200,162,285,77,348,1578
22480767816430,TSLA,6405389,6405400,11,9,146,497,488,2353
22490058390445,AAPL,3213177,3214154,977,79,85,138,300,1227
22490058390445,AMZN,18523517,18524900,1383,99,20,601,349,2281
22490058390445,GOOGL,14381934,14382900,966,5,38,442,300,3631
22490058390445,MSFT,1737800,1738000,200,162,285,77,349,1578
22490058390445,TSLA,6405389,6405400,11,9,116,497,488,2353
22500009817842,AAPL,3213177,3214154,977,79,55,139,304,1233
22500009817842,AMZN,18523362,18524900,1538,4,20,604,349,2283
22500009817842,GOOGL,14381900,14383420,1520,60,78,445,304,3641
22500009817842,MSFT,1737800,1738000,200,162,385,77,352,1584
22500009817842,TSLA,6405389,6405400,11,9,71,497,494,2360
22510170571203,AAPL,3213151,3214154,1003,59,40,141,311,1244
22510170571203,AMZN,18523204,18524900,1696,64,20,607,351,2293
22510170571203,GOOGL,14381564,14383420,1856,93,15,457,304,3658
22510170571203,MSFT,1737800,1738000,200,62,485,77,363,1592
22510170571203,TSLA,6405389,6405400,11,9,71,499,498,2375
22520123133978,AAPL,3213151,3214154,1003,59,7,141,312,1245
22520123133978,AMZN,18523204,18524200,996,49,20,607,353,2296
22520123133978,GOOGL,14381564,14383420,1856,93,15,457,307,3666
22520123133978,MSFT,1737800,1737900,100,62,100,77,366,1593
22520123133978,TSLA,6405389,6405400,11,9,71,499,499,2378
22530255252360,AAPL,3213127,3214154,1027,9,7,141,312,1245
22530255252360,AMZN,18523204,18524200,996,49,20,607,353,2296
22530255252360,GOOGL,14381564,14382300,736,93,15,458,308,3674
22530255252360,MSFT,1737800,1737900,100,62,100,77,366,1594
22530255252360,TSLA,6405389,6405400,11,9,71,500,501,2383
22540435687796,AAPL,3213127,3214154,1027,9,7,142,312,1247
22540435687796,AMZN,18523204,18524200,996,5,20,609,353,2300
22540435687796,GOOGL,14381564,14383420,1856,63,15,459,307,3678
22540435687796,MSFT,1737700,1737900,200,1749,200,75,367,1594
22540435687796,TSLA,6405298,6405400,102,54,56,500,503,2387
22550137671228,AAPL,3213100,3214089,989,35,65,141,313,1248
22550137671228,AMZN,18522769,18523500,731,10,20,614,354,2310
22550137671228,GOOGL,14381564,14383420,1856,33,15,463,308,3691
22550137671228,MSFT,1737700,1737800,100,1749,200,75,372,1598
22550137671228,TSLA,6405298,6405300,2,54,15,500,507,2400
22560064541588,AAPL,3213122,3214086,964,100,100,141,317,1240
22560064541588,AMZN,18522769,18523500,731,4,20,615,354,2315
22560064541588,GOOGL,14381500,14382800,1300,10,32,465,313,3724
22560064541588,MSFT,1737700,1737800,100,1249,200,75,382,1598
22560064541588,TSLA,6405298,6405300,2,54,29,500,510,2410
22570095874336,AAPL,3213227,3213981,754,100,100,140,327,1248
22570095874336,AMZN,18522186,18523500,1314,24,20,616,353,2317
22570095874336,GOOGL,14381147,14382529,1382,97,98,465,317,3747
22570095874336,MSFT,1737700,1737800,100,1149,200,75,389,1603
22570095874336,TSLA,6405298,6405400,102,54,55,499,519,2419
22580175389659,AAPL,3213227,3213981,754,100,100,140,329,1248
22580175389659,AMZN,18522186,18523500,1314,24,20,618,353,2317
22580175389659,GOOGL,14380800,14381100,300,25,33,466,318,3764
22580175389659,MSFT,1737700,1737800,100,1149,200,75,389,1602
22580175389659,TSLA,6405298,6405400,102,54,55,499,519,2424
22590780215645,AAPL,3213367,3213841,474,100,100,139,339,1254
22590780215645,AMZN,18521884,18523500,1616,44,20,624,354,2325
22590780215645,GOOGL,14380800,14381100,300,25,59,466,319,3781
22590780215645,MSFT,1737700,1737800,100,1149,200,75,389,1606
22590780215645,TSLA,6405298,6405400,102,38,55,500,519,2429
22600026964785,AAPL,3213344,3213856,512,10,70,140,340,1254
22600026964785,AMZN,18521884,18523500,1616,14,20,626,354,2323
22600026964785,GOOGL,14380800,14381100,300,10,59,467,320,3794
22600026964785,MSFT,1737700,1737800,100,1149,200,75,389,1609
22600026964785,TSLA,6405298,6405400,102,3,55,500,521,2441
22610029469287,AAPL,3213172,3213856,684,20,70,140,340,1254
22610029469287,AMZN,18521722,18523500,1778,99,20,628,354,2322
22610029469287,GOOGL,14379874,14381654,1780,94,99,464,323,3795
22610029469287,MSFT,1737600,1737800,200,1311,185,75,391,1605
22610029469287,TSLA,6405298,6405400,102,3,55,501,524,2451
22620053741289,AAPL,3213117,3213856,739,20,70,140,340,1253
22620053741289,AMZN,18521722,18523500,1778,99,20,628,354,2322
22620053741289,GOOGL,14379874,14381826,1952,94,74,465,326,3807
22620053741289,MSFT,1737600,1737800,200,1311,185,75,391,1608
22620053741289,TSLA,6405298,6405400,102,3,40,502,524,2453
22630652212576,AAPL,3213117,3213856,739,20,40,140,342,1254
22630652212576,AMZN,18521722,18523500,1778,69,40,629,354,2323
22630652212576,GOOGL,14379874,14381826,1952,49,44,464,326,3814
22630652212576,MSFT,1737600,1737800,200,1311,185,75,392,1609
22630652212576,TSLA,6405298,6405400,102,3,40,502,524,2460
22640052006355,AAPL,3213000,3213856,856,275,25,138,342,1253
22640052006355,AMZN,18521722,18523500,1778,39,40,630,354,2324
22640052006355,GOOGL,14379874,14381826,1952,34,44,464,326,3818
22640052006355,MSFT,1737600,1737800,200,1287,185,75,392,1610
22640052006355,TSLA,6405298,6405400,102,2,25,502,525,2466
22651055898951,AAPL,3213000,3213871,871,245,80,137,341,1251
22651055898951,AMZN,18521722,18523500,1778,39,40,630,354,2325
22651055898951,GOOGL,14379874,14381826,1952,34,14,464,327,3818
22651055898951,MSFT,1737600,1737800,200,1287,185,75,392,1611
22651055898951,TSLA,6405298,6405300,2,2,16,502,526,2470
22660070041699,AAPL,3213000,3213871,871,245,80,137,341,1251
22660070041699,AMZN,18521722,18523500,1778,39,40,630,354,2325
22660070041699,GOOGL,14379874,14381826,1952,34,14,463,328,3821
22660070041699,MSFT,1737600,1737800,200,1287,185,75,392,1612
22660070041699,TSLA,6404949,6405200,251,100,13,501,527,2476
22670102892962,AAPL,3213000,3213871,871,245,65,137,343,1252
22670102892962,AMZN,18521722,18523500,1778,24,40,631,353,2325
22670102892962,GOOGL,14379867,14381842,1975,29,69,463,330,3832
22670102892962,MSFT,1737600,1737800,200,1287,185,75,392,1613
22670102892962,TSLA,6404950,6405198,248,100,100,501,529,2479
22680168839523,AAPL,3213000,3213871,871,185,65,138,343,1255
22680168839523,AMZN,18521640,18523500,1860,64,40,635,351,2331
22680168839523,GOOGL,14379852,14381842,1990,39,69,463,330,3840
22680168839523,MSFT,1737600,1737800,200,1287,185,75,394,1616
22680168839523,TSLA,6404950,6405198,248,100,100,501,529,2486
22691770597421,AAPL,3213000,3213871,871,155,23,139,344,1257
22691770597421,AMZN,18521640,18523500,1860,34,40,637,351,2333
22691770597421,GOOGL,14379852,14381842,1990,24,39,461,332,3848
22691770597421,MSFT,1737600,1737800,200,1287,185,76,394,1627
22691770597421,TSLA,6404950,6405198,248,100,100,501,529,2485
22700068521084,AAPL,3213000,3213886,886,25,81,139,343,1255
22700068521084,AMZN,18521640,18523500,1860,4,40,638,351,2335
22700068521084,GOOGL,14379852,14381842,1990,24,24,460,333,3855
22700068521084,MSFT,1737600,1737800,200,1287,185,76,394,1627
22700068521084,TSLA,6404950,6405198,248,100,100,502,529,2490
22710010573674,AAPL,3213000,3213886,886,25,66,139,343,1255
22710010573674,AMZN,18521640,18523500,1860,4,40,639,351,2335
22710010573674,GOOGL,14379844,14381842,1998,79,24,459,333,3864
22710010573674,MSFT,1737600,1737800,200,1287,185,76,394,1628
22710010573674,TSLA,6404950,6405198,248,100,100,503,529,2490
22720621133754,AAPL,3213000,3213886,886,25,66,139,344,1258
22720621133754,AMZN,18521593,18523500,1907,89,40,641,351,2337
22720621133754,GOOGL,14379369,14381372,2003,40,70,460,335,3877
22720621133754,MSFT,1737600,1737800,200,1287,285,76,394,1634
22720621133754,TSLA,6404950,6405198,248,100,100,504,529,2497
22730067365577,AAPL,3213000,3213886,886,25,51,139,344,1257
22730067365577,AMZN,18521593,18523500,1907,59,40,641,351,2337
22730067365577,GOOGL,14379355,14381372,2017,80,155,459,335,3898
22730067365577,MSFT,1737600,1737800,200,1287,385,76,394,1636
22730067365577,TSLA,6404973,6405175,202,100,100,503,533,2504
22740038087514,AAPL,3212973,3213901,928,35,44,140,347,1257
22740038087514,AMZN,18521593,18523500,1907,31,40,643,351,2336
22740038087514,GOOGL,14379355,14381372,2017,50,100,459,338,3914
22740038087514,MSFT,1737600,1737800,200,1287,485,76,394,1639
22740038087514,TSLA,6404973,6405175,202,100,100,502,533,2509
22750078077342,AAPL,3212973,3213901,928,35,14,140,349,1261
22750078077342,AMZN,18521593,18523500,1907,1,40,644,351,2337
22750078077342,GOOGL,14379398,14381361,1963,55,40,460,344,3945
22750078077342,MSFT,1737600,1737800,200,1273,485,76,394,1643
22750078077342,TSLA,6404988,6405160,172,100,100,502,537,2523
22760115910392,AAPL,3212973,3213916,943,35,84,140,350,1261
22760115910392,AMZN,18521593,18523500,1907,1,40,645,351,2336
22760115910392,GOOGL,14379398,14381361,1963,40,40,460,347,3963
22760115910392,MSFT,1737600,1737800,200,1273,485,76,394,1645
22760115910392,TSLA,6404988,6405160,172,100,100,503,537,2531
22770091769367,AAPL,3212973,3213916,943,35,69,140,351,1262
22770091769367,AMZN,18521558,18523500,1942,56,40,648,350,2333
22770091769367,GOOGL,14379398,14381361,1963,40,40,460,350,3982
22770091769367,MSFT,1737600,1737800,200,1273,485,76,394,1645
22770091769367,TSLA,6405003,6405145,142,100,100,503,540,2538
22781629281007,AAPL,3212973,3213916,943,35,39,140,351,1261
22781629281007,AMZN,18521558,18523500,1942,56,40,652,351,2335
22781629281007,GOOGL,14379416,14381352,1936,100,100,459,350,4003
22781629281007,MSFT,1737600,1737800,200,1273,485,76,394,1647
22781629281007,TSLA,6405018,6405130,112,100,100,503,542,2545
22790635379080,AAPL,3212973,3213916,943,35,39,140,352,1261
22790635379080,AMZN,18521558,18523500,1942,56,40,654,350,2336
22790635379080,GOOGL,14379431,14381352,1921,85,61,463,352,4034
22790635379080,MSFT,1737600,1737800,200,1273,485,76,395,1647
22790635379080,TSLA,6405050,6405098,48,100,100,504,543,2551
22800363052980,AAPL,3212973,3213916,943,35,39,139,353,1260
22800363052980,AMZN,18520677,18521800,1123,86,20,655,351,2340
22800363052980,GOOGL,14379431,14381352,1921,85,61,467,353,4061
22800363052980,MSFT,1737600,1737800,200,1173,485,76,397,1649
22800363052980,TSLA,6405050,6405098,48,100,100,505,543,2553
22810050403105,AAPL,3212988,3213910,922,100,100,138,353,1258
22810050403105,AMZN,18520677,18521800,1123,71,20,657,350,2348
22810050403105,GOOGL,14379431,14381352,1921,25,46,470,354,4098
22810050403105,MSFT,1737600,1737800,200,1173,485,76,398,1651
22810050403105,TSLA,6405086,6405098,12,100,77,506,544,2553
22820141287071,AAPL,3213018,3213880,862,100,100,139,355,1259
22820141287071,AMZN,18520677,18521800,1123,56,20,664,350,2360
22820141287071,GOOGL,14379423,14381352,1929,19,16,472,354,4124
22820141287071,MSFT,1737600,1737800,200,1173,485,76,399,1651
22820141287071,TSLA,6405087,6405098,11,100,47,510,549,2572
22830035897832,AAPL,3213018,3213880,862,100,100,139,355,1259
22830035897832,AMZN,18516400,18518743,2343,18,100,669,350,2365
22830035897832,GOOGL,14379423,14381352,1929,19,16,472,354,4156
22830035897832,MSFT,1737600,1737800,200,1163,470,76,401,1649
22830035897832,TSLA,6405103,6405130,27,100,55,509,549,2570
22840057074409,AAPL,3213018,3213895,877,70,85,140,354,1259
22840057074409,AMZN,18513900,18515932,2032,21,100,669,352,2371
22840057074409,GOOGL,14379423,14380500,1077,19,26,473,356,4190
22840057074409,MSFT,1737600,1737800,200,1163,470,76,401,1649
22840057074409,TSLA,6405119,6405130,11,100,25,509,551,2571
22850132211788,AAPL,3213018,3213895,877,70,85,139,356,1255
22850132211788,AMZN,18513400,18515432,2032,11,100,673,353,2374
22850132211788,GOOGL,14379398,14380500,1102,20,26,478,360,4240
22850132211788,MSFT,1737600,1737800,200,1163,470,76,403,1648
22850132211788,TSLA,6405119,6405130,11,100,25,509,553,2572
22860411034704,AAPL,3213018,3213895,877,10,40,140,358,1258
22860411034704,AMZN,18511000,18513035,2035,11,100,673,354,2372
22860411034704,GOOGL,14379398,14380500,1102,20,26,482,365,4299
22860411034704,MSFT,1737600,1737800,200,1163,470,77,404,1651
22860411034704,TSLA,6405134,6405145,11,100,48,509,556,2571
22870037354628,AAPL,3213018,3213895,877,10,10,140,360,1260
22870037354628,AMZN,18510000,18512032,2032,35,100,675,354,2367
22870037354628,GOOGL,14379398,14380500,1102,20,26,485,368,4342
22870037354628,MSFT,1737600,1737800,200,1163,455,77,406,1650
22870037354628,TSLA,6405134,6405145,11,100,48,510,558,2574
22880541844205,AAPL,3213018,3213925,907,10,80,140,361,1258
22880541844205,AMZN,18507600,18510232,2632,7,100,677,353,2368
22880541844205,GOOGL,14379398,14380200,802,20,16,488,369,4373
22880541844205,MSFT,1737600,1737800,200,1163,440,77,408,1652
22880541844205,TSLA,6405134,6405145,11,100,48,511,562,2580
22890022089704,AAPL,3213018,3213925,907,10,80,140,361,1259
22890022089704,AMZN,18506800,18508832,2032,17,100,683,355,2378
22890022089704,GOOGL,14379398,14380200,802,20,47,488,371,4408
22890022089704,MSFT,1737600,1737800,200,1163,440,77,409,1651
22890022089704,TSLA,6405134,6405145,11,100,6,512,566,2587
22900223263341,AAPL,3213010,3213925,915,50,80,141,361,1261
22900223263341,AMZN,18506000,18507700,1700,1,20,687,362,2406
22900223263341,GOOGL,14379398,14380200,802,7,47,488,370,4424
22900223263341,MSFT,1737600,1737800,200,1163,440,77,409,1651
22900223263341,TSLA,6405134,6405145,11,100,6,512,568,2591
22910024943375,AAPL,3213010,3213925,915,50,80,141,361,1262
22910024943375,AMZN,18505000,18505900,900,25,20,693,371,2429
22910024943375,GOOGL,14379387,14380200,813,48,47,488,370,4435
22910024943375,MSFT,1737600,1737800,200,1163,540,77,409,1655
22910024943375,TSLA,6405149,6405160,11,100,61,513,567,2593
22920136938206,AAPL,3213010,3213925,915,50,80,142,361,1263
22920136938206,AMZN,18504700,18504900,200,20,10,695,378,2452
22920136938206,GOOGL,14379387,14379900,513,40,8,488,372,4449
22920136938206,MSFT,1737600,1737800,200,1163,540,77,409,1654
22920136938206,TSLA,6405149,6405160,11,100,31,514,568,2593
22930073748209,AAPL,3213010,3213925,915,50,20,142,363,1261
22930073748209,AMZN,18504100,18504900,800,13,50,693,380,2470
22930073748209,GOOGL,14379355,14379900,545,33,16,487,372,4463
22930073748209,MSFT,1737600,1737700,100,1163,100,77,410,1654
22930073748209,TSLA,6405157,6405175,18,100,71,514,567,2595
22940182788941,AAPL,3212986,3213925,939,90,20,142,363,1259
22940182788941,AMZN,18503000,18504900,1900,43,50,694,389,2493
22940182788941,GOOGL,14379355,14380200,845,33,26,487,372,4469
22940182788941,MSFT,1737600,1737700,100,1163,200,77,410,1658
22940182788941,TSLA,6405164,6405175,11,100,71,515,568,2602
22950369955401,AAPL,3212986,3213926,940,90,84,142,364,1257
22950369955401,AMZN,18503000,18504000,1000,23,20,695,392,2505
22950369955401,GOOGL,14379054,14380900,1846,96,8,485,369,4469
22950369955401,MSFT,1737600,1737700,100,1063,200,77,410,1658
22950369955401,TSLA,6405164,6405175,11,100,56,515,569,2603
22960050505739,AAPL,3212900,3213926,1026,42,39,141,366,1255
22960050505739,AMZN,18502700,18504000,1300,13,60,699,397,2519
22960050505739,GOOGL,14378977,14380900,1923,89,8,484,369,4480
22960050505739,MSFT,1737600,1737700,100,1063,200,77,411,1659
22960050505739,TSLA,6405164,6405175,11,100,41,515,569,2601
22970411348878,AAPL,3212713,3213926,1213,82,9,141,367,1256
22970411348878,AMZN,18502400,18504000,1600,3,60,701,402,2533
22970411348878,GOOGL,14378977,14380900,1923,24,8,484,369,4490
22970411348878,MSFT,1737600,1737700,100,863,200,77,411,1658
22970411348878,TSLA,6405164,6405175,11,100,41,515,570,2601
22980075993192,AAPL,3212713,3213926,1213,82,9,141,368,1255
22980075993192,AMZN,18502000,18504000,2000,4,60,700,402,2525
22980075993192,GOOGL,14378800,14380822,2022,18,100,482,369,4502
22980075993192,MSFT,1737600,1737700,100,763,200,77,411,1657
22980075993192,TSLA,6405164,6405175,11,100,26,515,571,2602
22990041948713,AAPL,3212713,3213931,1218,82,79,142,367,1255
22990041948713,AMZN,18501900,18503940,2040,69,100,703,403,2539
22990041948713,GOOGL,14378800,14380822,2022,4,100,483,369,4512
22990041948713,MSFT,1737600,1737700,100,563,200,77,411,1656
22990041948713,TSLA,6405186,6405198,12,100,73,515,572,2601
23000151385288,AAPL,3212647,3213931,1284,87,19,144,372,1258
23000151385288,AMZN,18501000,18503082,2082,9,100,705,403,2539
23000151385288,GOOGL,14378600,14380622,2022,29,100,482,368,4524
23000151385288,MSFT,1737500,1737700,200,2732,300,78,411,1659
23000151385288,TSLA,6405187,6405198,11,100,43,516,573,2600
23010106067595,AAPL,3212647,3213977,1330,37,74,144,375,1257
23010106067595,AMZN,18500800,18502832,2032,74,100,705,403,2547
23010106067595,GOOGL,14378600,14380622,2022,22,100,482,367,4532
23010106067595,MSFT,1737500,1737700,200,2732,400,80,411,1668
23010106067595,TSLA,6405187,6405198,11,100,43,518,575,2605
23020204131370,AAPL,3212635,3213977,1342,77,29,144,377,1255
23020204131370,AMZN,18500800,18502832,2032,74,100,708,407,2566
23020204131370,GOOGL,14378615,14380607,1992,100,100,483,368,4539
23020204131370,MSFT,1737500,1737700,200,2732,500,80,413,1670
23020204131370,TSLA,6405187,6405198,11,100,43,518,575,2606
23030197373896,AAPL,3212635,3213977,1342,77,14,145,377,1255
23030197373896,AMZN,18500800,18502832,2032,44,100,709,406,2568
23030197373896,GOOGL,14378615,14380622,2007,85,40,483,368,4552
23030197373896,MSFT,1737500,1737700,200,2569,600,81,413,1674
23030197373896,TSLA,6405187,6405198,11,100,43,516,575,2606
23040038645921,AAPL,3212606,3213981,1375,90,4,145,376,1251
23040038645921,AMZN,18500500,18502541,2041,19,100,709,407,2565
23040038645921,GOOGL,14378615,14380622,2007,85,40,483,368,4561
23040038645921,MSFT,1737500,1737700,200,2569,600,81,413,1678
23040038645921,TSLA,6405187,6405198,11,100,43,517,575,2608
23050839065705,AAPL,3212606,3213981,1375,90,4,145,376,1253
23050839065705,AMZN,18500200,18502238,2038,129,100,708,405,2566
23050839065705,GOOGL,14378675,14380567,1892,100,100,482,372,4571
23050839065705,MSFT,1737500,1737700,200,2569,600,81,414,1680
23050839065705,TSLA,6405187,6405198,11,100,43,517,577,2611
23060841830245,AAPL,3212606,3213981,1375,60,4,146,377,1259
23060841830245,AMZN,18500200,18502232,2032,114,100,710,408,2582
23060841830245,GOOGL,14378675,14380567,1892,100,100,482,372,4568
23060841830245,MSFT,1737500,1737700,200,2569,600,81,414,1681
23060841830245,TSLA,6405187,6405198,11,100,43,517,577,2618
23070630106427,AAPL,3212606,3213981,1375,60,4,146,377,1259
23070630106427,AMZN,18500200,18502232,2032,114,100,710,408,2581
23070630106427,GOOGL,14378675,14380567,1892,100,100,482,372,4568
23070630106427,MSFT,1737500,1737700,200,2569,600,81,414,1682
23070630106427,TSLA,6405187,6405198,11,100,43,517,578,2620
23080210032887,AAPL,3212606,3213996,1390,60,59,146,375,1256
23080210032887,AMZN,18500200,18502232,2032,99,100,711,408,2596
23080210032887,GOOGL,14378675,14380580,1905,93,100,484,372,4579
23080210032887,MSFT,1737500,1737700,200,2569,600,81,415,1681
23080210032887,TSLA,6405187,6405198,11,100,43,518,579,2622
23090267075939,AAPL,3212549,3213996,1447,80,14,147,379,1257
23090267075939,AMZN,18500200,18502232,2032,24,100,709,409,2611
23090267075939,GOOGL,14378675,14380580,1905,64,100,484,372,4588
23090267075939,MSFT,1737500,1737600,100,2569,200,81,416,1685
23090267075939,TSLA,6405187,6405198,11,100,23,518,578,2624
23100538403805,AAPL,3212549,3214011,1462,80,69,147,378,1255
23100538403805,AMZN,18500000,18502032,2032,229,100,708,410,2611
23100538403805,GOOGL,14378675,14380580,1905,64,100,484,372,4597
23100538403805,MSFT,1737500,1737600,100,2169,200,84,417,1690
23100538403805,TSLA,6405187,6405198,11,100,23,517,578,2621
23110254304476,AAPL,3212520,3214011,1491,26,39,147,380,1255
23110254304476,AMZN,18500000,18502032,2032,213,100,712,412,2636
23110254304476,GOOGL,14378675,14380580,1905,42,100,484,371,4602
23110254304476,MSFT,1737500,1737600,100,1769,200,85,417,1692
23110254304476,TSLA,6405187,6405198,11,100,8,515,578,2625
23120034247758,AAPL,3212500,3214011,1511,486,24,146,380,1253
23120034247758,AMZN,18500000,18502032,2032,138,100,712,410,2645
23120034247758,GOOGL,14378719,14380535,1816,100,100,483,374,4608
23120034247758,MSFT,1737500,1737600,100,1669,200,85,418,1699
23120034247758,TSLA,6405189,6405200,11,100,91,511,578,2629
23130034377673,AAPL,3212493,3214014,1521,33,85,146,382,1253
23130034377673,AMZN,18500000,18502032,2032,63,100,715,409,2666
23130034377673,GOOGL,14378719,14380535,1816,100,100,482,374,4622
23130034377673,MSFT,1737500,1737600,100,1069,200,88,420,1700
23130034377673,TSLA,6405189,6405200,11,100,91,510,577,2630
23140407631507,AAPL,3212470,3214014,1544,59,85,146,383,1254
23140407631507,AMZN,18500000,18502032,2032,3,100,715,407,2689
23140407631507,GOOGL,14378719,14380550,1831,10,70,483,373,4622
23140407631507,MSFT,1737500,1737600,100,944,400,92,420,1730
23140407631507,TSLA,6405189,6405200,11,100,76,512,577,2630
23150323353740,AAPL,3212470,3214014,1544,25,85,146,383,1254
23150323353740,AMZN,18499800,18501832,2032,98,100,713,407,2707
23150323353740,GOOGL,14378711,14380550,1839,95,55,482,373,4622
23150323353740,MSFT,1737500,1737600,100,744,600,92,420,1749
23150323353740,TSLA,6405189,6405200,11,100,76,511,579,2632
23160035868268,AAPL,3212432,3214014,1582,35,55,146,384,1255
23160035868268,AMZN,18499800,18501832,2032,98,100,714,406,2720
23160035868268,GOOGL,14378711,14380550,1839,95,55,481,373,4627
23160035868268,MSFT,1737500,1737600,100,624,900,92,419,1770
23160035868268,TSLA,6405189,6405200,11,100,61,511,579,2633
23170016929577,AAPL,3212408,3214014,1606,45,10,147,385,1252
23170016929577,AMZN,18499800,18501832,2032,98,100,714,403,2737
23170016929577,GOOGL,14378711,14380550,1839,95,55,480,373,4638
23170016929577,MSFT,1737500,1737600,100,201,1000,92,419,1779
23170016929577,TSLA,6405189,6405200,11,100,61,511,579,2633
23180403062771,AAPL,3212374,3214020,1646,85,82,147,384,1249
23180403062771,AMZN,18499800,18501832,2032,68,100,715,402,2749
23180403062771,GOOGL,14378711,14380550,1839,80,55,479,373,4640
23180403062771,MSFT,1737400,1737600,200,479,1000,92,420,1784
23180403062771,TSLA,6405189,6405200,11,100,61,511,580,2634
23190659777779,AAPL,3212374,3214020,1646,25,82,147,384,1249
23190659777779,AMZN,18499800,18501832,2032,8,100,715,401,2754
23190659777779,GOOGL,14378711,14380550,1839,6,55,479,373,4643
23190659777779,MSFT,1737400,1737600,200,345,1000,92,420,1785
23190659777779,TSLA,6405189,6405200,11,100,61,511,581,2636
23202613871365,AAPL,3212342,3214020,1678,31,82,147,383,1250
23202613871365,AMZN,18499500,18501535,2035,31,100,715,401,2742
23202613871365,GOOGL,14378702,14379100,398,54,22,480,375,4648
23202613871365,MSFT,1737400,1737600,200,192,1000,94,419,1784
23202613871365,TSLA,6405189,6405200,11,100,61,511,582,2647
23210123565645,AAPL,3212342,3214020,1678,31,82,147,383,1250
23210123565645,AMZN,18499500,18501532,2032,16,100,716,400,2738
23210123565645,GOOGL,14378702,14379100,398,32,37,480,375,4653
23210123565645,MSFT,1737200,1737500,300,32,300,93,420,1792
23210123565645,TSLA,6405189,6405200,11,100,61,511,581,2645
23220273431832,AAPL,3212321,3214020,1699,1,82,147,384,1251
23220273431832,AMZN,18499300,18501332,2032,11,100,714,398,2733
23220273431832,GOOGL,14378615,14379100,485,47,37,478,375,4652
23220273431832,MSFT,1737100,1737500,400,211,400,92,422,1797
23220273431832,TSLA,6405189,6405200,11,100,46,511,581,2647
23230651360267,AAPL,3212232,3214020,1788,43,82,148,384,1252
23230651360267,AMZN,18499200,18501232,2032,1,100,714,397,2729
23230651360267,GOOGL,14378600,14379100,500,9,37,477,375,4651
23230651360267,MSFT,1737100,1737200,100,211,100,91,425,1800
23230651360267,TSLA,6405189,6405200,11,100,46,510,581,2648
23240068039612,AAPL,3212185,3214020,1835,23,82,149,385,1257
23240068039612,AMZN,18499000,18501032,2032,76,100,714,397,2723
23240068039612,GOOGL,14378300,14378400,100,55,15,476,377,4657
23240068039612,MSFT,1737000,1737200,200,862,400,90,427,1820
23240068039612,TSLA,6405189,6405200,11,100,24,510,583,2651
23250229499803,AAPL,3212144,3214020,1876,93,67,150,385,1261
23250229499803,AMZN,18499000,18501032,2032,61,100,716,396,2722
23250229499803,GOOGL,14378300,14378400,100,55,30,476,379,4669
23250229499803,MSFT,1737000,1737100,100,762,200,90,427,1831
23250229499803,TSLA,6405189,6405200,11,100,24,510,588,2661
23260400312441,AAPL,3212144,3214020,1876,93,52,151,387,1267
23260400312441,AMZN,18499000,18501032,2032,1,100,720,394,2714
23260400312441,GOOGL,14378300,14378400,100,40,15,475,381,4679
23260400312441,MSFT,1737000,1737100,100,662,300,90,427,1837
23260400312441,TSLA,6403697,6404107,410,100,100,514,592,2674
23271629363410,AAPL,3212144,3214020,1876,93,52,151,387,1269
23271629363410,AMZN,18498800,18500832,2032,51,100,723,394,2710
23271629363410,GOOGL,14378300,14378400,100,40,15,475,382,4687
23271629363410,MSFT,1737000,1737100,100,562,300,90,427,1839
23271629363410,TSLA,6403448,6404058,610,100,100,514,592,2678
23280265871265,AAPL,3212100,3214020,1920,27,37,150,387,1269
23280265871265,AMZN,18498800,18500832,2032,36,100,724,394,2707
23280265871265,GOOGL,14378300,14378400,100,40,15,475,383,4694
23280265871265,MSFT,1737000,1737100,100,162,300,90,427,1842
23280265871265,TSLA,6403448,6404058,610,100,100,514,593,2679
23290735212856,AAPL,3212088,3214020,1932,37,37,150,388,1270
23290735212856,AMZN,18498800,18500832,2032,21,100,725,393,2705
23290735212856,GOOGL,14378300,14378400,100,40,15,476,383,4702
23290735212856,MSFT,1736900,1737100,200,71,400,89,427,1838
23290735212856,TSLA,6403448,6404058,610,100,100,514,593,2681
23300953190650,AAPL,3212079,3214020,1941,97,37,152,388,1272
23300953190650,AMZN,18498800,18500832,2032,6,100,725,393,2705
23300953190650,GOOGL,14378300,14378400,100,25,15,476,384,4710
23300953190650,MSFT,1736800,1737000,200,80,100,88,429,1838
23300953190650,TSLA,6403448,6404058,610,100,100,514,594,2684
23310068422799,AAPL,3212079,3214020,1941,37,37,152,389,1273
23310068422799,AMZN,18498600,18500638,2038,91,100,728,393,2706
23310068422799,GOOGL,14378300,14378400,100,25,15,476,384,4716
23310068422799,MSFT,1736800,1737000,200,80,100,88,430,1843
23310068422799,TSLA,6403448,6404058,610,100,100,514,594,2688
23320330728242,AAPL,3212079,3214020,1941,37,37,152,389,1275
23320330728242,AMZN,18498300,18500407,2107,2,100,726,393,2696
23320330728242,GOOGL,14378300,14378400,100,25,15,477,384,4731
23320330728242,MSFT,1736800,1737000,200,80,100,88,430,1847
23320330728242,TSLA,6403448,6404058,610,100,100,514,596,2692
23330130199863,AAPL,3212071,3214020,1949,7,37,153,389,1280
23330130199863,AMZN,18497600,18499682,2082,72,100,725,391,2689
23330130199863,GOOGL,14378300,14378400,100,10,15,478,385,4740
23330130199863,MSFT,1736800,1737000,200,80,100,89,433,1850
23330130199863,TSLA,6403463,6404043,580,100,100,518,597,2697
23340418246175,AAPL,3212047,3214026,1979,47,62,154,392,1282
23340418246175,AMZN,18497600,18499632,2032,16,100,726,392,2689
23340418246175,GOOGL,14378300,14378400,100,10,15,479,385,4757
23340418246175,MSFT,1736800,1737000,200,80,100,89,433,1851
23340418246175,TSLA,6403463,6404043,580,100,100,518,598,2699
23350978018241,AAPL,3212000,3214026,2026,446,62,154,392,1282
23350978018241,AMZN,18497300,18499332,2032,26,100,728,393,2691
23350978018241,GOOGL,14378300,14378400,100,10,15,480,385,4764
23350978018241,MSFT,1736800,1737000,200,80,100,89,433,1851
23350978018241,TSLA,6403463,6404043,580,100,100,519,598,2705
23360469343166,AAPL,3212000,3214026,2026,446,47,156,394,1287
23360469343166,AMZN,18497300,18499332,2032,11,100,730,393,2692
23360469343166,GOOGL,14378300,14378400,100,10,15,481,385,4770
23360469343166,MSFT,1736800,1737000,200,80,100,89,433,1852
23360469343166,TSLA,6403463,6404043,580,100,100,520,599,2710
23370823655967,AAPL,3212000,3214026,2026,416,47,156,395,1291
23370823655967,AMZN,18497100,18499232,2132,36,100,729,392,2694
23370823655967,GOOGL,14378300,14378400,100,10,15,482,385,4782
23370823655967,MSFT,1736800,1737000,200,80,100,89,435,1852
23370823655967,TSLA,6403463,6404043,580,100,100,520,601,2716
23380322430528,AAPL,3212000,3214026,2026,126,47,158,397,1301
23380322430528,AMZN,18497100,18499132,2032,6,100,732,392,2693
23380322430528,GOOGL,14378100,14378400,300,17,15,481,386,4791
23380322430528,MSFT,1736800,1737000,200,80,100,89,435,1851
23380322430528,TSLA,6403600,6404058,458,100,85,520,601,2728
23390064103529,AAPL,3211796,3213735,1939,60,85,159,400,1300
23390064103529,AMZN,18496900,18498933,2033,41,100,732,393,2688
23390064103529,GOOGL,14378100,14378500,400,2,14,481,384,4800
23390064103529,MSFT,1736800,1737000,200,80,100,89,435,1851
23390064103529,TSLA,6404100,6404675,575,115,100,522,600,2736
23400151072807,AAPL,3211796,3213735,1939,30,85,160,400,1306
23400151072807,AMZN,18496600,18498641,2041,17,100,732,392,2680
23400151072807,GOOGL,14378100,14378500,400,2,14,481,386,4810
23400151072807,MSFT,1736800,1737000,200,80,100,89,435,1851
23400151072807,TSLA,6404100,6404679,579,315,100,522,600,2742
23410026091267,AAPL,3211763,3213735,1972,90,70,160,401,1313
23410026091267,AMZN,18496300,18498432,2132,16,100,731,391,2674
23410026091267,GOOGL,14378000,14378500,500,10,14,483,385,4831
23410026091267,MSFT,1736800,1737000,200,80,100,89,437,1850
23410026091267,TSLA,6405100,6405441,341,16,100,524,595,2737
23420231285084,AAPL,3211600,3213625,2025,140,100,158,401,1312
23420231285084,AMZN,18496100,18498188,2088,6,100,730,391,2672
23420231285084,GOOGL,14377700,14378500,800,35,14,482,384,4840
23420231285084,MSFT,1736800,1737000,200,80,100,89,441,1852
23420231285084,TSLA,6405375,6405387,12,100,23,523,601,2741
23430183748886,AAPL,3211660,3213564,1904,100,100,159,407,1322
23430183748886,AMZN,18495800,18497832,2032,11,100,731,390,2670
23430183748886,GOOGL,14377700,14378500,800,35,14,483,384,4859
23430183748886,MSFT,1736800,1737000,200,80,100,89,442,1853
23430183748886,TSLA,6406689,6406700,11,100,64,522,604,2735
23440018502746,AAPL,3211673,3213564,1891,60,87,160,411,1330
23440018502746,AMZN,18495500,18497533,2033,12,100,730,389,2668
23440018502746,GOOGL,14377700,14378500,800,20,14,484,383,4887
23440018502746,MSFT,1736800,1737000,200,80,100,90,442,1858
23440018502746,TSLA,6406689,6406700,11,100,48,522,604,2735
23450139581919,AAPL,3211673,3213564,1891,60,72,160,411,1332
23450139581919,AMZN,18495200,18497232,2032,55,100,729,386,2659
23450139581919,GOOGL,14377700,14378500,800,20,14,487,382,4903
23450139581919,MSFT,1736800,1737000,200,80,82,90,442,1860
23450139581919,TSLA,6406989,6407000,11,100,8,522,602,2727
23460098585019,AAPL,3211673,3213564,1891,30,42,160,413,1332
23460098585019,AMZN,18495200,18497232,2032,25,100,733,386,2662
23460098585019,GOOGL,14377700,14378500,800,20,14,491,382,4924
23460098585019,MSFT,1736800,1737000,200,80,82,91,443,1865
23460098585019,TSLA,6407083,6407100,17,100,23,522,603,2730
23470322334995,AAPL,3211614,3213564,1950,70,42,160,414,1331
23470322334995,AMZN,18494700,18496844,2144,31,100,732,388,2660
23470322334995,GOOGL,14377700,14378500,800,35,14,493,381,4940
23470322334995,MSFT,1736800,1737000,200,80,82,91,443,1866
23470322334995,TSLA,6407289,6407300,11,100,7,522,608,2740
23480216476206,AAPL,3211614,3213564,1950,70,42,160,414,1327
23480216476206,AMZN,18494700,18496732,2032,16,100,736,391,2669
23480216476206,GOOGL,14377700,14378500,800,35,14,497,381,4958
23480216476206,MSFT,1736800,1737000,200,80,82,91,443,1866
23480216476206,TSLA,6407489,6407500,11,100,423,522,607,2746
23490518498963,AAPL,3211614,3213564,1950,10,42,160,414,1329
23490518498963,AMZN,18494300,18496432,2132,16,100,736,391,2670
23490518498963,GOOGL,14377700,14378500,800,35,14,498,381,4965
23490518498963,MSFT,1736800,1737000,200,80,82,92,443,1873
23490518498963,TSLA,6407489,6407500,11,100,423,522,607,2750
23500113776747,AAPL,3211600,3213564,1964,120,27,161,416,1330
23500113776747,AMZN,18494200,18496232,2032,46,100,735,395,2672
23500113776747,GOOGL,14377700,14378500,800,35,14,499,381,4971
23500113776747,MSFT,1736800,1737000,200,80,182,92,443,1881
23500113776747,TSLA,6407927,6408000,73,100,449,522,604,2740
23510601253004,AAPL,3211600,3213564,1964,50,27,163,417,1343
23510601253004,AMZN,18494100,18496132,2032,27,100,739,395,2670
23510601253004,GOOGL,14377700,14378500,800,35,14,500,381,4981
23510601253004,MSFT,1736800,1737000,200,80,182,92,443,1883
23510601253004,TSLA,6408689,6408800,111,100,145,522,604,2716
23522511892541,AAPL,3211600,3213564,1964,50,27,163,418,1346
23522511892541,AMZN,18494100,18496132,2032,12,100,742,394,2667
23522511892541,GOOGL,14377700,14378500,800,35,14,501,381,4991
23522511892541,MSFT,1736800,1737000,200,80,182,92,444,1884
23522511892541,TSLA,6408789,6408800,11,100,99,523,604,2720
23530329642258,AAPL,3211600,3213564,1964,50,27,163,418,1346
23530329642258,AMZN,18494000,18496035,2035,17,100,742,394,2670
23530329642258,GOOGL,14377700,14378500,800,35,14,502,381,4997
23530329642258,MSFT,1736700,1737000,300,5578,282,91,445,1897
23530329642258,TSLA,6408789,6408800,11,100,20,523,603,2720
23540025325924,AAPL,3211600,3213564,1964,20,27,163,418,1346
23540025325924,AMZN,18493700,18495732,2032,16,100,744,396,2670
23540025325924,GOOGL,14377700,14378500,800,35,14,504,381,5012
23540025325924,MSFT,1736700,1737000,300,5578,282,91,445,1905
23540025325924,TSLA,6408789,6408800,11,100,2,523,606,2723
23550265099855,AAPL,3211600,3213564,1964,20,27,163,418,1346
23550265099855,AMZN,18493200,18495235,2035,95,100,746,396,2659
23550265099855,GOOGL,14377700,14378500,800,35,14,510,381,5041
23550265099855,MSFT,1736700,1737000,300,5578,282,91,445,1908
23550265099855,TSLA,6408989,6409000,11,100,33,523,614,2734
23560481220078,AAPL,3211500,3213541,2041,173,100,162,418,1343
23560481220078,AMZN,18493200,18495232,2032,50,100,746,396,2655
23560481220078,GOOGL,14377700,14378500,800,35,14,511,381,5056
23560481220078,MSFT,1736700,1737000,300,5578,282,91,445,1913
23560481220078,TSLA,6408989,6409000,11,100,33,523,616,2736
23570309663618,AAPL,3211500,3213520,2020,13,100,162,418,1342
23570309663618,AMZN,18493200,18495232,2032,5,100,745,396,2649
23570309663618,GOOGL,14377700,14378500,800,35,14,511,381,5065
23570309663618,MSFT,1736700,1737000,300,5578,282,91,445,1919
23570309663618,TSLA,6408989,6409000,11,100,33,523,617,2737
23580354827846,AAPL,3211500,3213520,2020,13,100,162,418,1342
23580354827846,AMZN,18492300,18494382,2082,11,100,741,395,2639
23580354827846,GOOGL,14377700,14378500,800,35,14,513,381,5105
23580354827846,MSFT,1736700,1737000,300,5578,282,91,445,1921
23580354827846,TSLA,6408989,6409000,11,100,33,523,617,2736
23590207764872,AAPL,3211400,3213469,2069,13,100,161,418,1340
23590207764872,AMZN,18492200,18494245,2045,1,100,740,395,2636
23590207764872,GOOGL,14377700,14378500,800,35,14,514,381,5113
23590207764872,MSFT,1736700,1737000,300,5578,282,91,445,1925
23590207764872,TSLA,6409252,6409400,148,100,82,523,614,2727
23600991114126,AAPL,3211400,3213430,2030,13,100,162,419,1342
23600991114126,AMZN,18492200,18494232,2032,1,100,742,396,2640
23600991114126,GOOGL,14377700,14378500,800,35,14,514,381,5114
23600991114126,MSFT,1736700,1737000,300,5578,282,91,445,1925
23600991114126,TSLA,6409385,6409400,15,100,66,523,614,2728
23610138238223,AAPL,3211400,3213424,2024,13,100,162,419,1343
23610138238223,AMZN,18491800,18493932,2132,6,100,743,396,2638
23610138238223,GOOGL,14377700,14378500,800,35,14,514,381,5118
23610138238223,MSFT,1736700,1737000,300,5578,282,91,446,1926
23610138238223,TSLA,6409389,6409400,11,100,66,523,619,2735
23620090541437,AAPL,3211300,3213369,2069,98,100,161,419,1343
23620090541437,AMZN,18491700,18493739,2039,71,100,742,396,2636
23620090541437,GOOGL,14377700,14378500,800,35,14,514,381,5121
23620090541437,MSFT,1736700,1737000,300,5578,282,91,447,1929
23620090541437,TSLA,6409389,6409400,11,100,49,523,620,2737
23630169487967,AAPL,3211300,3213369,2069,98,100,161,419,1343
23630169487967,AMZN,18491700,18493732,2032,41,100,743,396,2634
23630169487967,GOOGL,14377700,14378500,800,35,14,514,381,5130
23630169487967,MSFT,1736700,1737000,300,5578,282,91,447,1929
23630169487967,TSLA,6409483,6409500,17,100,153,523,620,2740
23640196197781,AAPL,3211200,3213269,2069,57,100,160,419,1338
23640196197781,AMZN,18491700,18493732,2032,26,100,743,395,2632
23640196197781,GOOGL,14377700,14378500,800,35,14,514,381,5133
23640196197781,MSFT,1736700,1737000,300,5578,267,90,447,1929
23640196197781,TSLA,6409489,6409500,11,100,105,522,621,2745
23650152452643,AAPL,3211146,3213134,1988,100,100,160,420,1338
23650152452643,AMZN,18491700,18493732,2032,26,100,743,395,2632
23650152452643,GOOGL,14377700,14378500,800,35,14,514,381,5140
23650152452643,MSFT,1736700,1737000,300,5578,267,90,447,1930
23650152452643,TSLA,6409489,6409500,11,100,3,522,622,2748
23660261682447,AAPL,3211100,3213180,2080,17,85,159,421,1340
23660261682447,AMZN,18491700,18493732,2032,11,100,744,395,2629
23660261682447,GOOGL,14377700,14378500,800,35,14,514,381,5148
23660261682447,MSFT,1736700,1736800,100,5578,100,90,449,1934
23660261682447,TSLA,6409989,6410000,11,100,1497,522,619,2737
23670393196249,AAPL,3211000,3213033,2033,3159,100,158,422,1344
23670393196249,AMZN,18491500,18493533,2033,36,100,743,394,2626
23670393196249,GOOGL,14377700,14378500,800,35,14,514,381,5152
23670393196249,MSFT,1736700,1736800,100,5578,100,90,450,1934
23670393196249,TSLA,6409989,6410000,11,100,1392,522,622,2741
23681088566299,AAPL,3211000,3213018,2018,3129,100,158,423,1344
23681088566299,AMZN,18491500,18493532,2032,36,100,743,396,2629
23681088566299,GOOGL,14377700,14378500,800,35,14,514,381,5156
23681088566299,MSFT,1736700,1736800,100,5578,100,90,450,1935
23681088566299,TSLA,6409989,6410000,11,100,1332,522,624,2742
23690287508078,AAPL,3211000,3213018,2018,3129,100,158,423,1348
23690287508078,AMZN,18491500,18493532,2032,36,100,743,397,2629
23690287508078,GOOGL,14377700,14378500,800,35,14,514,381,5160
23690287508078,MSFT,1736700,1736800,100,5514,100,90,451,1938
23690287508078,TSLA,6409989,6410000,11,100,1287,522,625,2745
23701243382654,AAPL,3211030,3213003,1973,70,55,159,426,1350
23701243382654,AMZN,18491500,18493532,2032,21,100,743,398,2629
23701243382654,GOOGL,14377700,14378500,800,35,14,514,381,5167
23701243382654,MSFT,1736700,1736800,100,5514,100,90,451,1942
23701243382654,TSLA,6409989,6410000,11,100,1187,522,630,2746
23710326784499,AAPL,3211030,3213003,1973,40,25,160,427,1353
23710326784499,AMZN,18491500,18493532,2032,21,100,744,398,2633
23710326784499,GOOGL,14377700,14378500,800,35,14,514,381,5177
23710326784499,MSFT,1736700,1736800,100,5514,85,90,453,1943
23710326784499,TSLA,6409989,6410000,11,100,1124,521,633,2748
23720773925465,AAPL,3211000,3213003,2003,3071,25,159,427,1352
23720773925465,AMZN,18491500,18493532,2032,6,100,746,400,2642
23720773925465,GOOGL,14377700,14378500,800,35,14,514,381,5180
23720773925465,MSFT,1736800,1736900,100,11,64,92,451,1945
23720773925465,TSLA,6409989,6410000,11,100,928,520,634,2745
23730321913267,AAPL,3211000,3213003,2003,3071,25,159,427,1352
23730321913267,AMZN,18491500,18493532,2032,6,100,746,403,2646
23730321913267,GOOGL,14377700,14378500,800,35,14,514,381,5183
23730321913267,MSFT,1736800,1736900,100,11,14,92,452,1951
23730321913267,TSLA,6409989,6410000,11,100,837,520,635,2745
23740118683377,AAPL,3211000,3213003,2003,3071,10,159,427,1352
23740118683377,AMZN,18491400,18493482,2082,9,100,747,403,2648
23740118683377,GOOGL,14377700,14378500,800,35,14,514,382,5190
23740118683377,MSFT,1736800,1736900,100,11,14,92,454,1952
23740118683377,TSLA,6409989,6410000,11,100,691,521,636,2745
23750387717513,AAPL,3211000,3213003,2003,3071,10,159,427,1355
23750387717513,AMZN,18491200,18493232,2032,19,100,749,403,2650
23750387717513,GOOGL,14377700,14378500,800,35,14,514,382,5197
23750387717513,MSFT,1736800,1736900,100,11,14,92,454,1953
23750387717513,TSLA,6409989,6410000,11,100,569,521,636,2746
23760108113501,AAPL,3211019,3212991,1972,100,100,160,427,1355
23760108113501,AMZN,18491200,18493232,2032,4,100,750,406,2655
23760108113501,GOOGL,14377700,14378500,800,35,14,514,382,5201
23760108113501,MSFT,1736800,1736900,100,11,14,92,454,1955
23760108113501,TSLA,6409989,6410000,11,100,384,521,639,2752
23770856009154,AAPL,3211019,3212991,1972,100,100,161,427,1356
23770856009154,AMZN,18491200,18493232,2032,4,100,751,406,2656
23770856009154,GOOGL,14377700,14378500,800,35,14,514,382,5202
23770856009154,MSFT,1736800,1736900,100,11,14,92,454,1957
23770856009154,TSLA,6409989,6410000,11,100,384,521,639,2754
23780929962747,AAPL,3211019,3212991,1972,100,100,161,428,1357
23780929962747,AMZN,18491000,18493082,2082,9,100,750,406,2657
23780929962747,GOOGL,14377700,14378500,800,35,14,514,382,5212
23780929962747,MSFT,1736800,1736900,100,11,14,92,454,1958
23780929962747,TSLA,6409989,6410000,11,100,373,521,640,2756
23791141380504,AAPL,3211034,3212976,1942,100,100,161,431,1361
23791141380504,AMZN,18490600,18492682,2082,19,100,749,408,2657
23791141380504,GOOGL,14377700,14378500,800,35,14,514,384,5217
23791141380504,MSFT,1736800,1736900,100,11,14,92,454,1958
23791141380504,TSLA,6409989,6410000,11,100,343,521,642,2762
23800149834550,AAPL,3211034,3212976,1942,100,100,161,431,1361
23800149834550,AMZN,18490400,18492483,2083,59,100,750,408,2657
23800149834550,GOOGL,14377700,14378500,800,35,14,514,385,5221
23800149834550,MSFT,1736800,1736900,100,11,14,92,454,1958
23800149834550,TSLA,6409989,6410000,11,100,323,521,643,2767
23811163946701,AAPL,3211064,3212946,1882,100,100,161,433,1362
23811163946701,AMZN,18490400,18492432,2032,14,100,752,408,2659
23811163946701,GOOGL,14377700,14378500,800,35,14,514,387,5229
23811163946701,MSFT,1736800,1736900,100,11,14,92,454,1957
23811163946701,TSLA,6409989,6410000,11,100,308,521,652,2775
23820143582322,AAPL,3211079,3212931,1852,100,100,161,436,1368
23820143582322,AMZN,18490200,18492233,2033,64,100,753,408,2661
23820143582322,GOOGL,14377700,14378500,800,35,14,514,388,5235
23820143582322,MSFT,1736800,1736900,100,11,14,92,454,1957
23820143582322,TSLA,6409989,6410000,11,100,194,521,654,2777
23831267758752,AAPL,3211079,3212946,1867,70,85,163,436,1370
23831267758752,AMZN,18490200,18492232,2032,34,100,756,408,2664
23831267758752,GOOGL,14377700,14378500,800,35,14,514,388,5243
23831267758752,MSFT,1736800,1736900,100,11,14,92,454,1957
23831267758752,TSLA,6409989,6410000,11,100,179,521,658,2782
23840397623781,AAPL,3211079,3212946,1867,70,70,163,436,1371
23840397623781,AMZN,18490100,18492132,2032,54,100,755,408,2665
23840397623781,GOOGL,14377700,14378500,800,35,14,514,389,5246
23840397623781,MSFT,1736800,1736900,100,11,14,92,454,1957
23840397623781,TSLA,6409989,6410000,11,100,161,521,659,2785
23850043087285,AAPL,3211079,3212946,1867,70,70,163,437,1373
23850043087285,AMZN,18490100,18492132,2032,54,100,756,408,2669
23850043087285,GOOGL,14377700,14378500,800,35,14,514,390,5256
23850043087285,MSFT,1736800,1736900,100,11,14,92,454,1958
23850043087285,TSLA,6409989,6410000,11,100,161,521,665,2793
23860019948083,AAPL,3211079,3212946,1867,70,40,163,435,1374
23860019948083,AMZN,18490100,18492132,2032,39,100,759,409,2674
23860019948083,GOOGL,14377700,14378500,800,35,14,514,390,5263
23860019948083,MSFT,1736800,1736900,100,11,14,92,455,1959
23860019948083,TSLA,6409989,6410000,11,100,161,521,668,2799
23870095887346,AAPL,3211079,3212946,1867,70,40,163,435,1374
23870095887346,AMZN,18490000,18492032,2032,405,100,761,409,2671
23870095887346,GOOGL,14377700,14378500,800,35,14,514,392,5270
23870095887346,MSFT,1736800,1736900,100,11,14,92,455,1959
23870095887346,TSLA,6409989,6410000,11,100,93,521,674,2803
23880126865191,AAPL,3211079,3212946,1867,30,25,164,436,1376
23880126865191,AMZN,18490000,18492032,2032,345,100,762,409,2678
23880126865191,GOOGL,14377700,14379037,1337,35,99,514,392,5275
23880126865191,MSFT,1736800,1736900,100,11,14,92,456,1963
23880126865191,TSLA,6410139,6410200,61,100,5,522,673,2803
23891627459746,AAPL,3211079,3212946,1867,30,10,164,436,1375
23891627459746,AMZN,18490000,18492032,2032,285,100,762,409,2679
23891627459746,GOOGL,14377700,14379037,1337,35,99,514,392,5285
23891627459746,MSFT,1736800,1736900,100,11,14,92,456,1963
23891627459746,TSLA,6410483,6410500,17,100,2,520,671,2799
23901134245861,AAPL,3211079,3212961,1882,30,80,164,433,1373
23901134245861,AMZN,18490000,18492032,2032,285,100,762,409,2684
23901134245861,GOOGL,14377700,14379037,1337,35,99,514,392,5289
23901134245861,MSFT,1736800,1736900,100,11,14,92,456,1963
23901134245861,TSLA,6410539,6410600,61,100,6,518,671,2800
23910754996354,AAPL,3211079,3212961,1882,30,80,164,433,1374
23910754996354,AMZN,18490000,18492032,2032,285,100,762,408,2688
23910754996354,GOOGL,14377700,14379037,1337,35,84,514,393,5296
23910754996354,MSFT,1736800,1736900,100,11,14,93,456,1966
23910754996354,TSLA,6410686,6410700,14,100,13,518,670,2798
23920844006231,AAPL,3211079,3212961,1882,30,35,164,434,1373
23920844006231,AMZN,18490000,18492032,2032,285,100,762,408,2690
23920844006231,GOOGL,14377700,14379037,1337,35,84,514,393,5307
23920844006231,MSFT,1736800,1737000,200,11,286,93,455,1965
23920844006231,TSLA,6410789,6410800,11,100,84,518,671,2798
23930618509299,AAPL,3211079,3212961,1882,30,35,164,434,1372
23930618509299,AMZN,18490000,18492032,2032,285,100,762,410,2698
23930618509299,GOOGL,14377700,14379037,1337,35,84,514,393,5310
23930618509299,MSFT,1736800,1737000,200,11,286,93,455,1965
23930618509299,TSLA,6410789,6410800,11,100,70,518,672,2800
23940601734831,AAPL,3211079,3212961,1882,30,35,164,434,1372
23940601734831,AMZN,18490000,18492032,2032,225,100,763,411,2705
23940601734831,GOOGL,14377700,14379037,1337,35,84,514,393,5313
23940601734831,MSFT,1736800,1737000,200,11,286,93,455,1965
23940601734831,TSLA,6410789,6410800,11,100,40,518,671,2806
23950337831933,AAPL,3211079,3212961,1882,30,20,164,435,1373
23950337831933,AMZN,18490000,18492032,2032,225,100,763,411,2707
23950337831933,GOOGL,14377700,14379037,1337,35,84,514,393,5322
23950337831933,MSFT,1736800,1737000,200,11,286,93,455,1965
23950337831933,TSLA,6410889,6410900,11,100,15,518,672,2812
23960244575000,AAPL,3211079,3212961,1882,30,5,164,435,1373
23960244575000,AMZN,18490000,18492032,2032,150,100,764,410,2708
23960244575000,GOOGL,14377700,14379037,1337,35,84,514,393,5329
23960244575000,MSFT,1736800,1737000,200,11,286,93,458,1968
23960244575000,TSLA,6410989,6411000,11,100,89,517,675,2819
23970678923831,AAPL,3211079,3212976,1897,30,45,164,439,1378
23970678923831,AMZN,18490000,18492032,2032,135,100,764,411,2714
23970678923831,GOOGL,14377700,14379037,1337,35,54,513,392,5339
23970678923831,MSFT,1736800,1737000,200,11,286,93,458,1970
23970678923831,TSLA,6410989,6411000,11,100,58,517,678,2826
23980367278836,AAPL,3211079,3212976,1897,30,30,164,439,1379
23980367278836,AMZN,18490000,18492032,2032,75,100,767,411,2719
23980367278836,GOOGL,14377700,14379037,1337,35,54,513,392,5345
23980367278836,MSFT,1736800,1737000,200,11,286,93,459,1971
23980367278836,TSLA,6411884,6411900,16,100,18,516,676,2822
23990487217206,AAPL,3211071,3212976,1905,98,30,164,439,1384
23990487217206,AMZN,18490000,18492032,2032,45,100,767,414,2731
23990487217206,GOOGL,14377700,14379037,1337,35,54,513,392,5352
23990487217206,MSFT,1736800,1737000,200,11,286,93,461,1973
23990487217206,TSLA,6412489,6412500,11,100,64,515,676,2823
24000032909463,AAPL,3211071,3212976,1905,98,15,164,439,1385
24000032909463,AMZN,18490000,18492032,2032,46,100,767,414,2740
24000032909463,GOOGL,14377700,14379037,1337,5,54,513,392,5358
24000032909463,MSFT,1736800,1737000,200,11,386,93,461,1973
24000032909463,TSLA,6412489,6412500,11,100,14,514,677,2826
24010492361605,AAPL,3211085,3212971,1886,100,100,164,439,1386
24010492361605,AMZN,18490000,18492032,2032,31,100,768,415,2752
24010492361605,GOOGL,14377600,14379037,1437,99,39,512,393,5367
24010492361605,MSFT,1736800,1737000,200,11,386,93,461,1974
24010492361605,TSLA,6412677,6412700,23,100,46,514,679,2823
24020079745460,AAPL,3211085,3212971,1886,100,100,164,439,1386
24020079745460,AMZN,18490000,18492032,2032,1,100,768,415,2753
24020079745460,GOOGL,14377600,14379037,1437,99,39,512,393,5374
24020079745460,MSFT,1736800,1737000,200,11,386,93,461,1974
24020079745460,TSLA,6412689,6412700,11,100,31,513,680,2826
24030610331369,AAPL,3211071,3212971,1900,38,40,163,441,1388
24030610331369,AMZN,18489800,18491838,2038,11,100,766,417,2754
24030610331369,GOOGL,14377600,14379037,1437,99,39,513,393,5381
24030610331369,MSFT,1736800,1737000,200,11,386,93,461,1974
24030610331369,TSLA,6412777,6412800,23,100,75,513,681,2825
24040054075508,AAPL,3211000,3212971,1971,3049,40,162,441,1389
24040054075508,AMZN,18489600,18491638,2038,31,100,766,417,2756
24040054075508,GOOGL,14377600,14379037,1437,99,39,513,393,5389
24040054075508,MSFT,1736800,1737000,200,11,386,93,463,1972
24040054075508,TSLA,6412789,6412800,11,100,60,513,682,2825
24050377135478,AAPL,3211000,3212971,1971,2959,40,162,442,1390
24050377135478,AMZN,18489400,18491432,2032,2,100,767,418,2758
24050377135478,GOOGL,14377600,14379037,1437,99,39,514,393,5398
24050377135478,MSFT,1736800,1737000,200,11,386,93,463,1974
24050377135478,TSLA,6412789,6412800,11,100,16,513,684,2827
24060083211030,AAPL,3211000,3212971,1971,2909,40,163,442,1393
24060083211030,AMZN,18489400,18491432,2032,2,100,768,419,2760
24060083211030,GOOGL,14377600,14379037,1437,99,39,514,393,5406
24060083211030,MSFT,1736800,1737000,200,11,386,93,463,1973
24060083211030,TSLA,6412789,6412800,11,100,16,513,684,2829
24070187413767,AAPL,3211000,3212971,1971,2909,40,163,442,1395
24070187413767,AMZN,18489400,18491432,2032,2,100,768,419,2765
24070187413767,GOOGL,14377600,14379037,1437,99,39,514,394,5419
24070187413767,MSFT,1736800,1737000,200,11,386,93,465,1975
24070187413767,TSLA,6412939,6413000,61,100,60,512,682,2826
24081024111418,AAPL,3211000,3212971,1971,2909,40,163,442,1392
24081024111418,AMZN,18489300,18491357,2057,27,100,769,421,2787
24081024111418,GOOGL,14377600,14379037,1437,99,39,514,394,5426
24081024111418,MSFT,1736800,1737000,200,11,386,93,465,1977
24081024111418,TSLA,6412989,6413000,11,100,45,511,683,2826
24090704327857,AAPL,3211000,3212971,1971,2870,40,163,444,1393
24090704327857,AMZN,18489300,18491332,2032,27,100,769,422,2797
24090704327857,GOOGL,14377600,14379037,1437,99,39,514,394,5432
24090704327857,MSFT,1736800,1737000,200,11,386,93,466,1978
24090704327857,TSLA,6413439,6413600,161,100,11,511,681,2821
24100136658153,AAPL,3211000,3212971,1971,2870,25,163,446,1393
24100136658153,AMZN,18489300,18491332,2032,27,100,770,424,2812
24100136658153,GOOGL,14377600,14379037,1437,99,39,514,394,5441
24100136658153,MSFT,1736800,1737000,200,11,386,93,466,1978
24100136658153,TSLA,6413587,6413600,13,100,11,508,683,2822
24110487250778,AAPL,3211000,3211400,400,2840,30,163,448,1397
24110487250778,AMZN,18489300,18491332,2032,27,100,772,426,2823
24110487250778,GOOGL,14377600,14379037,1437,99,10,516,394,5453
24110487250778,MSFT,1736800,1737000,200,11,386,93,468,1979
24110487250778,TSLA,6413589,6413600,11,100,11,508,685,2825
24120559252452,AAPL,3211000,3211400,400,2800,30,163,448,1398
24120559252452,AMZN,18489300,18491332,2032,12,100,772,426,2824
24120559252452,GOOGL,14377600,14379100,1500,99,45,516,393,5463
24120559252452,MSFT,1736800,1737000,200,11,386,93,469,1978
24120559252452,TSLA,6413683,6413700,17,100,57,508,687,2828
24130185491376,AAPL,3211000,3212278,1278,2660,86,163,447,1393
24130185491376,AMZN,18489300,18491332,2032,12,100,773,426,2824
24130185491376,GOOGL,14377600,14379100,1500,99,45,516,393,5468
24130185491376,MSFT,1736800,1737000,200,11,386,93,469,1978
24130185491376,TSLA,6413886,6413900,14,100,241,508,685,2819
24140016048780,AAPL,3211000,3212100,1100,2660,30,163,452,1400
24140016048780,AMZN,18489300,18491332,2032,12,100,773,426,2824
24140016048780,GOOGL,14377600,14379100,1500,99,45,516,393,5480
24140016048780,MSFT,1736800,1737000,200,11,386,93,469,1980
24140016048780,TSLA,6413889,6413900,11,100,210,507,685,2817
24150102463188,AAPL,3211000,3212100,1100,2580,30,163,455,1404
24150102463188,AMZN,18489300,18491332,2032,12,100,773,426,2823
24150102463188,GOOGL,14377600,14379100,1500,99,45,516,393,5484
24150102463188,MSFT,1736800,1737000,200,11,371,93,470,1980
24150102463188,TSLA,6413889,6413900,11,100,150,508,685,2818
24160220335792,AAPL,3211000,3212278,1278,2580,86,163,458,1406
24160220335792,AMZN,18489300,18491332,2032,12,100,773,426,2823
24160220335792,GOOGL,14377600,14379100,1500,84,45,516,395,5492
24160220335792,MSFT,1736800,1737000,200,11,371,93,472,1982
24160220335792,TSLA,6413889,6413900,11,100,135,508,685,2820
24170096651983,AAPL,3211000,3211900,900,2580,25,163,462,1408
24170096651983,AMZN,18489300,18491332,2032,12,100,773,426,2829
24170096651983,GOOGL,14377600,14379100,1500,84,30,515,395,5498
24170096651983,MSFT,1736800,1737000,200,11,271,93,473,1984
24170096651983,TSLA,6413889,6413900,11,100,103,508,687,2825
24180745370853,AAPL,3211000,3211900,900,2580,25,163,464,1409
24180745370853,AMZN,18489000,18491057,2057,119,100,769,426,2826
24180745370853,GOOGL,14377600,14379100,1500,48,30,515,395,5503
24180745370853,MSFT,1736800,1737000,200,11,271,93,473,1984
24180745370853,TSLA,6413889,6413900,11,100,42,509,688,2833
24190289674899,AAPL,3211000,3211900,900,2550,10,163,466,1410
24190289674899,AMZN,18489000,18491032,2032,30,100,770,427,2824
24190289674899,GOOGL,14377600,14379100,1500,48,30,515,395,5514
24190289674899,MSFT,1736800,1737000,200,11,71,93,473,1983
24190289674899,TSLA,6414083,6414100,17,100,35,508,688,2833
24200693544947,AAPL,3211000,3211900,900,2550,10,163,467,1410
24200693544947,AMZN,18489000,18491032,2032,30,100,770,427,2823
24200693544947,GOOGL,14377600,14379100,1500,48,30,518,395,5525
24200693544947,MSFT,1736800,1737000,200,11,71,93,473,1983
24200693544947,TSLA,6414089,6414100,11,100,6,508,690,2837
24210168309409,AAPL,3211000,3212200,1200,2550,35,162,466,1409
24210168309409,AMZN,18488800,18490832,2032,88,100,770,427,2826
24210168309409,GOOGL,14377600,14379100,1500,48,30,519,395,5537
24210168309409,MSFT,1736800,1737000,200,11,71,93,474,1985
24210168309409,TSLA,6414338,6414400,62,100,95,507,692,2840
24220515627798,AAPL,3211000,3212278,1278,2150,72,162,466,1408
24220515627798,AMZN,18488800,18490832,2032,58,100,770,427,2828
24220515627798,GOOGL,14377600,14379100,1500,48,30,519,395,5546
24220515627798,MSFT,1736800,1737000,200,11,56,93,475,1987
24220515627798,TSLA,6414383,6414400,17,100,95,507,694,2842
24230236226107,AAPL,3211000,3212278,1278,2150,72,162,467,1409
24230236226107,AMZN,18488800,18490832,2032,28,100,771,426,2828
24230236226107,GOOGL,14377600,14379100,1500,48,30,519,395,5552
24230236226107,MSFT,1736800,1737000,200,11,56,93,475,1988
24230236226107,TSLA,6414383,6414400,17,100,95,507,694,2842
24240417268423,AAPL,3211000,3212278,1278,2010,72,162,466,1408
24240417268423,AMZN,18488500,18490682,2182,18,100,770,426,2827
24240417268423,GOOGL,14377600,14379100,1500,48,30,520,395,5556
24240417268423,MSFT,1736800,1737000,200,11,56,93,475,1989
24240417268423,TSLA,6414389,6414400,11,100,80,506,695,2846
24251194966239,AAPL,3211000,3212278,1278,1910,72,162,467,1409
24251194966239,AMZN,18488500,18490536,2036,3,100,771,428,2829
24251194966239,GOOGL,14377600,14379100,1500,48,30,519,395,5559
24251194966239,MSFT,1736800,1737000,200,11,56,93,475,1989
24251194966239,TSLA,6414389,6414400,11,100,80,506,696,2850
24260939687345,AAPL,3211000,3212278,1278,1910,72,162,467,1409
24260939687345,AMZN,18488500,18490532,2032,3,100,772,427,2829
24260939687345,GOOGL,14377600,14379100,1500,48,30,519,396,5564
24260939687345,MSFT,1736800,1737000,200,11,56,93,475,1989
24260939687345,TSLA,6414389,6414400,11,100,80,506,696,2849
24271441200265,AAPL,3211000,3212278,1278,1910,72,162,467,1411
24271441200265,AMZN,18488300,18490339,2039,23,100,770,427,2826
24271441200265,GOOGL,14377600,14379100,1500,48,30,519,396,5569
24271441200265,MSFT,1736800,1737000,200,11,41,94,475,1989
24271441200265,TSLA,6414389,6414400,11,100,64,506,697,2852
24280931394921,AAPL,3211000,3212278,1278,1910,72,162,467,1411
24280931394921,AMZN,18488200,18490235,2035,18,100,770,427,2824
24280931394921,GOOGL,14377600,14379100,1500,48,30,519,396,5576
24280931394921,MSFT,1736800,1737000,200,11,41,94,475,1991
24280931394921,TSLA,6414952,6415000,48,100,110,506,692,2830
24290745979643,AAPL,3211000,3212000,1000,1910,25,163,469,1416
24290745979643,AMZN,18488100,18490133,2033,13,100,768,427,2824
24290745979643,GOOGL,14377600,14379100,1500,48,30,519,396,5583
24290745979643,MSFT,1736800,1737000,200,11,41,94,475,1994
24290745979643,TSLA,6414989,6415000,11,100,64,506,694,2837
24300310022763,AAPL,3211000,3212000,1000,1910,25,163,470,1416
24300310022763,AMZN,18488000,18490044,2044,108,100,767,427,2821
24300310022763,GOOGL,14377600,14379100,1500,48,30,519,397,5588
24300310022763,MSFT,1736800,1737000,200,11,41,94,476,1996
24300310022763,TSLA,6414989,6415000,11,100,64,507,694,2841
24310344194937,AAPL,3211000,3212278,1278,1910,67,163,469,1416
24310344194937,AMZN,18488000,18490033,2033,108,100,768,427,2822
24310344194937,GOOGL,14377600,14379100,1500,48,30,519,397,5601
24310344194937,MSFT,1736800,1737200,400,11,376,94,478,1991
24310344194937,TSLA,6415089,6415100,11,100,10,507,696,2840
24320104068912,AAPL,3211000,3212278,1278,1910,22,163,473,1422
24320104068912,AMZN,18488000,18490032,2032,78,100,768,428,2823
24320104068912,GOOGL,14377600,14379100,1500,48,30,518,397,5616
24320104068912,MSFT,1736800,1737200,400,11,276,94,480,1995
24320104068912,TSLA,6415189,6415200,11,100,26,507,698,2845
24330095546230,AAPL,3211000,3212278,1278,1910,7,163,474,1422
24330095546230,AMZN,18488000,18490032,2032,78,100,768,428,2823
24330095546230,GOOGL,14377600,14379100,1500,48,30,518,396,5623
24330095546230,MSFT,1736800,1737200,400,11,176,95,482,2009
24330095546230,TSLA,6415189,6415200,11,100,26,506,698,2843
24342362127668,AAPL,3211000,3212278,1278,1910,7,163,474,1423
24342362127668,AMZN,18488000,18490032,2032,78,100,769,428,2824
24342362127668,GOOGL,14377600,14379100,1500,48,30,519,396,5629
24342362127668,MSFT,1737200,1737300,100,100,376,96,486,2015
24342362127668,TSLA,6415189,6415200,11,100,22,506,699,2847
24350663207206,AAPL,3211000,3212500,1500,1910,92,163,474,1423
24350663207206,AMZN,18488000,18490032,2032,48,100,769,428,2825
24350663207206,GOOGL,14377600,14379100,1500,48,30,519,396,5635
24350663207206,MSFT,1737200,1737300,100,100,61,96,486,2011
24350663207206,TSLA,6415239,6415300,61,100,37,506,698,2847
24360071240726,AAPL,3211000,3212500,1500,804,62,163,476,1428
24360071240726,AMZN,18488000,18490032,2032,18,100,770,428,2830
24360071240726,GOOGL,14377600,14379100,1500,48,30,519,396,5642
24360071240726,MSFT,1737200,1737400,200,100,1546,96,486,2010
24360071240726,TSLA,6415389,6415400,11,100,55,506,698,2846
24370170447874,AAPL,3211000,3212500,1500,804,47,163,476,1430
24370170447874,AMZN,18488000,18490032,2032,18,100,770,428,2830
24370170447874,GOOGL,14377600,14379100,1500,48,30,521,396,5647
24370170447874,MSFT,1737200,1737400,200,100,1546,96,486,2008
24370170447874,TSLA,6415389,6415400,11,100,55,506,698,2846
24383185239112,AAPL,3211000,3212600,1600,804,17,163,477,1431
24383185239112,AMZN,18488000,18490032,2032,18,100,770,428,2831
24383185239112,GOOGL,14377600,14379100,1500,48,30,521,396,5650
24383185239112,MSFT,1737200,1737400,200,100,1546,96,486,2008
24383185239112,TSLA,6415389,6415400,11,100,40,507,699,2847
24390921223922,AAPL,3211000,3212700,1700,804,2,163,477,1426
24390921223922,AMZN,18488000,18490032,2032,18,100,770,430,2833
24390921223922,GOOGL,14377600,14379100,1500,48,30,521,397,5656
24390921223922,MSFT,1737200,1737400,200,100,1546,96,488,2010
24390921223922,TSLA,6415389,6415400,11,100,40,507,700,2850
24402335306673,AAPL,3211000,3212864,1864,804,27,165,478,1425
24402335306673,AMZN,18487900,18489932,2032,98,100,771,430,2832
24402335306673,GOOGL,14377600,14379100,1500,48,30,521,397,5663
24402335306673,MSFT,1737200,1737400,200,100,1546,96,488,2010
24402335306673,TSLA,6415439,6415500,61,100,179,507,699,2847
24410042388079,AAPL,3211000,3212933,1933,804,97,164,478,1424
24410042388079,AMZN,18487900,18489932,2032,98,100,771,430,2832
24410042388079,GOOGL,14377600,14379100,1500,48,30,521,397,5667
24410042388079,MSFT,1737200,1737400,200,100,1546,96,488,2011
24410042388079,TSLA,6415477,6415500,23,100,129,507,699,2844
24420095960497,AAPL,3211000,3212933,1933,804,82,164,479,1424
24420095960497,AMZN,18487900,18489932,2032,98,100,771,430,2832
24420095960497,GOOGL,14377600,14379100,1500,48,30,521,397,5670
24420095960497,MSFT,1737200,1737400,200,100,1416,96,488,2014
24420095960497,TSLA,6416895,6417000,105,100,251,507,689,2810
24430517547720,AAPL,3211000,3212933,1933,804,52,164,479,1423
24430517547720,AMZN,18487900,18489932,2032,83,100,774,431,2836
24430517547720,GOOGL,14377600,14379100,1500,48,30,521,397,5680
24430517547720,MSFT,1737200,1737400,200,100,1286,96,490,2023
24430517547720,TSLA,6416988,6417000,12,100,251,507,690,2813
24440283473971,AAPL,3211000,3212900,1900,804,30,163,480,1422
24440283473971,AMZN,18487900,18489931,2031,68,100,775,432,2836
24440283473971,GOOGL,14377600,14379100,1500,48,30,521,397,5690
24440283473971,MSFT,1737200,1737500,300,100,1386,95,492,2019
24440283473971,TSLA,6416989,6417000,11,100,251,507,690,2813
24450049705718,AAPL,3211000,3212933,1933,804,52,163,479,1425
24450049705718,AMZN,18487700,18489736,2036,48,100,774,430,2831
24450049705718,GOOGL,14377600,14379100,1500,48,15,521,398,5704
24450049705718,MSFT,1737200,1737500,300,100,1386,95,493,2021
24450049705718,TSLA,6416989,6417000,11,100,162,506,692,2818
24460482614965,AAPL,3211000,3212700,1700,804,30,163,481,1426
24460482614965,AMZN,18487600,18489655,2055,8,100,773,430,2828
24460482614965,GOOGL,14377600,14379100,1500,48,15,521,399,5712
24460482614965,MSFT,1737200,1737500,300,100,1186,95,497,2026
24460482614965,TSLA,6417389,6417400,11,100,38,506,688,2793
24470039624120,AAPL,3211000,3212600,1600,804,30,163,483,1431
24470039624120,AMZN,18487400,18489442,2042,49,100,772,429,2824
24470039624120,GOOGL,14377600,14379425,1825,48,85,521,399,5722
24470039624120,MSFT,1737200,1737500,300,100,1186,95,498,2032
24470039624120,TSLA,6417486,6417500,14,100,107,506,687,2791
24480442651057,AAPL,3211000,3212922,1922,604,85,163,483,1427
24480442651057,AMZN,18487400,18489430,2030,34,100,772,430,2824
24480442651057,GOOGL,14377600,14379425,1825,48,85,522,399,5730
24480442651057,MSFT,1737200,1737500,300,100,1171,95,499,2034
24480442651057,TSLA,6419867,6420000,133,100,2268,506,670,2715
24490186383823,AAPL,3211000,3212922,1922,604,70,163,484,1427
24490186383823,AMZN,18487200,18489230,2030,14,100,771,429,2817
24490186383823,GOOGL,14377600,14379425,1825,48,85,522,399,5739
24490186383823,MSFT,1737200,1737500,300,100,1171,95,500,2035
24490186383823,TSLA,6419989,6420000,11,100,1906,506,670,2711
24500168234674,AAPL,3211000,3212922,1922,604,55,163,483,1428
24500168234674,AMZN,18487000,18489030,2030,19,100,771,427,2812
24500168234674,GOOGL,14377600,14379425,1825,48,85,522,399,5744
24500168234674,MSFT,1737200,1737500,300,100,1171,95,500,2036
24500168234674,TSLA,6419989,6420000,11,100,1843,506,674,2717
24511048182069,AAPL,3211000,3212922,1922,504,40,163,484,1429
24511048182069,AMZN,18486500,18488630,2130,34,100,770,424,2805
24511048182069,GOOGL,14377600,14379425,1825,48,85,522,399,5752
24511048182069,MSFT,1737200,1737500,300,100,971,95,500,2040
24511048182069,TSLA,6419989,6420000,11,100,1738,506,674,2716
24520678265613,AAPL,3211000,3212922,1922,464,40,163,484,1429
24520678265613,AMZN,18486300,18488331,2031,4,100,770,424,2802
24520678265613,GOOGL,14377600,14379425,1825,48,85,522,399,5758
24520678265613,MSFT,1737200,1737500,300,100,971,95,500,2043
24520678265613,TSLA,6419989,6420000,11,100,1664,505,675,2718
24530329955185,AAPL,3211000,3212922,1922,464,40,163,484,1429
24530329955185,AMZN,18485800,18487826,2026,24,100,769,424,2804
24530329955185,GOOGL,14377600,14379425,1825,48,85,522,400,5764
24530329955185,MSFT,1737200,1737500,300,100,971,95,500,2043
24530329955185,TSLA,6419989,6420000,11,100,1619,505,676,2719
24540396125077,AAPL,3211000,3212922,1922,464,25,163,485,1428
24540396125077,AMZN,18485700,18487726,2026,19,100,769,426,2806
24540396125077,GOOGL,14377600,14379425,1825,48,85,522,400,5773
24540396125077,MSFT,1737200,1737500,300,100,971,96,501,2050
24540396125077,TSLA,6419989,6420000,11,100,1588,505,678,2719
24550169480250,AAPL,3211000,3212922,1922,464,25,163,485,1426
24550169480250,AMZN,18485300,18487329,2029,14,100,768,425,2809
24550169480250,GOOGL,14377600,14379425,1825,48,85,522,400,5783
24550169480250,MSFT,1737200,1737500,300,100,971,96,501,2057
24550169480250,TSLA,6419989,6420000,11,100,1544,505,678,2721
24560660027763,AAPL,3211000,3212922,1922,464,10,163,486,1427
24560660027763,AMZN,18485200,18487226,2026,9,100,770,425,2811
24560660027763,GOOGL,14377600,14379425,1825,48,85,522,400,5789
24560660027763,MSFT,1737200,1737500,300,100,571,96,503,2062
24560660027763,TSLA,6419989,6420000,11,100,1513,505,679,2722
24570098143144,AAPL,3211000,3212933,1933,450,2,163,487,1429
24570098143144,AMZN,18485000,18487027,2027,24,100,769,425,2816
24570098143144,GOOGL,14377600,14379425,1825,48,85,522,400,5797
24570098143144,MSFT,1737200,1737500,300,100,571,96,503,2061
24570098143144,TSLA,6419989,6420000,11,100,1483,505,681,2725
24580258989903,AAPL,3211019,3211500,481,100,40,163,490,1433
24580258989903,AMZN,18484800,18486825,2025,49,100,770,426,2817
24580258989903,GOOGL,14377600,14379425,1825,48,85,522,400,5802
24580258989903,MSFT,1737200,1737500,300,100,571,96,504,2062
24580258989903,TSLA,6419989,6420000,11,100,1338,505,682,2728
24592026203061,AAPL,3211000,3211500,500,450,40,163,491,1433
24592026203061,AMZN,18484500,18486527,2027,14,100,770,426,2812
24592026203061,GOOGL,14377600,14379425,1825,48,85,522,400,5811
24592026203061,MSFT,1737200,1737500,300,100,571,96,504,2064
24592026203061,TSLA,6419989,6420000,11,100,1338,505,682,2730
24600133712455,AAPL,3211000,3211500,500,450,40,163,492,1434
24600133712455,AMZN,18484300,18486324,2024,14,100,770,426,2809
24600133712455,GOOGL,14377600,14379425,1825,48,85,522,400,5817
24600133712455,MSFT,1737200,1737500,300,100,571,96,504,2066
24600133712455,TSLA,6419989,6420000,11,100,1223,505,684,2733
24610093584911,AAPL,3211000,3211500,500,450,10,163,492,1436
24610093584911,AMZN,18484100,18486136,2036,24,100,770,426,2808
24610093584911,GOOGL,14377600,14379425,1825,48,85,522,401,5826
24610093584911,MSFT,1737200,1737500,300,100,571,96,504,2066
24610093584911,TSLA,6419989,6420000,11,100,1195,505,685,2736
24620602149704,AAPL,3211000,3211500,500,450,10,163,493,1439
24620602149704,AMZN,18483800,18485824,2024,24,100,769,426,2807
24620602149704,GOOGL,14377600,14379425,1825,48,85,522,401,5836
24620602149704,MSFT,1737200,1737500,300,100,471,96,505,2067
24620602149704,TSLA,6419989,6420000,11,100,1170,505,688,2739
24630211616260,AAPL,3211000,3212205,1205,450,95,163,493,1438
24630211616260,AMZN,18483800,18485824,2024,24,100,769,426,2807
24630211616260,GOOGL,14377600,14379425,1825,48,85,522,401,5839
24630211616260,MSFT,1737200,1737500,300,100,371,96,505,2069
24630211616260,TSLA,6419989,6420000,11,100,1170,505,688,2740
24640601049029,AAPL,3211000,3212205,1205,79,35,163,493,1435
24640601049029,AMZN,18483800,18485824,2024,24,100,769,426,2810
24640601049029,GOOGL,14377600,14379425,1825,48,85,522,402,5846
24640601049029,MSFT,1737200,1737500,300,100,371,96,506,2073
24640601049029,TSLA,6419989,6420000,11,100,1105,505,690,2744
24650509489871,AAPL,3211000,3212205,1205,79,35,163,493,1433
24650509489871,AMZN,18483500,18485550,2050,9,100,767,427,2807
24650509489871,GOOGL,14377600,14379425,1825,48,70,522,403,5851
24650509489871,MSFT,1737200,1737600,400,100,1690,96,505,2068
24650509489871,TSLA,6419989,6420000,11,100,1080,505,690,2747
24660057196117,AAPL,3211500,3212500,1000,100,90,163,494,1439
24660057196117,AMZN,18483300,18485364,2064,59,100,765,427,2804
24660057196117,GOOGL,14377600,14379425,1825,18,70,522,403,5859
24660057196117,MSFT,1737200,1737600,400,100,1640,96,512,2077
24660057196117,TSLA,6419989,6420000,11,100,1010,504,690,2746
24670018627663,AAPL,3211500,3212500,1000,100,90,163,495,1444
24670018627663,AMZN,18483300,18485324,2024,44,100,767,427,2807
24670018627663,GOOGL,14377600,14379425,1825,18,55,522,404,5868
24670018627663,MSFT,1737200,1737600,400,100,1625,96,517,2080
24670018627663,TSLA,6419989,6420000,11,100,803,504,692,2747
24680474768288,AAPL,3211500,3212500,1000,100,90,163,494,1444
24680474768288,AMZN,18482900,18485024,2124,29,100,766,424,2802
24680474768288,GOOGL,14377600,14379425,1825,18,55,521,404,5876
24680474768288,MSFT,1737200,1737600,400,100,1610,96,518,2079
24680474768288,TSLA,6419989,6420000,11,100,181,504,697,2755
24690371398218,AAPL,3211000,3212500,1500,79,60,161,494,1442
24690371398218,AMZN,18482900,18484925,2025,14,100,767,424,2806
24690371398218,GOOGL,14377600,14379425,1825,18,55,521,404,5882
24690371398218,MSFT,1737200,1737600,400,100,1595,96,518,2077
24690371398218,TSLA,6420688,6420700,12,100,134,504,691,2733
24700561834521,AAPL,3211000,3212000,1000,79,25,162,497,1441
24700561834521,AMZN,18482900,18484924,2024,14,100,768,424,2814
24700561834521,GOOGL,14377600,14379425,1825,18,55,521,404,5895
24700561834521,MSFT,1737200,1737600,400,100,1565,96,519,2074
24700561834521,TSLA,6420689,6420700,11,100,47,504,694,2733
24710761908430,AAPL,3211000,3212000,1000,79,25,162,497,1442
24710761908430,AMZN,18482900,18484924,2024,14,100,769,425,2825
24710761908430,GOOGL,14377600,14379425,1825,18,55,522,404,5904
24710761908430,MSFT,1737200,1737600,400,100,1550,96,520,2076
24710761908430,TSLA,6420789,6420800,11,100,6,504,698,2732
24720014642313,AAPL,3211000,3212000,1000,79,10,162,497,1446
24720014642313,AMZN,18482900,18484924,2024,14,100,769,425,2833
24720014642313,GOOGL,14377600,14379425,1825,18,55,522,404,5910
24720014642313,MSFT,1737200,1737600,400,100,1450,96,519,2072
24720014642313,TSLA,6421588,6421600,12,100,10,503,692,2718
24730459728176,AAPL,3211000,3212450,1450,79,95,162,497,1449
24730459728176,AMZN,18482800,18484830,2030,44,100,769,424,2832
24730459728176,GOOGL,14377600,14379425,1825,18,55,522,404,5916
24730459728176,MSFT,1737200,1737600,400,100,1419,96,522,2074
24730459728176,TSLA,6421883,6421900,17,100,1,503,690,2717
24740176979779,AAPL,3211000,3212450,1450,79,95,162,497,1450
24740176979779,AMZN,18482600,18484674,2074,99,100,769,424,2828
24740176979779,GOOGL,14377600,14379425,1825,18,55,522,404,5923
24740176979779,MSFT,1737200,1737600,400,100,1419,96,522,2074
24740176979779,TSLA,6421989,6422000,11,100,143,503,692,2721
24750040517347,AAPL,3211000,3212400,1400,39,30,162,499,1455
24750040517347,AMZN,18482600,18484624,2024,9,100,771,424,2828
24750040517347,GOOGL,14377600,14379425,1825,3,55,524,405,5942
24750040517347,MSFT,1737200,1737600,400,100,1194,96,524,2074
24750040517347,TSLA,6421989,6422000,11,100,81,504,693,2724
24760062448026,AAPL,3211000,3212450,1450,39,5,161,501,1456
24760062448026,AMZN,18482200,18484249,2049,79,100,769,423,2821
24760062448026,GOOGL,14377600,14379425,1825,3,55,524,405,5951
24760062448026,MSFT,1737200,1737600,400,100,1129,96,525,2076
24760062448026,TSLA,6424227,6424500,273,100,13,504,683,2708
24771209872555,AAPL,3211000,3212500,1500,39,50,161,500,1457
24771209872555,AMZN,18482200,18484227,2027,64,100,769,423,2823
24771209872555,GOOGL,14377600,14379425,1825,3,40,523,405,5954
24771209872555,MSFT,1737200,1737600,400,100,779,96,527,2077
24771209872555,TSLA,6424457,6424500,43,100,13,504,684,2710
24780034103769,AAPL,3211000,3212500,1500,39,50,161,500,1456
24780034103769,AMZN,18482200,18484224,2024,19,100,770,422,2817
24780034103769,GOOGL,14377600,14379425,1825,3,25,523,405,5963
24780034103769,MSFT,1737200,1737600,400,100,609,96,530,2082
24780034103769,TSLA,6424852,6424900,48,100,146,504,683,2702
24791482753501,AAPL,3211000,3212500,1500,39,50,161,501,1456
24791482753501,AMZN,18482100,18484127,2027,79,100,769,422,2815
24791482753501,GOOGL,14377600,14379425,1825,3,25,523,405,5967
24791482753501,MSFT,1737200,1737600,400,100,359,96,532,2084
24791482753501,TSLA,6424888,6424900,12,100,126,505,683,2705
24800032913160,AAPL,3211000,3212500,1500,39,20,161,502,1456
24800032913160,AMZN,18482100,18484124,2024,34,100,769,422,2812
24800032913160,GOOGL,14377600,14379425,1825,3,25,523,405,5972
24800032913160,MSFT,1737200,1737600,400,100,229,96,535,2088
24800032913160,TSLA,6424889,6424900,11,100,126,506,683,2706
24810114320329,AAPL,3210805,3211300,495,99,30,160,505,1457
24810114320329,AMZN,18482100,18484124,2024,4,100,770,422,2815
24810114320329,GOOGL,14377591,14379425,1834,58,25,523,405,5981
24810114320329,MSFT,1737200,1737600,400,100,78,96,537,2089
24810114320329,TSLA,6424889,6424900,11,100,56,506,685,2710
24822007639723,AAPL,3210800,3211300,500,84,30,159,505,1457
24822007639723,AMZN,18481800,18483836,2036,54,100,767,422,2808
24822007639723,GOOGL,14377591,14379425,1834,58,25,523,405,5996
24822007639723,MSFT,1737200,1737600,400,100,28,96,537,2088
24822007639723,TSLA,6424964,6425000,36,100,450,504,688,2713
24830525124445,AAPL,3210800,3211200,400,84,15,158,507,1461
24830525124445,AMZN,18481700,18483724,2024,39,100,768,422,2808
24830525124445,GOOGL,14377591,14379425,1834,58,25,523,405,6006
24830525124445,MSFT,1737200,1737600,400,100,28,96,537,2086
24830525124445,TSLA,6424989,6425000,11,100,421,504,689,2716
24840177682049,AAPL,3210800,3211000,200,84,30,158,508,1466
24840177682049,AMZN,18481200,18483238,2038,24,100,765,421,2803
24840177682049,GOOGL,14377591,14379425,1834,58,25,524,406,6017
24840177682049,MSFT,1737200,1737700,500,100,1028,96,541,2091
24840177682049,TSLA,6424989,6425000,11,100,284,505,691,2717
24850317912624,AAPL,3210800,3211000,200,84,30,158,509,1467
24850317912624,AMZN,18481100,18483124,2024,34,100,765,423,2812
24850317912624,GOOGL,14377591,14379425,1834,58,25,524,406,6025
24850317912624,MSFT,1737200,1737700,500,100,898,96,542,2088
24850317912624,TSLA,6424989,6425000,11,100,284,505,691,2718
24860354134244,AAPL,3210800,3211200,400,84,15,158,508,1465
24860354134244,AMZN,18481100,18483120,2020,19,100,768,424,2817
24860354134244,GOOGL,14377591,14379425,1834,58,25,524,406,6029
24860354134244,MSFT,1737200,1737700,500,100,883,96,542,2088
24860354134244,TSLA,6424989,6425000,11,100,268,505,693,2721
24870071905971,AAPL,3210800,3211200,400,84,15,158,508,1464
24870071905971,AMZN,18481000,18483045,2045,44,100,769,424,2816
24870071905971,GOOGL,14377591,14379425,1834,58,25,524,406,6035
24870071905971,MSFT,1737200,1737700,500,100,868,96,542,2090
24870071905971,TSLA,6424989,6425000,11,100,239,505,693,2725
24880084678793,AAPL,3210800,3211300,500,84,30,158,508,1462
24880084678793,AMZN,18481000,18483020,2020,14,100,771,424,2818
24880084678793,GOOGL,14377591,14379425,1834,58,25,524,406,6044
24880084678793,MSFT,1737200,1737700,500,100,838,96,544,2089
24880084678793,TSLA,6424989,6425000,11,100,239,506,693,2728
24891338992207,AAPL,3210800,3210900,100,54,15,158,509,1462
24891338992207,AMZN,18480900,18482920,2020,9,100,772,425,2818
24891338992207,GOOGL,14377591,14379425,1834,58,25,524,406,6051
24891338992207,MSFT,1737200,1737700,500,100,823,96,545,2093
24891338992207,TSLA,6424989,6425000,11,100,145,505,696,2734
24900055360222,AAPL,3210800,3210900,100,24,15,158,509,1463
24900055360222,AMZN,18480500,18482545,2045,19,100,769,423,2808
24900055360222,GOOGL,14377591,14379425,1834,58,25,525,406,6059
24900055360222,MSFT,1737200,1737700,500,100,808,96,547,2099
24900055360222,TSLA,6424989,6425000,11,100,130,505,698,2735
24910651913153,AAPL,3210800,3210900,100,24,15,158,510,1466
24910651913153,AMZN,18480400,18482426,2026,59,100,768,423,2804
24910651913153,GOOGL,14377591,14379425,1834,43,25,525,406,6068
24910651913153,MSFT,1737200,1737700,500,100,808,96,549,2101
24910651913153,TSLA,6424989,6425000,11,100,115,504,698,2735
24920482518667,AAPL,3210700,3210900,200,54,15,157,512,1472
24920482518667,AMZN,18480400,18482420,2020,59,100,772,423,2811
24920482518667,GOOGL,14377591,14379425,1834,43,25,526,406,6076
24920482518667,MSFT,1737200,1737700,500,100,808,96,549,2105
24920482518667,TSLA,6424989,6425000,11,100,115,503,700,2736
24930110954881,AAPL,3210700,3211300,600,54,15,157,510,1475
24930110954881,AMZN,18480400,18482420,2020,14,100,772,422,2810
24930110954881,GOOGL,14377591,14379425,1834,43,25,526,406,6086
24930110954881,MSFT,1737200,1737700,500,100,793,96,549,2102
24930110954881,TSLA,6424989,6425000,11,100,100,503,699,2738
24940163811177,AAPL,3210700,3211700,1000,24,60,157,510,1474
24940163811177,AMZN,18480200,18482226,2026,49,100,772,421,2808
24940163811177,GOOGL,14377591,14379425,1834,28,25,526,406,6098
24940163811177,MSFT,1737200,1737700,500,100,778,96,551,2103
24940163811177,TSLA,6424989,6425000,11,100,100,503,699,2738
24951651349344,AAPL,3210600,3211700,1100,109,30,156,512,1472
24951651349344,AMZN,18480200,18482221,2021,49,100,772,421,2807
24951651349344,GOOGL,14377591,14379425,1834,28,25,526,406,6105
24951651349344,MSFT,1737200,1737700,500,100,763,96,551,2104
24951651349344,TSLA,6425986,6426000,14,100,4,503,700,2740
24960026252032,AAPL,3210600,3211700,1100,49,30,156,511,1469
24960026252032,AMZN,18480200,18482220,2020,34,100,773,421,2810
24960026252032,GOOGL,14377591,14379425,1834,28,25,526,406,6113
24960026252032,MSFT,1737200,1737700,500,100,663,96,551,2103
24960026252032,TSLA,6426889,6426900,11,100,3,506,702,2747
24970620801648,AAPL,3210600,3211700,1100,49,15,156,511,1473
24970620801648,AMZN,18480100,18482121,2021,19,100,772,420,2807
24970620801648,GOOGL,14377591,14379425,1834,28,25,526,406,6123
24970620801648,MSFT,1737200,1737700,500,100,663,96,551,2105
24970620801648,TSLA,6426889,6426900,11,100,3,507,703,2756
24980591629696,AAPL,3210600,3211900,1300,49,80,156,510,1473
24980591629696,AMZN,18480000,18482032,2032,375,100,772,420,2805
24980591629696,GOOGL,14377591,14379425,1834,28,25,526,406,6130
24980591629696,MSFT,1737200,1737700,500,100,663,96,551,2107
24980591629696,TSLA,6427955,6428000,45,100,24,510,704,2771
24990026825449,AAPL,3210600,3211900,1300,49,80,157,511,1477
24990026825449,AMZN,18480000,18482020,2020,330,100,772,420,2805
24990026825449,GOOGL,14377591,14379425,1834,28,25,526,406,6141
24990026825449,MSFT,1737200,1737700,500,100,563,96,552,2114
24990026825449,TSLA,6427989,6428000,11,100,9,508,704,2772
25000262400666,AAPL,3210600,3211900,1300,49,50,157,512,1479
25000262400666,AMZN,18480000,18482020,2020,300,100,772,420,2804
25000262400666,GOOGL,14377591,14379425,1834,28,25,526,406,6148
25000262400666,MSFT,1737200,1737700,500,100,563,96,552,2117
25000262400666,TSLA,6427989,6428000,11,100,9,507,704,2773
25010225792564,AAPL,3210600,3211900,1300,49,50,158,513,1482
25010225792564,AMZN,18480000,18482020,2020,270,100,772,418,2802
25010225792564,GOOGL,14377591,14379425,1834,28,25,526,406,6158
25010225792564,MSFT,1737200,1737700,500,100,563,96,553,2119
25010225792564,TSLA,6428777,6428900,123,100,13,508,705,2777
25020023394951,AAPL,3210600,3212196,1596,35,90,158,513,1483
25020023394951,AMZN,18480000,18482020,2020,225,100,773,418,2801
25020023394951,GOOGL,14377591,14379425,1834,28,25,526,406,6165
25020023394951,MSFT,1737600,1737700,100,100,563,98,554,2128
25020023394951,TSLA,6428939,6429000,61,100,498,510,705,2781
25030464820195,AAPL,3210600,3212196,1596,35,75,158,513,1485
25030464820195,AMZN,18480000,18482020,2020,195,100,774,417,2800
25030464820195,GOOGL,14377591,14379425,1834,28,25,526,406,6168
25030464820195,MSFT,1737600,1737700,100,100,563,98,554,2133
25030464820195,TSLA,6428989,6429000,11,100,498,510,705,2781
25040046992594,AAPL,3210600,3212196,1596,35,75,158,513,1488
25040046992594,AMZN,18480000,18482020,2020,195,100,774,418,2801
25040046992594,GOOGL,14377591,14379425,1834,28,25,526,406,6167
25040046992594,MSFT,1737600,1737700,100,200,63,99,554,2136
25040046992594,TSLA,6428989,6429000,11,100,498,511,705,2787
25050263710229,AAPL,3210500,3212196,1696,197,75,157,513,1486
25050263710229,AMZN,18480000,18482020,2020,195,100,774,418,2801
25050263710229,GOOGL,14377591,14379425,1834,28,25,526,406,6167
25050263710229,MSFT,1737700,1737800,100,100,1103,100,553,2143
25050263710229,TSLA,6428989,6429000,11,100,498,512,705,2793
