timestamp_ns,symbol,best_bid,best_ask,spread,bid_volume,ask_volume,bid_levels,ask_levels,total_orders
14400007694888,TSLA,6119800,0,0,20,0,1,0,1
14410171064482,AAPL,3210000,3218000,8000,25,200,2,5,7
14410171064482,AMZN,18450000,18540000,90000,301,50,9,4,13
14410171064482,GOOGL,14335200,14385900,50700,16,9,3,4,7
14410171064482,MSFT,1707700,1746000,38300,88,500,7,4,11
14410171064482,TSLA,6419800,6440000,20200,100,4,19,13,35
14420116258967,AAPL,3210200,3217900,7700,30,30,10,9,21
14420116258967,AMZN,18460000,18539900,79900,1,20,15,10,27
14420116258967,GOOGL,14335600,14385900,50300,14,9,4,4,8
14420116258967,MSFT,1707800,1745900,38100,100,100,13,7,22
14420116258967,TSLA,6430000,6439900,9900,3,50,35,16,61
14430128422424,AAPL,3209700,3210000,300,30,36,10,9,21
14430128422424,AMZN,18460000,18539900,79900,1,20,15,11,29
14430128422424,GOOGL,14335600,14385900,50300,14,9,4,4,8
14430128422424,MSFT,1707800,1745900,38100,100,100,16,9,28
14430128422424,TSLA,6435000,6439900,4900,2,50,51,18,86
14440009312139,AAPL,3209700,3210000,300,25,36,16,20,39
14440009312139,AMZN,18460000,18539900,79900,1,20,16,12,33
14440009312139,GOOGL,14335600,14385900,50300,14,9,5,4,9
14440009312139,MSFT,1707800,1745900,38100,100,100,21,11,38
14440009312139,TSLA,6430200,6449900,19700,14,22,66,23,119
14450141371823,AAPL,3210000,3215400,5400,8,5,17,24,47
14450141371823,AMZN,18460000,18539900,79900,1,20,16,12,33
14450141371823,GOOGL,14335600,14385900,50300,14,9,5,4,9
14450141371823,MSFT,1730100,1745900,15800,100,100,24,13,50
14450141371823,TSLA,6430200,6439900,9700,10,160,77,32,160
14460734530503,AAPL,3209700,3215100,5400,30,30,16,23,46
14460734530503,AMZN,18460000,18539900,79900,1,20,16,12,33
14460734530503,GOOGL,14335000,14385900,50900,14,9,5,4,9
14460734530503,MSFT,1730100,1745900,15800,100,100,25,13,50
14460734530503,TSLA,6411000,6430200,19200,100,5,75,35,160
14470767858128,AAPL,3208100,3215000,6900,30,50,17,25,48
14470767858128,AMZN,18460000,18539900,79900,1,20,16,12,33
14470767858128,GOOGL,14334900,14385900,51000,14,9,5,4,9
14470767858128,MSFT,1730100,1745900,15800,100,100,25,13,51
14470767858128,TSLA,6420800,6435000,14200,15,95,77,34,162
14480137534330,AAPL,3208100,3215000,6900,30,50,17,24,48
14480137534330,AMZN,18460000,18539900,79900,1,20,16,12,33
14480137534330,GOOGL,14334900,14385900,51000,14,9,5,4,9
14480137534330,MSFT,1730100,1736800,6700,100,10,26,13,52
14480137534330,TSLA,6434500,6435000,500,83,46,89,38,189
14490228841918,AAPL,3209500,3213000,3500,30,5,16,24,47
14490228841918,AMZN,18460000,18539900,79900,1,20,16,12,33
14490228841918,GOOGL,14334900,14385900,51000,14,9,5,4,9
14490228841918,MSFT,1732100,1736800,4700,200,10,27,13,54
14490228841918,TSLA,6436500,6439700,3200,90,92,92,41,197
14500272894092,AAPL,3208000,3213000,5000,233,1239,16,25,49
14500272894092,AMZN,18460000,18539900,79900,1,20,16,12,33
14500272894092,GOOGL,14335000,14385900,50900,14,9,5,4,9
14500272894092,MSFT,1733100,1736800,3700,40,10,27,13,54
14500272894092,TSLA,6420000,6435000,15000,82,10,88,41,193
14510089483967,AAPL,3208000,3212500,4500,300,1234,17,28,52
14510089483967,AMZN,18460000,18529900,69900,1,20,16,13,34
14510089483967,GOOGL,14336300,14381300,45000,14,21,5,4,9
14510089483967,MSFT,1732200,1736800,4600,20,10,26,12,52
14510089483967,TSLA,6420000,6434500,14500,83,95,90,43,200
14520454574759,AAPL,3210000,3212500,2500,5,1234,19,29,55
14520454574759,AMZN,18460000,18529900,69900,1,20,16,13,34
14520454574759,GOOGL,14335600,14381300,45700,14,21,5,4,9
14520454574759,MSFT,1732200,1736700,4500,20,10,25,13,53
14520454574759,TSLA,6423000,6434500,11500,4,95,92,43,203
14530089053829,AAPL,3210000,3212500,2500,5,1234,20,29,56
14530089053829,AMZN,18460000,18529900,69900,1,20,16,13,34
14530089053829,GOOGL,14335700,14381300,45600,14,21,5,4,9
14530089053829,MSFT,1732300,1738000,5700,100,100,26,12,54
14530089053829,TSLA,6423000,6434500,11500,4,95,94,44,209
14540020638704,AAPL,3208000,3212500,4500,300,1234,19,29,54
14540020638704,AMZN,18460000,18529900,69900,1,20,16,13,34
14540020638704,GOOGL,14339700,14381300,41600,50,21,5,4,9
14540020638704,MSFT,1732300,1737900,5600,100,100,26,12,54
14540020638704,TSLA,6423000,6430000,7000,108,45,97,46,217
14550125501430,AAPL,3208000,3212300,4300,300,150,22,30,58
14550125501430,AMZN,18460000,18529900,69900,1,20,17,14,36
14550125501430,GOOGL,14342200,14381300,39100,13,21,5,5,10
14550125501430,MSFT,1732300,1737900,5600,100,100,26,12,54
14550125501430,TSLA,6425000,6430000,5000,1,45,98,49,221
14560412473413,AAPL,3208000,3212100,4100,300,5,22,30,57
14560412473413,AMZN,18460000,18529900,69900,1,20,17,14,36
14560412473413,GOOGL,14340000,14381300,41300,9,21,5,5,10
14560412473413,MSFT,1736000,1737900,1900,1,100,25,12,53
14560412473413,TSLA,6423000,6425000,2000,18,5,97,53,222
14570874432279,AAPL,3210000,3212300,2300,60,127,23,29,57
14570874432279,AMZN,18460000,18529900,69900,1,20,17,14,36
14570874432279,GOOGL,14339400,14381300,41900,9,21,5,5,10
14570874432279,MSFT,1732900,1739900,7000,100,130,26,13,55
14570874432279,TSLA,6421000,6427300,6300,88,940,97,50,223
14580632747635,AAPL,3210000,3212300,2300,60,127,23,29,56
14580632747635,AMZN,18460000,18529900,69900,1,20,16,13,34
14580632747635,GOOGL,14339400,14381300,41900,9,21,5,5,10
14580632747635,MSFT,1732300,1739900,7600,100,130,27,13,56
14580632747635,TSLA,6420000,6423900,3900,237,100,93,52,224
14590183615010,AAPL,3210000,3212300,2300,60,127,23,30,57
14590183615010,AMZN,18460000,18529900,69900,1,20,16,13,34
14590183615010,GOOGL,14339400,14381300,41900,9,21,5,6,11
14590183615010,MSFT,1735000,1739900,4900,20,130,27,13,56
14590183615010,TSLA,6418700,6423900,5200,187,100,91,51,216
14600180471375,AAPL,3210000,3212300,2300,60,127,23,30,57
14600180471375,AMZN,18480000,18529900,49900,20,20,17,14,36
14600180471375,GOOGL,14339400,14381300,41900,9,21,5,6,11
14600180471375,MSFT,1735000,1739700,4700,20,100,27,14,56
14600180471375,TSLA,6418700,6420000,1300,147,32,93,54,223
14610140947725,AAPL,3210000,3212300,2300,60,127,23,30,57
14610140947725,AMZN,18480000,18529900,49900,20,20,17,14,36
14610140947725,GOOGL,14341000,14381300,40300,9,21,5,6,11
14610140947725,MSFT,1735500,1739500,4000,100,100,28,14,57
14610140947725,TSLA,6418700,6420000,1300,19,57,95,54,230
14620062508445,AAPL,3210000,3211300,1300,57,100,24,31,61
14620062508445,AMZN,18460000,18529900,69900,1,20,16,14,35
14620062508445,GOOGL,14341300,14381300,40000,9,21,5,6,11
14620062508445,MSFT,1735500,1739400,3900,100,30,28,13,56
14620062508445,TSLA,6411000,6418700,7700,43,981,94,53,232
14630068992021,AAPL,3208000,3210000,2000,300,100,24,31,60
14630068992021,AMZN,18460000,18529900,69900,1,20,16,14,36
14630068992021,GOOGL,14341500,14387500,46000,31,14,5,6,11
14630068992021,MSFT,1735500,1739200,3700,100,130,28,13,58
14630068992021,TSLA,6410000,6418700,8700,260,981,94,54,234
14640101517613,AAPL,3208000,3210000,2000,300,100,24,31,61
14640101517613,AMZN,18460000,18529900,69900,1,20,15,14,35
14640101517613,GOOGL,14339300,14388100,48800,49,9,5,6,11
14640101517613,MSFT,1735500,1739100,3600,100,27,28,13,57
14640101517613,TSLA,6410000,6418700,8700,84,981,95,56,236
14650094083955,AAPL,3208000,3210000,2000,300,100,24,30,60
14650094083955,AMZN,18460000,18529900,69900,1,20,16,14,36
14650094083955,GOOGL,14346700,14384200,37500,10,15,5,6,11
14650094083955,MSFT,1736800,1739000,2200,2000,27,29,13,58
14650094083955,TSLA,6408000,6418000,10000,100,5,94,57,234
14660042913774,AAPL,3208000,3211000,3000,300,100,24,30,60
14660042913774,AMZN,18460000,18529900,69900,1,20,16,14,36
14660042913774,GOOGL,14341000,14384200,43200,50,15,5,6,11
14660042913774,MSFT,1736800,1738000,1200,2000,91,29,15,59
14660042913774,TSLA,6400000,6410600,10600,285,12,89,59,229
14670576171695,AAPL,3208000,3211000,3000,300,100,24,30,60
14670576171695,AMZN,18460000,18529900,69900,1,20,16,14,36
14670576171695,GOOGL,14341000,14384200,43200,50,15,6,6,12
14670576171695,MSFT,1736800,1738600,1800,1500,16,29,16,60
14670576171695,TSLA,6417500,6418700,1200,10,966,96,57,238
14680698250055,AAPL,3208000,3211000,3000,300,100,25,31,62
14680698250055,AMZN,18460000,18529900,69900,1,20,16,14,36
14680698250055,GOOGL,14341000,14384200,43200,50,15,6,6,12
14680698250055,MSFT,1736800,1738800,2000,1257,16,28,16,60
14680698250055,TSLA,6410000,6412500,2500,110,10,93,59,238
14690254208671,AAPL,3208000,3211000,3000,300,100,25,31,62
14690254208671,AMZN,18460000,18510000,50000,1,1,16,14,36
14690254208671,GOOGL,14290000,14386600,96600,80,14,5,6,11
14690254208671,MSFT,1736800,1738500,1700,1257,16,28,17,61
14690254208671,TSLA,6410000,6412500,2500,118,10,95,62,242
14700351885885,AAPL,3208000,3211000,3000,300,100,25,32,64
14700351885885,AMZN,18460000,18510000,50000,1,1,16,14,36
14700351885885,GOOGL,14290000,14387500,97500,80,11,5,6,11
14700351885885,MSFT,1736800,1738500,1700,1257,416,30,17,63
14700351885885,TSLA,6408700,6410200,1500,200,22,95,62,242
14710019005149,AAPL,3208000,3209800,1800,300,200,25,34,67
14710019005149,AMZN,18460000,18510000,50000,1,1,16,14,36
14710019005149,GOOGL,14346800,14400000,53200,10,1,8,5,13
14710019005149,MSFT,1736800,1738500,1700,1257,416,30,17,63
14710019005149,TSLA,6408700,6410000,1300,160,52,95,62,244
14720284562530,AAPL,3208000,3209800,1800,300,288,25,31,66
14720284562530,AMZN,18460000,18510000,50000,1,1,16,14,36
14720284562530,GOOGL,14342900,14386200,43300,24,14,8,6,14
14720284562530,MSFT,1736800,1738400,1600,1257,16,30,18,63
14720284562530,TSLA,6408700,6413300,4600,115,261,96,60,243
14730689022439,AAPL,3207000,3209800,2800,30,188,24,33,65
14730689022439,AMZN,18460000,18510000,50000,1,1,17,15,38
14730689022439,GOOGL,14341500,14386200,44700,13,14,8,6,14
14730689022439,MSFT,1736800,1738400,1600,1248,16,30,19,64
14730689022439,TSLA,6408700,6413300,4600,115,289,97,60,246
14740528027439,AAPL,3204800,3209800,5000,30,188,24,31,65
14740528027439,AMZN,18460000,18510000,50000,1,1,17,15,38
14740528027439,GOOGL,14341900,14385600,43700,9,14,8,6,14
14740528027439,MSFT,1737000,1738300,1300,20,16,31,19,65
14740528027439,TSLA,6410000,6413300,3300,47,73,98,60,248
14750079262120,AAPL,3204800,3209800,5000,30,315,24,31,65
14750079262120,AMZN,18460000,18510000,50000,1,1,18,15,39
14750079262120,GOOGL,14290000,14385600,95600,80,14,7,6,13
14750079262120,MSFT,1737000,1738300,1300,20,116,31,19,66
14750079262120,TSLA,6413000,6413300,300,400,31,100,61,251
14760263182188,AAPL,3204800,3209000,4200,30,127,24,33,65
14760263182188,AMZN,18460000,18510000,50000,1,1,18,15,39
14760263182188,GOOGL,14342000,14385000,43000,9,14,8,6,14
14760263182188,MSFT,1737000,1738100,1100,20,16,32,19,66
14760263182188,TSLA,6415000,6418700,3700,2,26,99,60,251
14770487333991,AAPL,3209000,3209800,800,200,88,25,31,66
14770487333991,AMZN,18460000,18510000,50000,1,1,18,15,39
14770487333991,GOOGL,14341300,14385000,43700,9,14,8,6,14
14770487333991,MSFT,1737000,1738100,1100,20,16,32,19,67
14770487333991,TSLA,6410100,6412000,1900,3,58,95,64,253
14780608812806,AAPL,3209000,3210000,1000,200,48,26,31,66
14780608812806,AMZN,18460000,18500000,40000,1,8,18,16,39
14780608812806,GOOGL,14341800,14386500,44700,13,15,8,6,14
14780608812806,MSFT,1738200,1738500,300,179,389,33,19,68
14780608812806,TSLA,6412100,6414300,2200,5,1,97,62,255
14790119407685,AAPL,3209000,3211000,2000,200,100,27,30,66
14790119407685,AMZN,18460000,18500000,40000,1,8,18,16,39
14790119407685,GOOGL,14340700,14387100,46400,9,15,8,6,14
14790119407685,MSFT,1738200,1739000,800,179,500,33,18,67
14790119407685,TSLA,6414300,6418700,4400,5,25,97,62,257
14800099389696,AAPL,3209000,3211000,2000,200,100,28,30,67
14800099389696,AMZN,18460000,18500000,40000,1,7,18,16,39
14800099389696,GOOGL,14343500,14397200,53700,39,24,8,6,14
14800099389696,MSFT,1738500,1741600,3100,100,100,33,19,68
14800099389696,TSLA,6408700,6410000,1300,598,1126,95,63,253
14810928949158,AAPL,3212600,3213000,400,202,100,30,28,67
14810928949158,AMZN,18460000,18500000,40000,1,7,18,17,40
14810928949158,GOOGL,14339100,14400000,60900,42,1,8,5,13
14810928949158,MSFT,1738500,1741500,3000,100,100,33,19,68
14810928949158,TSLA,6404800,6410000,5200,14,1064,94,64,253
14820181147744,AAPL,3210000,3216900,6900,14,30,29,28,67
14820181147744,AMZN,18460000,18500000,40000,1,7,18,17,40
14820181147744,GOOGL,14339100,14400000,60900,42,1,8,6,14
14820181147744,MSFT,1738500,1741700,3200,200,100,32,20,69
14820181147744,TSLA,6400000,6410000,10000,565,1064,93,64,252
14830487055811,AAPL,3210000,3216900,6900,14,30,29,28,67
14830487055811,AMZN,18460000,18500000,40000,1,5,18,16,40
14830487055811,GOOGL,14339100,14400000,60900,42,1,8,6,14
14830487055811,MSFT,1740400,1741600,1200,1248,100,33,20,68
14830487055811,TSLA,6403500,6405000,1500,200,11,96,63,259
14840025291546,AAPL,3210000,3216900,6900,14,30,29,28,67
14840025291546,AMZN,18460000,18499900,39900,1,1,18,17,40
14840025291546,GOOGL,14339100,14400000,60900,42,1,8,6,14
14840025291546,MSFT,1740400,1742000,1600,1248,500,32,19,68
14840025291546,TSLA,6405000,6408500,3500,89,14,96,62,257
14850055883744,AAPL,3210000,3215500,5500,14,100,29,29,68
14850055883744,AMZN,18460000,18499900,39900,1,1,18,17,40
14850055883744,GOOGL,14339100,14400000,60900,42,1,8,6,14
14850055883744,MSFT,1742000,1744000,2000,60,500,34,19,69
14850055883744,TSLA,6400700,6405000,4300,14,139,95,64,258
14860195529008,AAPL,3210000,3215500,5500,14,100,29,29,69
14860195529008,AMZN,18468600,18499900,31300,3,1,18,17,40
14860195529008,GOOGL,14339100,14400000,60900,42,1,8,5,13
14860195529008,MSFT,1742000,1744000,2000,85,500,32,19,69
14860195529008,TSLA,6400000,6405100,5100,569,23,95,66,262
14870114741844,AAPL,3210000,3215400,5400,14,30,29,30,71
14870114741844,AMZN,18468600,18499900,31300,3,1,18,17,40
14870114741844,GOOGL,14339100,14400000,60900,42,1,8,6,14
14870114741844,MSFT,1742000,1744000,2000,85,500,32,19,70
14870114741844,TSLA,6401000,6402300,1300,161,100,97,68,265
14880563052031,AAPL,3210000,3215500,5500,14,180,30,29,71
14880563052031,AMZN,18468700,18530000,61300,20,4,19,15,39
14880563052031,GOOGL,14339100,14400000,60900,42,1,8,6,14
14880563052031,MSFT,1742000,1744000,2000,85,500,32,18,70
14880563052031,TSLA,6401000,6405000,4000,117,5,98,66,265
14890402471232,AAPL,3210000,3215500,5500,14,180,30,28,71
14890402471232,AMZN,18468700,18530000,61300,20,4,19,15,39
14890402471232,GOOGL,14339100,14400000,60900,42,1,8,6,14
14890402471232,MSFT,1742500,1744000,1500,200,600,32,19,73
14890402471232,TSLA,6402000,6405300,3300,5,4,98,66,264
14900449998181,AAPL,3213500,3215500,2000,20,180,31,29,74
14900449998181,AMZN,18468700,18530000,61300,20,4,19,15,39
14900449998181,GOOGL,14339100,14400000,60900,42,1,8,6,14
14900449998181,MSFT,1742500,1744000,1500,200,600,33,19,74
14900449998181,TSLA,6397600,6400000,2400,15,521,95,68,260
14910487568667,AAPL,3213500,3215500,2000,20,180,31,29,74
14910487568667,AMZN,18468700,18530000,61300,20,4,19,15,39
14910487568667,GOOGL,14339100,14400000,60900,42,1,8,6,14
14910487568667,MSFT,1738500,1740900,2400,100,500,32,20,72
14910487568667,TSLA,6390000,6400000,10000,106,283,93,66,256
14920029519523,AAPL,3213500,3215500,2000,20,180,30,29,74
14920029519523,AMZN,18468700,18530000,61300,20,4,18,15,39
14920029519523,GOOGL,14339100,14400000,60900,42,1,8,6,14
14920029519523,MSFT,1739000,1740900,1900,497,500,33,20,73
14920029519523,TSLA,6360000,6380000,20000,3,1172,90,70,259
14930031486992,AAPL,3210000,3213000,3000,14,20,29,29,74
14930031486992,AMZN,18468700,18530000,61300,20,4,18,15,39
14930031486992,GOOGL,14339100,14400000,60900,42,1,8,6,14
14930031486992,MSFT,1739000,1740900,1900,497,500,34,21,74
14930031486992,TSLA,6371400,6380000,8600,16,903,92,72,266
14940930289478,AAPL,3211500,3213000,1500,4000,20,30,30,78
14940930289478,AMZN,18468700,18530000,61300,20,4,18,15,39
14940930289478,GOOGL,14339100,14400000,60900,42,1,8,6,14
14940930289478,MSFT,1739100,1740900,1800,400,500,35,22,76
14940930289478,TSLA,6373500,6390000,16500,200,100,98,72,274
14950021971484,AAPL,3211500,3213000,1500,4000,20,30,30,78
14950021971484,AMZN,18468700,18530000,61300,20,4,18,15,39
14950021971484,GOOGL,14339100,14400000,60900,42,1,8,6,14
14950021971484,MSFT,1739100,1740800,1700,400,20,37,23,77
14950021971484,TSLA,6368700,6370000,1300,200,341,98,74,276
14960227769599,AAPL,3211500,3213000,1500,4000,20,30,30,78
14960227769599,AMZN,18468700,18530000,61300,20,4,18,15,39
14960227769599,GOOGL,14339100,14400000,60900,42,1,8,6,14
14960227769599,MSFT,1739100,1740800,1700,400,20,37,23,77
14960227769599,TSLA,6373500,6380000,6500,60,117,98,70,273
14970185851441,AAPL,3211600,3213000,1400,150,20,31,30,80
14970185851441,AMZN,18468700,18530000,61300,20,4,19,15,40
14970185851441,GOOGL,14339100,14400000,60900,42,1,8,6,14
14970185851441,MSFT,1739200,1740900,1700,100,520,38,22,79
14970185851441,TSLA,6370400,6379300,8900,1,25,96,71,271
14980100729787,AAPL,3211600,3215500,3900,150,180,31,29,79
14980100729787,AMZN,18490000,18530000,40000,10,4,18,15,39
14980100729787,GOOGL,14339100,14400000,60900,42,1,9,6,15
14980100729787,MSFT,1740500,1743900,3400,200,100,36,21,76
14980100729787,TSLA,6363000,6368400,5400,97,2,97,75,280
14990383685521,AAPL,3211600,3213600,2000,150,1102,32,30,80
14990383685521,AMZN,18490000,18530000,40000,10,4,19,15,40
14990383685521,GOOGL,14339100,14400000,60900,42,1,9,6,15
14990383685521,MSFT,1740500,1744000,3500,200,500,37,20,75
14990383685521,TSLA,6361100,6366000,4900,10,3,93,74,282
15000136545185,AAPL,3211600,3213600,2000,150,478,32,30,80
15000136545185,AMZN,18490000,18530000,40000,10,4,19,15,40
15000136545185,GOOGL,14339100,14400000,60900,42,1,9,6,15
15000136545185,MSFT,1740500,1743900,3400,200,100,37,21,76
15000136545185,TSLA,6359000,6361100,2100,1,36,95,75,285
15010487052977,AAPL,3211600,3213000,1400,150,100,33,30,81
15010487052977,AMZN,18490000,18530000,40000,10,4,19,15,40
15010487052977,GOOGL,14339100,14400000,60900,42,1,9,6,15
15010487052977,MSFT,1740500,1743900,3400,200,100,37,21,76
15010487052977,TSLA,6355000,6370000,15000,100,53,98,71,283
15020740968327,AAPL,3211600,3215500,3900,150,180,33,29,81
15020740968327,AMZN,18490100,18530000,39900,20,4,20,15,41
15020740968327,GOOGL,14339100,14400000,60900,42,1,9,6,15
15020740968327,MSFT,1740500,1743900,3400,200,100,37,22,77
15020740968327,TSLA,6362000,6370000,8000,90,73,103,75,293
15030112281458,AAPL,3211600,3215500,3900,150,180,33,29,80
15030112281458,AMZN,18495600,18540000,44400,20,30,19,14,39
15030112281458,GOOGL,14339100,14400000,60900,42,1,9,6,15
15030112281458,MSFT,1740500,1743000,2500,200,5,37,23,77
15030112281458,TSLA,6362000,6368900,6900,90,9,109,78,303
15040055661970,AAPL,3211600,3215500,3900,150,180,34,29,81
15040055661970,AMZN,18490100,18540000,49900,20,30,20,14,40
15040055661970,GOOGL,14339100,14400000,60900,42,1,9,6,15
15040055661970,MSFT,1740500,1742700,2200,200,5,36,23,79
15040055661970,TSLA,6365000,6370000,5000,100,101,111,74,304
15050567794805,AAPL,3211600,3215500,3900,150,180,34,29,81
15050567794805,AMZN,18490100,18540000,49900,20,30,20,14,40
15050567794805,GOOGL,14339100,14400000,60900,42,1,9,6,15
15050567794805,MSFT,1739200,1742300,3100,100,5,37,25,79
15050567794805,TSLA,6365100,6370000,4900,37,85,112,74,308
15060014025219,AAPL,3211600,3215500,3900,150,180,34,29,81
15060014025219,AMZN,18490100,18540000,49900,20,30,20,14,40
15060014025219,GOOGL,14339100,14400000,60900,42,1,9,6,15
15060014025219,MSFT,1739100,1742000,2900,400,5,35,23,76
15060014025219,TSLA,6365100,6370000,4900,37,22,113,74,311
15070680991090,AAPL,3211600,3215500,3900,150,180,34,30,83
15070680991090,AMZN,18490100,18540000,49900,20,30,20,14,40
15070680991090,GOOGL,14339100,14400000,60900,42,1,9,6,15
15070680991090,MSFT,1739100,1743800,4700,400,100,35,22,75
15070680991090,TSLA,6366000,6378000,12000,2,100,115,71,308
15080307876574,AAPL,3211700,3215500,3800,60,180,35,29,83
15080307876574,AMZN,18490100,18540000,49900,20,30,20,14,40
15080307876574,GOOGL,14339100,14400000,60900,42,1,9,6,15
15080307876574,MSFT,1739200,1742100,2900,100,25,37,22,78
15080307876574,TSLA,6370000,6371500,1500,39,70,117,75,313
15090487210916,AAPL,3211700,3215500,3800,60,180,34,30,83
15090487210916,AMZN,18520000,18540000,20000,1,30,20,14,40
15090487210916,GOOGL,14339100,14400000,60900,42,1,9,6,15
15090487210916,MSFT,1739200,1742100,2900,100,25,37,22,78
15090487210916,TSLA,6370000,6374200,4200,42,7,119,75,320
15100178886402,AAPL,3215000,3215500,500,3900,180,33,30,82
15100178886402,AMZN,18520000,18540000,20000,1,30,21,14,41
15100178886402,GOOGL,14339100,14400000,60900,42,1,9,6,15
15100178886402,MSFT,1739200,1742100,2900,100,25,37,22,78
15100178886402,TSLA,6374200,6375000,800,93,78,123,74,327
15110237094433,AAPL,3213000,3215500,2500,14,180,34,30,82
15110237094433,AMZN,18500000,18540000,40000,30,30,20,14,40
15110237094433,GOOGL,14339100,14400000,60900,42,1,9,6,15
15110237094433,MSFT,1739200,1742100,2900,100,25,37,22,78
15110237094433,TSLA,6378000,6390000,12000,5,100,124,68,321
15120206888995,AAPL,3213000,3215500,2500,14,180,34,30,82
15120206888995,AMZN,18500000,18540000,40000,30,30,20,14,40
15120206888995,GOOGL,14339100,14400000,60900,42,1,9,6,15
15120206888995,MSFT,1739100,1740500,1400,400,200,36,25,78
15120206888995,TSLA,6380000,6385000,5000,200,100,125,71,328
15130381657408,AAPL,3213000,3215500,2500,14,180,34,30,82
15130381657408,AMZN,18500000,18540000,40000,30,30,19,14,39
15130381657408,GOOGL,14339100,14400000,60900,42,1,9,6,15
15130381657408,MSFT,1739100,1740500,1400,400,200,37,25,79
15130381657408,TSLA,6390000,6399000,9000,12,100,127,68,328
15140053693399,AAPL,3212800,3215500,2700,60,180,33,30,81
15140053693399,AMZN,18500000,18540000,40000,30,30,20,14,40
15140053693399,GOOGL,14339100,14400000,60900,42,1,9,5,14
15140053693399,MSFT,1739100,1740500,1400,400,200,36,25,79
15140053693399,TSLA,6390000,6398900,8900,9,19,129,70,332
15150218372754,AAPL,3212800,3215500,2700,60,180,33,30,81
15150218372754,AMZN,18500000,18540000,40000,30,30,19,14,39
15150218372754,GOOGL,14339100,14400000,60900,42,1,9,6,15
15150218372754,MSFT,1739100,1740500,1400,400,200,37,24,79
15150218372754,TSLA,6390000,6397900,7900,209,19,129,71,337
15160249563182,AAPL,3212800,3215000,2200,60,7,33,31,82
15160249563182,AMZN,18500000,18539900,39900,30,20,20,15,41
15160249563182,GOOGL,14339100,14400000,60900,42,1,9,6,15
15160249563182,MSFT,1739100,1740500,1400,400,200,37,23,78
15160249563182,TSLA,6390000,6398000,8000,56,100,128,70,335
15170949825561,AAPL,3212800,3215500,2700,60,135,33,30,81
15170949825561,AMZN,18500000,18539900,39900,30,20,20,15,41
15170949825561,GOOGL,14339100,14400000,60900,42,1,9,7,16
15170949825561,MSFT,1739100,1740500,1400,400,200,37,23,78
15170949825561,TSLA,6397900,6399000,1100,12,78,130,67,335
15180173159092,AAPL,3215000,3215500,500,400,135,34,30,82
15180173159092,AMZN,18490000,18539900,49900,40,20,19,15,41
15180173159092,GOOGL,14339100,14400000,60900,42,1,9,7,16
15180173159092,MSFT,1739100,1740500,1400,400,200,36,23,78
15180173159092,TSLA,6395000,6399000,4000,42,58,129,66,336
15190128596452,AAPL,3212800,3217000,4200,60,100,33,29,79
15190128596452,AMZN,18490000,18539900,49900,40,20,20,15,42
15190128596452,GOOGL,14339100,14400000,60900,42,1,9,7,16
15190128596452,MSFT,1739100,1740500,1400,400,200,36,24,78
15190128596452,TSLA,6390000,6399000,9000,103,12,129,67,335
15200660354412,AAPL,3213200,3217000,3800,60,100,33,29,79
15200660354412,AMZN,18490000,18539900,49900,40,20,20,15,42
15200660354412,GOOGL,14339100,14400000,60900,42,1,9,7,16
15200660354412,MSFT,1739100,1740000,900,400,500,36,25,79
15200660354412,TSLA,6392400,6408000,15600,14,5,129,66,332
15212231062039,AAPL,3214100,3217000,2900,60,100,35,29,80
15212231062039,AMZN,18490000,18539900,49900,40,20,20,15,42
15212231062039,GOOGL,14339100,14400000,60900,42,1,9,7,16
15212231062039,MSFT,1739100,1740000,900,400,410,36,25,80
15212231062039,TSLA,6390000,6407900,17900,64,22,129,67,337
15220261898672,AAPL,3214400,3217000,2600,60,100,35,29,80
15220261898672,AMZN,18490000,18539900,49900,40,20,20,15,42
15220261898672,GOOGL,14339100,14400000,60900,42,1,9,7,16
15220261898672,MSFT,1739100,1740000,900,399,410,36,25,81
15220261898672,TSLA,6390000,6397600,7600,64,300,129,68,337
15230796110346,AAPL,3215000,3216700,1700,60,4,35,30,81
15230796110346,AMZN,18490000,18539900,49900,40,20,20,15,42
15230796110346,GOOGL,14339100,14400000,60900,42,1,9,7,16
15230796110346,MSFT,1739100,1740000,900,398,410,37,25,82
15230796110346,TSLA,6388000,6390000,2000,2,10,129,70,339
15240406197379,AAPL,3215000,3216700,1700,60,4,35,30,81
15240406197379,AMZN,18490000,18539900,49900,40,20,20,15,42
15240406197379,GOOGL,14339100,14400000,60900,42,1,9,7,16
15240406197379,MSFT,1739100,1740000,900,398,410,36,26,82
15240406197379,TSLA,6388000,6390000,2000,2,9,128,72,341
15250276742375,AAPL,3215000,3216700,1700,60,4,36,30,82
15250276742375,AMZN,18490000,18539900,49900,40,20,20,15,42
15250276742375,GOOGL,14339100,14400000,60900,42,1,9,7,16
15250276742375,MSFT,1739100,1740000,900,398,410,36,26,82
15250276742375,TSLA,6390000,6395100,5100,100,30,130,71,343
15260769810311,AAPL,3215200,3216700,1500,3,4,37,30,83
15260769810311,AMZN,18490000,18539900,49900,40,20,19,15,41
15260769810311,GOOGL,14339100,14400000,60900,42,1,9,7,16
15260769810311,MSFT,1739100,1740000,900,398,410,37,27,84
15260769810311,TSLA,6394000,6397600,3600,91,300,132,70,344
15271681806229,AAPL,3215200,3216700,1500,3,4,36,30,82
15271681806229,AMZN,18490000,18539900,49900,40,20,20,15,42
15271681806229,GOOGL,14339100,14400000,60900,42,1,9,7,16
15271681806229,MSFT,1739100,1740000,900,372,410,37,27,84
15271681806229,TSLA,6390000,6397000,7000,100,100,134,71,346
15280105796130,AAPL,3215200,3216700,1500,3,4,38,30,84
15280105796130,AMZN,18490000,18539900,49900,40,20,20,15,42
15280105796130,GOOGL,14339100,14400000,60900,42,1,9,7,16
15280105796130,MSFT,1739100,1740000,900,372,410,37,26,83
15280105796130,TSLA,6390000,6396000,6000,100,100,136,72,349
15290891704439,AAPL,3215200,3216700,1500,3,4,37,30,84
15290891704439,AMZN,18490000,18539900,49900,40,20,20,15,42
15290891704439,GOOGL,14339100,14400000,60900,42,1,9,7,16
15290891704439,MSFT,1739100,1740000,900,372,410,37,26,83
15290891704439,TSLA,6390000,6399700,9700,100,16,137,69,346
15300294405872,AAPL,3215200,3216700,1500,3,4,37,29,83
15300294405872,AMZN,18490000,18539900,49900,40,20,20,15,42
15300294405872,GOOGL,14339100,14400000,60900,42,1,9,7,16
15300294405872,MSFT,1739100,1740000,900,270,410,37,27,84
15300294405872,TSLA,6396000,6399400,3400,100,14,138,69,347
15310011038214,AAPL,3215200,3216000,800,3,50,37,31,85
15310011038214,AMZN,18490000,18540000,50000,40,30,20,13,40
15310011038214,GOOGL,14339100,14400000,60900,42,1,10,6,16
15310011038214,MSFT,1739100,1740000,900,269,470,37,26,84
15310011038214,TSLA,6396000,6404500,8500,100,10,137,68,346
15320607715967,AAPL,3215500,3216000,500,167,50,38,31,86
15320607715967,AMZN,18490000,18540000,50000,40,30,20,13,40
15320607715967,GOOGL,14339100,14400000,60900,42,1,10,7,17
15320607715967,MSFT,1739100,1740000,900,239,470,37,26,84
15320607715967,TSLA,6400000,6404500,4500,122,10,137,68,348
15330186741344,AAPL,3215500,3216000,500,167,50,38,31,86
15330186741344,AMZN,18490000,18540000,50000,40,30,20,13,40
15330186741344,GOOGL,14339100,14400000,60900,42,1,10,7,17
15330186741344,MSFT,1739100,1740000,900,239,470,37,26,84
15330186741344,TSLA,6400000,6407800,7800,115,5,137,67,348
15340315806039,AAPL,3215500,3216000,500,167,50,38,31,86
15340315806039,AMZN,18490000,18540000,50000,40,30,20,13,40
15340315806039,GOOGL,14339100,14400000,60900,42,1,10,7,17
15340315806039,MSFT,1739100,1739700,600,239,60,37,26,84
15340315806039,TSLA,6390000,6404000,14000,100,100,137,69,348
15350014295603,AAPL,3215500,3216000,500,167,50,38,31,86
15350014295603,AMZN,18490000,18540000,50000,40,30,19,12,38
15350014295603,GOOGL,14339100,14400000,60900,42,1,10,7,17
15350014295603,MSFT,1739100,1739600,500,239,60,37,26,83
15350014295603,TSLA,6390000,6400000,10000,100,53,137,71,350
15361053663991,AAPL,3215200,3215300,100,3,33,37,32,86
15361053663991,AMZN,18490000,18540000,50000,40,30,19,12,38
15361053663991,GOOGL,14339100,14400000,60900,42,1,10,7,17
15361053663991,MSFT,1739100,1740000,900,239,410,37,25,83
15361053663991,TSLA,6390000,6400000,10000,100,53,136,71,348
15370366527248,AAPL,3215200,3215300,100,3,33,37,33,87
15370366527248,AMZN,18490000,18540000,50000,40,30,19,13,39
15370366527248,GOOGL,14339100,14400000,60900,42,1,10,8,18
15370366527248,MSFT,1739100,1740000,900,239,410,37,25,83
15370366527248,TSLA,6390000,6400000,10000,100,153,136,71,350
15380198935861,AAPL,3214000,3215000,1000,23,7,36,34,87
15380198935861,AMZN,18490000,18540000,50000,40,30,20,12,39
15380198935861,GOOGL,14339100,14400000,60900,42,1,10,8,18
15380198935861,MSFT,1739100,1740000,900,239,410,37,25,84
15380198935861,TSLA,6395000,6400500,5500,1,14,137,68,347
15390282668782,AAPL,3212000,3215200,3200,1000,50,35,33,86
15390282668782,AMZN,18490000,18540000,50000,40,30,20,12,39
15390282668782,GOOGL,14339100,14400000,60900,42,1,10,8,18
15390282668782,MSFT,1739100,1740000,900,239,410,37,25,85
15390282668782,TSLA,6390000,6397000,7000,360,100,137,67,347
15400701721134,AAPL,3212000,3215200,3200,1000,50,35,33,86
15400701721134,AMZN,18490000,18540000,50000,40,30,19,13,39
15400701721134,GOOGL,14339100,14400000,60900,42,1,10,8,18
15400701721134,MSFT,1739100,1740000,900,239,410,37,25,85
15400701721134,TSLA,6394000,6397000,3000,100,100,139,68,351
15410385086948,AAPL,3212000,3215200,3200,1000,45,35,33,86
15410385086948,AMZN,18490000,18542200,52200,40,4,19,12,38
15410385086948,GOOGL,14339100,14400000,60900,42,1,10,8,18
15410385086948,MSFT,1739100,1739300,200,239,60,37,26,86
15410385086948,TSLA,6395000,6397000,2000,193,100,141,68,353
15420178033622,AAPL,3212000,3215200,3200,1000,45,35,33,86
15420178033622,AMZN,18490000,18542200,52200,40,4,20,13,40
15420178033622,GOOGL,14339100,14400000,60900,42,1,10,8,18
15420178033622,MSFT,1739100,1740000,900,239,360,37,25,85
15420178033622,TSLA,6395000,6399000,4000,193,100,140,67,352
15430083013397,AAPL,3212000,3215200,3200,1000,45,35,32,85
15430083013397,AMZN,18490000,18542200,52200,40,4,19,13,39
15430083013397,GOOGL,14339100,14400000,60900,42,1,10,8,18
15430083013397,MSFT,1739100,1739500,400,239,19,37,26,87
15430083013397,TSLA,6395000,6407800,12800,193,5,140,65,350
15440174608356,AAPL,3212000,3215200,3200,1000,45,35,32,85
15440174608356,AMZN,18490000,18542200,52200,40,4,19,13,39
15440174608356,GOOGL,14339100,14400000,60900,42,1,10,8,18
15440174608356,MSFT,1739100,1739500,400,239,19,37,26,87
15440174608356,TSLA,6396000,6407800,11800,2,5,142,65,351
15450245287930,AAPL,3212100,3215200,3100,60,45,36,31,87
15450245287930,AMZN,18500000,18542200,42200,30,4,20,13,39
15450245287930,GOOGL,14339100,14400000,60900,42,1,10,8,18
15450245287930,MSFT,1739100,1739500,400,239,19,37,26,88
15450245287930,TSLA,6395000,6400000,5000,193,100,141,69,354
15460067252980,AAPL,3212100,3215200,3100,60,54,36,31,88
15460067252980,AMZN,18500000,18542200,42200,30,4,20,13,39
15460067252980,GOOGL,14339100,14400000,60900,42,1,10,8,18
15460067252980,MSFT,1739100,1739500,400,239,19,37,26,88
15460067252980,TSLA,6395000,6400000,5000,255,100,140,69,354
15470591308396,AAPL,3212100,3215200,3100,60,54,37,31,89
15470591308396,AMZN,18500000,18542200,42200,30,4,21,13,40
15470591308396,GOOGL,14339100,14400000,60900,42,1,10,8,18
15470591308396,MSFT,1739100,1739500,400,239,19,37,26,88
15470591308396,TSLA,6400000,6402000,2000,31,96,143,70,357
15480126392458,AAPL,3214000,3215200,1200,10,54,37,31,89
15480126392458,AMZN,18500000,18542200,42200,30,4,21,13,40
15480126392458,GOOGL,14339100,14400000,60900,42,1,10,8,18
15480126392458,MSFT,1739100,1739500,400,239,19,37,26,89
15480126392458,TSLA,6400000,6410000,10000,31,21,143,64,349
15490018413386,AAPL,3214000,3215200,1200,10,54,37,31,89
15490018413386,AMZN,18500000,18542200,42200,30,4,21,13,40
15490018413386,GOOGL,14339100,14400000,60900,42,1,10,8,18
15490018413386,MSFT,1739100,1739400,300,239,18,37,27,90
15490018413386,TSLA,6400000,6410000,10000,31,21,143,65,351
15500645183012,AAPL,3214000,3215200,1200,10,45,39,32,92
15500645183012,AMZN,18500000,18542200,42200,30,4,21,13,40
15500645183012,GOOGL,14339100,14400000,60900,42,1,10,8,18
15500645183012,MSFT,1739100,1739400,300,239,18,37,28,91
15500645183012,TSLA,6400000,6408500,8500,31,3,145,67,358
15510246986018,AAPL,3214000,3215200,1200,10,45,40,32,93
15510246986018,AMZN,18500000,18542200,42200,30,4,20,13,39
15510246986018,GOOGL,14339100,14400000,60900,42,1,10,8,18
15510246986018,MSFT,1739100,1739400,300,239,18,37,28,92
15510246986018,TSLA,6402900,6408600,5700,200,100,147,66,360
15523211223078,AAPL,3214000,3215200,1200,10,45,40,32,94
15523211223078,AMZN,18500000,18542200,42200,30,4,21,13,40
15523211223078,GOOGL,14339100,14400000,60900,42,1,10,8,18
15523211223078,MSFT,1739100,1739400,300,339,18,36,28,93
15523211223078,TSLA,6402900,6408600,5700,200,45,146,65,359
15531188668460,AAPL,3214000,3215200,1200,10,45,40,32,94
15531188668460,AMZN,18500000,18544400,44400,30,4,21,13,40
15531188668460,GOOGL,14339100,14400000,60900,42,1,10,8,18
15531188668460,MSFT,1739100,1739400,300,339,18,37,28,94
15531188668460,TSLA,6402900,6410000,7100,200,37,145,66,359
15540215615794,AAPL,3214000,3215200,1200,10,45,39,33,94
15540215615794,AMZN,18500000,18544400,44400,30,4,21,13,40
15540215615794,GOOGL,14339100,14400000,60900,42,1,10,8,18
15540215615794,MSFT,1739200,1739400,200,100,18,38,29,94
15540215615794,TSLA,6410000,6418700,8700,92,25,145,65,362
15550402963425,AAPL,3214000,3215200,1200,10,45,39,33,95
15550402963425,AMZN,18500000,18544400,44400,30,4,21,13,40
15550402963425,GOOGL,14339100,14400000,60900,42,1,10,8,18
15550402963425,MSFT,1739200,1739400,200,100,18,38,29,94
15550402963425,TSLA,6409000,6409100,100,100,413,144,66,363
15560946076531,AAPL,3214000,3215200,1200,10,45,39,34,96
15560946076531,AMZN,18500000,18544400,44400,30,4,21,13,40
15560946076531,GOOGL,14339100,14400000,60900,42,1,10,8,18
15560946076531,MSFT,1739200,1739400,200,100,18,38,29,94
15560946076531,TSLA,6400400,6414200,13800,8,16,143,65,360
15570485903146,AAPL,3214000,3215200,1200,10,45,39,34,96
15570485903146,AMZN,18500000,18544400,44400,30,4,21,13,40
15570485903146,GOOGL,14339100,14400000,60900,42,1,10,8,18
15570485903146,MSFT,1739400,1739500,100,82,19,38,28,93
15570485903146,TSLA,6410000,6418600,8600,36,22,144,67,366
15580106876361,AAPL,3214000,3215200,1200,10,45,39,34,96
15580106876361,AMZN,18500000,18544400,44400,30,4,20,13,39
15580106876361,GOOGL,14339100,14400000,60900,42,1,10,8,18
15580106876361,MSFT,1740000,1742900,2900,1051,100,39,25,90
15580106876361,TSLA,6410000,6418600,8600,36,19,147,68,371
15591058901657,AAPL,3214000,3215200,1200,10,45,39,34,96
15591058901657,AMZN,18500000,18544400,44400,30,4,21,14,41
15591058901657,GOOGL,14339100,14400000,60900,42,1,11,8,19
15591058901657,MSFT,1740000,1743000,3000,1049,20,39,25,90
15591058901657,TSLA,6410100,6418600,8500,100,19,150,68,377
15600034006285,AAPL,3214000,3217000,3000,10,100,39,33,95
15600034006285,AMZN,18500000,18544400,44400,35,4,21,14,42
15600034006285,GOOGL,14339100,14400000,60900,42,1,11,8,19
15600034006285,MSFT,1740000,1743000,3000,1049,20,39,24,89
15600034006285,TSLA,6411700,6415000,3300,50,100,152,68,379
15610355091221,AAPL,3214000,3217000,3000,10,150,39,33,96
15610355091221,AMZN,18500000,18544400,44400,35,4,21,14,42
15610355091221,GOOGL,14339100,14400000,60900,42,1,11,8,19
15610355091221,MSFT,1740000,1743000,3000,1049,20,39,25,90
15610355091221,TSLA,6411700,6420000,8300,50,66,152,65,373
15620089718845,AAPL,3214000,3217000,3000,10,180,39,34,98
15620089718845,AMZN,18500000,18544400,44400,35,4,21,14,42
15620089718845,GOOGL,14339100,14400000,60900,42,1,11,8,19
15620089718845,MSFT,1740000,1743000,3000,1049,20,38,24,88
15620089718845,TSLA,6411700,6420000,8300,50,66,152,65,375
15630025691953,AAPL,3213500,3217000,3500,100,185,37,34,95
15630025691953,AMZN,18500000,18544400,44400,35,4,21,14,42
15630025691953,GOOGL,14339100,14400000,60900,42,1,11,8,19
15630025691953,MSFT,1740000,1743300,3300,1049,100,39,26,91
15630025691953,TSLA,6412200,6416400,4200,102,100,151,65,376
15640091827359,AAPL,3213600,3217000,3400,60,100,38,34,96
15640091827359,AMZN,18500000,18544400,44400,35,4,20,14,43
15640091827359,GOOGL,14339100,14400000,60900,42,1,11,8,19
15640091827359,MSFT,1740600,1743400,2800,150,100,38,26,89
15640091827359,TSLA,6418800,6425000,6200,2,100,153,63,375
15650487062007,AAPL,3213600,3217000,3400,60,100,39,34,96
15650487062007,AMZN,18500000,18544400,44400,35,4,21,14,44
15650487062007,GOOGL,14339100,14400000,60900,42,1,11,8,19
15650487062007,MSFT,1740200,1743300,3100,150,100,39,28,92
15650487062007,TSLA,6426000,6430000,4000,167,90,156,60,376
15660117644362,AAPL,3213600,3217000,3400,60,100,40,34,98
15660117644362,AMZN,18500000,18544400,44400,35,4,21,14,44
15660117644362,GOOGL,14339100,14400000,60900,42,1,11,8,19
15660117644362,MSFT,1740100,1743100,3000,150,100,39,28,92
15660117644362,TSLA,6430000,6434500,4500,60,55,153,58,371
15670196167599,AAPL,3213600,3217000,3400,60,100,40,34,98
15670196167599,AMZN,18500000,18544400,44400,35,4,20,14,43
15670196167599,GOOGL,14339100,14400000,60900,42,1,11,8,19
15670196167599,MSFT,1740100,1743100,3000,150,100,39,29,93
15670196167599,TSLA,6440000,6444000,4000,80,100,153,55,364
15680260925238,AAPL,3213600,3217000,3400,60,100,40,34,98
15680260925238,AMZN,18500000,18544400,44400,35,4,21,14,44
15680260925238,GOOGL,14339100,14416000,76900,42,100,11,7,18
15680260925238,MSFT,1740200,1743100,2900,150,100,39,29,94
15680260925238,TSLA,6430000,6440000,10000,116,200,151,54,363
15690048503341,AAPL,3215000,3217000,2000,50,100,41,34,100
15690048503341,AMZN,18500000,18544400,44400,30,4,21,14,43
15690048503341,GOOGL,14339100,14416000,76900,42,100,11,7,18
15690048503341,MSFT,1740000,1743200,3200,1549,100,38,27,91
15690048503341,TSLA,6440000,6446000,6000,4,43,153,56,366
15700639155955,AAPL,3213600,3217000,3400,60,100,40,34,100
15700639155955,AMZN,18500100,18544400,44300,20,4,22,14,44
15700639155955,GOOGL,14339100,14417700,78600,42,20,11,6,17
15700639155955,MSFT,1741000,1742800,1800,150,100,39,28,94
15700639155955,TSLA,6440000,6446000,6000,7,43,151,58,367
15710660211795,AAPL,3213600,3218000,4400,60,10,40,33,98
15710660211795,AMZN,18500100,18544400,44300,20,4,22,14,44
15710660211795,GOOGL,14339100,14417700,78600,42,20,11,6,17
15710660211795,MSFT,1741100,1743900,2800,150,100,38,28,94
15710660211795,TSLA,6440000,6446000,6000,52,43,154,58,369
15720314756612,AAPL,3213600,3218000,4400,60,10,41,33,100
15720314756612,AMZN,18500100,18544400,44300,20,4,22,14,44
15720314756612,GOOGL,14339100,14417700,78600,42,20,11,6,17
15720314756612,MSFT,1741300,1743900,2600,150,100,38,27,93
15720314756612,TSLA,6434800,6439000,4200,100,70,153,60,371
15730703314766,AAPL,3215400,3218000,2600,1000,10,42,33,101
15730703314766,AMZN,18500100,18544400,44300,20,4,22,14,44
15730703314766,GOOGL,14339100,14417700,78600,42,20,11,6,17
15730703314766,MSFT,1741500,1743900,2400,150,200,38,28,94
15730703314766,TSLA,6420000,6438100,18100,261,10,147,62,367
15740167085364,AAPL,3215400,3218000,2600,1000,10,41,33,100
15740167085364,AMZN,18500100,18544400,44300,20,4,22,13,42
15740167085364,GOOGL,14339100,14417700,78600,42,20,10,6,16
15740167085364,MSFT,1741500,1743800,2300,150,100,38,28,94
15740167085364,TSLA,6435000,6438100,3100,500,10,151,63,373
15750099912950,AAPL,3215400,3218000,2600,1000,10,41,33,100
15750099912950,AMZN,18500100,18544400,44300,20,4,22,13,42
15750099912950,GOOGL,14379900,14417700,37800,50,20,11,6,17
15750099912950,MSFT,1741700,1743800,2100,150,100,39,29,94
15750099912950,TSLA,6440000,6446000,6000,112,43,152,59,374
15760610229556,AAPL,3215400,3218000,2600,1000,10,41,33,100
15760610229556,AMZN,18500100,18544400,44300,20,4,22,13,42
15760610229556,GOOGL,14379900,14417700,37800,50,20,11,6,17
15760610229556,MSFT,1740000,1743700,3700,1549,100,37,29,92
15760610229556,TSLA,6435000,6440000,5000,10,5,152,62,374
15770333448243,AAPL,3215400,3218000,2600,1000,10,41,33,100
15770333448243,AMZN,18500100,18544400,44300,20,4,22,13,42
15770333448243,GOOGL,14379900,14417700,37800,50,20,11,6,17
15770333448243,MSFT,1740900,1741800,900,100,300,39,31,96
15770333448243,TSLA,6430000,6434600,4600,20,84,151,61,375
15780568618703,AAPL,3215500,3218000,2500,60,10,42,33,101
15780568618703,AMZN,18500100,18570000,69900,20,191,21,12,41
15780568618703,GOOGL,14379900,14417700,37800,50,20,11,6,17
15780568618703,MSFT,1740900,1741800,900,100,300,39,30,95
15780568618703,TSLA,6430000,6440000,10000,130,5,150,63,379
15790776325900,AAPL,3215500,3218000,2500,60,10,42,33,101
15790776325900,AMZN,18500100,18570000,69900,20,191,21,13,42
15790776325900,GOOGL,14379900,14417700,37800,50,20,11,6,17
15790776325900,MSFT,1740900,1741700,800,100,100,39,31,96
15790776325900,TSLA,6430000,6440000,10000,130,5,149,64,380
15800657609441,AAPL,3215500,3218000,2500,60,10,42,33,101
15800657609441,AMZN,18500100,18570000,69900,20,191,21,13,42
15800657609441,GOOGL,14379900,14417700,37800,50,20,11,6,17
15800657609441,MSFT,1740900,1741700,800,100,100,39,31,96
15800657609441,TSLA,6430000,6437000,7000,84,84,150,66,383
15810031638543,AAPL,3215500,3219000,3500,60,236,42,32,100
15810031638543,AMZN,18500100,18570000,69900,20,191,21,13,42
15810031638543,GOOGL,14379900,14417700,37800,50,20,11,6,17
15810031638543,MSFT,1740900,1741800,900,100,300,39,31,96
15810031638543,TSLA,6430000,6440000,10000,79,235,151,66,386
15821114947779,AAPL,3217500,3219000,1500,200,236,43,32,101
15821114947779,AMZN,18500100,18570000,69900,20,191,21,13,42
15821114947779,GOOGL,14379900,14417700,37800,50,20,11,6,17
15821114947779,MSFT,1740900,1741800,900,100,300,39,30,95
15821114947779,TSLA,6430000,6440000,10000,80,235,152,66,389
15830042130232,AAPL,3219000,3220000,1000,20,100,43,31,97
15830042130232,AMZN,18500100,18570000,69900,20,191,20,13,42
15830042130232,GOOGL,14379400,14417700,38300,50,20,11,6,17
15830042130232,MSFT,1740900,1741800,900,100,300,38,30,95
15830042130232,TSLA,6431000,6440000,9000,1,235,152,66,388
15840432784020,AAPL,3220000,3222700,2700,10,4,44,30,96
15840432784020,AMZN,18500100,18570000,69900,20,191,20,13,42
15840432784020,GOOGL,14379400,14417700,38300,50,20,11,6,17
15840432784020,MSFT,1740900,1741600,700,100,20,39,31,98
15840432784020,TSLA,6430000,6430700,700,79,31,150,67,388
15851039264091,AAPL,3220000,3224700,4700,10,4,44,30,96
15851039264091,AMZN,18500000,18569900,69900,37,20,19,14,42
15851039264091,GOOGL,14379400,14417700,38300,50,20,11,6,17
15851039264091,MSFT,1740900,1741800,900,100,300,39,29,96
15851039264091,TSLA,6430000,6440000,10000,21,215,152,68,391
15860063025252,AAPL,3220000,3224700,4700,30,4,43,31,97
15860063025252,AMZN,18500100,18570000,69900,20,191,20,13,42
15860063025252,GOOGL,14379400,14417700,38300,50,20,11,6,17
15860063025252,MSFT,1741800,1743700,1900,516,100,40,27,97
15860063025252,TSLA,6430000,6440000,10000,21,201,152,68,391
15870891917997,AAPL,3220000,3224700,4700,33,4,42,31,97
15870891917997,AMZN,18500000,18570000,70000,37,191,19,13,41
15870891917997,GOOGL,14379400,14417700,38300,50,20,11,6,17
15870891917997,MSFT,1741800,1743700,1900,516,100,40,27,97
15870891917997,TSLA,6421600,6430000,8400,100,35,150,70,388
15880204290430,AAPL,3220000,3224700,4700,33,4,43,31,98
15880204290430,AMZN,18510000,18570000,60000,80,191,20,13,42
15880204290430,GOOGL,14379500,14417700,38200,50,20,11,6,17
15880204290430,MSFT,1741800,1743700,1900,516,100,41,27,98
15880204290430,TSLA,6430000,6440000,10000,13,95,150,69,388
15890086012571,AAPL,3220000,3224700,4700,33,4,43,31,99
15890086012571,AMZN,18510000,18570000,60000,80,191,21,13,43
15890086012571,GOOGL,14400000,14417700,17700,100,20,11,6,17
15890086012571,MSFT,1741800,1744900,3100,516,100,40,25,95
15890086012571,TSLA,6421600,6430700,9100,100,3,150,71,392
15900242977017,AAPL,3220100,3224700,4600,60,4,43,31,99
15900242977017,AMZN,18510000,18570000,60000,80,191,22,12,42
15900242977017,GOOGL,14400000,14417700,17700,100,20,11,6,17
15900242977017,MSFT,1741800,1745900,4100,516,100,41,25,96
15900242977017,TSLA,6421600,6430700,9100,100,3,150,72,396
15910257666480,AAPL,3220100,3221000,900,60,5,42,32,99
15910257666480,AMZN,18510100,18570000,59900,20,191,23,12,43
15910257666480,GOOGL,14400000,14417700,17700,100,20,11,6,17
15910257666480,MSFT,1741800,1744900,3100,466,100,41,24,95
15910257666480,TSLA,6430000,6439000,9000,156,8,151,71,399
15921059680159,AAPL,3220100,3221000,900,55,5,42,32,99
15921059680159,AMZN,18510100,18570000,59900,20,191,24,13,45
15921059680159,GOOGL,14400000,14417700,17700,100,20,11,6,17
15921059680159,MSFT,1741800,1744900,3100,466,100,41,25,96
15921059680159,TSLA,6435000,6442000,7000,100,20,150,68,395
15930015532764,AAPL,3220100,3221000,900,55,5,42,32,98
15930015532764,AMZN,18510100,18570000,59900,20,191,24,13,45
15930015532764,GOOGL,14400000,14417700,17700,100,20,11,6,17
15930015532764,MSFT,1741800,1743500,1700,466,1,40,26,97
15930015532764,TSLA,6435000,6442000,7000,100,20,150,68,395
15940021460242,AAPL,3220100,3224700,4600,55,4,43,31,99
15940021460242,AMZN,18510100,18570000,59900,20,191,24,13,45
15940021460242,GOOGL,14400000,14417700,17700,100,20,10,3,13
15940021460242,MSFT,1741800,1743500,1700,466,1,41,26,96
15940021460242,TSLA,6439400,6442000,2600,1,20,151,68,397
15950243437347,AAPL,3220100,3224700,4600,85,4,43,31,100
15950243437347,AMZN,18500100,18510000,9900,80,27,21,13,42
15950243437347,GOOGL,14395400,14441300,45900,50,18,10,2,12
15950243437347,MSFT,1741800,1743500,1700,466,1,41,25,96
15950243437347,TSLA,6435000,6439500,4500,100,100,149,69,396
15960520285968,AAPL,3220200,3224700,4500,55,4,43,31,99
15960520285968,AMZN,18510000,18569900,59900,80,20,23,14,45
15960520285968,GOOGL,14395000,14441300,46300,50,18,10,2,12
15960520285968,MSFT,1741800,1743500,1700,343,1,41,25,95
15960520285968,TSLA,6435000,6440000,5000,100,100,149,68,396
15971936718889,AAPL,3220200,3224700,4500,55,4,43,31,99
15971936718889,AMZN,18510000,18565400,55400,80,20,23,13,44
15971936718889,GOOGL,14395000,14441300,46300,50,18,10,2,12
15971936718889,MSFT,1741800,1744800,3000,280,100,41,25,95
15971936718889,TSLA,6437500,6439000,1500,1,200,149,70,398
15980326282979,AAPL,3220300,3224700,4400,55,4,43,31,99
15980326282979,AMZN,18510000,18569900,59900,80,20,22,14,44
15980326282979,GOOGL,14394700,14441300,46600,50,18,10,2,12
15980326282979,MSFT,1741800,1744800,3000,280,100,41,25,95
15980326282979,TSLA,6435000,6439000,4000,100,156,150,69,399
15990465751899,AAPL,3220300,3224700,4400,55,4,43,31,99
15990465751899,AMZN,18510000,18570000,60000,80,191,22,12,42
15990465751899,GOOGL,14394400,14441300,46900,50,18,10,2,12
15990465751899,MSFT,1741800,1744800,3000,280,100,41,25,96
15990465751899,TSLA,6435000,6439000,4000,100,156,150,69,400
16000805780849,AAPL,3220300,3224700,4400,55,4,43,31,99
16000805780849,AMZN,18510000,18570000,60000,80,191,24,13,45
16000805780849,GOOGL,14394400,14441300,46900,50,18,10,2,12
16000805780849,MSFT,1741800,1744700,2900,280,100,41,25,96
16000805780849,TSLA,6438900,6439000,100,2,16,151,69,399
16010630195736,AAPL,3220300,3224700,4400,55,4,43,31,99
16010630195736,AMZN,18510000,18570000,60000,80,191,24,13,45
16010630195736,GOOGL,14394400,14441300,46900,50,18,10,2,12
16010630195736,MSFT,1741800,1744700,2900,157,100,41,25,95
16010630195736,TSLA,6435000,6439900,4900,100,100,150,68,397
16020419501529,AAPL,3220100,3224700,4600,30,4,42,31,98
16020419501529,AMZN,18510000,18570000,60000,80,191,24,13,45
16020419501529,GOOGL,14394400,14441300,46900,50,18,10,2,12
16020419501529,MSFT,1741800,1744700,2900,72,100,41,25,96
16020419501529,TSLA,6435000,6439900,4900,100,100,150,68,398
16030596224801,AAPL,3220300,3224700,4400,30,4,44,31,100
16030596224801,AMZN,18510000,18570000,60000,80,191,24,13,45
16030596224801,GOOGL,14394400,14441300,46900,50,18,10,2,12
16030596224801,MSFT,1741800,1744700,2900,72,100,42,25,97
16030596224801,TSLA,6435000,6437500,2500,100,100,151,69,400
16040544030677,AAPL,3220300,3223900,3600,55,40,43,31,99
16040544030677,AMZN,18510000,18570000,60000,80,191,24,13,45
16040544030677,GOOGL,14394400,14440700,46300,50,18,10,2,12
16040544030677,MSFT,1741800,1744700,2900,72,100,41,25,96
16040544030677,TSLA,6437500,6439000,1500,459,75,152,69,402
16050015088401,AAPL,3220300,3222900,2600,55,40,43,30,97
16050015088401,AMZN,18512000,18570000,58000,30,191,25,13,45
16050015088401,GOOGL,14394400,14440600,46200,50,18,10,2,12
16050015088401,MSFT,1740900,1744600,3700,100,100,40,25,95
16050015088401,TSLA,6437500,6439000,1500,459,66,152,69,401
16060134837616,AAPL,3220300,3222900,2600,55,40,43,31,98
16060134837616,AMZN,18512000,18570000,58000,30,191,25,13,45
16060134837616,GOOGL,14394400,14440600,46200,50,18,10,2,12
16060134837616,MSFT,1740900,1744500,3600,100,100,40,24,94
16060134837616,TSLA,6435000,6439900,4900,100,100,152,68,400
16070976944471,AAPL,3220300,3222900,2600,55,40,43,31,98
16070976944471,AMZN,18512000,18570000,58000,30,191,24,13,44
16070976944471,GOOGL,14394400,14440600,46200,50,18,10,2,12
16070976944471,MSFT,1740900,1743900,3000,100,100,39,25,96
16070976944471,TSLA,6437000,6439900,2900,20,100,154,68,401
16081007200483,AAPL,3220000,3222900,2900,3,40,42,31,97
16081007200483,AMZN,18512000,18570000,58000,30,191,26,13,46
16081007200483,GOOGL,14394400,14440300,45900,50,16,10,2,12
16081007200483,MSFT,1740600,1743900,3300,100,100,40,25,96
16081007200483,TSLA,6435000,6437500,2500,100,100,153,69,402
16090043212345,AAPL,3221000,3222900,1900,55,40,43,31,98
16090043212345,AMZN,18512000,18570000,58000,30,191,26,13,46
16090043212345,GOOGL,14394400,14440500,46100,50,16,10,2,12
16090043212345,MSFT,1740900,1743900,3000,100,100,40,25,96
16090043212345,TSLA,6431800,6437500,5700,24,100,152,69,403
16100135233589,AAPL,3221000,3222900,1900,85,40,43,31,99
16100135233589,AMZN,18512000,18570000,58000,30,191,27,13,47
16100135233589,GOOGL,14394400,14440500,46100,50,16,10,2,12
16100135233589,MSFT,1741400,1742000,600,100,100,40,27,97
16100135233589,TSLA,6431800,6437500,5700,24,100,155,69,407
16110192786582,AAPL,3221100,3222900,1800,55,40,44,31,99
16110192786582,AMZN,18512000,18570000,58000,30,191,27,13,47
16110192786582,GOOGL,14394400,14440500,46100,50,16,10,2,12
16110192786582,MSFT,1741300,1742000,700,98,20,39,26,97
16110192786582,TSLA,6431800,6437500,5700,24,100,157,68,408
16120066341979,AAPL,3221200,3222900,1700,55,40,44,31,99
16120066341979,AMZN,18512000,18570000,58000,30,191,27,13,47
16120066341979,GOOGL,14394400,14450600,56200,50,12,10,2,12
16120066341979,MSFT,1740900,1742000,1100,98,20,39,26,97
16120066341979,TSLA,6430100,6437500,7400,48,100,156,69,408
16130734364873,AAPL,3221500,3222900,1400,55,40,44,31,100
16130734364873,AMZN,18512000,18570000,58000,30,191,27,13,47
16130734364873,GOOGL,14394400,14446300,51900,50,12,10,2,12
16130734364873,MSFT,1740500,1742000,1500,300,20,38,27,96
16130734364873,TSLA,6430100,6433800,3700,48,100,155,68,406
16140232548682,AAPL,3221500,3225000,3500,55,100,44,30,99
16140232548682,AMZN,18512000,18565900,53900,30,20,27,13,47
16140232548682,GOOGL,14394400,14446300,51900,50,12,10,2,12
16140232548682,MSFT,1741200,1742000,800,98,20,41,27,98
16140232548682,TSLA,6430100,6442000,11900,48,20,154,65,401
16150030015804,AAPL,3221500,3225000,3500,55,100,44,30,99
16150030015804,AMZN,18512000,18570000,58000,30,191,27,12,46
16150030015804,GOOGL,14407000,14453800,46800,45,10,10,1,11
16150030015804,MSFT,1741700,1742000,300,98,20,41,27,98
16150030015804,TSLA,6430100,6440000,9900,48,20,154,67,403
16160034099580,AAPL,3221900,3225000,3100,55,100,44,30,99
16160034099580,AMZN,18512000,18569900,57900,30,20,27,14,48
16160034099580,GOOGL,14409700,14441500,31800,47,12,10,2,12
16160034099580,MSFT,1741200,1742000,800,98,20,40,26,97
16160034099580,TSLA,6430100,6439000,8900,48,200,154,68,405
16170266169299,AAPL,3222500,3225000,2500,55,100,45,30,102
16170266169299,AMZN,18512000,18569900,57900,30,20,27,14,48
16170266169299,GOOGL,14406900,14441500,34600,50,12,10,2,12
16170266169299,MSFT,1740800,1741000,200,98,40,40,28,99
16170266169299,TSLA,6430100,6434500,4400,48,100,154,70,407
16180539570691,AAPL,3223000,3225000,2000,25,100,45,30,102
16180539570691,AMZN,18512000,18569900,57900,30,20,27,14,48
16180539570691,GOOGL,14404300,14441500,37200,50,12,10,2,12
16180539570691,MSFT,1740600,1742000,1400,98,20,40,26,97
16180539570691,TSLA,6430100,6434500,4400,48,96,154,70,408
16190049947966,AAPL,3223000,3225000,2000,9,100,45,30,101
16190049947966,AMZN,18512000,18570000,58000,30,191,27,12,46
16190049947966,GOOGL,14400600,14432700,32100,32,13,9,2,11
16190049947966,MSFT,1741400,1742000,600,98,20,40,27,98
16190049947966,TSLA,6434500,6439000,4500,104,200,156,69,409
16200079975422,AAPL,3220000,3225000,5000,3,100,44,30,100
16200079975422,AMZN,18512000,18570000,58000,30,191,27,12,46
16200079975422,GOOGL,14389600,14445500,55900,21,10,9,1,10
16200079975422,MSFT,1742200,1743900,1700,78,100,40,25,97
16200079975422,TSLA,6434600,6439000,4400,9,200,156,69,410
16210067179588,AAPL,3220000,3225000,5000,3,100,44,30,100
16210067179588,AMZN,18512000,18570000,58000,30,191,27,13,47
16210067179588,GOOGL,14411200,14445500,34300,50,10,9,1,10
16210067179588,MSFT,1741800,1743900,2100,78,100,40,25,97
16210067179588,TSLA,6434600,6436800,2200,8,100,156,70,412
16220176313640,AAPL,3220000,3225000,5000,3,100,44,30,100
16220176313640,AMZN,18512000,18569900,57900,30,20,27,14,48
16220176313640,GOOGL,14406100,14440000,33900,28,80,8,3,11
16220176313640,MSFT,1741200,1743900,2700,78,100,40,26,97
16220176313640,TSLA,6435000,6436800,1800,20,100,157,70,413
16230272084807,AAPL,3220000,3225000,5000,3,100,44,29,99
16230272084807,AMZN,18512000,18570000,58000,30,191,27,13,47
16230272084807,GOOGL,14408300,14438700,30400,39,15,8,4,12
16230272084807,MSFT,1741000,1743800,2800,78,1000,40,26,98
16230272084807,TSLA,6434600,6436800,2200,2,100,157,70,412
16241063169101,AAPL,3220000,3225000,5000,3,100,44,30,100
16241063169101,AMZN,18512000,18569900,57900,30,20,27,14,48
16241063169101,GOOGL,14406400,14438000,31600,37,15,8,4,12
16241063169101,MSFT,1740500,1743800,3300,300,1100,39,27,97
16241063169101,TSLA,6436800,6439000,2200,80,200,158,69,413
16250917371670,AAPL,3220000,3225000,5000,3,100,45,30,101
16250917371670,AMZN,18512000,18569900,57900,30,20,27,14,48
16250917371670,GOOGL,14406400,14438000,31600,37,15,8,4,12
16250917371670,MSFT,1740500,1741900,1400,300,100,40,29,98
16250917371670,TSLA,6430000,6439000,9000,250,300,155,69,411
16260242452294,AAPL,3220000,3223000,3000,3,100,45,31,102
16260242452294,AMZN,18512000,18570000,58000,30,191,27,13,47
16260242452294,GOOGL,14406400,14438000,31600,37,15,8,3,11
16260242452294,MSFT,1740500,1741900,1400,300,100,39,29,97
16260242452294,TSLA,6430000,6439000,9000,106,300,155,69,410
16270204738278,AAPL,3220000,3223000,3000,3,100,45,31,102
16270204738278,AMZN,18512000,18569900,57900,30,20,27,14,48
16270204738278,GOOGL,14406400,14437800,31400,38,10,9,4,13
16270204738278,MSFT,1740500,1741900,1400,300,100,40,29,98
16270204738278,TSLA,6420000,6431900,11900,1,16,154,69,406
16280708174672,AAPL,3220000,3223000,3000,3,100,45,31,102
16280708174672,AMZN,18512000,18569900,57900,30,20,26,14,48
16280708174672,GOOGL,14406400,14437800,31400,38,10,9,4,13
16280708174672,MSFT,1740500,1741900,1400,225,100,41,30,100
16280708174672,TSLA,6420000,6425900,5900,1,43,154,71,409
16290631839954,AAPL,3220000,3223000,3000,3,100,45,31,102
16290631839954,AMZN,18512000,18569900,57900,30,20,26,14,48
16290631839954,GOOGL,14406400,14438100,31700,38,10,9,4,13
16290631839954,MSFT,1740700,1741900,1200,20,100,41,31,101
16290631839954,TSLA,6418800,6438800,20000,1,21,153,71,412
16300703558710,AAPL,3220000,3223000,3000,3,100,45,31,102
16300703558710,AMZN,18512000,18569900,57900,30,20,25,14,47
16300703558710,GOOGL,14406400,14438500,32100,38,10,9,4,13
16300703558710,MSFT,1740000,1741900,1900,500,100,39,31,99
16300703558710,TSLA,6418900,6436600,17700,20,14,155,70,412
16310028500571,AAPL,3220000,3223000,3000,3,200,45,31,103
16310028500571,AMZN,18512000,18569900,57900,30,20,24,14,47
16310028500571,GOOGL,14406400,14437800,31400,38,15,9,4,13
16310028500571,MSFT,1740000,1741900,1900,500,100,39,31,99
16310028500571,TSLA,6420000,6425000,5000,44,8,156,72,415
16320072559226,AAPL,3220000,3223000,3000,3,200,45,31,104
16320072559226,AMZN,18512000,18569900,57900,30,20,24,14,47
16320072559226,GOOGL,14404600,14430000,25400,38,20,9,5,15
16320072559226,MSFT,1740000,1740500,500,336,200,39,32,100
16320072559226,TSLA,6420000,6433200,13200,44,16,157,72,416
16331157956128,AAPL,3220000,3223000,3000,3,200,45,31,104
16331157956128,AMZN,18512000,18569900,57900,30,20,24,14,48
16331157956128,GOOGL,14404300,14430000,25700,38,20,9,5,15
16331157956128,MSFT,1740000,1740500,500,282,200,39,31,100
16331157956128,TSLA,6420000,6433100,13100,44,16,157,73,418
16340553580977,AAPL,3220000,3223000,3000,3,100,45,31,103
16340553580977,AMZN,18512000,18569900,57900,30,20,23,14,46
16340553580977,GOOGL,14404300,14430000,25700,38,20,9,5,15
16340553580977,MSFT,1740000,1741900,1900,77,100,39,30,98
16340553580977,TSLA,6424000,6433100,9100,38,16,158,73,419
16350775251477,AAPL,3219000,3223000,4000,30,100,44,31,102
16350775251477,AMZN,18512000,18569900,57900,30,20,23,14,46
16350775251477,GOOGL,14404000,14430000,26000,38,20,9,5,15
16350775251477,MSFT,1740000,1741900,1900,77,100,39,30,98
16350775251477,TSLA,6430000,6434000,4000,31,16,158,73,420
16360303546003,AAPL,3219200,3223000,3800,30,100,44,31,102
16360303546003,AMZN,18512000,18569900,57900,30,20,24,14,46
16360303546003,GOOGL,14404000,14430000,26000,38,20,9,5,15
16360303546003,MSFT,1740000,1741900,1900,77,100,39,30,98
16360303546003,TSLA,6420000,6436500,16500,44,100,157,72,420
16372296087853,AAPL,3216900,3223000,6100,36,100,43,30,99
16372296087853,AMZN,18512000,18569900,57900,30,20,24,14,46
16372296087853,GOOGL,14404000,14430000,26000,38,20,9,5,15
16372296087853,MSFT,1740000,1741900,1900,67,100,38,30,97
16372296087853,TSLA,6420000,6430000,10000,44,5,158,75,423
16380340771910,AAPL,3216900,3223000,6100,36,100,44,31,101
16380340771910,AMZN,18512000,18569900,57900,30,20,24,14,46
16380340771910,GOOGL,14404000,14430000,26000,38,20,9,5,15
16380340771910,MSFT,1740000,1741900,1900,67,100,37,30,96
16380340771910,TSLA,6425000,6430000,5000,35,5,159,75,424
16392747898073,AAPL,3216900,3222500,5600,31,7,44,31,101
16392747898073,AMZN,18512000,18569900,57900,30,20,24,14,46
16392747898073,GOOGL,14404000,14430000,26000,38,20,9,5,15
16392747898073,MSFT,1740000,1741900,1900,67,100,37,30,96
16392747898073,TSLA,6425000,6430000,5000,35,5,159,74,423
16400069474545,AAPL,3215900,3222500,6600,61,7,43,31,101
16400069474545,AMZN,18512000,18569900,57900,30,20,24,14,46
16400069474545,GOOGL,14404000,14430000,26000,38,20,9,5,15
16400069474545,MSFT,1740000,1741900,1900,67,100,37,30,96
16400069474545,TSLA,6425000,6430000,5000,35,5,159,73,420
16410434458882,AAPL,3215900,3220000,4100,61,100,43,32,102
16410434458882,AMZN,18512000,18569900,57900,30,20,24,14,46
16410434458882,GOOGL,14404000,14430000,26000,38,20,9,4,14
16410434458882,MSFT,1740000,1741900,1900,67,100,37,30,96
16410434458882,TSLA,6425000,6430000,5000,35,5,159,73,420
16421501521652,AAPL,3216000,3218700,2700,40,20,44,33,104
16421501521652,AMZN,18512000,18569900,57900,30,20,24,14,46
16421501521652,GOOGL,14404000,14430000,26000,38,20,9,5,15
16421501521652,MSFT,1739400,1741900,2500,82,100,35,30,94
16421501521652,TSLA,6425000,6430000,5000,35,5,159,73,422
16430739058572,AAPL,3216000,3218600,2600,40,20,44,33,104
16430739058572,AMZN,18512000,18569900,57900,30,20,23,14,45
16430739058572,GOOGL,14404000,14430000,26000,38,20,9,5,15
16430739058572,MSFT,1739400,1741900,2500,82,100,36,30,95
16430739058572,TSLA,6425000,6430000,5000,35,5,161,73,425
16440026359491,AAPL,3216000,3218600,2600,40,20,44,33,104
16440026359491,AMZN,18512000,18569900,57900,30,20,24,14,45
16440026359491,GOOGL,14300000,14421200,121200,25,37,9,5,15
16440026359491,MSFT,1739400,1740000,600,82,20,36,31,95
16440026359491,TSLA,6425000,6430000,5000,35,5,161,73,425
16450020133579,AAPL,3216700,3218600,1900,40,20,44,33,104
16450020133579,AMZN,18512000,18569900,57900,30,20,24,14,45
16450020133579,GOOGL,14300000,14426100,126100,25,43,9,5,15
16450020133579,MSFT,1739400,1741900,2500,82,100,36,31,98
16450020133579,TSLA,6425000,6430000,5000,34,30,161,73,426
16461143048171,AAPL,3217600,3218600,1000,40,20,44,33,104
16461143048171,AMZN,18512000,18569900,57900,30,20,24,14,45
16461143048171,GOOGL,14355000,14420100,65100,41,33,10,5,16
16461143048171,MSFT,1739400,1741900,2500,82,100,37,31,98
16461143048171,TSLA,6425000,6430000,5000,50,30,161,73,428
16470373108620,AAPL,3218000,3218600,600,40,20,44,33,104
16470373108620,AMZN,18512000,18569900,57900,30,20,24,14,45
16470373108620,GOOGL,14359700,14420100,60400,28,33,10,5,16
16470373108620,MSFT,1739400,1741900,2500,82,100,36,31,96
16470373108620,TSLA,6425100,6430000,4900,16,30,162,73,428
16480168324747,AAPL,3218400,3218600,200,40,20,45,33,104
16480168324747,AMZN,18512000,18569900,57900,30,20,24,14,45
16480168324747,GOOGL,14364100,14426900,62800,50,30,10,5,16
16480168324747,MSFT,1739400,1741900,2500,82,100,37,31,97
16480168324747,TSLA,6425500,6430000,4500,16,30,162,73,429
16490169920487,AAPL,3218500,3218600,100,40,20,45,33,104
16490169920487,AMZN,18512000,18569900,57900,30,20,24,14,45
16490169920487,GOOGL,14364100,14423600,59500,50,12,10,5,16
16490169920487,MSFT,1739400,1741900,2500,82,100,37,31,97
16490169920487,TSLA,6420000,6430000,10000,95,30,160,72,426
16500339795866,AAPL,3218500,3218600,100,40,20,46,34,107
16500339795866,AMZN,18510000,18569900,59900,30,20,23,14,44
16500339795866,GOOGL,14364100,14423600,59500,50,12,10,5,16
16500339795866,MSFT,1739400,1741900,2500,82,100,37,31,97
16500339795866,TSLA,6420000,6427900,7900,95,100,160,73,429
16514101886548,AAPL,3218600,3219000,400,20,40,46,34,107
16514101886548,AMZN,18510000,18569900,59900,30,20,24,14,45
16514101886548,GOOGL,14364100,14423600,59500,50,12,10,5,16
16514101886548,MSFT,1739400,1741900,2500,82,100,37,31,97
16514101886548,TSLA,6420000,6427900,7900,95,100,160,74,430
16522021868748,AAPL,3218600,3219000,400,20,40,46,34,107
16522021868748,AMZN,18510000,18569900,59900,30,20,24,14,45
16522021868748,GOOGL,14364100,14423600,59500,50,12,10,5,16
16522021868748,MSFT,1739400,1741900,2500,82,100,37,31,97
16522021868748,TSLA,6420000,6427900,7900,95,100,160,74,431
16533613419315,AAPL,3218600,3219000,400,20,40,45,35,107
16533613419315,AMZN,18510000,18569900,59900,30,20,24,14,45
16533613419315,GOOGL,14364100,14423700,59600,50,12,10,5,16
16533613419315,MSFT,1739400,1741900,2500,82,100,37,31,97
16533613419315,TSLA,6420000,6427900,7900,95,100,160,73,431
16540593401326,AAPL,3215900,3219000,3100,31,40,44,35,106
16540593401326,AMZN,18510000,18569900,59900,30,20,24,14,46
16540593401326,GOOGL,14364100,14423700,59600,50,12,10,5,16
16540593401326,MSFT,1739400,1741900,2500,82,100,37,31,97
16540593401326,TSLA,6420000,6427900,7900,95,100,160,73,432
16550225425175,AAPL,3217500,3219000,1500,20,40,45,36,108
16550225425175,AMZN,18510000,18569900,59900,30,20,24,14,46
16550225425175,GOOGL,14364100,14430000,65900,50,20,10,4,15
16550225425175,MSFT,1739400,1741900,2500,82,100,37,31,97
16550225425175,TSLA,6420000,6427900,7900,95,100,160,73,435
16560235042013,AAPL,3216900,3219000,2100,20,40,45,37,109
16560235042013,AMZN,18510000,18569900,59900,30,20,24,14,46
16560235042013,GOOGL,14364100,14429400,65300,50,38,10,5,16
16560235042013,MSFT,1739400,1741900,2500,82,100,37,31,97
16560235042013,TSLA,6420000,6427900,7900,45,100,160,73,434
16570103639331,AAPL,3216900,3219500,2600,20,400,45,36,107
16570103639331,AMZN,18510000,18569900,59900,30,20,24,14,46
16570103639331,GOOGL,14364100,14429400,65300,50,38,10,5,16
16570103639331,MSFT,1739400,1741900,2500,82,100,36,31,96
16570103639331,TSLA,6420000,6427900,7900,45,100,162,73,436
16581075607516,AAPL,3216900,3219900,3000,20,16,45,35,106
16581075607516,AMZN,18510000,18569900,59900,30,20,23,14,45
16581075607516,GOOGL,14364100,14424700,60600,50,24,10,5,16
16581075607516,MSFT,1739400,1741900,2500,82,100,37,31,97
16581075607516,TSLA,6420000,6427900,7900,45,100,163,73,438
16590593223245,AAPL,3216900,3219900,3000,20,16,45,34,105
16590593223245,AMZN,18510000,18569900,59900,30,20,24,14,46
16590593223245,GOOGL,14364100,14424700,60600,50,24,10,5,16
16590593223245,MSFT,1739400,1741900,2500,82,100,37,31,97
16590593223245,TSLA,6420000,6427900,7900,45,100,163,74,439
16600255484909,AAPL,3216900,3217600,700,51,100,44,36,107
16600255484909,AMZN,18510000,18569800,59800,30,20,24,13,45
16600255484909,GOOGL,14364100,14429700,65600,50,24,10,5,16
16600255484909,MSFT,1739400,1741900,2500,82,100,37,31,97
16600255484909,TSLA,6420000,6427900,7900,45,100,162,74,440
16611574252542,AAPL,3216900,3217600,700,51,100,44,34,105
16611574252542,AMZN,18510000,18569800,59800,30,20,24,14,46
16611574252542,GOOGL,14364100,14429700,65600,50,24,10,5,16
16611574252542,MSFT,1739400,1741900,2500,82,100,37,31,97
16611574252542,TSLA,6420000,6427900,7900,45,100,163,74,441
16620102511072,AAPL,3216900,3217600,700,51,100,43,35,106
16620102511072,AMZN,18510000,18579900,69900,30,20,23,14,45
16620102511072,GOOGL,14364100,14429700,65600,50,24,10,5,16
16620102511072,MSFT,1739400,1741000,1600,82,6,37,32,98
16620102511072,TSLA,6420000,6430000,10000,45,5,163,73,440
16630451288949,AAPL,3216900,3217600,700,51,100,43,35,106
16630451288949,AMZN,18510000,18560300,50300,30,20,24,13,45
16630451288949,GOOGL,14364100,14429700,65600,50,24,10,5,16
16630451288949,MSFT,1739400,1741000,1600,82,6,37,32,98
16630451288949,TSLA,6420000,6430000,10000,65,105,164,73,442
16641117756692,AAPL,3216900,3217600,700,20,100,45,35,106
16641117756692,AMZN,18510000,18579900,69900,30,20,23,14,45
16641117756692,GOOGL,14364100,14429700,65600,50,24,10,5,16
16641117756692,MSFT,1739400,1741000,1600,82,6,37,32,98
16641117756692,TSLA,6420000,6430000,10000,65,105,164,73,444
16650041816442,AAPL,3215900,3217600,1700,31,100,44,34,104
16650041816442,AMZN,18510000,18579900,69900,30,20,25,14,47
16650041816442,GOOGL,14364100,14429700,65600,50,24,10,5,16
16650041816442,MSFT,1739400,1741000,1600,82,6,37,32,98
16650041816442,TSLA,6420000,6429000,9000,65,100,164,74,444
16660389083691,AAPL,3215100,3216900,1800,63,182,42,34,103
16660389083691,AMZN,18510000,18579900,69900,30,20,25,14,47
16660389083691,GOOGL,14364100,14429700,65600,50,24,10,5,16
16660389083691,MSFT,1739400,1741000,1600,82,6,37,32,98
16660389083691,TSLA,6420000,6429000,9000,65,100,164,74,443
16670254885554,AAPL,3215100,3216900,1800,63,182,44,35,106
16670254885554,AMZN,18510000,18579900,69900,30,20,25,15,48
16670254885554,GOOGL,14364100,14429500,65400,50,24,10,5,16
16670254885554,MSFT,1739400,1741800,2400,82,6,37,32,99
16670254885554,TSLA,6424000,6429000,5000,15,194,165,74,444
16680301362400,AAPL,3215100,3216900,1800,63,182,44,35,106
16680301362400,AMZN,18510000,18579900,69900,30,20,25,15,48
16680301362400,GOOGL,14373200,14429200,56000,29,50,10,5,16
16680301362400,MSFT,1739500,1741800,2300,82,6,37,31,100
16680301362400,TSLA,6420000,6422500,2500,63,3,164,75,444
16690885848143,AAPL,3215100,3216900,1800,86,150,44,35,106
16690885848143,AMZN,18510000,18579900,69900,30,20,25,15,48
16690885848143,GOOGL,14373200,14429200,56000,29,50,10,5,16
16690885848143,MSFT,1739500,1741800,2300,82,6,37,32,100
16690885848143,TSLA,6424000,6429000,5000,17,181,164,74,443
16700128392576,AAPL,3213500,3215000,1500,100,100,43,35,105
16700128392576,AMZN,18511300,18579900,68600,5,20,26,15,49
16700128392576,GOOGL,14373200,14429200,56000,29,50,10,5,16
16700128392576,MSFT,1739500,1741800,2300,82,6,37,32,101
16700128392576,TSLA,6424000,6429000,5000,17,181,164,74,442
16711507950440,AAPL,3213500,3216900,3400,100,150,44,34,104
16711507950440,AMZN,18511300,18579900,68600,5,20,26,15,49
16711507950440,GOOGL,14373200,14429200,56000,29,50,10,5,16
16711507950440,MSFT,1739500,1741800,2300,82,6,37,32,101
16711507950440,TSLA,6424000,6429000,5000,34,281,164,74,445
16720684779932,AAPL,3213500,3216900,3400,100,150,44,34,105
16720684779932,AMZN,18511300,18579900,68600,5,20,26,15,49
16720684779932,GOOGL,14373500,14429200,55700,34,24,10,5,16
16720684779932,MSFT,1739500,1741800,2300,82,6,37,32,101
16720684779932,TSLA,6424000,6429000,5000,9,281,165,74,445
16730325888410,AAPL,3213500,3216900,3400,100,150,44,34,105
16730325888410,AMZN,18511300,18579900,68600,5,20,26,15,49
16730325888410,GOOGL,14373500,14429200,55700,34,24,10,5,16
16730325888410,MSFT,1739500,1741800,2300,82,6,38,32,102
16730325888410,TSLA,6424000,6429000,5000,8,481,166,75,449
16740017645739,AAPL,3213500,3216900,3400,100,150,44,34,104
16740017645739,AMZN,18511300,18579900,68600,5,20,26,15,49
16740017645739,GOOGL,14373500,14429200,55700,34,24,10,5,16
16740017645739,MSFT,1739500,1740000,500,82,30,38,33,103
16740017645739,TSLA,6420000,6424000,4000,68,192,165,76,449
16751031422449,AAPL,3213500,3216000,2500,100,100,44,34,103
16751031422449,AMZN,18511300,18579900,68600,5,20,26,15,49
16751031422449,GOOGL,14338000,14408200,70200,50,33,10,5,16
16751031422449,MSFT,1739400,1740000,600,100,30,38,33,103
16751031422449,TSLA,6420000,6424000,4000,63,192,166,76,449
16761157290241,AAPL,3213500,3215000,1500,100,170,43,35,105
16761157290241,AMZN,18511300,18579900,68600,5,20,26,15,49
16761157290241,GOOGL,14338000,14408200,70200,50,33,10,5,16
16761157290241,MSFT,1739300,1740000,700,200,30,37,33,103
16761157290241,TSLA,6420000,6424000,4000,23,192,166,76,449
16770014552400,AAPL,3213500,3215000,1500,100,170,44,35,105
16770014552400,AMZN,18511300,18579900,68600,5,20,26,15,49
16770014552400,GOOGL,14338000,14408200,70200,50,33,10,5,16
16770014552400,MSFT,1739300,1740000,700,200,30,37,35,104
16770014552400,TSLA,6423900,6424000,100,25,215,166,76,449
16781273325747,AAPL,3213500,3215000,1500,100,138,44,35,105
16781273325747,AMZN,18511300,18579900,68600,5,20,26,15,49
16781273325747,GOOGL,14338000,14408200,70200,50,33,10,5,16
16781273325747,MSFT,1739300,1739600,300,200,50,37,35,105
16781273325747,TSLA,6418800,6420000,1200,1,23,166,77,450
16790873757717,AAPL,3213500,3215000,1500,100,138,43,35,105
16790873757717,AMZN,18511300,18579900,68600,5,20,26,15,49
16790873757717,GOOGL,14338000,14408200,70200,50,33,10,5,16
16790873757717,MSFT,1739300,1739600,300,200,50,37,32,102
16790873757717,TSLA,6416500,6418400,1900,2,324,165,77,449
16800112761134,AAPL,3213500,3216000,2500,100,175,43,35,105
16800112761134,AMZN,18511300,18579900,68600,5,20,26,15,49
16800112761134,GOOGL,14338000,14408200,70200,50,33,10,5,16
16800112761134,MSFT,1739300,1739600,300,200,50,37,32,102
16800112761134,TSLA,6416500,6418400,1900,2,324,165,78,454
16810157202774,AAPL,3213500,3216000,2500,100,175,43,35,105
16810157202774,AMZN,18511300,18579900,68600,5,20,26,15,49
16810157202774,GOOGL,14338000,14408200,70200,50,33,10,5,16
16810157202774,MSFT,1739300,1739600,300,200,50,37,31,101
16810157202774,TSLA,6412800,6415600,2800,49,257,163,78,451
16820283063767,AAPL,3213500,3216000,2500,100,175,44,35,106
16820283063767,AMZN,18511300,18579900,68600,5,20,26,15,49
16820283063767,GOOGL,14338000,14408200,70200,50,33,10,5,16
16820283063767,MSFT,1739300,1740000,700,200,30,37,29,99
16820283063767,TSLA,6407000,6415600,8600,91,257,158,78,446
16830016744052,AAPL,3213500,3216000,2500,100,175,44,35,106
16830016744052,AMZN,18511300,18579900,68600,5,20,26,15,49
16830016744052,GOOGL,14338000,14408200,70200,50,33,10,5,16
16830016744052,MSFT,1739300,1740000,700,200,30,37,30,100
16830016744052,TSLA,6410200,6420000,9800,100,23,159,76,445
16842488109849,AAPL,3213500,3216000,2500,100,182,44,35,107
16842488109849,AMZN,18511300,18579900,68600,5,20,26,15,49
16842488109849,GOOGL,14338000,14408200,70200,50,33,10,5,16
16842488109849,MSFT,1739300,1740000,700,200,30,38,30,101
16842488109849,TSLA,6410200,6420000,9800,100,22,160,77,447
16852322582590,AAPL,3213500,3216000,2500,100,182,44,35,107
16852322582590,AMZN,18511300,18579900,68600,5,20,25,15,49
16852322582590,GOOGL,14338000,14408200,70200,50,33,10,5,16
16852322582590,MSFT,1739300,1740000,700,200,30,38,30,101
16852322582590,TSLA,6410000,6420000,10000,200,22,161,77,448
16860139734132,AAPL,3213500,3216000,2500,100,182,44,35,107
16860139734132,AMZN,18511300,18579900,68600,5,20,26,15,49
16860139734132,GOOGL,14338000,14408200,70200,50,33,10,5,16
16860139734132,MSFT,1739300,1740000,700,200,30,38,30,101
16860139734132,TSLA,6410000,6420000,10000,200,10,160,77,447
16870487128404,AAPL,3213500,3215000,1500,100,100,44,36,108
16870487128404,AMZN,18511300,18579900,68600,5,20,26,15,49
16870487128404,GOOGL,14338000,14408200,70200,50,33,10,5,16
16870487128404,MSFT,1739300,1740000,700,200,90,38,30,102
16870487128404,TSLA,6410000,6415600,5600,200,10,160,79,449
16880142869784,AAPL,3213500,3216000,2500,130,182,44,35,108
16880142869784,AMZN,18511300,18561800,50500,5,20,26,16,51
16880142869784,GOOGL,14338000,14408200,70200,50,33,10,5,16
16880142869784,MSFT,1739300,1740000,700,200,90,38,30,102
16880142869784,TSLA,6410000,6415600,5600,200,4,161,79,448
16891287113948,AAPL,3213500,3216000,2500,130,182,44,35,108
16891287113948,AMZN,18511300,18561800,50500,5,20,26,16,51
16891287113948,GOOGL,14338000,14408200,70200,50,33,10,5,16
16891287113948,MSFT,1739300,1740000,700,100,90,38,30,102
16891287113948,TSLA,6410000,6415600,5600,200,4,160,80,447
16900013213001,AAPL,3213500,3216000,2500,130,182,44,35,108
16900013213001,AMZN,18511300,18561800,50500,5,20,25,16,50
16900013213001,GOOGL,14338000,14408200,70200,50,33,10,5,16
16900013213001,MSFT,1739300,1740000,700,100,90,38,30,102
16900013213001,TSLA,6410000,6420000,10000,200,10,161,79,447
16910357993121,AAPL,3213500,3216000,2500,130,182,43,35,108
16910357993121,AMZN,18511300,18561800,50500,5,20,26,16,51
16910357993121,GOOGL,14338000,14408200,70200,50,33,10,5,16
16910357993121,MSFT,1739300,1740000,700,100,90,38,30,102
16910357993121,TSLA,6410000,6424000,14000,200,247,161,78,446
16920100472244,AAPL,3213500,3216000,2500,130,182,43,35,108
16920100472244,AMZN,18511300,18561800,50500,5,20,25,16,50
16920100472244,GOOGL,14338000,14408200,70200,50,33,10,5,16
16920100472244,MSFT,1739300,1740000,700,100,90,37,30,101
16920100472244,TSLA,6405000,6410000,5000,100,100,158,78,443
16933532637825,AAPL,3210000,3213500,3500,36,100,41,35,105
16933532637825,AMZN,18511300,18561800,50500,5,20,26,16,51
16933532637825,GOOGL,14338000,14408200,70200,50,33,10,5,16
16933532637825,MSFT,1739300,1740000,700,29,90,37,29,100
16933532637825,TSLA,6405100,6410000,4900,2,197,159,79,447
16941161812239,AAPL,3210000,3213500,3500,36,100,41,35,105
16941161812239,AMZN,18511300,18561800,50500,5,20,26,16,51
16941161812239,GOOGL,14338000,14411100,73100,50,34,9,5,15
16941161812239,MSFT,1739300,1740000,700,29,90,37,30,101
16941161812239,TSLA,6405100,6410000,4900,2,197,159,79,449
16950781410778,AAPL,3210000,3213500,3500,36,100,41,35,105
16950781410778,AMZN,18511300,18561800,50500,5,20,26,16,51
16950781410778,GOOGL,14338000,14411100,73100,50,34,10,5,16
16950781410778,MSFT,1739300,1740000,700,29,90,37,30,101
16950781410778,TSLA,6405000,6405100,100,102,3,158,80,450
16961502790505,AAPL,3210000,3213500,3500,36,100,41,35,105
16961502790505,AMZN,18511300,18561800,50500,5,20,26,16,51
16961502790505,GOOGL,14338000,14411100,73100,50,34,10,5,16
16961502790505,MSFT,1739300,1740000,700,29,90,37,30,101
16961502790505,TSLA,6405000,6405100,100,61,3,158,80,452
16970454640995,AAPL,3210000,3213500,3500,66,180,41,35,107
16970454640995,AMZN,18511300,18561800,50500,5,20,26,16,51
16970454640995,GOOGL,14338000,14411100,73100,50,34,10,5,16
16970454640995,MSFT,1739300,1740000,700,29,90,37,30,102
16970454640995,TSLA,6405000,6405100,100,59,3,158,78,448
16980034162180,AAPL,3210000,3213500,3500,66,280,41,35,108
16980034162180,AMZN,18511300,18561800,50500,5,20,26,16,51
16980034162180,GOOGL,14365300,14418500,53200,41,12,10,5,16
16980034162180,MSFT,1739400,1740000,600,5,90,38,30,103
16980034162180,TSLA,6405000,6408700,3700,48,2,157,77,446
16990045950696,AAPL,3210000,3213500,3500,66,280,41,35,108
16990045950696,AMZN,18511300,18561800,50500,5,20,26,16,51
16990045950696,GOOGL,14363400,14427900,64500,44,10,10,4,15
16990045950696,MSFT,1739400,1740000,600,5,90,38,30,103
16990045950696,TSLA,6400000,6410000,10000,1356,157,153,76,439
17000517463607,AAPL,3210000,3213500,3500,36,287,42,35,108
17000517463607,AMZN,18511300,18561800,50500,5,20,26,16,51
17000517463607,GOOGL,14364300,14414800,50500,43,20,9,5,15
17000517463607,MSFT,1739400,1740000,600,5,90,38,29,103
17000517463607,TSLA,6400000,6410000,10000,1356,157,154,77,441
17010015548103,AAPL,3210000,3213500,3500,36,287,42,35,108
17010015548103,AMZN,18511300,18559900,48600,5,20,26,17,52
17010015548103,GOOGL,14358000,14414200,56200,50,15,9,5,15
17010015548103,MSFT,1739400,1740000,600,5,70,38,29,103
17010015548103,TSLA,6401200,6410000,8800,200,102,155,77,441
17021206432207,AAPL,3210000,3213500,3500,36,287,42,35,108
17021206432207,AMZN,18511300,18559900,48600,5,20,26,17,52
17021206432207,GOOGL,14361500,14414800,53300,47,13,9,5,15
17021206432207,MSFT,1739400,1740000,600,4,70,38,30,104
17021206432207,TSLA,6401200,6408700,7500,200,1,155,77,443
17030650561366,AAPL,3210000,3213500,3500,36,287,42,35,108
17030650561366,AMZN,18511300,18559900,48600,5,20,26,17,52
17030650561366,GOOGL,14300000,14414800,114800,25,14,8,5,14
17030650561366,MSFT,1739400,1740000,600,4,70,38,30,104
17030650561366,TSLA,6401200,6408700,7500,200,1,155,78,447
17040147684213,AAPL,3210000,3213500,3500,36,287,42,35,108
17040147684213,AMZN,18511300,18549900,38600,5,20,26,17,52
17040147684213,GOOGL,14300000,14414600,114600,25,14,9,5,15
17040147684213,MSFT,1739100,1740000,900,220,70,38,30,102
17040147684213,TSLA,6401200,6408700,7500,200,1,155,78,447
17050692921449,AAPL,3210000,3213500,3500,36,287,43,35,108
17050692921449,AMZN,18511300,18549900,38600,5,20,26,17,52
17050692921449,GOOGL,14365200,14414600,49400,38,14,10,5,16
17050692921449,MSFT,1739100,1740000,900,220,70,38,30,102
17050692921449,TSLA,6402500,6410000,7500,200,192,156,78,449
17060508205568,AAPL,3210000,3213500,3500,36,290,43,35,109
17060508205568,AMZN,18511300,18549900,38600,5,20,26,17,52
17060508205568,GOOGL,14363400,14414600,51200,50,14,10,5,16
17060508205568,MSFT,1739100,1740000,900,220,70,38,30,102
17060508205568,TSLA,6402500,6410000,7500,200,105,156,78,448
17070512625107,AAPL,3210000,3212500,2500,36,7,43,37,110
17070512625107,AMZN,18511300,18549900,38600,5,20,26,17,52
17070512625107,GOOGL,14361700,14414500,52800,15,35,10,5,16
17070512625107,MSFT,1740000,1741100,1100,25,100,39,29,101
17070512625107,TSLA,6402500,6410000,7500,150,105,156,78,448
17080065530731,AAPL,3210000,3212500,2500,36,7,43,37,110
17080065530731,AMZN,18511300,18550000,38700,5,50,26,16,51
17080065530731,GOOGL,14300000,14427900,127900,25,10,9,4,14
17080065530731,MSFT,1739200,1741100,1900,25,100,39,29,101
17080065530731,TSLA,6402500,6410000,7500,150,105,156,78,449
17091305120559,AAPL,3210000,3212500,2500,36,7,43,37,110
17091305120559,AMZN,18511300,18550000,38700,5,50,26,16,51
17091305120559,GOOGL,14357400,14413400,56000,50,42,10,5,16
17091305120559,MSFT,1740000,1741100,1100,429,100,39,29,101
17091305120559,TSLA,6402500,6410000,7500,150,105,156,78,450
17100829080737,AAPL,3210400,3212500,2100,800,7,43,37,110
17100829080737,AMZN,18511300,18550000,38700,5,50,26,16,51
17100829080737,GOOGL,14362300,14414100,51800,15,41,10,5,16
17100829080737,MSFT,1739100,1740000,900,220,71,38,30,101
17100829080737,TSLA,6408700,6410000,1300,58,105,158,78,453
17110576802798,AAPL,3211500,3212500,1000,500,7,45,37,112
17110576802798,AMZN,18511300,18550000,38700,5,50,26,16,52
17110576802798,GOOGL,14362300,14414100,51800,15,41,10,5,16
17110576802798,MSFT,1739100,1740000,900,220,21,38,30,101
17110576802798,TSLA,6402500,6410000,7500,150,105,157,78,451
17121133753131,AAPL,3211500,3213100,1600,325,107,45,35,111
17121133753131,AMZN,18511300,18550000,38700,5,50,26,16,52
17121133753131,GOOGL,14361600,14414100,52500,15,41,10,5,16
17121133753131,MSFT,1739100,1740000,900,220,21,38,30,101
17121133753131,TSLA,6402500,6410000,7500,150,105,157,78,452
17130102013512,AAPL,3213100,3216000,2900,493,175,46,33,108
17130102013512,AMZN,18511300,18550000,38700,5,50,26,16,52
17130102013512,GOOGL,14361600,14414100,52500,15,41,10,5,16
17130102013512,MSFT,1739100,1740000,900,220,222,38,29,100
17130102013512,TSLA,6402500,6410000,7500,150,105,157,78,452
17141277621525,AAPL,3213100,3216000,2900,493,175,46,33,108
17141277621525,AMZN,18511300,18550000,38700,5,50,26,16,52
17141277621525,GOOGL,14361600,14414100,52500,15,41,10,5,16
17141277621525,MSFT,1739100,1740000,900,220,222,38,29,100
17141277621525,TSLA,6402500,6410000,7500,150,155,157,78,452
17150207905855,AAPL,3213100,3216000,2900,493,175,45,33,108
17150207905855,AMZN,18511300,18550000,38700,5,50,26,16,52
17150207905855,GOOGL,14361600,14413300,51700,15,50,10,5,16
17150207905855,MSFT,1739100,1740000,900,220,222,38,29,100
17150207905855,TSLA,6408700,6410000,1300,87,155,158,78,454
17160423659022,AAPL,3211500,3215000,3500,325,100,43,34,107
17160423659022,AMZN,18511300,18550000,38700,5,50,27,16,53
17160423659022,GOOGL,14361000,14413300,52300,15,50,10,5,16
17160423659022,MSFT,1739100,1740000,900,220,222,38,30,101
17160423659022,TSLA,6401200,6410000,8800,189,155,157,78,453
17171111452489,AAPL,3212000,3215000,3000,500,100,43,35,110
17171111452489,AMZN,18511300,18550000,38700,5,50,27,16,53
17171111452489,GOOGL,14361000,14413300,52300,15,50,10,5,16
17171111452489,MSFT,1739100,1740000,900,220,222,38,30,101
17171111452489,TSLA,6405000,6408700,3700,30,1,158,79,456
17180738639296,AAPL,3212000,3215000,3000,500,100,44,35,110
17180738639296,AMZN,18511300,18550000,38700,5,50,27,16,53
17180738639296,GOOGL,14365800,14427900,62100,10,10,10,4,15
17180738639296,MSFT,1739100,1740000,900,220,722,38,30,103
17180738639296,TSLA,6405000,6410000,5000,30,217,158,78,455
17190590941594,AAPL,3212000,3215000,3000,500,100,44,35,112
17190590941594,AMZN,18511300,18550000,38700,5,50,27,16,53
17190590941594,GOOGL,14350700,14414400,63700,50,43,10,5,16
17190590941594,MSFT,1739100,1740000,900,220,722,38,30,103
17190590941594,TSLA,6405000,6410000,5000,30,217,158,78,457
17200117400729,AAPL,3212000,3215000,3000,500,100,44,35,113
17200117400729,AMZN,18511300,18550000,38700,5,50,27,16,53
17200117400729,GOOGL,14348600,14413200,64600,30,35,10,5,16
17200117400729,MSFT,1739100,1740000,900,220,222,38,30,102
17200117400729,TSLA,6405000,6409800,4800,30,1,158,79,459
17210487072246,AAPL,3212000,3215000,3000,500,100,45,35,114
17210487072246,AMZN,18511300,18558800,47500,5,20,27,16,53
17210487072246,GOOGL,14357700,14413100,55400,17,36,10,5,16
17210487072246,MSFT,1739100,1740000,900,220,222,38,30,102
17210487072246,TSLA,6405000,6409800,4800,30,1,157,79,459
17220104868567,AAPL,3212000,3215000,3000,500,100,45,35,114
17220104868567,AMZN,18511300,18558800,47500,5,20,27,16,53
17220104868567,GOOGL,14356000,14427900,71900,36,10,10,4,15
17220104868567,MSFT,1739100,1740000,900,220,222,38,30,102
17220104868567,TSLA,6405000,6410000,5000,30,217,158,78,459
17231188851228,AAPL,3212000,3215000,3000,500,100,45,35,114
17231188851228,AMZN,18511300,18558800,47500,5,20,27,16,53
17231188851228,GOOGL,14308500,14413700,105200,10,35,9,5,15
17231188851228,MSFT,1739100,1740000,900,220,162,38,30,101
17231188851228,TSLA,6405000,6410000,5000,30,207,159,78,462
17240767781322,AAPL,3212000,3213100,1100,500,15,45,37,116
17240767781322,AMZN,18511300,18558600,47300,5,20,27,16,53
17240767781322,GOOGL,14360400,14413100,52700,34,35,10,5,16
17240767781322,MSFT,1739100,1740000,900,220,162,38,30,101
17240767781322,TSLA,6405000,6410000,5000,30,207,159,78,463
17250146198628,AAPL,3212000,3213100,1100,500,15,45,37,116
17250146198628,AMZN,18511300,18558600,47300,5,20,27,16,53
17250146198628,GOOGL,14360400,14413100,52700,34,35,9,5,15
17250146198628,MSFT,1739100,1740000,900,220,162,38,30,101
17250146198628,TSLA,6405200,6410000,4800,19,207,160,78,465
17260015379986,AAPL,3212000,3215000,3000,500,100,45,36,115
17260015379986,AMZN,18511300,18558600,47300,5,20,27,16,53
17260015379986,GOOGL,14351200,14412000,60800,50,40,10,5,16
17260015379986,MSFT,1739100,1740000,900,220,162,37,30,100
17260015379986,TSLA,6400000,6401200,1200,592,116,156,79,452
17270579303527,AAPL,3212000,3215500,3500,500,141,45,35,115
17270579303527,AMZN,18511300,18560000,48700,5,50,26,16,52
17270579303527,GOOGL,14349400,14412000,62600,48,42,10,5,16
17270579303527,MSFT,1739100,1740000,900,220,162,37,30,100
17270579303527,TSLA,6388800,6400000,11200,30,371,153,79,446
17280293482442,AAPL,3212000,3215500,3500,500,141,45,35,115
17280293482442,AMZN,18511300,18560000,48700,5,50,27,16,53
17280293482442,GOOGL,14357100,14412000,54900,23,42,10,5,16
17280293482442,MSFT,1739100,1740000,900,220,162,37,30,100
17280293482442,TSLA,6388800,6407400,18600,30,16,154,78,446
17290224145675,AAPL,3215000,3215500,500,50,141,47,35,116
17290224145675,AMZN,18511300,18560000,48700,5,50,27,17,54
17290224145675,GOOGL,14338300,14411000,72700,50,38,10,5,16
17290224145675,MSFT,1739100,1740000,900,220,162,37,30,100
17290224145675,TSLA,6399900,6410000,10100,1,212,156,78,448
17300222296506,AAPL,3212300,3215500,3200,50,141,46,35,116
17300222296506,AMZN,18511300,18560000,48700,5,50,27,17,54
17300222296506,GOOGL,14351600,14409800,58200,13,40,10,5,16
17300222296506,MSFT,1739100,1740000,900,220,162,37,30,100
17300222296506,TSLA,6399900,6400000,100,1,22,157,79,450
17310343389990,AAPL,3212300,3215500,3200,50,141,46,35,116
17310343389990,AMZN,18511300,18560000,48700,5,50,27,17,54
17310343389990,GOOGL,14344700,14409800,65100,50,40,10,5,16
17310343389990,MSFT,1739100,1740000,900,220,162,37,29,100
17310343389990,TSLA,6389000,6410000,21000,100,207,155,77,447
17320736860721,AAPL,3212300,3215500,3200,50,141,46,35,116
17320736860721,AMZN,18511300,18560000,48700,5,50,27,16,53
17320736860721,GOOGL,14344700,14409800,65100,50,40,10,5,16
17320736860721,MSFT,1739100,1740000,900,220,162,37,29,100
17320736860721,TSLA,6400000,6410000,10000,11,207,156,79,451
17330174438171,AAPL,3212300,3215500,3200,50,141,47,36,117
17330174438171,AMZN,18511300,18560000,48700,5,50,27,17,54
17330174438171,GOOGL,14344700,14409800,65100,50,40,10,5,16
17330174438171,MSFT,1739100,1740000,900,220,162,37,31,100
17330174438171,TSLA,6389000,6400000,11000,100,400,155,79,450
17340464876311,AAPL,3212300,3215500,3200,50,141,47,36,117
17340464876311,AMZN,18511300,18560000,48700,5,50,27,17,54
17340464876311,GOOGL,14344700,14409800,65100,50,40,10,5,16
17340464876311,MSFT,1739100,1740000,900,220,162,37,31,100
17340464876311,TSLA,6399900,6410000,10100,15,247,158,78,452
17350064864983,AAPL,3212000,3215000,3000,450,100,46,37,117
17350064864983,AMZN,18511300,18559800,48500,5,20,26,17,53
17350064864983,GOOGL,14344700,14409800,65100,50,40,10,5,16
17350064864983,MSFT,1739100,1740000,900,220,162,37,31,100
17350064864983,TSLA,6399900,6410000,10100,11,247,157,79,453
17360250858485,AAPL,3212000,3215000,3000,450,100,46,37,117
17360250858485,AMZN,18511300,18516600,5300,5,4,27,17,54
17360250858485,GOOGL,14344700,14409800,65100,50,40,10,5,16
17360250858485,MSFT,1739100,1740000,900,220,162,37,31,102
17360250858485,TSLA,6399900,6410000,10100,11,247,157,79,455
17370337690819,AAPL,3212000,3215000,3000,450,100,46,37,117
17370337690819,AMZN,18511300,18516600,5300,5,4,27,18,55
17370337690819,GOOGL,14344700,14409800,65100,50,40,10,5,16
17370337690819,MSFT,1739100,1740000,900,220,162,37,31,103
17370337690819,TSLA,6399900,6410000,10100,11,247,157,79,456
17382216347088,AAPL,3212300,3215000,2700,15,100,47,37,118
17382216347088,AMZN,18511300,18516600,5300,5,3,27,18,55
17382216347088,GOOGL,14344700,14409800,65100,50,40,10,6,17
17382216347088,MSFT,1739100,1740000,900,220,162,37,31,103
17382216347088,TSLA,6401400,6410000,8600,4,247,160,79,459
17390976731016,AAPL,3212300,3215000,2700,15,100,47,37,118
17390976731016,AMZN,18511300,18516600,5300,5,3,26,18,54
17390976731016,GOOGL,14344700,14409800,65100,50,40,10,6,17
17390976731016,MSFT,1739100,1740000,900,220,162,37,31,103
17390976731016,TSLA,6400000,6410000,10000,11,247,158,79,457
17400262182321,AAPL,3212300,3215000,2700,15,100,47,37,118
17400262182321,AMZN,18516600,18559900,43300,2,20,28,18,56
17400262182321,GOOGL,14344700,14409800,65100,50,40,10,6,17
17400262182321,MSFT,1739100,1740000,900,220,162,37,31,103
17400262182321,TSLA,6392000,6400000,8000,125,141,156,80,457
17410192859702,AAPL,3212300,3215000,2700,15,100,47,37,118
17410192859702,AMZN,18516600,18559900,43300,2,20,28,18,56
17410192859702,GOOGL,14344700,14409800,65100,50,40,10,6,17
17410192859702,MSFT,1739100,1740000,900,220,262,37,32,105
17410192859702,TSLA,6392000,6400000,8000,125,121,155,80,456
17420008234508,AAPL,3212300,3215000,2700,15,100,47,37,118
17420008234508,AMZN,18516600,18560000,43400,2,50,28,16,54
17420008234508,GOOGL,14354300,14413200,58900,50,20,10,6,17
17420008234508,MSFT,1739100,1739900,800,220,250,37,32,105
17420008234508,TSLA,6392000,6400000,8000,125,121,156,80,457
17431573253040,AAPL,3211500,3212000,500,325,35,45,37,116
17431573253040,AMZN,18516600,18559900,43300,2,20,28,18,56
17431573253040,GOOGL,14352200,14413400,61200,42,42,10,6,17
17431573253040,MSFT,1739100,1739900,800,220,250,37,32,105
17431573253040,TSLA,6390000,6400000,10000,462,6,155,80,455
17440145840490,AAPL,3211500,3212500,1000,325,35,45,37,116
17440145840490,AMZN,18516600,18560000,43400,2,50,28,16,54
17440145840490,GOOGL,14352200,14427900,75700,42,10,10,5,16
17440145840490,MSFT,1739100,1739900,800,220,250,37,32,105
17440145840490,TSLA,6390000,6400000,10000,456,6,155,80,455
17450976825222,AAPL,3211500,3212000,500,325,1,45,39,118
17450976825222,AMZN,18516600,18560000,43400,2,50,28,16,54
17450976825222,GOOGL,14352200,14415900,63700,42,14,10,6,17
17450976825222,MSFT,1739100,1739900,800,220,250,37,32,105
17450976825222,TSLA,6390000,6399900,9900,496,1,155,81,459
17460415506407,AAPL,3211500,3215000,3500,325,100,44,36,114
17460415506407,AMZN,18516600,18560000,43400,2,80,28,16,55
17460415506407,GOOGL,14352200,14417000,64800,42,41,10,6,17
17460415506407,MSFT,1739100,1739900,800,220,200,37,32,105
17460415506407,TSLA,6390000,6399900,9900,496,1,156,80,461
17470068984145,AAPL,3211500,3215000,3500,325,100,45,37,116
17470068984145,AMZN,18516600,18560000,43400,2,80,28,16,55
17470068984145,GOOGL,14352200,14418100,65900,42,29,10,6,17
17470068984145,MSFT,1739100,1739900,800,220,200,37,32,105
17470068984145,TSLA,6390100,6399900,9800,18,1,157,81,464
17480182355105,AAPL,3211500,3215000,3500,325,100,45,37,116
17480182355105,AMZN,18516600,18560000,43400,2,80,29,16,56
17480182355105,GOOGL,14352200,14412800,60600,42,37,10,6,17
17480182355105,MSFT,1739100,1739900,800,220,200,37,32,105
17480182355105,TSLA,6390100,6400000,9900,18,6,157,80,462
17490185730375,AAPL,3211500,3215000,3500,325,100,45,36,116
17490185730375,AMZN,18516600,18560000,43400,2,80,29,16,56
17490185730375,GOOGL,14308500,14412900,104400,10,36,9,6,16
17490185730375,MSFT,1739100,1740000,900,180,162,37,32,104
17490185730375,TSLA,6390100,6400000,9900,18,6,159,79,465
17500070651809,AAPL,3211500,3215000,3500,325,100,45,36,115
17500070651809,AMZN,18516600,18560000,43400,2,80,29,15,55
17500070651809,GOOGL,14353800,14414200,60400,50,42,10,6,17
17500070651809,MSFT,1739100,1740000,900,180,151,37,32,104
17500070651809,TSLA,6390500,6395000,4500,100,50,158,79,465
17510039343140,AAPL,3211500,3215000,3500,325,100,45,36,115
17510039343140,AMZN,18516600,18560000,43400,2,80,29,16,56
17510039343140,GOOGL,14348500,14412600,64100,50,43,10,6,17
17510039343140,MSFT,1739100,1740000,900,180,51,37,32,104
17510039343140,TSLA,6390500,6400000,9500,100,38,160,79,467
17520049051535,AAPL,3212500,3215000,2500,500,100,46,36,116
17520049051535,AMZN,18516600,18560000,43400,2,80,29,16,56
17520049051535,GOOGL,14306600,14415600,109000,10,13,9,6,16
17520049051535,MSFT,1739100,1740000,900,404,51,36,31,104
17520049051535,TSLA,6390500,6408800,18300,100,1,160,78,465
17530156153649,AAPL,3212500,3214400,1900,500,8,46,37,117
17530156153649,AMZN,18516600,18560000,43400,2,80,29,16,56
17530156153649,GOOGL,14352800,14418600,65800,38,35,10,6,17
17530156153649,MSFT,1739100,1740000,900,404,51,36,31,104
17530156153649,TSLA,6400000,6408800,8800,6,1,161,78,466
17542209439575,AAPL,3212500,3214100,1600,500,2,46,37,117
17542209439575,AMZN,18516600,18560000,43400,2,80,29,16,56
17542209439575,GOOGL,14352800,14418600,65800,38,35,10,6,17
17542209439575,MSFT,1739100,1739800,700,404,6,36,34,106
17542209439575,TSLA,6400000,6408800,8800,6,1,160,78,466
17551056925651,AAPL,3212500,3215000,2500,500,100,45,36,116
17551056925651,AMZN,18516700,18560000,43300,20,80,30,16,57
17551056925651,GOOGL,14352500,14418600,66100,38,35,10,6,17
17551056925651,MSFT,1739100,1739800,700,404,6,36,34,106
17551056925651,TSLA,6400000,6405000,5000,6,8,161,79,468
17560086256726,AAPL,3212500,3215000,2500,500,100,46,36,116
17560086256726,AMZN,18516600,18560000,43400,2,80,29,16,56
17560086256726,GOOGL,14352500,14418600,66100,38,35,10,6,17
17560086256726,MSFT,1739100,1739800,700,404,13,36,34,106
17560086256726,TSLA,6390900,6400000,9100,15,32,160,80,467
17570055555202,AAPL,3212500,3215000,2500,500,100,46,36,116
17570055555202,AMZN,18516600,18560000,43400,2,80,28,15,55
17570055555202,GOOGL,14352500,14409400,56900,38,40,10,6,17
17570055555202,MSFT,1739100,1739800,700,404,13,36,35,107
17570055555202,TSLA,6390600,6400000,9400,396,2,159,80,465
17580078359444,AAPL,3212500,3215000,2500,500,100,46,36,116
17580078359444,AMZN,18516600,18560000,43400,2,80,28,16,56
17580078359444,GOOGL,14352500,14409400,56900,38,40,10,6,17
17580078359444,MSFT,1739100,1741100,2000,404,40,36,31,104
17580078359444,TSLA,6390600,6405000,14400,696,8,161,79,466
17590052490235,AAPL,3213300,3215000,1700,50,100,47,36,117
17590052490235,AMZN,18516600,18560000,43400,2,80,28,16,56
17590052490235,GOOGL,14300000,14411500,111500,25,32,9,6,16
17590052490235,MSFT,1739100,1741100,2000,404,40,36,30,103
17590052490235,TSLA,6390600,6405000,14400,696,8,160,79,467
17600152395579,AAPL,3213300,3215000,1700,50,100,47,36,117
17600152395579,AMZN,18516600,18560000,43400,2,80,28,16,56
17600152395579,GOOGL,14353300,14417300,64000,50,12,10,6,17
17600152395579,MSFT,1739100,1741100,2000,404,140,35,30,102
17600152395579,TSLA,6390700,6409900,19200,100,18,160,78,467
17610183686625,AAPL,3213300,3215000,1700,50,100,47,36,117
17610183686625,AMZN,18516600,18560000,43400,2,80,28,16,56
17610183686625,GOOGL,14353300,14419800,66500,50,33,10,7,18
17610183686625,MSFT,1739100,1741100,2000,404,140,36,31,104
17610183686625,TSLA,6400000,6410000,10000,2,347,162,75,465
17620157187605,AAPL,3213300,3215000,1700,45,100,47,36,117
17620157187605,AMZN,18516600,18560000,43400,2,80,27,16,55
17620157187605,GOOGL,14353300,14419800,66500,50,33,10,7,18
17620157187605,MSFT,1739100,1741100,2000,404,140,36,31,104
17620157187605,TSLA,6400000,6409900,9900,2,18,162,74,465
17630059332719,AAPL,3213300,3215000,1700,45,100,47,36,117
17630059332719,AMZN,18520000,18560000,40000,6,80,29,16,56
17630059332719,GOOGL,14353300,14419800,66500,50,33,10,7,18
17630059332719,MSFT,1739100,1741100,2000,404,140,36,31,104
17630059332719,TSLA,6400000,6410000,10000,2,347,162,73,464
17640389597196,AAPL,3213300,3215000,1700,45,100,48,36,117
17640389597196,AMZN,18520000,18560000,40000,6,80,29,17,57
17640389597196,GOOGL,14353300,14420400,67100,50,37,10,7,18
17640389597196,MSFT,1739100,1741100,2000,404,140,35,30,103
17640389597196,TSLA,6400000,6410000,10000,2,347,163,74,465
17651156384916,AAPL,3213300,3215000,1700,45,100,48,36,118
17651156384916,AMZN,18520000,18560000,40000,6,80,29,17,57
17651156384916,GOOGL,14353300,14421100,67800,50,37,10,7,18
17651156384916,MSFT,1738000,1741000,3000,10,100,35,32,104
17651156384916,TSLA,6400000,6410000,10000,22,347,164,74,467
17661743653229,AAPL,3212500,3215000,2500,425,100,47,36,117
17661743653229,AMZN,18520000,18560000,40000,6,30,29,17,56
17661743653229,GOOGL,14353300,14421100,67800,50,37,10,7,18
17661743653229,MSFT,1738000,1739300,1300,10,10,35,33,105
17661743653229,TSLA,6400000,6410000,10000,22,347,164,74,467
17670089830598,AAPL,3212500,3215000,2500,425,100,46,35,116
17670089830598,AMZN,18520000,18560000,40000,13,30,28,17,56
17670089830598,GOOGL,14353300,14430000,76700,50,20,10,6,17
17670089830598,MSFT,1738000,1740900,2900,10,100,35,32,104
17670089830598,TSLA,6400000,6410000,10000,22,347,164,74,467
17681072096424,AAPL,3212500,3215000,2500,425,100,46,37,118
17681072096424,AMZN,18520000,18560000,40000,13,30,28,17,56
17681072096424,GOOGL,14353300,14420500,67200,50,37,10,7,18
17681072096424,MSFT,1738000,1740900,2900,10,100,35,32,104
17681072096424,TSLA,6400000,6410000,10000,22,347,164,73,466
17691836454256,AAPL,3212500,3215000,2500,425,100,45,37,118
17691836454256,AMZN,18520000,18560000,40000,13,30,28,17,56
17691836454256,GOOGL,14353300,14420500,67200,50,37,10,7,18
17691836454256,MSFT,1738000,1740900,2900,10,100,35,32,105
17691836454256,TSLA,6400000,6410000,10000,22,347,164,74,467
17700468721870,AAPL,3213000,3215000,2000,100,100,46,37,118
17700468721870,AMZN,18520000,18560000,40000,13,30,28,17,56
17700468721870,GOOGL,14353300,14430000,76700,50,20,10,6,17
17700468721870,MSFT,1738000,1740900,2900,10,200,35,32,106
17700468721870,TSLA,6400000,6410000,10000,12,290,164,75,467
17711400527408,AAPL,3213300,3215000,1700,100,100,48,38,121
17711400527408,AMZN,18520000,18560000,40000,13,30,29,18,58
17711400527408,GOOGL,14353300,14419800,66500,50,31,10,7,18
17711400527408,MSFT,1738000,1739000,1000,10,10,35,33,106
17711400527408,TSLA,6400000,6410000,10000,12,290,164,74,465
17720907026021,AAPL,3213300,3214400,1100,100,100,47,38,120
17720907026021,AMZN,18520000,18560000,40000,7,30,29,18,58
17720907026021,GOOGL,14353300,14419800,66500,50,31,10,7,18
17720907026021,MSFT,1738000,1739000,1000,10,10,35,32,106
17720907026021,TSLA,6400000,6410000,10000,12,290,164,75,466
17730009658608,AAPL,3213300,3215000,1700,100,82,47,37,119
17730009658608,AMZN,18520000,18560000,40000,7,30,29,18,58
17730009658608,GOOGL,14353300,14419800,66500,50,31,10,7,18
17730009658608,MSFT,1738000,1739000,1000,10,10,35,32,106
17730009658608,TSLA,6400000,6408900,8900,18,10,164,76,465
17740553098050,AAPL,3213300,3215000,1700,100,82,47,37,119
17740553098050,AMZN,18520000,18560000,40000,7,30,29,17,57
17740553098050,GOOGL,14353300,14419800,66500,50,31,10,7,18
17740553098050,MSFT,1738000,1739000,1000,10,10,36,32,107
17740553098050,TSLA,6400000,6408900,8900,18,10,164,76,466
17750213149004,AAPL,3213300,3215000,1700,100,82,47,37,119
17750213149004,AMZN,18520000,18560000,40000,7,30,29,17,57
17750213149004,GOOGL,14353300,14419800,66500,50,31,10,7,18
17750213149004,MSFT,1738900,1739000,100,500,10,37,32,108
17750213149004,TSLA,6400000,6408900,8900,18,10,164,76,467
17760009042275,AAPL,3213300,3215000,1700,100,82,47,37,118
17760009042275,AMZN,18520000,18560000,40000,7,30,29,17,57
17760009042275,GOOGL,14353300,14419800,66500,50,31,10,7,18
17760009042275,MSFT,1738000,1739000,1000,510,10,36,32,108
17760009042275,TSLA,6400100,6408900,8800,1,10,166,76,471
17770115330352,AAPL,3213300,3215000,1700,100,82,47,37,118
17770115330352,AMZN,18511300,18560000,48700,5,30,27,18,56
17770115330352,GOOGL,14353300,14419800,66500,50,31,10,7,18
17770115330352,MSFT,1739000,1740900,1900,10,100,36,31,107
17770115330352,TSLA,6400100,6408900,8800,1,10,167,76,472
17780508024282,AAPL,3213300,3215000,1700,100,52,47,37,118
17780508024282,AMZN,18511400,18560000,48600,20,30,29,18,58
17780508024282,GOOGL,14353300,14419800,66500,50,31,10,7,18
17780508024282,MSFT,1738000,1740900,2900,510,100,36,31,107
17780508024282,TSLA,6400100,6408900,8800,1,10,166,76,471
17790709722712,AAPL,3213300,3215000,1700,104,202,48,37,119
17790709722712,AMZN,18511400,18560000,48600,20,30,29,17,57
17790709722712,GOOGL,14353300,14419800,66500,50,31,10,7,18
17790709722712,MSFT,1738000,1740900,2900,510,100,36,31,107
17790709722712,TSLA,6400100,6410000,9900,1,150,168,76,475
17800432728034,AAPL,3213300,3215000,1700,104,346,48,37,120
17800432728034,AMZN,18511400,18560000,48600,20,30,29,17,57
17800432728034,GOOGL,14353300,14419800,66500,50,31,10,7,18
17800432728034,MSFT,1738000,1740900,2900,510,100,36,31,107
17800432728034,TSLA,6400100,6410000,9900,1,231,168,76,478
17810318102943,AAPL,3213300,3215000,1700,104,346,47,37,120
17810318102943,AMZN,18511400,18560000,48600,20,30,29,17,57
17810318102943,GOOGL,14353300,14419800,66500,50,31,10,7,18
17810318102943,MSFT,1738000,1739000,1000,510,500,36,32,108
17810318102943,TSLA,6400100,6410000,9900,1,231,168,77,479
17820634503886,AAPL,3213300,3215000,1700,104,346,47,37,120
17820634503886,AMZN,18511400,18560000,48600,20,30,29,18,58
17820634503886,GOOGL,14353300,14419800,66500,50,31,10,7,18
17820634503886,MSFT,1738000,1739000,1000,510,500,36,32,108
17820634503886,TSLA,6400300,6410000,9700,1,231,169,76,477
17830682528328,AAPL,3213300,3214000,700,104,5,48,38,120
17830682528328,AMZN,18511400,18560000,48600,20,30,29,18,58
17830682528328,GOOGL,14353300,14419800,66500,50,31,10,7,18
17830682528328,MSFT,1738000,1739000,1000,510,494,36,31,106
17830682528328,TSLA,6400100,6410000,9900,1,231,168,77,480
17840050452531,AAPL,3213300,3214900,1600,99,100,48,37,119
17840050452531,AMZN,18511400,18560000,48600,20,30,29,18,58
17840050452531,GOOGL,14353300,14419800,66500,50,31,10,7,18
17840050452531,MSFT,1738100,1740900,2800,100,100,37,31,107
17840050452531,TSLA,6400100,6409900,9800,1,20,168,79,482
17854785215710,AAPL,3213300,3214900,1600,99,100,48,37,119
17854785215710,AMZN,18511400,18560000,48600,20,30,29,17,57
17854785215710,GOOGL,14353300,14419800,66500,50,31,10,7,18
17854785215710,MSFT,1738100,1740000,1900,100,66,36,32,108
17854785215710,TSLA,6400300,6409900,9600,1,20,169,79,484
17865605888112,AAPL,3213500,3214900,1400,35,100,50,37,121
17865605888112,AMZN,18511400,18559900,48500,20,20,29,19,59
17865605888112,GOOGL,14353300,14419800,66500,50,31,10,7,18
17865605888112,MSFT,1738100,1739000,900,100,88,36,32,108
17865605888112,TSLA,6400300,6409900,9600,1,20,169,79,485
17870387605123,AAPL,3213500,3214900,1400,35,100,50,37,121
17870387605123,AMZN,18511400,18560000,48600,20,30,30,18,58
17870387605123,GOOGL,14353300,14419800,66500,50,31,10,7,18
17870387605123,MSFT,1738100,1739000,900,100,88,36,32,108
17870387605123,TSLA,6400100,6409900,9800,2,20,168,80,487
17880221323223,AAPL,3214000,3214900,900,500,100,50,37,122
17880221323223,AMZN,18520000,18560000,40000,20,30,29,18,57
17880221323223,GOOGL,14353300,14419800,66500,50,31,9,7,17
17880221323223,MSFT,1738100,1739000,900,100,88,36,32,108
17880221323223,TSLA,6400100,6409900,9800,2,20,168,81,488
17891209243716,AAPL,3214000,3214900,900,504,100,50,37,123
17891209243716,AMZN,18520000,18560000,40000,20,30,29,18,57
17891209243716,GOOGL,14353300,14419800,66500,50,31,10,7,18
17891209243716,MSFT,1738100,1739800,1700,100,100,37,31,107
17891209243716,TSLA,6400100,6409900,9800,2,20,168,81,489
17900576195154,AAPL,3214100,3214900,800,180,100,51,37,123
17900576195154,AMZN,18520000,18560000,40000,20,30,29,18,57
17900576195154,GOOGL,14353300,14419800,66500,50,31,10,7,18
17900576195154,MSFT,1738100,1739500,1400,100,89,37,32,108
17900576195154,TSLA,6400100,6402500,2400,2,19,168,81,489
17910020472935,AAPL,3214200,3215000,800,13,171,53,36,123
17910020472935,AMZN,18520000,18560000,40000,20,30,29,18,57
17910020472935,GOOGL,14353300,14419800,66500,50,31,10,7,18
17910020472935,MSFT,1738100,1739500,1400,100,89,37,32,108
17910020472935,TSLA,6400100,6410000,9900,2,236,168,81,489
17920451636011,AAPL,3214200,3215000,800,13,171,52,37,124
17920451636011,AMZN,18520000,18560000,40000,20,30,29,17,56
17920451636011,GOOGL,14353300,14419800,66500,50,31,10,7,18
17920451636011,MSFT,1738100,1739000,900,100,6,37,33,109
17920451636011,TSLA,6395000,6400000,5000,1,99,165,82,483
17930538336749,AAPL,3214200,3215000,800,13,171,52,36,123
17930538336749,AMZN,18520000,18560000,40000,20,30,29,17,56
17930538336749,GOOGL,14353300,14419800,66500,50,31,10,7,18
17930538336749,MSFT,1738100,1739000,900,64,6,37,33,109
17930538336749,TSLA,6395000,6410000,15000,1,160,165,81,483
17940634806716,AAPL,3214200,3215000,800,13,171,52,37,123
17940634806716,AMZN,18520000,18560000,40000,20,30,29,17,57
17940634806716,GOOGL,14353300,14419800,66500,50,31,10,7,18
17940634806716,MSFT,1738000,1739000,1000,510,6,36,33,109
17940634806716,TSLA,6395000,6400300,5300,1,16,166,84,486
17950028219063,AAPL,3214000,3214100,100,39,307,50,38,122
17950028219063,AMZN,18520000,18560000,40000,20,30,29,18,57
17950028219063,GOOGL,14353300,14430000,76700,50,20,10,6,17
17950028219063,MSFT,1738000,1739000,1000,510,95,36,33,109
17950028219063,TSLA,6395000,6400300,5300,1,16,166,84,487
17961179457089,AAPL,3213300,3214100,800,29,307,49,38,120
17961179457089,AMZN,18520000,18560000,40000,20,30,29,18,57
17961179457089,GOOGL,14353300,14415500,62200,50,27,10,7,18
17961179457089,MSFT,1738000,1739000,1000,510,95,36,33,109
17961179457089,TSLA,6395000,6400300,5300,1,4,167,84,487
17970280163515,AAPL,3213300,3214000,700,29,100,49,37,119
17970280163515,AMZN,18520000,18560000,40000,20,30,28,18,56
17970280163515,GOOGL,14353300,14416700,63400,50,28,10,7,18
17970280163515,MSFT,1738000,1739000,1000,510,95,36,33,109
17970280163515,TSLA,6395000,6400000,5000,1,1,168,86,491
17981007758804,AAPL,3213300,3214000,700,29,100,49,37,119
17981007758804,AMZN,18520000,18560000,40000,20,30,29,18,57
17981007758804,GOOGL,14353300,14416700,63400,50,28,10,7,18
17981007758804,MSFT,1738000,1739000,1000,400,95,36,32,107
17981007758804,TSLA,6395000,6400000,5000,1,1,168,86,491
17990094857833,AAPL,3213500,3214000,500,3,100,50,37,120
17990094857833,AMZN,18520000,18560000,40000,20,30,30,19,59
17990094857833,GOOGL,14353300,14416700,63400,50,28,10,7,18
17990094857833,MSFT,1736100,1739000,2900,100,95,35,33,107
17990094857833,TSLA,6392000,6400000,8000,50,1,167,87,492
18000118196491,AAPL,3213600,3214000,400,9,199,51,38,123
18000118196491,AMZN,18520000,18560000,40000,20,30,31,19,60
18000118196491,GOOGL,14336500,14417400,80900,50,24,10,7,18
18000118196491,MSFT,1736100,1738000,1900,100,16,35,34,109
18000118196491,TSLA,6392000,6400000,8000,50,24,166,86,491
18010525826196,AAPL,3213600,3214000,400,9,199,51,38,123
18010525826196,AMZN,18520000,18560000,40000,20,30,31,19,60
18010525826196,GOOGL,14336500,14417400,80900,50,24,10,7,18
18010525826196,MSFT,1736100,1738000,1900,100,16,35,34,109
18010525826196,TSLA,6398000,6400000,2000,100,101,167,87,495
18021386050419,AAPL,3213600,3214000,400,9,199,51,39,124
18021386050419,AMZN,18520000,18560000,40000,20,30,31,19,60
18021386050419,GOOGL,14336500,14416600,80100,50,27,10,7,18
18021386050419,MSFT,1735600,1738000,2400,130,16,35,34,110
18021386050419,TSLA,6392000,6399900,7900,50,20,166,88,495
18030345945056,AAPL,3213600,3214000,400,9,199,51,39,124
18030345945056,AMZN,18520000,18560000,40000,20,30,31,19,60
18030345945056,GOOGL,14336500,14408000,71500,50,23,10,7,18
18030345945056,MSFT,1735600,1738000,2400,130,16,35,34,111
18030345945056,TSLA,6392700,6399900,7200,10,20,167,89,496
18040617522839,AAPL,3213600,3214000,400,9,199,51,39,125
18040617522839,AMZN,18520000,18560000,40000,20,30,31,19,60
18040617522839,GOOGL,14336500,14408000,71500,50,23,10,7,18
18040617522839,MSFT,1735600,1738000,2400,130,16,35,34,111
18040617522839,TSLA,6392700,6400000,7300,10,106,167,88,494
18050262915736,AAPL,3213300,3214000,700,29,196,49,39,123
18050262915736,AMZN,18520000,18560000,40000,20,30,31,19,60
18050262915736,GOOGL,14336500,14408000,71500,50,23,10,7,18
18050262915736,MSFT,1735600,1738000,2400,130,16,35,34,111
18050262915736,TSLA,6392700,6400000,7300,10,106,168,88,496
18060080641076,AAPL,3212500,3214000,1500,425,196,48,38,121
18060080641076,AMZN,18520000,18560000,40000,20,30,31,19,60
18060080641076,GOOGL,14336500,14408000,71500,50,23,10,7,18
18060080641076,MSFT,1735600,1738000,2400,130,16,35,34,111
18060080641076,TSLA,6392000,6392700,700,50,47,167,89,497
18070589802410,AAPL,3212500,3214000,1500,425,196,48,38,121
18070589802410,AMZN,18511300,18559900,48600,5,20,30,20,60
18070589802410,GOOGL,14336500,14408000,71500,50,23,10,7,18
18070589802410,MSFT,1735600,1738000,2400,130,16,35,34,111
18070589802410,TSLA,6392000,6398000,6000,50,6,167,89,497
18080537056665,AAPL,3212500,3214000,1500,425,196,48,38,121
18080537056665,AMZN,18511300,18559900,48600,5,20,30,20,60
18080537056665,GOOGL,14336500,14427900,91400,50,10,10,6,17
18080537056665,MSFT,1735600,1738000,2400,130,16,35,35,112
18080537056665,TSLA,6392000,6398000,6000,50,6,166,89,496
18090238085423,AAPL,3211700,3212000,300,17,100,46,37,117
18090238085423,AMZN,18511300,18559900,48600,5,20,30,20,60
18090238085423,GOOGL,14336500,14408200,71700,50,39,10,7,18
18090238085423,MSFT,1735600,1738000,2400,130,16,35,35,111
18090238085423,TSLA,6392000,6398000,6000,60,6,168,89,497
18100204117958,AAPL,3211700,3212000,300,17,178,46,37,119
18100204117958,AMZN,18511300,18559900,48600,5,20,30,20,60
18100204117958,GOOGL,14336500,14404800,68300,50,30,10,7,18
18100204117958,MSFT,1735600,1738000,2400,30,16,35,34,109
18100204117958,TSLA,6392000,6398000,6000,60,6,168,89,498
18110436731893,AAPL,3210800,3211500,700,30,100,44,36,115
18110436731893,AMZN,18511300,18559900,48600,5,20,30,20,60
18110436731893,GOOGL,14336500,14427900,91400,50,10,10,6,17
18110436731893,MSFT,1735600,1738000,2400,30,16,35,35,110
18110436731893,TSLA,6392000,6398000,6000,50,6,168,89,498
18120943623752,AAPL,3210500,3213300,2800,19,100,43,36,115
18120943623752,AMZN,18511300,18559900,48600,5,20,30,20,60
18120943623752,GOOGL,14336500,14415200,78700,50,50,9,7,17
18120943623752,MSFT,1735600,1738000,2400,30,16,35,35,110
18120943623752,TSLA,6392000,6398000,6000,15,6,168,89,497
18130307671833,AAPL,3210500,3213300,2800,19,100,44,37,116
18130307671833,AMZN,18511300,18553800,42500,5,20,30,20,60
18130307671833,GOOGL,14336500,14415200,78700,50,50,10,7,18
18130307671833,MSFT,1735600,1738000,2400,30,16,35,35,110
18130307671833,TSLA,6391200,6398000,6800,42,3,165,88,492
18141277748568,AAPL,3210500,3213300,2800,19,100,44,37,116
18141277748568,AMZN,18511300,18553800,42500,5,20,31,20,61
18141277748568,GOOGL,14336500,14415200,78700,50,50,10,7,18
18141277748568,MSFT,1735600,1738000,2400,30,16,35,35,111
18141277748568,TSLA,6391200,6398000,6800,42,3,166,88,492
18152987625042,AAPL,3210500,3213200,2700,19,31,44,38,117
18152987625042,AMZN,18511300,18553800,42500,5,20,31,20,61
18152987625042,GOOGL,14336500,14415200,78700,50,50,10,7,18
18152987625042,MSFT,1735600,1738000,2400,30,16,35,35,111
18152987625042,TSLA,6391200,6398000,6800,42,3,166,88,494
18164109162628,AAPL,3210500,3213200,2700,19,31,44,37,116
18164109162628,AMZN,18511300,18553800,42500,5,20,31,20,61
18164109162628,GOOGL,14336500,14415200,78700,50,50,10,7,18
18164109162628,MSFT,1735600,1736700,1100,30,200,35,36,112
18164109162628,TSLA,6391000,6391200,200,100,58,165,89,493
18172004572478,AAPL,3210500,3213200,2700,19,31,45,38,118
18172004572478,AMZN,18511300,18553800,42500,5,20,30,20,60
18172004572478,GOOGL,14336500,14415200,78700,50,50,10,7,18
18172004572478,MSFT,1736000,1736700,700,4800,200,36,36,113
18172004572478,TSLA,6390000,6398000,8000,50,3,166,89,494
18180478913127,AAPL,3210500,3213200,2700,19,31,45,39,120
18180478913127,AMZN,18511300,18553900,42600,5,10,30,19,59
18180478913127,GOOGL,14336500,14415200,78700,50,50,10,7,18
18180478913127,MSFT,1735600,1737700,2100,30,16,36,35,112
18180478913127,TSLA,6390000,6398000,8000,50,3,166,89,495
18190239947068,AAPL,3210500,3213200,2700,19,31,45,39,120
18190239947068,AMZN,18511300,18553900,42600,5,10,29,18,57
18190239947068,GOOGL,14336500,14415200,78700,50,50,10,7,18
18190239947068,MSFT,1735600,1737600,2000,30,16,36,35,112
18190239947068,TSLA,6390000,6398000,8000,50,3,167,89,497
18201134676046,AAPL,3210500,3213200,2700,19,31,45,39,120
18201134676046,AMZN,18511300,18553900,42600,5,10,29,19,58
18201134676046,GOOGL,14336500,14415200,78700,50,50,10,7,18
18201134676046,MSFT,1737000,1737600,600,9,16,37,36,114
18201134676046,TSLA,6390000,6398000,8000,50,3,167,89,498
18210738780078,AAPL,3210500,3213200,2700,19,31,45,39,120
18210738780078,AMZN,18511300,18560000,48700,5,30,29,19,58
18210738780078,GOOGL,14336500,14415200,78700,50,50,10,7,18
18210738780078,MSFT,1735600,1737600,2000,30,16,37,36,114
18210738780078,TSLA,6390000,6393000,3000,50,100,166,90,499
18220519390815,AAPL,3210500,3213200,2700,19,31,45,39,120
18220519390815,AMZN,18511300,18560000,48700,5,30,29,19,58
18220519390815,GOOGL,14336500,14415200,78700,50,50,10,7,18
18220519390815,MSFT,1735600,1737600,2000,30,7,37,37,114
18220519390815,TSLA,6390000,6393000,3000,50,100,166,91,502
18230434062243,AAPL,3210500,3212000,1500,19,100,45,39,120
18230434062243,AMZN,18511300,18560000,48700,5,30,29,19,58
18230434062243,GOOGL,14336500,14415200,78700,50,50,10,7,18
18230434062243,MSFT,1735600,1737600,2000,30,7,37,37,114
18230434062243,TSLA,6390000,6391000,1000,50,3,167,92,505
18240238307370,AAPL,3210500,3211000,500,19,100,45,39,121
18240238307370,AMZN,18511300,18560000,48700,5,30,29,19,58
18240238307370,GOOGL,14336500,14415200,78700,50,50,10,7,18
18240238307370,MSFT,1735600,1737600,2000,10,7,37,37,114
18240238307370,TSLA,6390000,6391000,1000,70,3,167,93,508
18250231764183,AAPL,3210500,3211000,500,19,100,45,39,121
18250231764183,AMZN,18511300,18560000,48700,5,30,29,19,58
18250231764183,GOOGL,14336500,14415200,78700,50,50,10,7,18
18250231764183,MSFT,1735600,1738500,2900,10,200,37,36,114
18250231764183,TSLA,6390000,6393000,3000,70,100,167,91,508
18261116046031,AAPL,3210500,3211000,500,19,100,45,39,121
18261116046031,AMZN,18511300,18560000,48700,5,30,28,19,57
18261116046031,GOOGL,14336500,14415200,78700,50,50,10,7,18
18261116046031,MSFT,1735600,1738500,2900,10,200,37,36,115
18261116046031,TSLA,6390000,6393000,3000,70,100,167,90,507
18272057655139,AAPL,3211000,3213200,2200,2406,31,46,38,122
18272057655139,AMZN,18511300,18560000,48700,5,30,29,19,58
18272057655139,GOOGL,14336500,14415200,78700,50,50,10,7,18
18272057655139,MSFT,1735600,1738500,2900,10,200,37,36,115
18272057655139,TSLA,6390000,6393000,3000,70,94,167,90,506
18281592449231,AAPL,3211000,3212000,1000,2406,26,46,39,123
18281592449231,AMZN,18511300,18560000,48700,5,30,29,19,58
18281592449231,GOOGL,14336500,14415200,78700,50,50,10,7,18
18281592449231,MSFT,1735600,1738500,2900,10,200,37,36,115
18281592449231,TSLA,6390000,6393000,3000,19,94,167,90,504
18290152940320,AAPL,3210500,3212000,1500,19,26,45,39,122
18290152940320,AMZN,18511300,18559900,48600,5,20,29,20,59
18290152940320,GOOGL,14336500,14415200,78700,50,50,10,7,18
18290152940320,MSFT,1735600,1736000,400,10,7,37,37,116
18290152940320,TSLA,6390000,6393000,3000,19,94,167,91,505
18300361286774,AAPL,3210500,3212000,1500,19,26,46,40,124
18300361286774,AMZN,18511300,18559900,48600,5,20,28,20,58
18300361286774,GOOGL,14336500,14415200,78700,50,50,10,7,18
18300361286774,MSFT,1735600,1736000,400,10,7,37,37,115
18300361286774,TSLA,6390000,6393000,3000,19,94,167,91,506
18310746862695,AAPL,3210500,3212000,1500,19,26,46,40,124
18310746862695,AMZN,18511300,18559900,48600,5,20,28,20,58
18310746862695,GOOGL,14336500,14415200,78700,50,50,10,7,18
18310746862695,MSFT,1735600,1736000,400,10,7,38,37,116
18310746862695,TSLA,6388800,6390000,1200,30,6,166,91,506
18320440044609,AAPL,3209300,3212000,2700,30,26,44,40,119
18320440044609,AMZN,18511300,18559900,48600,5,20,28,20,59
18320440044609,GOOGL,14336500,14413200,76700,50,35,10,7,18
18320440044609,MSFT,1735600,1736000,400,10,7,38,37,116
18320440044609,TSLA,6388800,6393000,4200,30,94,166,90,505
18332417113211,AAPL,3209300,3213200,3900,30,1,44,39,118
18332417113211,AMZN,18511300,18560000,48700,5,30,29,19,58
18332417113211,GOOGL,14336500,14413200,76700,50,35,10,7,18
18332417113211,MSFT,1735600,1736000,400,10,7,38,37,116
18332417113211,TSLA,6388800,6393000,4200,30,94,166,90,506
18340453585017,AAPL,3210500,3213200,2700,200,1,45,39,120
18340453585017,AMZN,18511300,18559900,48600,5,20,29,20,59
18340453585017,GOOGL,14336500,14413200,76700,50,35,10,7,18
18340453585017,MSFT,1735600,1736000,400,10,7,38,37,116
18340453585017,TSLA,6388300,6394400,6100,6,94,166,90,505
18350088187066,AAPL,3211000,3215000,4000,200,179,46,38,120
18350088187066,AMZN,18511300,18560000,48700,5,30,29,18,57
18350088187066,GOOGL,14336500,14413200,76700,50,35,10,7,18
18350088187066,MSFT,1735600,1736000,400,10,7,38,37,116
18350088187066,TSLA,6388400,6394400,6000,15,94,166,91,505
18360534233237,AAPL,3211000,3215000,4000,200,179,46,37,119
18360534233237,AMZN,18511300,18560000,48700,5,30,29,19,58
18360534233237,GOOGL,14336500,14413200,76700,50,35,10,7,18
18360534233237,MSFT,1735600,1736000,400,10,7,38,37,116
18360534233237,TSLA,6388400,6394400,6000,15,94,166,91,505
18370976920963,AAPL,3211000,3215000,4000,200,179,46,38,120
18370976920963,AMZN,18511300,18560000,48700,5,30,28,19,57
18370976920963,GOOGL,14336500,14413200,76700,50,35,10,7,18
18370976920963,MSFT,1735600,1736000,400,10,7,38,37,116
18370976920963,TSLA,6388000,6391000,3000,20,5,166,92,507
18380421143508,AAPL,3211000,3215000,4000,200,179,47,39,122
18380421143508,AMZN,18511300,18560000,48700,5,30,28,19,57
18380421143508,GOOGL,14336500,14413200,76700,50,35,10,7,18
18380421143508,MSFT,1735600,1736000,400,10,7,38,37,116
18380421143508,TSLA,6388000,6390000,2000,2,26,166,93,507
18390228672779,AAPL,3211000,3215000,4000,200,179,47,39,122
18390228672779,AMZN,18511300,18560000,48700,5,30,28,18,56
18390228672779,GOOGL,14336500,14413200,76700,50,35,10,7,18
18390228672779,MSFT,1735600,1736000,400,10,7,38,37,116
18390228672779,TSLA,6388000,6390000,2000,2,26,166,93,507
18400893214942,AAPL,3211000,3215000,4000,200,179,47,39,123
18400893214942,AMZN,18511300,18560000,48700,5,30,27,19,56
18400893214942,GOOGL,14336500,14413200,76700,50,35,10,7,18
18400893214942,MSFT,1735000,1736000,1000,4600,7,37,37,115
18400893214942,TSLA,6388000,6390000,2000,2,32,166,93,508
18410017868145,AAPL,3211000,3215000,4000,725,179,46,39,123
18410017868145,AMZN,18511300,18560000,48700,5,30,28,19,57
18410017868145,GOOGL,14328800,14413200,84400,10,35,9,7,17
18410017868145,MSFT,1735000,1736000,1000,4600,7,37,38,116
18410017868145,TSLA,6388000,6390000,2000,2,112,166,93,510
18421278974642,AAPL,3211000,3214500,3500,725,100,46,40,124
18421278974642,AMZN,18511300,18560000,48700,5,30,28,19,57
18421278974642,GOOGL,14352700,14410200,57500,50,34,10,7,18
18421278974642,MSFT,1735000,1736000,1000,4600,7,37,38,116
18421278974642,TSLA,6385900,6390000,4100,12,112,167,93,510
18430027239776,AAPL,3211000,3214500,3500,725,100,46,40,124
18430027239776,AMZN,18511300,18560000,48700,5,30,27,19,57
18430027239776,GOOGL,14352000,14410200,58200,50,34,10,7,18
18430027239776,MSFT,1735000,1736000,1000,4600,7,36,38,115
18430027239776,TSLA,6385900,6390000,4100,12,110,167,93,510
18440341667587,AAPL,3211000,3214000,3000,725,100,46,40,125
18440341667587,AMZN,18511300,18560000,48700,5,30,27,19,57
18440341667587,GOOGL,14352000,14410200,58200,50,34,10,7,18
18440341667587,MSFT,1735000,1736000,1000,4600,7,37,38,116
18440341667587,TSLA,6385900,6390000,4100,12,8,165,93,510
18450622046779,AAPL,3211000,3214000,3000,725,100,46,40,124
18450622046779,AMZN,18511300,18560000,48700,5,30,27,19,57
18450622046779,GOOGL,14352000,14410200,58200,50,34,10,7,18
18450622046779,MSFT,1735000,1736700,1700,4600,10,37,37,115
18450622046779,TSLA,6385900,6390000,4100,12,8,165,93,510
18460122104982,AAPL,3211000,3214000,3000,725,100,46,41,125
18460122104982,AMZN,18511300,18560000,48700,5,30,27,19,57
18460122104982,GOOGL,14352000,14410200,58200,50,34,10,7,18
18460122104982,MSFT,1736700,1737500,800,83,5,39,36,116
18460122104982,TSLA,6385900,6390000,4100,12,5,165,92,511
18470649725840,AAPL,3211000,3214000,3000,725,100,46,41,124
18470649725840,AMZN,18511300,18560000,48700,5,30,27,19,57
18470649725840,GOOGL,14352000,14410200,58200,50,34,10,7,18
18470649725840,MSFT,1736700,1737500,800,83,5,39,37,117
18470649725840,TSLA,6382300,6390000,7700,1200,45,162,92,509
18480178004963,AAPL,3211000,3214000,3000,725,100,46,41,124
18480178004963,AMZN,18511300,18560000,48700,5,30,27,19,57
18480178004963,GOOGL,14352000,14410200,58200,50,34,10,7,18
18480178004963,MSFT,1736700,1737500,800,83,5,39,37,117
18480178004963,TSLA,6390000,6391000,1000,5,7,162,92,508
18491009198882,AAPL,3211000,3214000,3000,725,100,46,41,124
18491009198882,AMZN,18511300,18560000,48700,5,30,27,19,57
18491009198882,GOOGL,14352000,14410200,58200,50,34,10,7,18
18491009198882,MSFT,1736700,1737500,800,83,5,39,37,117
18491009198882,TSLA,6390000,6394400,4400,5,94,163,91,508
18503300781697,AAPL,3211000,3214000,3000,725,100,46,41,124
18503300781697,AMZN,18511300,18560000,48700,5,30,27,18,56
18503300781697,GOOGL,14351500,14410200,58700,50,34,10,7,18
18503300781697,MSFT,1736700,1737500,800,83,5,39,37,117
18503300781697,TSLA,6390000,6394400,4400,5,90,163,91,507
18510088234936,AAPL,3211000,3214000,3000,725,100,46,40,124
18510088234936,AMZN,18511300,18560000,48700,5,30,27,17,55
18510088234936,GOOGL,14351500,14410200,58700,50,34,10,7,18
18510088234936,MSFT,1736700,1737500,800,83,5,39,37,117
18510088234936,TSLA,6390000,6394400,4400,5,90,163,91,507
18520542442588,AAPL,3211000,3214000,3000,725,100,46,39,124
18520542442588,AMZN,18511300,18560000,48700,5,30,27,18,56
18520542442588,GOOGL,14351500,14409100,57600,50,44,10,7,18
18520542442588,MSFT,1736700,1737500,800,83,5,39,38,118
18520542442588,TSLA,6390000,6394400,4400,5,90,163,93,509
18530344429003,AAPL,3211000,3214000,3000,525,100,46,40,123
18530344429003,AMZN,18511300,18560000,48700,5,30,28,18,56
18530344429003,GOOGL,14338200,14407300,69100,50,42,10,7,18
18530344429003,MSFT,1736700,1738000,1300,83,200,39,36,116
18530344429003,TSLA,6390100,6394400,4300,5,90,164,93,510
18540746885074,AAPL,3210800,3214000,3200,30,100,46,40,123
18540746885074,AMZN,18511300,18560000,48700,5,30,28,18,56
18540746885074,GOOGL,14338200,14407300,69100,50,42,10,7,18
18540746885074,MSFT,1736700,1739600,2900,83,100,40,34,115
18540746885074,TSLA,6390100,6394400,4300,5,90,164,93,510
18550048908451,AAPL,3210800,3214000,3200,30,100,46,39,122
18550048908451,AMZN,18511300,18560000,48700,5,30,28,19,57
18550048908451,GOOGL,14338200,14407300,69100,50,42,10,7,18
18550048908451,MSFT,1736700,1739500,2800,43,100,40,36,117
18550048908451,TSLA,6390100,6399000,8900,5,30,164,92,508
18560536333900,AAPL,3210800,3214000,3200,30,100,47,40,124
18560536333900,AMZN,18511300,18560000,48700,5,30,28,19,57
18560536333900,GOOGL,14338200,14407300,69100,50,42,10,7,18
18560536333900,MSFT,1736700,1739000,2300,43,200,39,36,116
18560536333900,TSLA,6390100,6399000,8900,5,30,164,92,508
18570976931144,AAPL,3210500,3214000,3500,200,100,47,40,124
18570976931144,AMZN,18511300,18560000,48700,5,30,28,19,57
18570976931144,GOOGL,14338200,14407300,69100,50,42,10,7,18
18570976931144,MSFT,1736700,1739000,2300,43,300,40,36,118
18570976931144,TSLA,6390100,6399000,8900,5,30,164,92,509
18580023236114,AAPL,3210500,3214000,3500,200,100,47,40,125
18580023236114,AMZN,18511300,18560000,48700,5,30,28,19,57
18580023236114,GOOGL,14338200,14407300,69100,50,42,10,7,18
18580023236114,MSFT,1736700,1738300,1600,43,25,40,37,118
18580023236114,TSLA,6390100,6394000,3900,5,22,163,93,509
18590012262399,AAPL,3210500,3214000,3500,230,100,47,40,126
18590012262399,AMZN,18511300,18560000,48700,5,30,29,19,58
18590012262399,GOOGL,14338200,14407300,69100,50,42,10,7,18
18590012262399,MSFT,1736000,1738300,2300,200,25,39,37,117
18590012262399,TSLA,6390100,6394000,3900,5,22,164,93,512
18600207827126,AAPL,3212000,3214000,2000,100,100,48,40,127
18600207827126,AMZN,18511300,18560000,48700,5,30,28,19,57
18600207827126,GOOGL,14338200,14407300,69100,50,42,10,7,18
18600207827126,MSFT,1736000,1738300,2300,200,25,39,35,116
18600207827126,TSLA,6390000,6394000,4000,15,22,164,93,512
18610929792813,AAPL,3212000,3214000,2000,100,100,48,40,126
18610929792813,AMZN,18511300,18560000,48700,5,30,28,19,57
18610929792813,GOOGL,14338200,14407300,69100,50,42,10,7,18
18610929792813,MSFT,1736000,1737100,1100,200,25,39,35,116
18610929792813,TSLA,6390000,6394000,4000,15,22,163,94,511
18621669391483,AAPL,3212000,3214000,2000,156,100,48,39,127
18621669391483,AMZN,18511300,18560000,48700,5,30,28,19,57
18621669391483,GOOGL,14338200,14407300,69100,50,42,10,7,18
18621669391483,MSFT,1736000,1737100,1100,200,25,38,34,114
18621669391483,TSLA,6390000,6394000,4000,15,22,164,95,513
18633092190907,AAPL,3212000,3214000,2000,156,100,47,40,128
18633092190907,AMZN,18511300,18560000,48700,5,30,28,19,57
18633092190907,GOOGL,14338200,14407300,69100,50,42,10,7,18
18633092190907,MSFT,1736000,1737100,1100,200,25,38,34,114
18633092190907,TSLA,6390000,6393000,3000,15,30,164,95,513
18641056199883,AAPL,3212000,3214000,2000,156,100,47,40,128
18641056199883,AMZN,18511300,18560000,48700,5,30,27,19,56
18641056199883,GOOGL,14338200,14407300,69100,50,42,10,7,18
18641056199883,MSFT,1736000,1737100,1100,200,25,38,35,114
18641056199883,TSLA,6390000,6393000,3000,15,30,165,95,515
18650258117898,AAPL,3212000,3214000,2000,156,100,48,40,128
18650258117898,AMZN,18511300,18560000,48700,5,30,28,19,57
18650258117898,GOOGL,14338200,14407300,69100,50,42,10,7,18
18650258117898,MSFT,1736000,1737100,1100,200,25,38,36,115
18650258117898,TSLA,6390000,6393000,3000,143,30,165,95,515
18660200881193,AAPL,3211500,3214000,2500,156,100,47,40,126
18660200881193,AMZN,18511300,18560000,48700,5,30,28,18,56
18660200881193,GOOGL,14338200,14407300,69100,50,42,10,7,18
18660200881193,MSFT,1736000,1737100,1100,200,25,38,36,115
18660200881193,TSLA,6382600,6393000,10400,200,30,166,95,515
18670181324408,AAPL,3211600,3214000,2400,30,100,49,40,128
18670181324408,AMZN,18511300,18560000,48700,5,30,28,19,57
18670181324408,GOOGL,14338200,14407300,69100,50,42,10,7,18
18670181324408,MSFT,1736000,1737100,1100,200,25,38,36,115
18670181324408,TSLA,6385000,6393000,8000,4,30,166,94,516
18680904681546,AAPL,3212000,3214000,2000,12,100,47,40,126
18680904681546,AMZN,18511300,18560000,48700,5,30,28,19,57
18680904681546,GOOGL,14347600,14407600,60000,42,43,10,7,18
18680904681546,MSFT,1736000,1738300,2300,200,40,37,35,113
18680904681546,TSLA,6382600,6393000,10400,200,30,165,95,514
18690877361037,AAPL,3210700,3211500,800,30,63,46,41,125
18690877361037,AMZN,18511300,18560000,48700,5,30,28,19,57
18690877361037,GOOGL,14347600,14407600,60000,42,43,10,7,18
18690877361037,MSFT,1736500,1738300,1800,100,40,39,34,114
18690877361037,TSLA,6382600,6393000,10400,200,30,165,95,516
18700046254418,AAPL,3210700,3211500,800,30,63,46,41,125
18700046254418,AMZN,18511300,18560000,48700,5,30,28,19,57
18700046254418,GOOGL,14347600,14407600,60000,42,43,10,7,18
18700046254418,MSFT,1736500,1738300,1800,100,40,38,34,113
18700046254418,TSLA,6382700,6393000,10300,20,30,166,95,518
18710196467942,AAPL,3210700,3211500,800,30,63,46,41,125
18710196467942,AMZN,18511300,18560000,48700,5,30,28,19,57
18710196467942,GOOGL,14347600,14407600,60000,42,43,10,7,18
18710196467942,MSFT,1736500,1738300,1800,100,40,39,34,114
18710196467942,TSLA,6382700,6390000,7300,20,7,166,96,518
18720207902622,AAPL,3210800,3211500,700,30,63,46,41,125
18720207902622,AMZN,18511300,18560000,48700,5,30,28,19,57
18720207902622,GOOGL,14347600,14407600,60000,42,43,10,7,18
18720207902622,MSFT,1736500,1738300,1800,100,40,39,34,113
18720207902622,TSLA,6382700,6390000,7300,20,37,167,96,520
18730645862975,AAPL,3210800,3211500,700,30,53,46,41,125
18730645862975,AMZN,18511300,18560000,48700,5,30,28,19,57
18730645862975,GOOGL,14347600,14407600,60000,42,43,10,7,18
18730645862975,MSFT,1736500,1738300,1800,100,40,38,34,112
18730645862975,TSLA,6382600,6390000,7400,200,37,166,96,519
18740986542160,AAPL,3210800,3211500,700,30,53,46,41,125
18740986542160,AMZN,18511300,18560000,48700,5,30,28,18,56
18740986542160,GOOGL,14347600,14407600,60000,42,43,10,7,18
18740986542160,MSFT,1737500,1738000,500,200,15,39,35,114
18740986542160,TSLA,6386000,6390000,4000,6,37,167,96,522
18751005194104,AAPL,3210800,3211500,700,30,53,46,41,125
18751005194104,AMZN,18511300,18560000,48700,5,30,28,19,57
18751005194104,GOOGL,14347600,14407600,60000,42,43,10,7,18
18751005194104,MSFT,1737500,1738000,500,200,15,39,34,113
18751005194104,TSLA,6386000,6390000,4000,6,37,167,96,522
18761353167482,AAPL,3210800,3211500,700,30,153,46,41,126
18761353167482,AMZN,18511300,18560000,48700,5,30,28,19,57
18761353167482,GOOGL,14347600,14407600,60000,42,43,10,7,18
18761353167482,MSFT,1737500,1739000,1500,52,55,38,34,113
18761353167482,TSLA,6382600,6390000,7400,200,31,166,96,520
18772702996357,AAPL,3210800,3211500,700,30,153,46,41,126
18772702996357,AMZN,18511300,18560000,48700,5,30,28,19,57
18772702996357,GOOGL,14347600,14407600,60000,42,43,10,7,18
18772702996357,MSFT,1737500,1739000,1500,52,55,38,34,113
18772702996357,TSLA,6382600,6390000,7400,200,30,166,96,520
18780505910563,AAPL,3210800,3211500,700,30,153,46,41,126
18780505910563,AMZN,18511300,18560000,48700,5,30,28,18,56
18780505910563,GOOGL,14347600,14407600,60000,42,43,10,7,18
18780505910563,MSFT,1737500,1739000,1500,52,55,38,34,113
18780505910563,TSLA,6382600,6389000,6400,200,4,166,97,521
18790015313915,AAPL,3210800,3211500,700,30,153,46,41,126
18790015313915,AMZN,18511300,18560000,48700,5,30,28,19,57
18790015313915,GOOGL,14347600,14407600,60000,42,43,10,7,18
18790015313915,MSFT,1737500,1739000,1500,52,55,38,33,113
18790015313915,TSLA,6382600,6389000,6400,200,4,166,96,520
18802767209994,AAPL,3210800,3211500,700,30,153,47,41,127
18802767209994,AMZN,18511300,18560000,48700,5,30,28,19,57
18802767209994,GOOGL,14347600,14407600,60000,42,43,10,7,18
18802767209994,MSFT,1737500,1739000,1500,52,55,38,33,113
18802767209994,TSLA,6382600,6389000,6400,50,4,166,96,519
18811637282672,AAPL,3210800,3211500,700,30,153,47,41,127
18811637282672,AMZN,18511300,18560000,48700,5,30,28,19,57
18811637282672,GOOGL,14347600,14407600,60000,42,43,10,7,18
18811637282672,MSFT,1737500,1739000,1500,52,55,38,33,113
18811637282672,TSLA,6382600,6389000,6400,50,4,165,96,519
18822477662612,AAPL,3210800,3211500,700,30,153,47,41,127
18822477662612,AMZN,18520000,18560000,40000,10,30,29,20,59
18822477662612,GOOGL,14347600,14407600,60000,42,43,10,7,18
18822477662612,MSFT,1737500,1739000,1500,52,55,38,33,113
18822477662612,TSLA,6382600,6389000,6400,50,4,163,96,518
18830100629974,AAPL,3210500,3211500,1000,200,153,47,41,127
18830100629974,AMZN,18520000,18560000,40000,10,30,29,20,59
18830100629974,GOOGL,14347600,14407600,60000,42,43,10,7,18
18830100629974,MSFT,1737500,1739000,1500,52,55,38,33,113
18830100629974,TSLA,6376800,6380000,3200,135,100,157,96,508
18840036740433,AAPL,3210500,3211500,1000,200,193,47,40,126
18840036740433,AMZN,18520000,18560000,40000,10,30,29,20,59
18840036740433,GOOGL,14352900,14408700,55800,50,41,10,7,19
18840036740433,MSFT,1737500,1739000,1500,52,55,39,32,113
18840036740433,TSLA,6376800,6380000,3200,4,100,159,97,511
18850171259135,AAPL,3210500,3211500,1000,200,93,47,41,126
18850171259135,AMZN,18520000,18560000,40000,10,30,29,20,59
18850171259135,GOOGL,14364000,14408900,44900,23,14,10,7,19
18850171259135,MSFT,1737500,1739000,1500,52,55,39,32,113
18850171259135,TSLA,6376800,6380000,3200,4,100,159,97,514
18860433023486,AAPL,3210500,3214000,3500,200,100,47,39,125
18860433023486,AMZN,18520000,18560000,40000,10,30,29,20,59
18860433023486,GOOGL,14350700,14408800,58100,44,14,10,7,19
18860433023486,MSFT,1737500,1739000,1500,52,55,39,32,113
18860433023486,TSLA,6376800,6389000,12200,4,4,159,96,513
18870487085076,AAPL,3210500,3214000,3500,200,100,47,40,124
18870487085076,AMZN,18520000,18560000,40000,10,30,29,20,59
18870487085076,GOOGL,14350700,14407300,56600,44,14,10,7,19
18870487085076,MSFT,1737500,1739000,1500,46,55,39,33,113
18870487085076,TSLA,6376800,6386800,10000,4,10,160,96,514
18880281208011,AAPL,3210500,3214000,3500,200,100,46,40,123
18880281208011,AMZN,18520000,18560000,40000,10,30,29,20,59
18880281208011,GOOGL,14350700,14409400,58700,44,31,10,7,19
18880281208011,MSFT,1737500,1739000,1500,46,55,39,33,113
18880281208011,TSLA,6374900,6380000,5100,14,15,158,99,514
18890853203735,AAPL,3210500,3214000,3500,200,100,47,40,124
18890853203735,AMZN,18520000,18560000,40000,10,30,29,20,59
18890853203735,GOOGL,14350700,14408200,57500,44,14,10,7,19
18890853203735,MSFT,1737500,1739000,1500,46,55,39,33,113
18890853203735,TSLA,6374900,6385400,10500,14,15,157,98,512
18900640822423,AAPL,3210500,3214000,3500,200,100,47,40,124
18900640822423,AMZN,18520000,18560000,40000,10,30,29,20,59
18900640822423,GOOGL,14350700,14413300,62600,44,27,10,7,19
18900640822423,MSFT,1737500,1737700,200,46,6,39,34,113
18900640822423,TSLA,6372000,6386800,14800,1050,10,157,99,514
18910091892461,AAPL,3210500,3214000,3500,200,100,47,40,124
18910091892461,AMZN,18520000,18560000,40000,10,30,29,20,59
18910091892461,GOOGL,14356000,14414100,58100,35,30,10,7,19
18910091892461,MSFT,1737500,1737700,200,46,6,39,34,113
18910091892461,TSLA,6381000,6388800,7800,20,10,159,97,514
18920412852135,AAPL,3210500,3214000,3500,200,100,47,40,124
18920412852135,AMZN,18520000,18560000,40000,10,30,29,19,58
18920412852135,GOOGL,14353800,14416200,62400,43,35,10,7,18
18920412852135,MSFT,1737500,1737700,200,46,6,39,34,113
18920412852135,TSLA,6381000,6388800,7800,20,10,160,97,516
18931427509825,AAPL,3210500,3214000,3500,200,100,47,40,124
18931427509825,AMZN,18520000,18560000,40000,10,30,29,20,59
18931427509825,GOOGL,14353800,14419000,65200,43,46,10,7,18
18931427509825,MSFT,1737500,1737700,200,46,6,39,34,113
18931427509825,TSLA,6376800,6388800,12000,10,10,159,97,515
18940038191061,AAPL,3210500,3214000,3500,200,100,46,40,124
18940038191061,AMZN,18520000,18560000,40000,10,30,29,21,60
18940038191061,GOOGL,14353200,14413900,60700,46,29,10,7,18
18940038191061,MSFT,1737500,1739000,1500,46,55,39,32,111
18940038191061,TSLA,6376800,6388800,12000,10,10,159,97,515
18950133892658,AAPL,3210500,3214000,3500,200,100,45,40,124
18950133892658,AMZN,18520000,18560000,40000,10,30,29,21,60
18950133892658,GOOGL,14353200,14415800,62600,46,21,10,7,18
18950133892658,MSFT,1738900,1739000,100,100,55,40,33,113
18950133892658,TSLA,6380000,6388800,8800,47,10,161,96,515
18961271552929,AAPL,3210500,3211400,900,200,10,45,41,126
18961271552929,AMZN,18520000,18560000,40000,10,30,29,21,60
18961271552929,GOOGL,14351000,14413600,62600,47,43,10,7,18
18961271552929,MSFT,1738900,1739000,100,100,55,40,33,113
18961271552929,TSLA,6372100,6388800,16700,19,10,159,96,514
18973179520511,AAPL,3210500,3211000,500,200,2,45,41,127
18973179520511,AMZN,18520000,18560000,40000,10,30,28,21,59
18973179520511,GOOGL,14351000,14413600,62600,47,43,10,7,18
18973179520511,MSFT,1738900,1739000,100,100,55,40,33,113
18973179520511,TSLA,6372000,6390000,18000,1050,148,158,95,512
18982820545917,AAPL,3210500,3211000,500,200,2,45,41,127
18982820545917,AMZN,18520000,18560000,40000,10,30,29,21,60
18982820545917,GOOGL,14351000,14413600,62600,47,43,10,7,18
18982820545917,MSFT,1738900,1739000,100,100,55,40,33,114
18982820545917,TSLA,6372000,6389500,17500,1050,10,157,96,512
18990036276542,AAPL,3210500,3211000,500,200,2,46,41,127
18990036276542,AMZN,18511300,18560000,48700,5,30,28,21,59
18990036276542,GOOGL,14351000,14413600,62600,47,43,10,7,18
18990036276542,MSFT,1738900,1739000,100,100,55,40,33,114
18990036276542,TSLA,6372000,6389500,17500,1050,10,158,95,512
19001009940524,AAPL,3210500,3211000,500,50,2,46,41,128
19001009940524,AMZN,18511300,18559900,48600,5,20,28,22,60
19001009940524,GOOGL,14351000,14413600,62600,47,43,10,7,18
19001009940524,MSFT,1738900,1739000,100,100,55,40,34,115
19001009940524,TSLA,6380000,6388900,8900,58,21,159,97,515
19010080720089,AAPL,3210000,3211000,1000,80,2,45,40,125
19010080720089,AMZN,18511300,18560000,48700,5,30,28,21,59
19010080720089,GOOGL,14351000,14385200,34200,47,15,11,8,20
19010080720089,MSFT,1738900,1739000,100,100,55,40,34,115
19010080720089,TSLA,6386400,6388000,1600,1,100,160,97,516
19020362125401,AAPL,3210000,3211000,1000,50,2,46,41,125
19020362125401,AMZN,18511300,18560000,48700,5,50,28,21,60
19020362125401,GOOGL,14351100,14385500,34400,25,15,10,8,19
19020362125401,MSFT,1738900,1739000,100,100,55,40,34,115
19020362125401,TSLA,6380000,6388000,8000,58,100,159,97,514
19030048690950,AAPL,3209000,3210000,1000,1821,100,44,42,122
19030048690950,AMZN,18511300,18560000,48700,5,50,27,21,59
19030048690950,GOOGL,14351100,14386700,35600,50,15,11,8,20
19030048690950,MSFT,1738900,1739000,100,100,55,40,34,115
19030048690950,TSLA,6380000,6385500,5500,58,200,160,98,518
19040017798190,AAPL,3207800,3210000,2200,100,100,43,41,121
19040017798190,AMZN,18511300,18560000,48700,5,50,28,21,60
19040017798190,GOOGL,14351000,14386700,35700,50,15,11,9,21
19040017798190,MSFT,1738900,1739000,100,100,55,40,34,115
19040017798190,TSLA,6380000,6385500,5500,8,200,160,98,519
19050021832435,AAPL,3206800,3210000,3200,5,100,42,41,120
19050021832435,AMZN,18511300,18552800,41500,5,10,28,21,59
19050021832435,GOOGL,14351000,14385800,34800,30,15,11,9,21
19050021832435,MSFT,1738900,1739000,100,100,55,40,35,116
19050021832435,TSLA,6380000,6385500,5500,7,200,160,97,518
19060066573823,AAPL,3206800,3210000,3200,5,100,43,42,121
19060066573823,AMZN,18511300,18552800,41500,5,10,28,21,59
19060066573823,GOOGL,14349500,14385900,36400,22,15,10,9,20
19060066573823,MSFT,1737500,1739000,1500,146,79,38,36,116
19060066573823,TSLA,6374100,6385000,10900,5,100,159,98,519
19070250034850,AAPL,3206800,3210000,3200,35,100,43,42,122
19070250034850,AMZN,18511300,18552800,41500,5,10,28,21,59
19070250034850,GOOGL,14349600,14401000,51400,15,15,11,9,21
19070250034850,MSFT,1736100,1738900,2800,100,24,39,35,115
19070250034850,TSLA,6374100,6385000,10900,5,100,159,99,520
19080344911727,AAPL,3206800,3210000,3200,35,100,43,41,121
19080344911727,AMZN,18511300,18552800,41500,5,10,28,21,59
19080344911727,GOOGL,14349000,14400300,51300,15,15,11,9,21
19080344911727,MSFT,1736100,1738900,2800,100,24,39,36,116
19080344911727,TSLA,6374100,6385000,10900,5,100,159,99,521
19090237241762,AAPL,3206800,3210000,3200,35,100,43,42,122
19090237241762,AMZN,18511300,18552800,41500,5,10,28,21,59
19090237241762,GOOGL,14353200,14402300,49100,50,15,10,9,20
19090237241762,MSFT,1736500,1738900,2400,100,64,38,35,116
19090237241762,TSLA,6374100,6385000,10900,5,100,159,99,521
19100091248361,AAPL,3206800,3210000,3200,5,100,44,42,122
19100091248361,AMZN,18511300,18552800,41500,5,10,28,21,59
19100091248361,GOOGL,14371500,14405500,34000,31,15,11,7,19
19100091248361,MSFT,1736500,1738900,2400,100,24,38,36,115
19100091248361,TSLA,6372000,6385000,13000,15,100,158,100,519
19110520375904,AAPL,3206800,3207800,1000,5,100,45,43,124
19110520375904,AMZN,18511300,18557400,46100,5,20,28,21,59
19110520375904,GOOGL,14370700,14408400,37700,50,15,11,8,20
19110520375904,MSFT,1736500,1738900,2400,100,24,38,35,115
19110520375904,TSLA,6371500,6380000,8500,5,7,157,101,519
19120249965348,AAPL,3206800,3207800,1000,5,100,46,44,126
19120249965348,AMZN,18511300,18557100,45800,5,20,28,20,57
19120249965348,GOOGL,14370700,14401600,30900,50,15,10,8,19
19120249965348,MSFT,1736500,1738900,2400,100,24,38,35,115
19120249965348,TSLA,6371500,6380000,8500,5,7,157,102,520
19130282285700,AAPL,3206800,3207800,1000,5,100,46,44,126
19130282285700,AMZN,18511300,18556100,44800,5,20,28,20,57
19130282285700,GOOGL,14383600,14410000,26400,10,40,11,7,19
19130282285700,MSFT,1736500,1738900,2400,100,24,38,35,115
19130282285700,TSLA,6371500,6380000,8500,8,7,157,101,520
19140152559002,AAPL,3206800,3207800,1000,5,100,46,44,126
19140152559002,AMZN,18511300,18556100,44800,5,20,28,20,57
19140152559002,GOOGL,14383600,14405200,21600,10,15,10,8,19
19140152559002,MSFT,1736500,1738900,2400,100,24,38,35,115
19140152559002,TSLA,6371500,6380000,8500,8,7,157,101,519
19150040515998,AAPL,3206800,3207800,1000,5,100,46,44,126
19150040515998,AMZN,18511300,18556100,44800,5,20,28,20,57
19150040515998,GOOGL,14383600,14400000,16400,10,15,11,7,19
19150040515998,MSFT,1736500,1738900,2400,100,24,38,35,115
19150040515998,TSLA,6371500,6380000,8500,8,21,157,101,520
19160067118718,AAPL,3207500,3207800,300,200,50,46,44,126
19160067118718,AMZN,18511300,18556100,44800,5,20,28,20,57
19160067118718,GOOGL,14383600,14405200,21600,10,15,10,8,19
19160067118718,MSFT,1736500,1738900,2400,100,24,38,35,116
19160067118718,TSLA,6371500,6380000,8500,8,21,157,101,521
19170027424669,AAPL,3207800,3210000,2200,140,100,45,43,127
19170027424669,AMZN,18511300,18555800,44500,5,20,29,20,58
19170027424669,GOOGL,14383600,14399600,16000,10,15,10,8,20
19170027424669,MSFT,1736500,1738900,2400,100,24,39,34,116
19170027424669,TSLA,6380000,6381000,1000,50,100,158,100,521
19180691815162,AAPL,3207800,3210000,2200,140,100,45,43,127
19180691815162,AMZN,18511300,18554200,42900,5,20,28,20,57
19180691815162,GOOGL,14383600,14408600,25000,10,28,11,7,20
19180691815162,MSFT,1736500,1738900,2400,100,1060,39,34,118
19180691815162,TSLA,6371500,6381000,9500,8,100,156,99,520
19190043159686,AAPL,3207800,3210000,2200,100,100,46,43,126
19190043159686,AMZN,18511300,18554200,42900,5,20,28,20,57
19190043159686,GOOGL,14383600,14404600,21000,10,15,10,8,20
19190043159686,MSFT,1736500,1738900,2400,100,1060,39,34,118
19190043159686,TSLA,6371500,6381000,9500,8,100,156,98,520
19200305874809,AAPL,3207800,3210000,2200,100,100,46,43,126
19200305874809,AMZN,18511300,18554200,42900,5,20,28,20,57
19200305874809,GOOGL,14383600,14408600,25000,10,28,11,7,20
19200305874809,MSFT,1736500,1738900,2400,100,1060,39,34,118
19200305874809,TSLA,6371500,6381000,9500,8,100,156,99,520
19210586957349,AAPL,3209000,3210000,1000,1790,100,47,43,127
19210586957349,AMZN,18511300,18554200,42900,5,20,28,20,57
19210586957349,GOOGL,14383600,14408600,25000,10,28,11,7,20
19210586957349,MSFT,1736500,1738900,2400,100,1060,39,34,118
19210586957349,TSLA,6371500,6381000,9500,10,96,155,99,521
19220552612976,AAPL,3207800,3211000,3200,100,2,46,42,125
19220552612976,AMZN,18511300,18553600,42300,5,20,28,20,57
19220552612976,GOOGL,14383600,14399500,15900,10,15,11,8,21
19220552612976,MSFT,1736500,1738900,2400,139,1060,39,34,119
19220552612976,TSLA,6371500,6381000,9500,10,96,156,98,522
19230016100486,AAPL,3207900,3211000,3100,30,2,47,43,127
19230016100486,AMZN,18511300,18552900,41600,5,20,28,20,57
19230016100486,GOOGL,14383600,14402600,19000,10,15,9,8,19
19230016100486,MSFT,1736500,1738900,2400,136,1060,39,34,119
19230016100486,TSLA,6371500,6381000,9500,10,96,156,99,523
19240066053619,AAPL,3207900,3211000,3100,30,2,48,43,128
19240066053619,AMZN,18511300,18552900,41600,5,20,28,20,57
19240066053619,GOOGL,14383600,14397700,14100,10,15,10,8,20
19240066053619,MSFT,1736500,1738900,2400,136,1060,39,34,119
19240066053619,TSLA,6371500,6381000,9500,10,96,156,99,523
19250138426607,AAPL,3207800,3211000,3200,100,2,47,43,127
19250138426607,AMZN,18511300,18552900,41600,5,20,28,20,57
19250138426607,GOOGL,14383600,14404300,20700,10,15,10,8,20
19250138426607,MSFT,1735000,1738900,3900,4600,1060,37,34,114
19250138426607,TSLA,6371500,6379400,7900,10,23,156,100,524
19260167950772,AAPL,3207800,3211000,3200,100,2,47,43,127
19260167950772,AMZN,18511300,18552900,41600,5,20,28,20,57
19260167950772,GOOGL,14383600,14404300,20700,10,15,10,8,20
19260167950772,MSFT,1735000,1738900,3900,4600,1060,37,34,114
19260167950772,TSLA,6371500,6379400,7900,10,22,156,100,525
19270046635303,AAPL,3207800,3211000,3200,100,2,47,43,127
19270046635303,AMZN,18511300,18552700,41400,5,20,28,20,57
19270046635303,GOOGL,14383600,14403000,19400,10,15,9,8,19
19270046635303,MSFT,1735000,1736000,1000,4600,21,36,36,114
19270046635303,TSLA,6371500,6379400,7900,10,22,156,100,525
19280133616919,AAPL,3207800,3211000,3200,100,2,47,43,127
19280133616919,AMZN,18511300,18552700,41400,5,20,28,20,57
19280133616919,GOOGL,14383600,14402500,18900,10,15,11,8,21
19280133616919,MSFT,1735000,1736000,1000,4600,21,37,36,116
19280133616919,TSLA,6371500,6375000,3500,10,100,157,101,526
19290349238973,AAPL,3207800,3211000,3200,100,2,47,43,127
19290349238973,AMZN,18511300,18552700,41400,5,20,28,20,57
19290349238973,GOOGL,14383600,14407300,23700,10,33,11,7,20
19290349238973,MSFT,1735000,1736000,1000,4600,21,37,36,116
19290349238973,TSLA,6371500,6379400,7900,10,36,157,100,526
19300151939251,AAPL,3207800,3211000,3200,100,2,47,43,127
19300151939251,AMZN,18511300,18552700,41400,5,20,28,20,57
19300151939251,GOOGL,14383600,14402500,18900,10,15,11,8,21
19300151939251,MSFT,1735000,1736000,1000,4600,21,37,37,118
19300151939251,TSLA,6371500,6379400,7900,10,36,157,100,526
19310098077644,AAPL,3207800,3211000,3200,100,2,47,43,127
19310098077644,AMZN,18511300,18552400,41100,5,20,28,20,57
19310098077644,GOOGL,14383600,14396900,13300,10,15,11,8,21
19310098077644,MSFT,1735000,1736000,1000,4600,21,37,37,119
19310098077644,TSLA,6371500,6379400,7900,10,36,157,100,525
19320247630630,AAPL,3207800,3211000,3200,100,2,47,43,127
19320247630630,AMZN,18511300,18552100,40800,5,20,28,20,57
19320247630630,GOOGL,14383600,14402500,18900,10,15,11,8,21
19320247630630,MSFT,1736000,1736500,500,100,121,38,36,121
19320247630630,TSLA,6372000,6379400,7400,20,41,158,100,527
19330601737632,AAPL,3207800,3211000,3200,100,2,47,43,127
19330601737632,AMZN,18511300,18552100,40800,5,20,28,20,57
19330601737632,GOOGL,14383600,14407100,23500,10,28,11,7,20
19330601737632,MSFT,1736000,1738000,2000,100,100,38,35,119
19330601737632,TSLA,6372000,6379400,7400,72,41,158,101,528
19340825547351,AAPL,3207800,3211000,3200,100,2,48,43,128
19340825547351,AMZN,18511300,18552700,41400,5,20,28,21,58
19340825547351,GOOGL,14383600,14407100,23500,10,35,11,7,20
19340825547351,MSFT,1736000,1738000,2000,100,100,38,35,119
19340825547351,TSLA,6372000,6375000,3000,10,1,158,102,529
19350010742842,AAPL,3207800,3211000,3200,100,2,48,43,128
19350010742842,AMZN,18511300,18552700,41400,5,20,28,21,58
19350010742842,GOOGL,14383600,14407100,23500,10,35,11,7,20
19350010742842,MSFT,1736000,1738000,2000,100,100,38,35,119
19350010742842,TSLA,6372000,6375000,3000,2,1,155,103,519
19361749340426,AAPL,3207800,3211000,3200,100,2,48,43,128
19361749340426,AMZN,18511300,18552700,41400,5,20,28,22,59
19361749340426,GOOGL,14383600,14402900,19300,10,15,10,8,20
19361749340426,MSFT,1736600,1738000,1400,100,100,38,35,118
19361749340426,TSLA,6365200,6372600,7400,100,10,154,103,519
19370176514893,AAPL,3207800,3211000,3200,100,2,48,43,128
19370176514893,AMZN,18511300,18552700,41400,5,20,28,22,59
19370176514893,GOOGL,14383600,14407100,23500,10,28,10,7,19
19370176514893,MSFT,1736600,1738000,1400,100,100,38,35,118
19370176514893,TSLA,6365200,6371900,6700,100,10,154,102,519
19382995944481,AAPL,3210000,3211000,1000,100,2,48,43,128
19382995944481,AMZN,18511300,18552700,41400,5,20,28,21,59
19382995944481,GOOGL,14383600,14407100,23500,10,28,10,7,19
19382995944481,MSFT,1735000,1738000,3000,6100,100,37,35,118
19382995944481,TSLA,6365200,6370000,4800,100,22,154,104,520
19390250443878,AAPL,3210000,3211000,1000,100,2,47,43,127
19390250443878,AMZN,18511300,18552700,41400,5,20,28,21,59
19390250443878,GOOGL,14383600,14407100,23500,10,28,10,7,19
19390250443878,MSFT,1735000,1738000,3000,6100,100,37,35,118
19390250443878,TSLA,6360000,6370000,10000,30,22,150,105,514
19400100578281,AAPL,3210000,3211000,1000,100,2,48,43,128
19400100578281,AMZN,18511300,18552700,41400,5,20,28,21,59
19400100578281,GOOGL,14383600,14403000,19400,10,15,11,7,20
19400100578281,MSFT,1735000,1738000,3000,6100,100,37,35,118
19400100578281,TSLA,6360000,6367000,7000,100,1,150,106,511
19410780334455,AAPL,3210000,3211000,1000,100,2,48,43,128
19410780334455,AMZN,18511300,18552700,41400,5,20,28,21,59
19410780334455,GOOGL,14383600,14406200,22600,10,25,11,7,20
19410780334455,MSFT,1735000,1738000,3000,6100,100,37,35,118
19410780334455,TSLA,6360000,6370000,10000,100,22,150,105,510
19420014241442,AAPL,3210000,3211000,1000,100,2,48,43,128
19420014241442,AMZN,18511300,18552700,41400,5,20,28,21,59
19420014241442,GOOGL,14383600,14404500,20900,10,15,10,8,20
19420014241442,MSFT,1735000,1738000,3000,6100,100,37,35,119
19420014241442,TSLA,6360100,6371900,11800,22,10,153,103,513
19430127771511,AAPL,3210000,3211000,1000,100,2,48,43,128
19430127771511,AMZN,18511300,18552700,41400,5,20,28,21,59
19430127771511,GOOGL,14383600,14404500,20900,10,15,11,8,21
19430127771511,MSFT,1735000,1738000,3000,6100,100,37,35,119
19430127771511,TSLA,6360100,6371900,11800,22,10,153,104,514
19440096963872,AAPL,3210000,3211000,1000,100,2,48,42,128
19440096963872,AMZN,18511300,18552700,41400,5,20,28,21,59
19440096963872,GOOGL,14383600,14403700,20100,10,15,11,8,21
19440096963872,MSFT,1735000,1736000,1000,6100,20,37,36,119
19440096963872,TSLA,6360100,6370000,9900,22,200,156,105,516
19451100012869,AAPL,3210000,3211000,1000,192,2,48,43,129
19451100012869,AMZN,18511300,18552800,41500,5,10,28,20,58
19451100012869,GOOGL,14383600,14404400,20800,10,15,10,8,20
19451100012869,MSFT,1735000,1736000,1000,6100,20,37,36,119
19451100012869,TSLA,6360100,6370000,9900,200,200,157,105,517
19460132256509,AAPL,3210000,3211000,1000,192,2,48,43,129
19460132256509,AMZN,18511300,18552700,41400,5,20,28,21,59
19460132256509,GOOGL,14383600,14404400,20800,10,15,10,8,20
19460132256509,MSFT,1735000,1736000,1000,6100,20,37,36,119
19460132256509,TSLA,6360000,6369000,9000,100,98,157,106,519
19470805108026,AAPL,3210000,3211000,1000,162,2,48,43,129
19470805108026,AMZN,18511300,18552700,41400,5,20,28,21,59
19470805108026,GOOGL,14383600,14404100,20500,10,15,11,8,21
19470805108026,MSFT,1735000,1736000,1000,6100,20,37,36,119
19470805108026,TSLA,6360000,6369000,9000,100,98,158,105,522
19480019999751,AAPL,3210000,3211000,1000,123,2,48,43,130
19480019999751,AMZN,18511300,18552700,41400,5,20,28,21,59
19480019999751,GOOGL,14383600,14404500,20900,10,15,11,8,21
19480019999751,MSFT,1735000,1736000,1000,6100,20,37,36,120
19480019999751,TSLA,6360000,6365000,5000,100,10,158,105,523
19490248785146,AAPL,3210000,3211000,1000,100,2,48,43,129
19490248785146,AMZN,18506000,18552700,46700,10,20,26,21,57
19490248785146,GOOGL,14383600,14404500,20900,10,15,11,8,21
19490248785146,MSFT,1735000,1736000,1000,6100,20,37,36,120
19490248785146,TSLA,6360000,6365000,5000,100,10,160,105,526
19500018811339,AAPL,3210000,3211000,1000,100,2,48,43,129
19500018811339,AMZN,18506000,18552700,46700,10,20,26,21,57
19500018811339,GOOGL,14383600,14406800,23200,10,15,10,8,20
19500018811339,MSFT,1735000,1736000,1000,6100,20,37,36,120
19500018811339,TSLA,6360000,6365000,5000,100,10,160,105,525
19510041963786,AAPL,3210000,3211000,1000,100,2,48,43,129
19510041963786,AMZN,18506000,18552700,46700,10,20,26,21,57
19510041963786,GOOGL,14383600,14405300,21700,10,15,10,8,20
19510041963786,MSFT,1735000,1736000,1000,6100,20,37,36,120
19510041963786,TSLA,6360000,6365000,5000,100,10,161,105,527
19520126640184,AAPL,3210000,3211000,1000,100,2,47,43,129
19520126640184,AMZN,18506000,18552700,46700,10,20,26,21,57
19520126640184,GOOGL,14383600,14406000,22400,10,15,10,8,20
19520126640184,MSFT,1735000,1736000,1000,6100,20,36,36,119
19520126640184,TSLA,6360000,6365000,5000,100,60,160,105,526
19530143280595,AAPL,3210000,3211000,1000,190,2,47,42,129
19530143280595,AMZN,18506000,18552700,46700,10,20,26,21,57
19530143280595,GOOGL,14383600,14398800,15200,10,15,10,7,19
19530143280595,MSFT,1735000,1736000,1000,6100,20,37,36,120
19530143280595,TSLA,6360000,6365000,5000,100,60,160,105,528
19540476014552,AAPL,3210000,3211000,1000,190,2,47,42,129
19540476014552,AMZN,18506000,18552700,46700,10,20,26,21,57
19540476014552,GOOGL,14383600,14404800,21200,10,15,10,8,20
19540476014552,MSFT,1735000,1736000,1000,6100,20,37,36,120
19540476014552,TSLA,6360000,6365000,5000,100,160,161,105,531
19550165509104,AAPL,3210000,3211000,1000,190,2,47,42,129
19550165509104,AMZN,18506000,18552700,46700,10,20,27,21,58
19550165509104,GOOGL,14383600,14398000,14400,10,15,9,8,19
19550165509104,MSFT,1735000,1736000,1000,6100,20,37,36,120
19550165509104,TSLA,6360000,6365000,5000,100,160,162,104,532
19560313497713,AAPL,3210000,3211000,1000,190,2,47,42,129
19560313497713,AMZN,18510000,18552700,42700,100,20,27,21,58
19560313497713,GOOGL,14383600,14403200,19600,10,15,9,8,19
19560313497713,MSFT,1735000,1736000,1000,6100,20,37,36,120
19560313497713,TSLA,6365000,6369000,4000,100,239,163,103,529
19570022536267,AAPL,3210000,3211000,1000,190,2,47,42,129
19570022536267,AMZN,18510000,18552700,42700,100,20,27,21,58
19570022536267,GOOGL,14383600,14404000,20400,10,15,10,8,20
19570022536267,MSFT,1736000,1738000,2000,30,100,38,36,121
19570022536267,TSLA,6365000,6369000,4000,198,239,163,103,530
19580216473241,AAPL,3210000,3211000,1000,190,2,47,42,129
19580216473241,AMZN,18510000,18552700,42700,100,20,27,21,58
19580216473241,GOOGL,14383600,14403900,20300,10,15,10,8,20
19580216473241,MSFT,1736000,1738000,2000,30,100,38,36,121
19580216473241,TSLA,6365600,6369000,3400,23,239,165,102,530
19590936761922,AAPL,3210000,3211000,1000,190,2,47,42,129
19590936761922,AMZN,18510000,18559900,49900,100,20,27,21,58
19590936761922,GOOGL,14383600,14404300,20700,10,15,10,9,20
19590936761922,MSFT,1736000,1738000,2000,30,100,38,36,121
19590936761922,TSLA,6365600,6369000,3400,22,239,166,102,531
19601391585846,AAPL,3210000,3211000,1000,190,2,47,42,129
19601391585846,AMZN,18510000,18559900,49900,100,20,27,21,58
19601391585846,GOOGL,14383600,14406400,22800,10,28,9,8,18
19601391585846,MSFT,1736000,1738000,2000,30,100,38,36,121
19601391585846,TSLA,6365600,6376200,10600,22,14,167,99,527
19612613535059,AAPL,3210000,3211000,1000,190,2,47,42,129
19612613535059,AMZN,18510000,18559900,49900,100,20,27,21,58
19612613535059,GOOGL,14383600,14406400,22800,10,28,9,8,18
19612613535059,MSFT,1736000,1738000,2000,30,100,38,36,121
19612613535059,TSLA,6370000,6379400,9400,30,19,168,97,527
19620697388673,AAPL,3210600,3211000,400,5,2,48,41,129
19620697388673,AMZN,18510000,18513200,3200,100,4,27,20,57
19620697388673,GOOGL,14383600,14399100,15500,10,15,10,9,20
19620697388673,MSFT,1736000,1738000,2000,500,100,38,36,121
19620697388673,TSLA,6370000,6379400,9400,30,19,169,98,530
19630350067246,AAPL,3210600,3212300,1700,5,100,49,41,130
19630350067246,AMZN,18510000,18547000,37000,100,20,27,19,56
19630350067246,GOOGL,14383600,14404800,21200,10,15,9,9,19
19630350067246,MSFT,1736000,1738000,2000,530,100,38,35,122
19630350067246,TSLA,6370000,6379400,9400,30,19,169,98,531
19640068916822,AAPL,3210000,3212300,2300,190,100,48,41,129
19640068916822,AMZN,18510000,18547000,37000,100,20,27,19,56
19640068916822,GOOGL,14383600,14404400,20800,10,15,10,8,19
19640068916822,MSFT,1736000,1738000,2000,530,100,38,35,122
19640068916822,TSLA,6370000,6380000,10000,30,10,169,97,529
19650136067282,AAPL,3210000,3212300,2300,190,100,48,41,129
19650136067282,AMZN,18510000,18547000,37000,100,20,27,19,56
19650136067282,GOOGL,14383600,14404400,20800,10,15,9,8,18
19650136067282,MSFT,1736000,1738000,2000,530,100,38,35,122
19650136067282,TSLA,6370000,6380000,10000,30,10,167,97,526
19661669748361,AAPL,3211300,3212300,1000,5,100,49,41,130
19661669748361,AMZN,18510000,18547000,37000,100,20,27,19,56
19661669748361,GOOGL,14383600,14404700,21100,10,15,9,8,18
19661669748361,MSFT,1736000,1738000,2000,530,100,38,35,122
19661669748361,TSLA,6375000,6380000,5000,460,10,170,97,531
19671976956565,AAPL,3211300,3212300,1000,5,100,49,41,130
19671976956565,AMZN,18510000,18547000,37000,100,20,26,19,55
19671976956565,GOOGL,14383600,14408000,24400,10,15,9,8,18
19671976956565,MSFT,1736000,1738000,2000,530,100,38,35,122
19671976956565,TSLA,6375000,6380000,5000,460,10,171,97,531
19680033538182,AAPL,3211300,3212300,1000,5,100,49,41,130
19680033538182,AMZN,18510000,18547000,37000,100,20,26,19,55
19680033538182,GOOGL,14383600,14408000,24400,10,15,8,8,17
19680033538182,MSFT,1736000,1738000,2000,530,100,38,36,122
19680033538182,TSLA,6375000,6385000,10000,460,17,170,96,529
19690328046130,AAPL,3211300,3212300,1000,5,100,49,41,130
19690328046130,AMZN,18510000,18547000,37000,100,20,26,19,55
19690328046130,GOOGL,14383600,14408700,25100,10,15,10,8,19
19690328046130,MSFT,1736000,1738000,2000,530,100,38,36,122
19690328046130,TSLA,6375200,6385000,9800,10,17,169,97,531
19700043861479,AAPL,3211300,3212300,1000,5,100,49,41,130
19700043861479,AMZN,18510000,18546800,36800,100,20,26,19,55
19700043861479,GOOGL,14383600,14408700,25100,10,15,10,8,19
19700043861479,MSFT,1736000,1738000,2000,530,100,38,35,121
19700043861479,TSLA,6375200,6385000,9800,10,17,170,96,531
19710072676657,AAPL,3211300,3212300,1000,5,100,49,41,130
19710072676657,AMZN,18510000,18546300,36300,100,20,26,19,55
19710072676657,GOOGL,14383600,14408700,25100,10,15,10,8,19
19710072676657,MSFT,1736000,1738000,2000,530,100,38,36,122
19710072676657,TSLA,6375200,6385000,9800,10,17,170,96,528
19720094209638,AAPL,3210000,3212300,2300,190,100,48,41,129
19720094209638,AMZN,18510000,18546100,36100,100,20,26,19,55
19720094209638,GOOGL,14383600,14411100,27500,10,15,9,8,18
19720094209638,MSFT,1736000,1738000,2000,530,100,37,36,121
19720094209638,TSLA,6375200,6385000,9800,10,17,171,97,530
19730175794360,AAPL,3210000,3212300,2300,190,100,48,41,129
19730175794360,AMZN,18510000,18545800,35800,100,20,26,19,55
19730175794360,GOOGL,14383600,14411100,27500,10,15,9,8,18
19730175794360,MSFT,1736000,1738000,2000,530,100,38,36,122
19730175794360,TSLA,6375200,6385000,9800,10,17,171,96,530
19740157086988,AAPL,3212000,3212300,300,6,100,49,41,130
19740157086988,AMZN,18510000,18543900,33900,100,20,26,19,55
19740157086988,GOOGL,14383600,14410400,26800,10,15,10,8,19
19740157086988,MSFT,1736000,1738000,2000,530,100,38,35,121
19740157086988,TSLA,6375200,6385000,9800,10,17,170,96,529
19750080497463,AAPL,3212000,3212300,300,6,100,49,40,129
19750080497463,AMZN,18510000,18543400,33400,100,20,26,19,55
19750080497463,GOOGL,14383600,14409700,26100,10,15,10,8,19
19750080497463,MSFT,1736000,1738000,2000,530,200,38,37,124
19750080497463,TSLA,6375200,6385000,9800,10,17,171,96,530
19760020210937,AAPL,3210000,3212300,2300,190,100,48,41,129
19760020210937,AMZN,18510000,18543400,33400,100,20,26,19,55
19760020210937,GOOGL,14383600,14409700,26100,10,15,10,8,19
19760020210937,MSFT,1736000,1738000,2000,530,200,37,37,123
19760020210937,TSLA,6375200,6385000,9800,10,17,171,96,530
19770644897630,AAPL,3210000,3212300,2300,190,100,48,41,129
19770644897630,AMZN,18510000,18543300,33300,100,20,26,19,55
19770644897630,GOOGL,14383600,14404700,21100,10,15,9,8,18
19770644897630,MSFT,1736000,1738000,2000,530,200,38,37,124
19770644897630,TSLA,6375200,6385000,9800,10,17,171,96,530
19780044017668,AAPL,3210000,3212300,2300,190,100,48,41,129
19780044017668,AMZN,18510000,18543300,33300,100,20,26,19,55
19780044017668,GOOGL,14383600,14410500,26900,10,27,10,7,18
19780044017668,MSFT,1736000,1738000,2000,530,200,38,37,125
19780044017668,TSLA,6375200,6388000,12800,10,100,170,95,528
19790059934261,AAPL,3210000,3212300,2300,190,100,48,41,129
19790059934261,AMZN,18510000,18543300,33300,100,20,26,19,55
19790059934261,GOOGL,14383600,14404300,20700,10,15,9,8,18
19790059934261,MSFT,1735000,1736000,1000,6100,100,37,37,122
19790059934261,TSLA,6375200,6388000,12800,10,100,171,95,529
19800095131058,AAPL,3210000,3212300,2300,190,100,48,41,129
19800095131058,AMZN,18510000,18543300,33300,100,20,26,19,55
19800095131058,GOOGL,14383600,14403700,20100,10,15,10,8,19
19800095131058,MSFT,1735000,1737700,2700,1500,100,37,36,120
19800095131058,TSLA,6375200,6388000,12800,10,100,170,95,528
19810089679077,AAPL,3210000,3212300,2300,190,100,48,41,129
19810089679077,AMZN,18510000,18542800,32800,100,20,26,19,55
19810089679077,GOOGL,14383600,14403700,20100,10,15,9,8,18
19810089679077,MSFT,1735000,1736900,1900,1500,100,37,38,122
19810089679077,TSLA,6375200,6388000,12800,10,100,170,96,529
19820377887520,AAPL,3210000,3212300,2300,190,100,48,41,129
19820377887520,AMZN,18510000,18542800,32800,100,20,26,19,55
19820377887520,GOOGL,14383600,14409200,25600,10,27,10,7,18
19820377887520,MSFT,1735000,1736900,1900,1500,100,37,38,122
19820377887520,TSLA,6375200,6388000,12800,10,100,170,96,529
19830275621665,AAPL,3210000,3212300,2300,190,100,48,41,129
19830275621665,AMZN,18510000,18542800,32800,100,20,26,19,56
19830275621665,GOOGL,14383600,14403300,19700,10,15,9,8,18
19830275621665,MSFT,1735000,1736900,1900,1500,100,37,38,122
19830275621665,TSLA,6375200,6388000,12800,10,100,170,96,530
19840305942829,AAPL,3210000,3212200,2200,190,200,47,42,130
19840305942829,AMZN,18510000,18542800,32800,100,20,26,19,56
19840305942829,GOOGL,14383600,14403700,20100,10,15,10,7,18
19840305942829,MSFT,1735000,1736900,1900,1500,100,37,38,122
19840305942829,TSLA,6375200,6388000,12800,10,100,170,96,530
19850031370486,AAPL,3210000,3212000,2000,106,100,47,43,130
19850031370486,AMZN,18506000,18542800,36800,10,20,25,19,55
19850031370486,GOOGL,14383600,14403400,19800,10,15,9,8,18
19850031370486,MSFT,1735000,1736900,1900,1500,100,37,38,122
19850031370486,TSLA,6375200,6387900,12700,10,18,170,98,532
19860013869726,AAPL,3210000,3212000,2000,100,300,47,42,129
19860013869726,AMZN,18506000,18542800,36800,10,20,25,19,55
19860013869726,GOOGL,14383600,14409800,26200,10,27,10,7,18
19860013869726,MSFT,1735000,1736800,1800,1500,50,37,38,121
19860013869726,TSLA,6375200,6387900,12700,10,18,170,99,535
19870018791951,AAPL,3210000,3211000,1000,100,100,48,43,130
19870018791951,AMZN,18506000,18542800,36800,10,20,25,19,55
19870018791951,GOOGL,14383600,14404900,21300,10,15,10,8,19
19870018791951,MSFT,1735000,1736900,1900,1500,50,37,38,121
19870018791951,TSLA,6378600,6387900,9300,100,18,172,99,537
19880379060098,AAPL,3210000,3211000,1000,142,100,48,42,130
19880379060098,AMZN,18506000,18544400,38400,10,10,25,19,55
19880379060098,GOOGL,14383600,14409900,26300,10,27,10,7,18
19880379060098,MSFT,1736000,1736900,900,100,50,38,38,122
19880379060098,TSLA,6378600,6387700,9100,100,19,172,99,537
19895714025573,AAPL,3210000,3211000,1000,100,125,48,42,130
19895714025573,AMZN,18506000,18544400,38400,10,10,25,19,55
19895714025573,GOOGL,14383600,14410500,26900,10,27,10,7,18
19895714025573,MSFT,1736000,1736900,900,113,50,38,38,123
19895714025573,TSLA,6380000,6388000,8000,2,100,173,98,537
19900145859094,AAPL,3210000,3211000,1000,100,125,48,42,130
19900145859094,AMZN,18506000,18544400,38400,10,10,25,19,55
19900145859094,GOOGL,14383600,14410500,26900,10,27,10,7,18
19900145859094,MSFT,1736000,1736900,900,113,50,38,38,123
19900145859094,TSLA,6380000,6388000,8000,60,100,172,98,537
19910744597342,AAPL,3210000,3211000,1000,100,125,48,42,129
19910744597342,AMZN,18506000,18544400,38400,10,10,25,19,55
19910744597342,GOOGL,14383600,14410500,26900,10,41,10,7,18
19910744597342,MSFT,1736000,1736900,900,113,50,38,38,123
19910744597342,TSLA,6380100,6388000,7900,100,100,172,98,538
19920012289243,AAPL,3210000,3211000,1000,100,125,48,42,129
19920012289243,AMZN,18506000,18544400,38400,10,10,25,18,54
19920012289243,GOOGL,14383600,14411000,27400,10,31,11,7,19
19920012289243,MSFT,1736000,1736900,900,113,50,38,38,123
19920012289243,TSLA,6380100,6388000,7900,191,100,172,98,539
19930217527219,AAPL,3210000,3211000,1000,100,25,48,42,128
19930217527219,AMZN,18506000,18544400,38400,10,10,25,19,55
19930217527219,GOOGL,14383600,14405100,21500,10,15,10,8,19
19930217527219,MSFT,1736000,1737200,1200,113,100,38,37,122
19930217527219,TSLA,6380100,6388000,7900,191,100,172,98,539
19940150331067,AAPL,3210000,3211000,1000,100,21,47,42,127
19940150331067,AMZN,18506000,18550000,44000,10,20,25,19,55
19940150331067,GOOGL,14383600,14405200,21600,10,15,10,8,19
19940150331067,MSFT,1736000,1737200,1200,113,100,39,37,123
19940150331067,TSLA,6380100,6388000,7900,191,100,173,99,541
19950073901496,AAPL,3210000,3211000,1000,100,21,47,42,127
19950073901496,AMZN,18506000,18550000,44000,10,20,25,19,55
19950073901496,GOOGL,14383600,14405200,21600,10,15,10,8,19
19950073901496,MSFT,1736000,1737200,1200,113,100,39,37,123
19950073901496,TSLA,6380300,6388000,7700,20,100,174,100,543
19961740685415,AAPL,3210000,3211000,1000,100,21,47,41,127
19961740685415,AMZN,18506000,18549900,43900,10,20,25,19,55
19961740685415,GOOGL,14383600,14405200,21600,10,15,10,8,19
19961740685415,MSFT,1736000,1737200,1200,113,100,39,37,122
19961740685415,TSLA,6380100,6385000,4900,181,100,174,101,544
19973192276539,AAPL,3210000,3211000,1000,100,21,47,41,127
19973192276539,AMZN,18506000,18549900,43900,10,20,25,19,55
19973192276539,GOOGL,14383600,14405200,21600,10,15,10,8,19
19973192276539,MSFT,1736000,1737200,1200,113,100,39,37,122
19973192276539,TSLA,6380100,6385000,4900,181,100,174,101,544
19980056513712,AAPL,3210000,3211000,1000,100,21,47,42,127
19980056513712,AMZN,18506000,18549700,43700,10,20,25,19,55
19980056513712,GOOGL,14383600,14405200,21600,10,15,11,8,20
19980056513712,MSFT,1736000,1737200,1200,113,100,39,37,122
19980056513712,TSLA,6380500,6385000,4500,2,100,175,101,544
19990159490156,AAPL,3210000,3211000,1000,100,21,47,42,127
19990159490156,AMZN,18500000,18549500,49500,27,20,25,19,55
19990159490156,GOOGL,14383600,14404800,21200,10,15,10,8,19
19990159490156,MSFT,1736000,1737100,1100,113,100,39,37,122
19990159490156,TSLA,6380500,6385000,4500,2,100,175,101,545
20000063123352,AAPL,3210000,3211000,1000,100,21,47,42,127
20000063123352,AMZN,18500000,18548300,48300,27,20,25,19,55
20000063123352,GOOGL,14383600,14404400,20800,10,15,11,8,20
20000063123352,MSFT,1736000,1737000,1000,113,100,39,37,122
20000063123352,TSLA,6379600,6380000,400,81,22,173,101,544
20010118113334,AAPL,3210000,3211000,1000,100,21,47,42,127
20010118113334,AMZN,18500000,18548000,48000,27,20,25,19,55
20010118113334,GOOGL,14383600,14404400,20800,10,15,10,8,19
20010118113334,MSFT,1736000,1737000,1000,113,100,40,37,123
20010118113334,TSLA,6375200,6380000,4800,10,22,172,102,544
20020044880072,AAPL,3211000,3212300,1300,79,100,48,41,127
20020044880072,AMZN,18500000,18548000,48000,27,20,25,18,54
20020044880072,GOOGL,14383600,14405000,21400,10,15,10,8,19
20020044880072,MSFT,1736000,1736500,500,113,105,40,38,124
20020044880072,TSLA,6375200,6380000,4800,10,22,172,102,545
20030206811816,AAPL,3211000,3212300,1300,79,100,48,41,127
20030206811816,AMZN,18500000,18548000,48000,27,20,25,18,55
20030206811816,GOOGL,14383700,14411900,28200,29,15,11,8,20
20030206811816,MSFT,1736000,1736500,500,113,105,40,38,124
20030206811816,TSLA,6375200,6380000,4800,10,12,172,102,545
20040050403293,AAPL,3211000,3212300,1300,79,100,48,40,127
20040050403293,AMZN,18500000,18548000,48000,27,20,25,18,55
20040050403293,GOOGL,14383700,14413300,29600,17,15,11,8,20
20040050403293,MSFT,1736000,1736500,500,113,105,40,38,124
20040050403293,TSLA,6375200,6380000,4800,10,12,172,102,545
20050061408158,AAPL,3211000,3212300,1300,79,100,48,40,127
20050061408158,AMZN,18500000,18548000,48000,27,20,25,18,55
20050061408158,GOOGL,14383700,14411600,27900,17,15,11,8,20
20050061408158,MSFT,1736000,1736500,500,158,105,40,37,123
20050061408158,TSLA,6375200,6380000,4800,20,12,173,102,547
20060072222111,AAPL,3211000,3212300,1300,79,100,48,40,127
20060072222111,AMZN,18500000,18548000,48000,27,20,25,18,55
20060072222111,GOOGL,14383700,14411600,27900,17,15,11,8,20
20060072222111,MSFT,1736000,1736500,500,158,104,40,37,123
20060072222111,TSLA,6374400,6380000,5600,2,12,171,102,545
20070243233392,AAPL,3211000,3212300,1300,79,100,48,40,127
20070243233392,AMZN,18500000,18548000,48000,27,20,25,18,55
20070243233392,GOOGL,14383700,14411900,28200,17,15,10,8,19
20070243233392,MSFT,1736000,1736500,500,158,94,40,37,123
20070243233392,TSLA,6374400,6376600,2200,2,10,172,103,547
20080471209598,AAPL,3211000,3212300,1300,79,100,48,40,127
20080471209598,AMZN,18500000,18548000,48000,27,20,25,18,55
20080471209598,GOOGL,14383700,14415300,31600,17,40,11,7,19
20080471209598,MSFT,1736000,1736500,500,158,94,40,37,123
20080471209598,TSLA,6374400,6376600,2200,2,10,172,103,547
20092668727032,AAPL,3211000,3212300,1300,79,100,48,41,127
20092668727032,AMZN,18500000,18548000,48000,27,20,25,18,55
20092668727032,GOOGL,14383600,14415600,32000,10,40,9,7,17
20092668727032,MSFT,1736000,1736500,500,158,94,40,37,123
20092668727032,TSLA,6374400,6376600,2200,2,10,172,103,547
20101265222508,AAPL,3211000,3212300,1300,79,100,48,41,127
20101265222508,AMZN,18500000,18548000,48000,27,20,25,18,55
20101265222508,GOOGL,14383700,14415600,31900,15,40,10,7,18
20101265222508,MSFT,1736000,1736500,500,158,94,40,37,123
20101265222508,TSLA,6374400,6376600,2200,2,10,172,103,546
20110532164769,AAPL,3211000,3212300,1300,79,100,48,41,127
20110532164769,AMZN,18500000,18548000,48000,27,20,25,18,55
20110532164769,GOOGL,14383700,14415600,31900,15,40,10,7,18
20110532164769,MSFT,1736000,1736500,500,158,94,40,37,123
20110532164769,TSLA,6374400,6376600,2200,2,10,172,102,546
20120013914573,AAPL,3211000,3212300,1300,79,25,48,41,127
20120013914573,AMZN,18500000,18548000,48000,27,20,25,18,55
20120013914573,GOOGL,14383600,14415600,32000,10,40,9,7,17
20120013914573,MSFT,1736000,1736500,500,158,94,40,37,123
20120013914573,TSLA,6374400,6376600,2200,2,10,173,103,548
20130224889934,AAPL,3211000,3212300,1300,79,25,49,41,128
20130224889934,AMZN,18500000,18548000,48000,27,20,25,18,55
20130224889934,GOOGL,14383600,14415600,32000,10,25,9,7,17
20130224889934,MSFT,1736000,1736500,500,158,94,40,37,123
20130224889934,TSLA,6368000,6376600,8600,100,10,172,103,548
20141969929523,AAPL,3211000,3212300,1300,74,25,49,41,128
20141969929523,AMZN,18500000,18550700,50700,27,20,25,18,55
20141969929523,GOOGL,14383600,14416300,32700,10,25,10,7,18
20141969929523,MSFT,1736000,1736500,500,158,94,40,38,124
20141969929523,TSLA,6368000,6377700,9700,100,15,172,104,549
20155157574099,AAPL,3211000,3212300,1300,74,25,49,41,128
20155157574099,AMZN,18500000,18552800,52800,27,10,25,17,54
20155157574099,GOOGL,14383700,14416300,32600,14,25,10,7,18
20155157574099,MSFT,1736000,1736500,500,158,94,40,38,124
20155157574099,TSLA,6368000,6373000,5000,100,5,172,106,551
20160883418959,AAPL,3211000,3212300,1300,74,25,49,41,128
20160883418959,AMZN,18500000,18552700,52700,122,20,25,19,56
20160883418959,GOOGL,14383700,14416300,32600,14,25,10,7,18
20160883418959,MSFT,1736000,1736500,500,158,94,40,38,124
20160883418959,TSLA,6368000,6373000,5000,100,5,172,107,551
20170372686322,AAPL,3211000,3212300,1300,74,25,49,40,128
20170372686322,AMZN,18500000,18552700,52700,122,20,25,19,56
20170372686322,GOOGL,14383600,14415300,31700,10,39,10,7,18
20170372686322,MSFT,1736000,1736500,500,51,194,39,40,124
20170372686322,TSLA,6368000,6373000,5000,100,5,171,107,551
20181441351514,AAPL,3211000,3212300,1300,74,25,49,40,128
20181441351514,AMZN,18500000,18552700,52700,122,20,25,19,56
20181441351514,GOOGL,14383600,14415000,31400,10,39,10,7,18
20181441351514,MSFT,1735000,1736400,1400,1500,100,39,40,123
20181441351514,TSLA,6368000,6370000,2000,100,50,173,108,555
20190193486418,AAPL,3211000,3212300,1300,74,25,49,40,128
20190193486418,AMZN,18500000,18552700,52700,122,20,25,19,56
20190193486418,GOOGL,14383600,14415600,32000,10,39,9,7,17
20190193486418,MSFT,1737600,1738700,1100,443,125,40,37,122
20190193486418,TSLA,6368000,6370000,2000,163,50,173,108,554
20201978848031,AAPL,3211000,3212300,1300,74,25,49,41,128
20201978848031,AMZN,18500000,18552700,52700,122,20,25,19,56
20201978848031,GOOGL,14383600,14415600,32000,10,39,10,7,18
20201978848031,MSFT,1735000,1737600,2600,1500,74,39,37,121
20201978848031,TSLA,6368000,6370000,2000,161,52,173,106,554
20210253943590,AAPL,3211000,3212300,1300,74,25,49,41,128
20210253943590,AMZN,18500000,18544400,44400,122,30,25,18,56
20210253943590,GOOGL,14383600,14415600,32000,10,39,10,7,18
20210253943590,MSFT,1735000,1737600,2600,1500,57,39,38,122
20210253943590,TSLA,6368000,6370000,2000,161,2,173,106,555
20220522066247,AAPL,3210000,3212300,2300,199,25,47,41,127
20220522066247,AMZN,18500000,18544400,44400,122,30,25,18,56
20220522066247,GOOGL,14383600,14415600,32000,10,39,10,7,18
20220522066247,MSFT,1735000,1737600,2600,1500,57,39,38,123
20220522066247,TSLA,6368000,6373000,5000,161,5,173,105,555
20230109547139,AAPL,3210000,3212300,2300,199,25,48,41,128
20230109547139,AMZN,18500000,18544400,44400,122,30,25,18,56
20230109547139,GOOGL,14383600,14419100,35500,10,10,10,6,17
20230109547139,MSFT,1735600,1737600,2000,40,57,40,38,124
20230109547139,TSLA,6368000,6369900,1900,161,6,172,108,559
20241513429727,AAPL,3210000,3212300,2300,199,25,48,41,128
20241513429727,AMZN,18500000,18544400,44400,122,10,25,18,55
20241513429727,GOOGL,14383600,14410500,26900,10,15,11,8,20
20241513429727,MSFT,1735600,1737600,2000,40,57,40,38,124
20241513429727,TSLA,6368000,6373500,5500,161,15,172,105,558
20250203384704,AAPL,3210000,3212300,2300,199,25,48,41,128
20250203384704,AMZN,18500000,18543600,43600,122,20,25,18,55
20250203384704,GOOGL,14383600,14410400,26800,10,15,10,8,19
20250203384704,MSFT,1735600,1737600,2000,40,57,40,38,124
20250203384704,TSLA,6368000,6373500,5500,161,15,172,105,558
20260367214350,AAPL,3210000,3212300,2300,199,25,48,41,128
20260367214350,AMZN,18500000,18541600,41600,122,20,25,18,55
20260367214350,GOOGL,14383600,14410400,26800,10,15,11,8,20
20260367214350,MSFT,1735000,1737600,2600,1500,57,39,38,123
20260367214350,TSLA,6368000,6373500,5500,161,15,172,105,558
20270209115169,AAPL,3210000,3212300,2300,199,25,48,41,128
20270209115169,AMZN,18500000,18542900,42900,122,20,25,18,56
20270209115169,GOOGL,14383600,14409600,26000,10,15,11,8,20
20270209115169,MSFT,1737500,1737600,100,105,57,41,38,126
20270209115169,TSLA,6368000,6373500,5500,161,15,172,105,556
20280185903011,AAPL,3210000,3212300,2300,199,25,48,41,128
20280185903011,AMZN,18500000,18542600,42600,122,20,25,18,56
20280185903011,GOOGL,14383600,14404800,21200,10,15,10,8,19
20280185903011,MSFT,1737900,1738000,100,100,10,41,37,124
20280185903011,TSLA,6368000,6373500,5500,161,15,172,106,557
20290055080008,AAPL,3210000,3212300,2300,199,25,48,41,128
20290055080008,AMZN,18500000,18542600,42600,122,20,25,18,56
20290055080008,GOOGL,14383600,14404400,20800,10,15,11,7,19
20290055080008,MSFT,1736100,1737900,1800,40,136,40,38,124
20290055080008,TSLA,6368000,6373500,5500,161,15,172,106,559
20300358306256,AAPL,3210000,3212300,2300,199,25,48,41,129
20300358306256,AMZN,18500000,18542600,42600,122,20,25,18,56
20300358306256,GOOGL,14383600,14400500,16900,10,13,11,8,20
20300358306256,MSFT,1736100,1737900,1800,40,86,40,37,123
20300358306256,TSLA,6368000,6373500,5500,161,20,172,106,560
20311160694728,AAPL,3210000,3212300,2300,199,25,48,41,129
20311160694728,AMZN,18500000,18542600,42600,122,20,25,18,56
20311160694728,GOOGL,14383600,14401500,17900,10,13,10,8,19
20311160694728,MSFT,1736100,1737900,1800,40,86,40,38,123
20311160694728,TSLA,6368000,6373500,5500,161,20,172,107,561
20320201456285,AAPL,3208800,3212300,3500,30,25,47,41,127
20320201456285,AMZN,18500000,18544400,44400,122,10,25,18,56
20320201456285,GOOGL,14383600,14401800,18200,10,13,11,7,19
20320201456285,MSFT,1736100,1737900,1800,140,86,40,38,124
20320201456285,TSLA,6368000,6373500,5500,161,20,172,107,560
20330207307696,AAPL,3208800,3212300,3500,30,25,47,41,127
20330207307696,AMZN,18500000,18544400,44400,122,10,25,18,56
20330207307696,GOOGL,14383600,14401800,18200,10,13,11,7,19
20330207307696,MSFT,1736100,1737900,1800,140,86,40,38,124
20330207307696,TSLA,6368000,6373500,5500,161,20,172,108,562
20340007919676,AAPL,3206900,3212300,5400,30,25,48,41,128
20340007919676,AMZN,18500000,18544400,44400,122,10,25,18,56
20340007919676,GOOGL,14383600,14401800,18200,10,13,10,7,18
20340007919676,MSFT,1736100,1736300,200,40,100,40,38,124
20340007919676,TSLA,6368000,6373500,5500,161,20,174,110,565
20350026885623,AAPL,3206900,3212300,5400,30,25,48,41,128
20350026885623,AMZN,18500000,18550500,50500,122,20,25,18,56
20350026885623,GOOGL,14383600,14401800,18200,10,13,11,8,20
20350026885623,MSFT,1736100,1737900,1800,40,286,39,36,122
20350026885623,TSLA,6368000,6373500,5500,141,10,173,110,565
20360474264062,AAPL,3206900,3212300,5400,30,25,49,41,128
20360474264062,AMZN,18500000,18550500,50500,122,20,25,18,56
20360474264062,GOOGL,14383600,14401800,18200,10,13,10,8,19
20360474264062,MSFT,1737000,1737900,900,10,286,41,36,125
20360474264062,TSLA,6368000,6373500,5500,141,10,173,111,566
20370043426633,AAPL,3206900,3212300,5400,30,25,49,41,128
20370043426633,AMZN,18500000,18550500,50500,122,20,25,18,56
20370043426633,GOOGL,14383600,14401800,18200,10,13,11,7,19
20370043426633,MSFT,1737000,1737900,900,10,286,41,36,125
20370043426633,TSLA,6368000,6373500,5500,141,10,173,111,566
20380731427752,AAPL,3206900,3212300,5400,30,25,49,41,128
20380731427752,AMZN,18500000,18550500,50500,122,20,25,18,56
20380731427752,GOOGL,14383600,14401800,18200,10,13,10,8,19
20380731427752,MSFT,1737000,1737900,900,10,286,41,37,126
20380731427752,TSLA,6368000,6373500,5500,139,7,173,110,565
20390398023097,AAPL,3206900,3210000,3100,30,12,49,42,128
20390398023097,AMZN,18500000,18550500,50500,122,20,25,18,56
20390398023097,GOOGL,14383600,14402400,18800,10,13,11,7,19
20390398023097,MSFT,1737000,1737900,900,10,286,41,37,126
20390398023097,TSLA,6368000,6373500,5500,139,7,174,110,566
20400069358937,AAPL,3206900,3210000,3100,30,12,49,42,128
20400069358937,AMZN,18500000,18550500,50500,122,20,25,18,56
20400069358937,GOOGL,14383600,14402400,18800,10,13,11,8,20
20400069358937,MSFT,1737000,1737900,900,10,286,42,37,127
20400069358937,TSLA,6368000,6373500,5500,139,7,174,110,567
20410344254964,AAPL,3206900,3210000,3100,30,12,49,42,128
20410344254964,AMZN,18500000,18550500,50500,122,20,25,18,56
20410344254964,GOOGL,14383600,14402400,18800,10,13,10,7,18
20410344254964,MSFT,1736400,1737900,1500,100,286,41,36,125
20410344254964,TSLA,6368000,6373500,5500,139,7,173,109,567
20420032077644,AAPL,3206900,3210000,3100,30,26,49,42,129
20420032077644,AMZN,18500000,18550500,50500,122,20,25,18,56
20420032077644,GOOGL,14383600,14402400,18800,10,13,9,7,17
20420032077644,MSFT,1736400,1737900,1500,100,286,41,37,126
20420032077644,TSLA,6368000,6373500,5500,132,7,173,110,568
20430563258547,AAPL,3206900,3210000,3100,30,26,49,42,129
20430563258547,AMZN,18500000,18550200,50200,122,20,25,18,56
20430563258547,GOOGL,14383600,14402400,18800,10,13,10,7,18
20430563258547,MSFT,1736400,1737900,1500,100,286,41,37,126
20430563258547,TSLA,6368000,6373500,5500,132,7,172,110,567
20440109775875,AAPL,3206900,3210000,3100,30,26,49,42,129
20440109775875,AMZN,18502100,18549500,47400,1,20,26,18,57
20440109775875,GOOGL,14383600,14402400,18800,10,13,10,7,18
20440109775875,MSFT,1736400,1737900,1500,100,286,41,36,126
20440109775875,TSLA,6368000,6379800,11800,132,18,172,110,565
20450768775403,AAPL,3206900,3210000,3100,30,26,49,42,129
20450768775403,AMZN,18502100,18549500,47400,1,20,26,18,57
20450768775403,GOOGL,14290000,14419100,129100,80,10,9,6,16
20450768775403,MSFT,1736400,1737900,1500,100,286,41,37,125
20450768775403,TSLA,6368000,6379800,11800,182,18,172,110,565
20460058289918,AAPL,3206900,3210000,3100,30,26,49,42,129
20460058289918,AMZN,18502100,18551400,49300,1,20,26,18,57
20460058289918,GOOGL,14372500,14402300,29800,45,13,10,8,19
20460058289918,MSFT,1736400,1737900,1500,100,286,41,37,126
20460058289918,TSLA,6370000,6379800,9800,10,18,173,110,566
20470699944574,AAPL,3206900,3210000,3100,30,26,49,42,129
20470699944574,AMZN,18502100,18551000,48900,1,20,26,18,57
20470699944574,GOOGL,14372200,14402300,30100,45,13,10,8,19
20470699944574,MSFT,1736400,1737900,1500,100,286,41,37,126
20470699944574,TSLA,6368000,6379800,11800,182,18,172,110,565
20480256951484,AAPL,3206900,3210000,3100,30,26,49,42,129
20480256951484,AMZN,18502100,18550500,48400,1,20,26,18,57
20480256951484,GOOGL,14383600,14402300,18700,10,13,10,8,19
20480256951484,MSFT,1736400,1737900,1500,100,286,41,37,126
20480256951484,TSLA,6368000,6379800,11800,182,18,172,110,565
20490029725423,AAPL,3206900,3210000,3100,30,26,49,42,129
20490029725423,AMZN,18502100,18550500,48400,1,20,26,18,57
20490029725423,GOOGL,14383600,14402300,18700,10,13,11,7,19
20490029725423,MSFT,1736400,1737000,600,100,200,41,38,126
20490029725423,TSLA,6368000,6379800,11800,182,72,172,109,565
20500128950780,AAPL,3206900,3210000,3100,30,26,49,42,129
20500128950780,AMZN,18502100,18550500,48400,1,20,26,18,57
20500128950780,GOOGL,14383600,14402300,18700,10,13,11,7,19
20500128950780,MSFT,1736100,1737000,900,40,200,40,37,124
20500128950780,TSLA,6368000,6379200,11200,192,20,172,110,566
20510536042704,AAPL,3206900,3210000,3100,30,26,49,42,129
20510536042704,AMZN,18502100,18550500,48400,1,20,26,18,57
20510536042704,GOOGL,14383600,14402300,18700,10,13,11,7,19
20510536042704,MSFT,1736100,1737000,900,40,200,40,37,124
20510536042704,TSLA,6374900,6379200,4300,5,54,173,109,567
20520073322028,AAPL,3206900,3210000,3100,30,26,49,42,129
20520073322028,AMZN,18502100,18550500,48400,1,20,26,18,57
20520073322028,GOOGL,14383600,14419100,35500,10,10,10,6,17
20520073322028,MSFT,1736100,1737000,900,40,200,40,37,124
20520073322028,TSLA,6368000,6374900,6900,172,18,172,112,569
20530200533560,AAPL,3206900,3210000,3100,30,26,49,42,129
20530200533560,AMZN,18502100,18550500,48400,1,20,26,18,57
20530200533560,GOOGL,14383600,14412100,28500,10,15,10,7,18
20530200533560,MSFT,1736100,1737000,900,40,200,40,37,124
20530200533560,TSLA,6368000,6374900,6900,130,18,172,113,569
20540274217701,AAPL,3206900,3210000,3100,30,26,49,42,129
20540274217701,AMZN,18502100,18550000,47900,1,20,26,18,57
20540274217701,GOOGL,14383600,14419100,35500,10,10,10,6,17
20540274217701,MSFT,1736100,1737000,900,40,200,40,37,124
20540274217701,TSLA,6368000,6385000,17000,130,100,173,108,565
20550601751121,AAPL,3206900,3210000,3100,30,26,49,42,129
20550601751121,AMZN,18502100,18550000,47900,1,20,26,18,57
20550601751121,GOOGL,14383600,14409800,26200,10,15,11,8,20
20550601751121,MSFT,1736100,1737000,900,40,100,40,37,124
20550601751121,TSLA,6368000,6384900,16900,130,20,173,110,567
20560189473822,AAPL,3206900,3210000,3100,30,26,49,41,128
20560189473822,AMZN,18502100,18550000,47900,1,20,26,18,57
20560189473822,GOOGL,14383600,14409800,26200,10,15,11,8,20
20560189473822,MSFT,1736100,1737000,900,40,100,40,37,124
20560189473822,TSLA,6368000,6385000,17000,130,100,173,109,566
20570076582232,AAPL,3206900,3210000,3100,30,12,49,42,128
20570076582232,AMZN,18502100,18550000,47900,1,20,26,18,57
20570076582232,GOOGL,14383600,14409800,26200,10,15,10,8,19
20570076582232,MSFT,1736100,1737000,900,40,100,40,37,124
20570076582232,TSLA,6368000,6385000,17000,130,100,173,109,565
20580008779191,AAPL,3208800,3210000,1200,15,12,49,41,127
20580008779191,AMZN,18502100,18550000,47900,1,20,26,18,57
20580008779191,GOOGL,14383600,14409800,26200,10,15,11,8,20
20580008779191,MSFT,1736100,1737000,900,40,100,40,37,124
20580008779191,TSLA,6368000,6385000,17000,130,195,173,109,566
20590012888880,AAPL,3208800,3210000,1200,15,12,49,41,127
20590012888880,AMZN,18502100,18550000,47900,1,20,26,18,57
20590012888880,GOOGL,14383600,14409800,26200,10,15,11,8,20
20590012888880,MSFT,1736100,1737000,900,40,100,40,37,124
20590012888880,TSLA,6366000,6384900,18900,250,22,172,110,565
20600048757770,AAPL,3208800,3210000,1200,15,12,49,42,128
20600048757770,AMZN,18502100,18549700,47600,1,20,26,18,57
20600048757770,GOOGL,14383600,14409900,26300,10,46,11,8,20
20600048757770,MSFT,1736100,1737000,900,40,100,40,36,124
20600048757770,TSLA,6370000,6384900,14900,15,22,173,111,567
20611029677768,AAPL,3208800,3212300,3500,15,25,49,42,128
20611029677768,AMZN,18502100,18549700,47600,1,20,26,18,57
20611029677768,GOOGL,14383600,14410600,27000,10,45,9,7,17
20611029677768,MSFT,1736100,1737000,900,40,100,40,36,124
20611029677768,TSLA,6370000,6383900,13900,15,20,173,112,568
20620687016506,AAPL,3208800,3212300,3500,15,25,49,42,128
20620687016506,AMZN,18502100,18549700,47600,1,20,26,18,57
20620687016506,GOOGL,14383600,14410600,27000,10,45,9,7,17
20620687016506,MSFT,1736100,1737000,900,40,100,40,36,124
20620687016506,TSLA,6370000,6385000,15000,15,170,173,109,565
20630476095715,AAPL,3208800,3212300,3500,15,25,49,42,128
20630476095715,AMZN,18502100,18549700,47600,1,20,26,18,57
20630476095715,GOOGL,14383600,14409900,26300,10,15,11,8,20
20630476095715,MSFT,1736100,1737000,900,40,100,40,36,124
20630476095715,TSLA,6370000,6385000,15000,15,170,173,110,566
20641971979728,AAPL,3208800,3212300,3500,15,25,50,42,129
20641971979728,AMZN,18502100,18549700,47600,1,20,26,18,57
20641971979728,GOOGL,14383600,14409000,25400,10,15,11,8,20
20641971979728,MSFT,1736100,1737000,900,40,100,41,36,125
20641971979728,TSLA,6370000,6385000,15000,15,134,173,109,565
20650333424114,AAPL,3208800,3212300,3500,15,25,50,42,129
20650333424114,AMZN,18502100,18549700,47600,1,20,26,18,57
20650333424114,GOOGL,14383600,14409900,26300,10,15,11,8,20
20650333424114,MSFT,1736100,1737000,900,40,50,41,37,125
20650333424114,TSLA,6370000,6385000,15000,15,134,172,109,564
20660095209101,AAPL,3208800,3212200,3400,15,30,50,43,130
20660095209101,AMZN,18502100,18549700,47600,1,20,26,18,57
20660095209101,GOOGL,14383600,14409900,26300,10,15,11,8,20
20660095209101,MSFT,1737000,1738000,1000,50,10,41,36,124
20660095209101,TSLA,6370000,6385000,15000,15,134,173,110,566
20670140288963,AAPL,3208800,3212100,3300,15,30,50,42,129
20670140288963,AMZN,18502100,18549700,47600,1,20,26,18,57
20670140288963,GOOGL,14383600,14410000,26400,10,25,11,7,19
20670140288963,MSFT,1737000,1738000,1000,20,10,41,36,124
20670140288963,TSLA,6370000,6385000,15000,15,134,173,109,565
20680423483090,AAPL,3210000,3212300,2300,14,25,50,42,129
20680423483090,AMZN,18500000,18549700,49700,122,20,25,18,56
20680423483090,GOOGL,14383600,14409900,26300,10,15,10,8,19
20680423483090,MSFT,1736000,1738000,2000,1000,10,40,36,123
20680423483090,TSLA,6370000,6384900,14900,15,21,173,111,567
20690339346876,AAPL,3210000,3212300,2300,14,25,50,42,129
20690339346876,AMZN,18500000,18549700,49700,122,20,25,18,56
20690339346876,GOOGL,14383600,14411200,27600,10,15,11,8,20
20690339346876,MSFT,1736000,1738000,2000,1000,10,40,36,123
20690339346876,TSLA,6370000,6380000,10000,25,10,173,110,568
20700927144182,AAPL,3210000,3212300,2300,14,55,49,42,129
20700927144182,AMZN,18500000,18549700,49700,122,20,25,18,56
20700927144182,GOOGL,14383600,14411200,27600,10,15,11,8,20
20700927144182,MSFT,1736000,1737000,1000,1000,100,40,37,124
20700927144182,TSLA,6370000,6380000,10000,25,10,173,111,569
20710016512651,AAPL,3210000,3212300,2300,14,55,50,42,130
20710016512651,AMZN,18500000,18549700,49700,122,20,25,18,56
20710016512651,GOOGL,14383600,14411300,27700,10,25,11,7,19
20710016512651,MSFT,1736000,1737000,1000,1000,100,40,37,124
20710016512651,TSLA,6370000,6380000,10000,25,10,173,111,570
20720696115495,AAPL,3210000,3212300,2300,14,55,50,42,130
20720696115495,AMZN,18500000,18549700,49700,122,20,25,18,56
20720696115495,GOOGL,14383600,14411200,27600,10,15,10,8,19
20720696115495,MSFT,1736000,1737000,1000,1000,150,40,37,125
20720696115495,TSLA,6370000,6380000,10000,25,10,173,111,570
20730236063721,AAPL,3210000,3212300,2300,14,55,50,42,130
20730236063721,AMZN,18500000,18552200,52200,122,20,25,18,56
20730236063721,GOOGL,14383600,14411200,27600,10,15,11,8,20
20730236063721,MSFT,1736000,1737000,1000,1000,150,40,37,125
20730236063721,TSLA,6370000,6385000,15000,25,134,173,109,568
20740182186040,AAPL,3210000,3212300,2300,14,25,50,42,129
20740182186040,AMZN,18500000,18545400,45400,122,20,25,18,56
20740182186040,GOOGL,14383600,14411200,27600,10,15,10,8,19
20740182186040,MSFT,1736000,1737000,1000,1000,150,40,36,125
20740182186040,TSLA,6370000,6385000,15000,25,134,173,110,569
20750183555222,AAPL,3210000,3212300,2300,14,25,50,41,128
20750183555222,AMZN,18500000,18542700,42700,122,20,25,18,56
20750183555222,GOOGL,14383600,14411100,27500,10,26,11,7,20
20750183555222,MSFT,1736000,1737000,1000,1000,150,40,37,125
20750183555222,TSLA,6370000,6385000,15000,25,134,173,110,569
20760189835523,AAPL,3209200,3212300,3100,2,25,49,42,128
20760189835523,AMZN,18500000,18542200,42200,122,20,25,18,56
20760189835523,GOOGL,14375300,14411100,35800,15,15,10,8,19
20760189835523,MSFT,1736000,1737000,1000,1000,150,40,37,125
20760189835523,TSLA,6380000,6385000,5000,100,134,174,110,570
20770033556933,AAPL,3209200,3212300,3100,2,25,49,42,128
20770033556933,AMZN,18500000,18552700,52700,122,20,25,19,57
20770033556933,GOOGL,14370400,14411100,40700,15,15,9,7,17
20770033556933,MSFT,1736000,1737000,1000,1000,150,40,37,125
20770033556933,TSLA,6370000,6385000,15000,25,134,173,110,570
20780060971945,AAPL,3210800,3212300,1500,50,25,50,42,129
20780060971945,AMZN,18500000,18552800,52800,122,10,25,18,56
20780060971945,GOOGL,14376000,14411100,35100,15,15,10,7,18
20780060971945,MSFT,1736000,1737000,1000,1000,150,39,37,124
20780060971945,TSLA,6370000,6385000,15000,25,134,173,110,572
20790469069475,AAPL,3209300,3212300,3000,2,25,49,42,128
20790469069475,AMZN,18500000,18543400,43400,122,20,25,18,56
20790469069475,GOOGL,14374600,14410800,36200,15,15,10,8,19
20790469069475,MSFT,1736000,1737000,1000,1000,150,39,37,124
20790469069475,TSLA,6370000,6385000,15000,25,134,173,111,574
20800262889584,AAPL,3208000,3212300,4300,30,25,48,42,127
20800262889584,AMZN,18500000,18552700,52700,122,20,25,18,56
20800262889584,GOOGL,14370400,14409200,38800,15,15,10,8,19
20800262889584,MSFT,1736000,1737000,1000,1000,150,39,37,124
20800262889584,TSLA,6370000,6385000,15000,25,134,173,111,574
20810794017296,AAPL,3208600,3212300,3700,2,25,49,42,129
20810794017296,AMZN,18500000,18552700,52700,122,20,24,19,56
20810794017296,GOOGL,14369200,14407700,38500,34,15,9,8,18
20810794017296,MSFT,1736000,1737000,1000,1000,150,39,37,124
20810794017296,TSLA,6380500,6385000,4500,1,134,174,111,575
20820289326893,AAPL,3208600,3212300,3700,2,25,49,42,129
20820289326893,AMZN,18500000,18552700,52700,122,20,25,19,57
20820289326893,GOOGL,14370700,14409800,39100,15,15,10,8,19
20820289326893,MSFT,1736500,1737000,500,100,150,40,37,125
20820289326893,TSLA,6370100,6385000,14900,19,134,174,111,575
20830759554650,AAPL,3208600,3212300,3700,2,25,49,42,128
20830759554650,AMZN,18500000,18552700,52700,122,20,25,19,57
20830759554650,GOOGL,14374100,14411100,37000,15,15,10,8,19
20830759554650,MSFT,1736000,1737000,1000,1000,100,39,37,123
20830759554650,TSLA,6370100,6385000,14900,19,134,174,111,575
20841201593259,AAPL,3208600,3212300,3700,2,25,49,42,128
20841201593259,AMZN,18500000,18552700,52700,122,20,25,19,57
20841201593259,GOOGL,14375300,14412000,36700,15,26,10,7,18
20841201593259,MSFT,1736000,1737000,1000,1000,100,39,37,123
20841201593259,TSLA,6370100,6380000,9900,19,5,175,111,575
20850358696342,AAPL,3208500,3212300,3800,2,25,49,42,128
20850358696342,AMZN,18500000,18552700,52700,122,20,25,19,57
20850358696342,GOOGL,14376600,14412000,35400,15,26,10,7,18
20850358696342,MSFT,1736000,1737000,1000,1000,100,39,37,123
20850358696342,TSLA,6370600,6377500,6900,20,100,176,111,576
20860120231874,AAPL,3208400,3212300,3900,2,25,49,42,128
20860120231874,AMZN,18500000,18552700,52700,122,20,25,19,57
20860120231874,GOOGL,14374300,14411100,36800,15,15,10,8,19
20860120231874,MSFT,1736000,1737000,1000,1000,100,39,37,123
20860120231874,TSLA,6377500,6385000,7500,100,134,177,109,575
20870483058587,AAPL,3208300,3212300,4000,2,25,49,42,128
20870483058587,AMZN,18500000,18552700,52700,122,20,25,19,57
20870483058587,GOOGL,14374300,14411100,36800,15,15,10,8,19
20870483058587,MSFT,1736000,1737000,1000,1000,150,39,36,124
20870483058587,TSLA,6377500,6385000,7500,100,134,177,109,576
20880303494676,AAPL,3208200,3212300,4100,30,25,48,42,127
20880303494676,AMZN,18500000,18552500,52500,122,20,25,19,57
20880303494676,GOOGL,14374400,14411100,36700,15,15,10,8,19
20880303494676,MSFT,1736000,1738000,2000,1000,10,39,35,122
20880303494676,TSLA,6370500,6385000,14500,5,134,176,109,575
20891462729805,AAPL,3208200,3212300,4100,30,25,48,42,127
20891462729805,AMZN,18500000,18552500,52500,122,20,24,19,56
20891462729805,GOOGL,14373800,14411100,37300,15,15,10,8,19
20891462729805,MSFT,1736000,1738000,2000,1000,10,39,35,122
20891462729805,TSLA,6380000,6385000,5000,85,134,178,109,576
20900034805464,AAPL,3210000,3212300,2300,2,25,49,42,128
20900034805464,AMZN,18500000,18561700,61700,122,10,25,17,55
20900034805464,GOOGL,14374400,14412000,37600,15,21,10,7,18
20900034805464,MSFT,1736000,1738000,2000,1000,10,39,35,122
20900034805464,TSLA,6383900,6385000,1100,1,134,178,109,577
20910054531455,AAPL,3210100,3212300,2200,2,25,49,42,128
20910054531455,AMZN,18500000,18561600,61600,122,20,25,19,57
20910054531455,GOOGL,14374300,14411100,36800,40,15,9,8,18
20910054531455,MSFT,1736000,1738000,2000,1000,10,39,36,122
20910054531455,TSLA,6383900,6385000,1100,1,134,179,109,578
20920190359257,AAPL,3210200,3212300,2100,2,25,49,41,128
20920190359257,AMZN,18500000,18561600,61600,222,20,24,19,58
20920190359257,GOOGL,14374400,14413300,38900,15,15,10,8,19
20920190359257,MSFT,1736000,1738000,2000,1000,10,39,36,122
20920190359257,TSLA,6383900,6385000,1100,1,134,180,110,581
20930018487315,AAPL,3210300,3212300,2000,2,25,49,41,128
20930018487315,AMZN,18500000,18561600,61600,222,20,24,19,58
20930018487315,GOOGL,14378800,14411100,32300,15,15,9,8,18
20930018487315,MSFT,1736000,1738000,2000,1000,10,39,37,123
20930018487315,TSLA,6383900,6385000,1100,1,134,181,110,581
20940421977492,AAPL,3210400,3212300,1900,2,25,49,41,128
20940421977492,AMZN,18500000,18561600,61600,222,20,23,19,57
20940421977492,GOOGL,14373600,14411100,37500,15,15,10,8,19
20940421977492,MSFT,1737300,1738000,700,160,10,40,37,124
20940421977492,TSLA,6380000,6385000,5000,85,184,180,110,580
20950155173181,AAPL,3210400,3212300,1900,2,25,49,41,129
20950155173181,AMZN,18504000,18561600,57600,100,20,25,19,59
20950155173181,GOOGL,14375500,14411100,35600,15,15,10,8,19
20950155173181,MSFT,1737500,1738000,500,160,10,40,36,125
20950155173181,TSLA,6381500,6385000,3500,5,184,180,110,579
20960173190223,AAPL,3210400,3212300,1900,2,25,51,41,131
20960173190223,AMZN,18504000,18561600,57600,100,20,24,19,57
20960173190223,GOOGL,14375500,14411100,35600,15,15,10,8,19
20960173190223,MSFT,1737800,1738000,200,160,10,40,36,125
20960173190223,TSLA,6379000,6382800,3800,100,100,178,111,580
20970086758237,AAPL,3210400,3212300,1900,2,25,51,41,131
20970086758237,AMZN,18504000,18561600,57600,100,20,25,19,58
20970086758237,GOOGL,14372400,14383500,11100,15,9,10,8,19
20970086758237,MSFT,1738000,1738400,400,150,17,40,35,124
20970086758237,TSLA,6380000,6382800,2800,90,100,179,111,581
20981359128737,AAPL,3210400,3212300,1900,102,25,50,41,131
20981359128737,AMZN,18504000,18561600,57600,100,20,25,19,58
20981359128737,GOOGL,14362400,14383500,21100,50,9,9,9,19
20981359128737,MSFT,1738000,1738400,400,150,17,40,35,124
20981359128737,TSLA,6380000,6382800,2800,90,100,178,111,581
20990871709995,AAPL,3210500,3212300,1800,2,25,50,41,130
20990871709995,AMZN,18504000,18561600,57600,100,20,25,19,58
20990871709995,GOOGL,14372400,14410300,37900,15,15,10,8,19
20990871709995,MSFT,1738000,1738400,400,150,17,40,35,124
20990871709995,TSLA,6380000,6383000,3000,90,100,179,111,581
21000012725020,AAPL,3210500,3212300,1800,102,25,50,41,131
21000012725020,AMZN,18504000,18561600,57600,100,20,25,19,58
21000012725020,GOOGL,14362400,14410300,47900,45,15,9,8,18
21000012725020,MSFT,1738100,1738400,300,147,17,40,35,124
21000012725020,TSLA,6380000,6385000,5000,5218,100,179,110,580
21011678731667,AAPL,3210500,3212300,1800,102,25,50,41,131
21011678731667,AMZN,18504000,18561600,57600,100,20,25,19,58
21011678731667,GOOGL,14373800,14414000,40200,15,25,10,7,18
21011678731667,MSFT,1738200,1738400,200,145,17,40,35,124
21011678731667,TSLA,6380500,6392000,11500,200,100,181,106,575
21020165421200,AAPL,3210500,3212300,1800,100,25,50,41,130
21020165421200,AMZN,18504000,18561600,57600,100,20,25,19,58
21020165421200,GOOGL,14373700,14413900,40200,15,15,10,8,19
21020165421200,MSFT,1738200,1738400,200,145,17,40,35,124
21020165421200,TSLA,6387500,6392000,4500,70,170,183,107,578
21030132089175,AAPL,3210500,3212300,1800,100,25,50,41,130
21030132089175,AMZN,18504000,18561600,57600,100,20,25,19,58
21030132089175,GOOGL,14373200,14411100,37900,15,15,10,8,19
21030132089175,MSFT,1738400,1738700,300,103,25,40,35,124
21030132089175,TSLA,6388500,6392000,3500,56,170,180,107,576
21040199797906,AAPL,3212000,3212300,300,20,25,51,41,131
21040199797906,AMZN,18504000,18561600,57600,100,20,25,19,58
21040199797906,GOOGL,14363100,14411100,48000,50,15,9,8,18
21040199797906,MSFT,1738500,1738700,200,3,25,40,35,124
21040199797906,TSLA,6392000,6399900,7900,15,20,179,106,573
21050895931069,AAPL,3212000,3214000,2000,64,100,51,40,131
21050895931069,AMZN,18504000,18561600,57600,100,20,25,19,58
21050895931069,GOOGL,14372900,14411100,38200,15,15,10,8,19
21050895931069,MSFT,1738500,1738700,200,3,25,39,35,123
21050895931069,TSLA,6392500,6400000,7500,56,171,179,105,573
21061539133596,AAPL,3212000,3214000,2000,64,100,51,40,131
21061539133596,AMZN,18504000,18561600,57600,100,20,25,19,58
21061539133596,GOOGL,14363100,14411100,48000,50,15,9,8,18
21061539133596,MSFT,1738500,1738700,200,3,25,40,35,124
21061539133596,TSLA,6392500,6400000,7500,56,171,179,105,574
21070338614781,AAPL,3212000,3214000,2000,64,100,51,39,130
21070338614781,AMZN,18504000,18561600,57600,100,20,25,19,58
21070338614781,GOOGL,14363100,14414000,50900,50,25,9,7,17
21070338614781,MSFT,1738500,1738700,200,3,25,39,35,124
21070338614781,TSLA,6392600,6400000,7400,19,171,180,105,576
21086644359254,AAPL,3212000,3214000,2000,64,100,51,40,131
21086644359254,AMZN,18504000,18561600,57600,100,20,25,19,58
21086644359254,GOOGL,14363100,14414000,50900,50,25,9,7,17
21086644359254,MSFT,1738500,1738700,200,3,25,39,35,123
21086644359254,TSLA,6392000,6400000,8000,4,171,181,105,575
21090247755623,AAPL,3212000,3214000,2000,64,100,51,40,131
21090247755623,AMZN,18504000,18561600,57600,100,20,25,19,58
21090247755623,GOOGL,14363000,14414000,51000,50,25,9,7,17
21090247755623,MSFT,1736000,1738700,2700,1000,25,39,35,123
21090247755623,TSLA,6392000,6400000,8000,4,171,181,105,575
21102731773417,AAPL,3212000,3214000,2000,64,100,51,40,131
21102731773417,AMZN,18504000,18561600,57600,100,20,25,19,58
21102731773417,GOOGL,14363000,14390000,27000,50,150,9,8,18
21102731773417,MSFT,1736000,1738700,2700,1000,25,39,35,123
21102731773417,TSLA,6387500,6400000,12500,240,171,180,105,576
21110049873672,AAPL,3212000,3214000,2000,64,100,51,40,131
21110049873672,AMZN,18504000,18561600,57600,100,20,25,19,58
21110049873672,GOOGL,14372100,14390000,17900,15,149,10,8,19
21110049873672,MSFT,1736000,1738700,2700,1000,25,39,36,123
21110049873672,TSLA,6400000,6400300,300,3989,4,181,103,568
21120051182120,AAPL,3212000,3214000,2000,64,100,50,40,130
21120051182120,AMZN,18504000,18561600,57600,100,20,26,19,59
21120051182120,GOOGL,14371800,14390000,18200,15,149,10,9,20
21120051182120,MSFT,1736000,1738700,2700,1000,25,38,36,122
21120051182120,TSLA,6400100,6404000,3900,200,5,182,103,569
21130086242006,AAPL,3212000,3214000,2000,64,100,50,40,131
21130086242006,AMZN,18504000,18561600,57600,100,20,26,19,59
21130086242006,GOOGL,14355800,14390000,34200,50,149,9,9,19
21130086242006,MSFT,1736000,1738700,2700,1000,25,39,36,123
21130086242006,TSLA,6408600,6410000,1400,52,110,182,100,567
21140612669844,AAPL,3212000,3214000,2000,64,100,50,39,131
21140612669844,AMZN,18504000,18561600,57600,100,20,26,19,59
21140612669844,GOOGL,14373100,14390000,16900,15,149,12,8,21
21140612669844,MSFT,1736000,1738700,2700,1000,25,39,36,123
21140612669844,TSLA,6408600,6413900,5300,3,16,183,100,566
21150033957980,AAPL,3212000,3214000,2000,64,100,50,40,131
21150033957980,AMZN,18504000,18561600,57600,100,20,26,19,59
21150033957980,GOOGL,14373100,14411100,38000,15,15,13,8,22
21150033957980,MSFT,1736000,1738700,2700,1000,25,39,36,123
21150033957980,TSLA,6410000,6418000,8000,100,200,183,101,565
21160221999919,AAPL,3212000,3214000,2000,64,100,50,40,131
21160221999919,AMZN,18504000,18561600,57600,100,20,26,19,59
21160221999919,GOOGL,14366500,14411100,44600,15,15,12,8,21
21160221999919,MSFT,1736000,1738700,2700,1000,25,39,36,123
21160221999919,TSLA,6410000,6418000,8000,83,200,184,102,566
21170226770327,AAPL,3212000,3214000,2000,64,100,50,40,131
21170226770327,AMZN,18504000,18561600,57600,100,20,26,19,59
21170226770327,GOOGL,14366500,14411300,44800,15,15,12,8,21
21170226770327,MSFT,1736000,1738700,2700,1000,25,39,36,123
21170226770327,TSLA,6410000,6415000,5000,55,50,184,103,567
21181056480929,AAPL,3212000,3214000,2000,64,100,50,40,131
21181056480929,AMZN,18504000,18561600,57600,100,20,26,19,59
21181056480929,GOOGL,14366800,14413000,46200,15,10,12,7,20
21181056480929,MSFT,1736000,1738700,2700,1000,25,39,36,125
21181056480929,TSLA,6410000,6415000,5000,55,50,185,103,568
21190784988979,AAPL,3212000,3214000,2000,64,100,50,40,131
21190784988979,AMZN,18504000,18561600,57600,100,20,26,19,59
21190784988979,GOOGL,14366700,14413000,46300,15,10,12,7,20
21190784988979,MSFT,1736000,1738700,2700,1000,25,39,36,125
21190784988979,TSLA,6410000,6415000,5000,34,50,185,103,568
21200124790604,AAPL,3212000,3214000,2000,64,100,50,40,131
21200124790604,AMZN,18504000,18561600,57600,100,20,26,19,59
21200124790604,GOOGL,14366700,14411300,44600,15,15,12,8,21
21200124790604,MSFT,1736000,1738700,2700,1000,25,39,36,125
21200124790604,TSLA,6410100,6415000,4900,200,50,186,103,569
21210077847496,AAPL,3212000,3214000,2000,20,100,50,40,130
21210077847496,AMZN,18504000,18561600,57600,100,20,26,19,59
21210077847496,GOOGL,14372700,14411100,38400,15,15,11,8,20
21210077847496,MSFT,1736000,1738700,2700,1000,25,39,36,125
21210077847496,TSLA,6410100,6418000,7900,200,200,187,102,570
21220489181822,AAPL,3212900,3214000,1100,50,100,51,40,131
21220489181822,AMZN,18504000,18561600,57600,100,20,26,19,59
21220489181822,GOOGL,14365100,14411100,46000,15,15,11,8,20
21220489181822,MSFT,1736000,1738700,2700,1000,125,39,36,126
21220489181822,TSLA,6410100,6418000,7900,200,200,187,102,570
21230226810274,AAPL,3212900,3214000,1100,50,100,50,40,130
21230226810274,AMZN,18504000,18561600,57600,100,20,26,19,59
21230226810274,GOOGL,14364600,14410500,45900,15,15,12,8,21
21230226810274,MSFT,1736000,1738700,2700,1000,125,39,36,126
21230226810274,TSLA,6410100,6418000,7900,200,200,187,102,569
21240130331095,AAPL,3213000,3214000,1000,20,100,51,40,131
21240130331095,AMZN,18504000,18561600,57600,100,20,26,19,59
21240130331095,GOOGL,14360000,14410600,50600,1,15,11,8,20
21240130331095,MSFT,1736000,1738700,2700,1000,125,39,36,126
21240130331095,TSLA,6418000,6420000,2000,2,97,188,101,569
21250176137377,AAPL,3213000,3214000,1000,20,100,50,40,131
21250176137377,AMZN,18504000,18561600,57600,100,20,26,19,59
21250176137377,GOOGL,14360000,14411100,51100,1,15,11,8,20
21250176137377,MSFT,1736000,1738700,2700,1000,125,39,36,126
21250176137377,TSLA,6420000,6422000,2000,62,50,188,100,567
21260356595240,AAPL,3213000,3214000,1000,20,100,50,40,131
21260356595240,AMZN,18505000,18561600,56600,10,20,27,19,59
21260356595240,GOOGL,14360000,14411300,51300,1,10,11,7,19
21260356595240,MSFT,1736000,1738700,2700,1000,125,39,36,126
21260356595240,TSLA,6415000,6420000,5000,30,10,187,102,570
21270199701414,AAPL,3213000,3214000,1000,20,100,50,40,131
21270199701414,AMZN,18505000,18561600,56600,10,20,27,19,59
21270199701414,GOOGL,14360000,14411300,51300,1,10,11,7,19
21270199701414,MSFT,1736000,1738700,2700,1000,125,39,36,126
21270199701414,TSLA,6415000,6419900,4900,30,19,186,101,569
21280138527837,AAPL,3213600,3214000,400,20,100,50,40,131
21280138527837,AMZN,18505000,18561600,56600,10,20,27,19,59
21280138527837,GOOGL,14360000,14411200,51200,1,10,11,7,19
21280138527837,MSFT,1736000,1738700,2700,1000,125,39,36,126
21280138527837,TSLA,6415000,6422000,7000,6,50,186,100,567
21290021048229,AAPL,3213600,3214000,400,20,100,50,40,131
21290021048229,AMZN,18505000,18561600,56600,10,20,27,19,59
21290021048229,GOOGL,14360000,14411800,51800,1,10,10,7,18
21290021048229,MSFT,1736000,1738700,2700,1000,125,39,36,126
21290021048229,TSLA,6415000,6422000,7000,6,50,187,101,570
21300057830265,AAPL,3213600,3214000,400,20,100,50,40,131
21300057830265,AMZN,18505000,18561600,56600,10,20,27,19,59
21300057830265,GOOGL,14360000,14390000,30000,1,1,10,8,19
21300057830265,MSFT,1736000,1738700,2700,1000,125,39,36,126
21300057830265,TSLA,6415000,6422000,7000,6,50,187,102,571
21310364903273,AAPL,3213600,3214000,400,20,100,50,40,131
21310364903273,AMZN,18505000,18561600,56600,10,20,27,19,59
21310364903273,GOOGL,14365100,14389900,24800,15,1,12,9,22
21310364903273,MSFT,1736000,1738700,2700,1000,125,39,36,126
21310364903273,TSLA,6410500,6422000,11500,200,50,186,102,570
21320625550129,AAPL,3212900,3214000,1100,50,100,49,40,130
21320625550129,AMZN,18505000,18561600,56600,10,20,27,19,59
21320625550129,GOOGL,14360000,14389900,29900,1,1,11,9,21
21320625550129,MSFT,1736000,1738700,2700,1000,125,39,36,127
21320625550129,TSLA,6410500,6422000,11500,200,50,186,103,570
21331452372845,AAPL,3212900,3214000,1100,50,100,49,40,130
21331452372845,AMZN,18505000,18561600,56600,10,20,27,19,59
21331452372845,GOOGL,14360000,14389900,29900,1,1,11,9,21
21331452372845,MSFT,1736000,1738700,2700,1000,125,38,36,126
21331452372845,TSLA,6410500,6422000,11500,200,50,186,103,572
21341201755858,AAPL,3212900,3214000,1100,50,100,49,40,130
21341201755858,AMZN,18505000,18561600,56600,10,20,27,19,59
21341201755858,GOOGL,14363900,14389900,26000,15,1,12,9,22
21341201755858,MSFT,1736000,1738700,2700,1000,125,38,36,126
21341201755858,TSLA,6410600,6422000,11400,50,50,189,104,577
21350429126125,AAPL,3212900,3214000,1100,50,100,49,41,130
21350429126125,AMZN,18505000,18561600,56600,10,20,28,19,59
21350429126125,GOOGL,14364100,14389900,25800,15,1,12,9,22
21350429126125,MSFT,1736000,1738700,2700,1000,125,38,36,126
21350429126125,TSLA,6410500,6420000,9500,200,10,187,105,580
21360044318978,AAPL,3212900,3214000,1100,20,100,49,41,130
21360044318978,AMZN,18505000,18561600,56600,10,20,27,19,59
21360044318978,GOOGL,14363100,14389900,26800,15,1,12,8,21
21360044318978,MSFT,1736000,1738700,2700,1000,125,38,36,126
21360044318978,TSLA,6410000,6420000,10000,529,10,187,106,579
21370141565311,AAPL,3212900,3214000,1100,20,100,49,41,130
21370141565311,AMZN,18505000,18561600,56600,10,20,27,19,59
21370141565311,GOOGL,14370000,14389900,19900,15,1,12,9,22
21370141565311,MSFT,1736000,1738700,2700,1000,25,38,36,125
21370141565311,TSLA,6410000,6420000,10000,529,61,186,106,579
21380487767152,AAPL,3208800,3214000,5200,30,100,48,41,129
21380487767152,AMZN,18505000,18561600,56600,10,20,27,19,59
21380487767152,GOOGL,14364500,14410900,46400,15,15,12,8,21
21380487767152,MSFT,1736000,1738700,2700,1000,25,38,35,125
21380487767152,TSLA,6410000,6415000,5000,479,10,186,108,582
21390079119268,AAPL,3208800,3214000,5200,30,100,48,41,129
21390079119268,AMZN,18505100,18561600,56500,4,20,28,19,60
21390079119268,GOOGL,14364500,14410300,45800,15,15,12,8,21
21390079119268,MSFT,1736000,1738700,2700,1000,25,38,36,125
21390079119268,TSLA,6410000,6415000,5000,479,10,186,107,582
21401359466950,AAPL,3207000,3214000,7000,5,100,48,41,129
21401359466950,AMZN,18505100,18561600,56500,4,20,28,19,60
21401359466950,GOOGL,14364500,14410200,45700,15,15,12,8,21
21401359466950,MSFT,1736000,1738700,2700,1100,25,38,36,126
21401359466950,TSLA,6410000,6412000,2000,479,15,186,109,584
21411673303814,AAPL,3208000,3214000,6000,30,100,49,40,129
21411673303814,AMZN,18505100,18561600,56500,4,20,28,19,60
21411673303814,GOOGL,14362900,14410200,47300,15,15,12,8,21
21411673303814,MSFT,1736000,1738700,2700,1100,25,38,36,126
21411673303814,TSLA,6410000,6412000,2000,479,15,186,108,582
21420642096680,AAPL,3208000,3214000,6000,30,100,49,41,130
21420642096680,AMZN,18505100,18552700,47600,4,20,28,19,60
21420642096680,GOOGL,14360000,14405300,45300,1,22,11,8,20
21420642096680,MSFT,1736000,1738700,2700,1100,25,38,36,125
21420642096680,TSLA,6410000,6412000,2000,479,15,186,109,584
21430225779177,AAPL,3208000,3214000,6000,30,100,49,41,130
21430225779177,AMZN,18505100,18552700,47600,4,20,28,19,60
21430225779177,GOOGL,14364500,14405300,40800,15,22,12,8,21
21430225779177,MSFT,1737500,1738700,1200,200,25,38,36,125
21430225779177,TSLA,6410000,6412000,2000,222,15,186,109,586
21440172274252,AAPL,3208000,3214000,6000,30,100,49,41,130
21440172274252,AMZN,18505100,18552700,47600,4,20,29,19,60
21440172274252,GOOGL,14363200,14405300,42100,15,22,12,8,21
21440172274252,MSFT,1736000,1738700,2700,1100,25,37,36,124
21440172274252,TSLA,6408600,6412000,3400,3,15,185,109,586
21450600736868,AAPL,3208000,3214000,6000,30,100,49,41,130
21450600736868,AMZN,18505100,18552700,47600,4,20,29,19,60
21450600736868,GOOGL,14363900,14405300,41400,15,22,12,8,21
21450600736868,MSFT,1736000,1738700,2700,1100,25,37,36,123
21450600736868,TSLA,6408600,6412000,3400,3,15,186,108,587
21460406158730,AAPL,3208000,3214000,6000,30,100,49,41,130
21460406158730,AMZN,18505100,18552700,47600,4,20,29,19,60
21460406158730,GOOGL,14363800,14405300,41500,15,22,12,7,20
21460406158730,MSFT,1736000,1738700,2700,1100,25,37,37,125
21460406158730,TSLA,6406200,6415000,8800,100,100,186,107,588
21470739002774,AAPL,3208000,3214000,6000,30,100,49,41,130
21470739002774,AMZN,18505100,18552700,47600,4,20,29,19,60
21470739002774,GOOGL,14362600,14405300,42700,15,22,12,8,21
21470739002774,MSFT,1736000,1738700,2700,1000,25,38,37,125
21470739002774,TSLA,6405100,6415000,9900,18,90,186,106,588
21480187264903,AAPL,3208000,3214000,6000,30,100,49,41,130
21480187264903,AMZN,18505100,18552700,47600,4,20,29,19,60
21480187264903,GOOGL,14369300,14404600,35300,15,17,12,8,21
21480187264903,MSFT,1736000,1738700,2700,1000,25,38,37,125
21480187264903,TSLA,6405100,6410000,4900,18,60,186,111,593
21490752089130,AAPL,3208000,3214000,6000,30,100,49,41,130
21490752089130,AMZN,18505100,18552700,47600,4,20,29,19,60
21490752089130,GOOGL,14363700,14405000,41300,15,22,12,7,20
21490752089130,MSFT,1736000,1738700,2700,1000,25,38,37,125
21490752089130,TSLA,6405100,6410000,4900,18,16,188,111,595
21500091114299,AAPL,3208000,3214000,6000,30,100,49,41,130
21500091114299,AMZN,18505100,18552700,47600,4,20,29,19,60
21500091114299,GOOGL,14363700,14405000,41300,15,22,12,8,21
21500091114299,MSFT,1736000,1738700,2700,1000,25,38,37,125
21500091114299,TSLA,6405100,6414900,9800,18,5,188,109,593
21511953895761,AAPL,3208000,3214000,6000,30,100,49,41,130
21511953895761,AMZN,18505100,18552700,47600,4,20,29,19,61
21511953895761,GOOGL,14369800,14390000,20200,15,10,12,9,22
21511953895761,MSFT,1736000,1738700,2700,1000,25,38,37,125
21511953895761,TSLA,6405100,6414900,9800,18,5,188,109,593
21520761859704,AAPL,3208000,3214000,6000,30,100,49,41,130
21520761859704,AMZN,18505100,18552700,47600,4,20,29,19,61
21520761859704,GOOGL,14364400,14390000,25600,15,10,12,8,21
21520761859704,MSFT,1736000,1738700,2700,1000,25,38,37,125
21520761859704,TSLA,6405100,6414900,9800,18,5,188,109,595
21530079666963,AAPL,3208000,3214000,6000,30,100,49,41,130
21530079666963,AMZN,18505100,18552700,47600,4,20,29,19,61
21530079666963,GOOGL,14360600,14390000,29400,1,10,11,9,21
21530079666963,MSFT,1736000,1737000,1000,1000,5,38,38,126
21530079666963,TSLA,6405000,6410000,5000,33,90,186,110,594
21540281851537,AAPL,3208000,3214000,6000,30,130,49,41,131
21540281851537,AMZN,18505100,18552700,47600,4,20,29,19,61
21540281851537,GOOGL,14363800,14390000,26200,15,10,12,9,22
21540281851537,MSFT,1736000,1738700,2700,1000,25,38,37,126
21540281851537,TSLA,6405000,6414900,9900,33,5,186,109,594
21550086015585,AAPL,3208000,3214000,6000,30,130,49,41,131
21550086015585,AMZN,18505100,18552700,47600,4,20,29,19,61
21550086015585,GOOGL,14363800,14390000,26200,15,10,12,9,22
21550086015585,MSFT,1736000,1738700,2700,995,25,38,37,126
21550086015585,TSLA,6405000,6414900,9900,33,5,186,109,595
21560311477349,AAPL,3208000,3214000,6000,30,130,49,41,132
21560311477349,AMZN,18505100,18552700,47600,4,20,29,19,61
21560311477349,GOOGL,14360600,14390000,29400,1,10,11,9,21
21560311477349,MSFT,1736000,1738700,2700,995,25,38,37,126
21560311477349,TSLA,6405000,6414900,9900,33,5,187,109,596
21570487212859,AAPL,3208000,3214000,6000,30,130,49,41,132
21570487212859,AMZN,18505100,18552700,47600,4,20,29,19,61
21570487212859,GOOGL,14363800,14390000,26200,15,10,12,9,22
21570487212859,MSFT,1736000,1738700,2700,995,25,38,37,127
21570487212859,TSLA,6405000,6414900,9900,33,40,187,109,597
21580189108335,AAPL,3208000,3214000,6000,30,130,49,41,132
21580189108335,AMZN,18505100,18552700,47600,4,20,29,19,61
21580189108335,GOOGL,14360600,14390000,29400,16,10,11,9,22
21580189108335,MSFT,1736000,1738700,2700,995,25,38,37,127
21580189108335,TSLA,6405000,6414900,9900,33,40,186,109,598
21590024879531,AAPL,3208000,3214000,6000,30,130,49,41,132
21590024879531,AMZN,18505100,18552700,47600,4,20,29,19,61
21590024879531,GOOGL,14363700,14390000,26300,15,10,12,7,20
21590024879531,MSFT,1736000,1738700,2700,995,25,38,37,127
21590024879531,TSLA,6405000,6414900,9900,33,40,186,109,599
21600015452541,AAPL,3208200,3214000,5800,30,130,49,41,132
21600015452541,AMZN,18505100,18552700,47600,4,20,29,19,61
21600015452541,GOOGL,14365100,14390000,24900,15,10,12,9,22
21600015452541,MSFT,1736000,1738200,2200,995,200,38,37,128
21600015452541,TSLA,6410000,6414900,4900,11,5,188,109,600
21610413838625,AAPL,3208200,3214000,5800,30,130,50,41,133
21610413838625,AMZN,18505100,18552700,47600,4,20,29,19,61
21610413838625,GOOGL,14364600,14390000,25400,15,10,12,9,22
21610413838625,MSFT,1736000,1738200,2200,995,200,38,37,128
21610413838625,TSLA,6405000,6414400,9400,33,35,187,110,600
21620153592539,AAPL,3208300,3214000,5700,30,130,50,41,133
21620153592539,AMZN,18505100,18552700,47600,4,20,29,19,61
21620153592539,GOOGL,14360600,14390000,29400,1,10,11,9,21
21620153592539,MSFT,1736000,1738700,2700,995,25,38,36,127
21620153592539,TSLA,6405000,6414000,9000,33,1,187,111,601
21630517127200,AAPL,3211600,3214000,2400,100,130,51,41,134
21630517127200,AMZN,18505100,18552700,47600,4,20,29,19,61
21630517127200,GOOGL,14365200,14390000,24800,15,10,12,9,22
21630517127200,MSFT,1736000,1738700,2700,995,25,38,37,128
21630517127200,TSLA,6405000,6414000,9000,33,1,187,110,601
21640537367294,AAPL,3211600,3214000,2400,100,130,51,41,134
21640537367294,AMZN,18505100,18552700,47600,4,20,29,19,61
21640537367294,GOOGL,14365400,14390000,24600,15,10,12,9,22
21640537367294,MSFT,1736000,1738000,2000,995,20,38,38,129
21640537367294,TSLA,6405000,6413700,8700,33,5,187,110,602
21650696508542,AAPL,3211600,3214000,2400,100,130,51,41,134
21650696508542,AMZN,18505100,18552700,47600,4,20,29,19,61
21650696508542,GOOGL,14365400,14390000,24600,15,10,12,8,21
21650696508542,MSFT,1736000,1738000,2000,995,20,38,38,129
21650696508542,TSLA,6405000,6410000,5000,33,50,187,111,603
21660032312471,AAPL,3211600,3214000,2400,100,130,51,41,134
21660032312471,AMZN,18505100,18552700,47600,4,20,29,19,61
21660032312471,GOOGL,14364900,14390000,25100,15,10,12,9,22
21660032312471,MSFT,1736000,1738000,2000,995,20,37,37,127
21660032312471,TSLA,6400000,6410000,10000,869,50,184,111,601
21670780108559,AAPL,3211600,3214000,2400,85,130,51,41,135
21670780108559,AMZN,18505100,18552700,47600,4,20,29,19,61
21670780108559,GOOGL,14360600,14390000,29400,1,10,11,8,20
21670780108559,MSFT,1736000,1738000,2000,995,20,37,37,128
21670780108559,TSLA,6390100,6410000,19900,18,50,183,111,595
21680901155192,AAPL,3211600,3214000,2400,85,130,51,41,135
21680901155192,AMZN,18505100,18552700,47600,4,20,29,19,61
21680901155192,GOOGL,14360600,14390000,29400,1,10,11,8,20
21680901155192,MSFT,1736000,1738000,2000,995,20,37,37,128
21680901155192,TSLA,6390100,6410000,19900,18,50,182,111,597
21690548418151,AAPL,3211600,3214000,2400,85,130,51,41,135
21690548418151,AMZN,18505100,18552700,47600,4,20,29,19,61
21690548418151,GOOGL,14360600,14390000,29400,1,10,10,8,19
21690548418151,MSFT,1736000,1738000,2000,995,20,37,38,129
21690548418151,TSLA,6390100,6410000,19900,18,50,182,113,598
21700182490785,AAPL,3211600,3214000,2400,55,130,51,41,135
21700182490785,AMZN,18505100,18552700,47600,4,20,29,19,61
21700182490785,GOOGL,14360600,14390000,29400,1,10,11,8,20
21700182490785,MSFT,1736000,1737000,1000,995,20,37,39,131
21700182490785,TSLA,6390100,6410000,19900,18,50,182,112,597
21710781848256,AAPL,3211600,3214000,2400,55,130,51,41,135
21710781848256,AMZN,18505100,18552700,47600,4,20,29,19,61
21710781848256,GOOGL,14360600,14390000,29400,1,10,11,8,20
21710781848256,MSFT,1736000,1737000,1000,995,20,37,39,131
21710781848256,TSLA,6390100,6408000,17900,18,50,182,113,599
21720107044199,AAPL,3211600,3214000,2400,43,130,51,41,135
21720107044199,AMZN,18505100,18552700,47600,4,20,29,19,61
21720107044199,GOOGL,14365600,14390000,24400,15,10,12,9,22
21720107044199,MSFT,1736000,1737000,1000,995,20,37,39,131
21720107044199,TSLA,6390000,6408000,18000,150,50,181,114,599
21730236977202,AAPL,3211600,3214000,2400,43,130,51,41,135
21730236977202,AMZN,18505100,18552700,47600,4,20,29,19,61
21730236977202,GOOGL,14371200,14390000,18800,15,10,12,8,21
21730236977202,MSFT,1736000,1737000,1000,995,20,37,39,131
21730236977202,TSLA,6390000,6400000,10000,150,1,181,116,602
21740368371760,AAPL,3211600,3214000,2400,43,130,51,41,135
21740368371760,AMZN,18505100,18552700,47600,4,20,29,19,61
21740368371760,GOOGL,14366000,14390000,24000,15,10,12,9,22
21740368371760,MSFT,1736500,1737000,500,1000,20,37,38,130
21740368371760,TSLA,6390000,6400000,10000,150,1,181,117,602
21750224937519,AAPL,3208300,3214000,5700,30,130,50,41,134
21750224937519,AMZN,18505100,18540000,34900,4,30,29,19,60
21750224937519,GOOGL,14366000,14390000,24000,15,10,12,9,22
21750224937519,MSFT,1736500,1737000,500,1000,20,37,38,130
21750224937519,TSLA,6390000,6400000,10000,150,41,181,117,603
21760979369472,AAPL,3210000,3213400,3400,50,30,51,41,134
21760979369472,AMZN,18505100,18540000,34900,4,30,29,19,60
21760979369472,GOOGL,14366100,14390000,23900,15,10,12,8,20
21760979369472,MSFT,1736500,1737000,500,1000,20,37,38,130
21760979369472,TSLA,6390000,6400000,10000,150,41,182,119,606
21770323226512,AAPL,3210000,3213400,3400,50,30,51,41,134
21770323226512,AMZN,18505100,18540000,34900,4,30,29,18,59
21770323226512,GOOGL,14370900,14390000,19100,15,10,12,8,20
21770323226512,MSFT,1736500,1737000,500,1000,20,37,38,130
21770323226512,TSLA,6390000,6400000,10000,150,41,182,119,606
21780059203480,AAPL,3210000,3213300,3300,50,30,51,41,134
21780059203480,AMZN,18505100,18540000,34900,4,30,29,19,60
21780059203480,GOOGL,14366100,14390000,23900,15,10,12,8,20
21780059203480,MSFT,1736500,1737000,500,1000,20,37,37,130
21780059203480,TSLA,6390000,6400000,10000,150,41,182,118,607
21790268433443,AAPL,3210000,3213700,3700,50,30,50,41,133
21790268433443,AMZN,18505100,18540000,34900,4,30,29,19,60
21790268433443,GOOGL,14366900,14390000,23100,50,10,11,7,18
21790268433443,MSFT,1736500,1737000,500,1000,20,37,38,131
21790268433443,TSLA,6390000,6400000,10000,150,46,181,118,606
21801277640786,AAPL,3210000,3213600,3600,50,30,51,41,135
21801277640786,AMZN,18505100,18540000,34900,4,30,29,19,60
21801277640786,GOOGL,14366900,14390000,23100,50,10,11,7,18
21801277640786,MSFT,1736500,1737000,500,1000,20,36,38,128
21801277640786,TSLA,6390000,6404500,14500,150,26,182,118,606
21810090856237,AAPL,3208000,3213100,5100,100,30,49,41,133
21810090856237,AMZN,18505100,18540000,34900,4,30,29,19,60
21810090856237,GOOGL,14366900,14390000,23100,50,10,11,7,18
21810090856237,MSFT,1736500,1737000,500,1000,20,37,39,131
21810090856237,TSLA,6390000,6404500,14500,150,26,183,118,607
21821277734833,AAPL,3208000,3213900,5900,100,30,50,42,135
21821277734833,AMZN,18505100,18540000,34900,4,30,29,19,60
21821277734833,GOOGL,14355300,14390000,34700,15,10,11,8,19
21821277734833,MSFT,1736500,1737000,500,1000,26,37,39,132
21821277734833,TSLA,6390000,6404500,14500,150,26,183,118,608
21831753301151,AAPL,3208000,3213900,5900,100,30,50,43,136
21831753301151,AMZN,18505100,18539900,34800,4,20,29,20,61
21831753301151,GOOGL,14355300,14390000,34700,15,10,10,8,18
21831753301151,MSFT,1736500,1737000,500,1000,26,37,39,132
21831753301151,TSLA,6390000,6404500,14500,150,26,183,118,608
21840111105275,AAPL,3208000,3213900,5900,100,30,50,43,136
21840111105275,AMZN,18505100,18540000,34900,4,30,29,19,60
21840111105275,GOOGL,14355300,14390000,34700,15,10,11,7,18
21840111105275,MSFT,1736500,1737000,500,930,26,37,39,132
21840111105275,TSLA,6390000,6404500,14500,150,26,183,118,608
21850040457092,AAPL,3208000,3213900,5900,100,30,50,43,136
21850040457092,AMZN,18505100,18539900,34800,4,20,29,20,61
21850040457092,GOOGL,14358300,14390000,31700,15,10,10,8,18
21850040457092,MSFT,1736500,1737000,500,930,26,37,39,132
21850040457092,TSLA,6399900,6404500,4600,15,26,184,118,609
21860648229075,AAPL,3208000,3213900,5900,100,30,50,43,136
21860648229075,AMZN,18505100,18539900,34800,4,20,29,20,61
21860648229075,GOOGL,14339900,14389900,50000,26,15,11,7,18
21860648229075,MSFT,1736500,1737000,500,930,26,37,39,132
21860648229075,TSLA,6390000,6404500,14500,150,26,183,118,608
21870055247582,AAPL,3208000,3213900,5900,100,30,50,43,136
21870055247582,AMZN,18505100,18539900,34800,4,20,29,20,61
21870055247582,GOOGL,14336400,14390000,53600,15,10,10,8,18
21870055247582,MSFT,1736500,1737000,500,930,26,37,39,132
21870055247582,TSLA,6397000,6404500,7500,100,26,183,118,609
21880076118627,AAPL,3208000,3213900,5900,100,30,50,43,136
21880076118627,AMZN,18505100,18540000,34900,4,30,29,19,60
21880076118627,GOOGL,14334700,14390000,55300,15,10,10,8,18
21880076118627,MSFT,1736500,1737000,500,930,26,37,40,134
21880076118627,TSLA,6397000,6404500,7500,100,26,184,118,611
21890079935349,AAPL,3208000,3213900,5900,100,30,50,43,136
21890079935349,AMZN,18505100,18540000,34900,4,30,29,19,60
21890079935349,GOOGL,14345800,14388000,42200,14,4,11,8,19
21890079935349,MSFT,1736500,1737000,500,930,26,37,39,132
21890079935349,TSLA,6397000,6404500,7500,100,26,184,118,611
21900561320621,AAPL,3208000,3210000,2000,100,7,50,43,136
21900561320621,AMZN,18505100,18540000,34900,4,30,29,19,60
21900561320621,GOOGL,14340000,14386600,46600,15,13,11,8,19
21900561320621,MSFT,1736500,1737000,500,930,26,37,39,132
21900561320621,TSLA,6397000,6404500,7500,100,26,184,118,611
21910382973676,AAPL,3208000,3210000,2000,100,7,50,43,136
21910382973676,AMZN,18505100,18540000,34900,4,30,29,19,60
21910382973676,GOOGL,14336600,14386400,49800,15,13,11,8,19
21910382973676,MSFT,1736500,1737000,500,930,26,37,39,132
21910382973676,TSLA,6396000,6400000,4000,100,375,183,119,612
21920044119567,AAPL,3208000,3211600,3600,100,30,50,42,135
21920044119567,AMZN,18505100,18540000,34900,4,30,29,19,60
21920044119567,GOOGL,14335700,14387700,52000,15,15,11,8,19
21920044119567,MSFT,1736500,1737000,500,930,26,37,39,132
21920044119567,TSLA,6396000,6400000,4000,100,375,184,119,614
21930121045986,AAPL,3208000,3211000,3000,100,100,49,42,135
21930121045986,AMZN,18505100,18540000,34900,4,80,29,19,61
21930121045986,GOOGL,14330000,14389900,59900,15,15,10,8,18
21930121045986,MSFT,1736500,1737000,500,930,26,37,39,132
21930121045986,TSLA,6396000,6400000,4000,100,375,184,118,613
21940051212209,AAPL,3208000,3211000,3000,100,100,49,42,135
21940051212209,AMZN,18505100,18540000,34900,4,80,29,20,62
21940051212209,GOOGL,14290000,14389900,99900,80,15,9,8,17
21940051212209,MSFT,1736500,1737000,500,930,26,37,39,132
21940051212209,TSLA,6396000,6399900,3900,100,100,184,119,613
21950054336232,AAPL,3208000,3211000,3000,100,100,49,42,136
21950054336232,AMZN,18505100,18540000,34900,4,80,29,20,62
21950054336232,GOOGL,14339000,14389900,50900,7,31,11,8,20
21950054336232,MSFT,1736500,1737000,500,930,26,38,40,132
21950054336232,TSLA,6390000,6400000,10000,150,375,183,119,611
21960014961409,AAPL,3208000,3211000,3000,100,100,50,42,136
21960014961409,AMZN,18505100,18540000,34900,4,80,29,20,62
21960014961409,GOOGL,14350100,14390000,39900,13,10,11,9,20
21960014961409,MSFT,1736500,1737000,500,930,26,38,40,132
21960014961409,TSLA,6398000,6400000,2000,300,325,185,119,613
21970815672908,AAPL,3208000,3211000,3000,130,100,50,42,137
21970815672908,AMZN,18505100,18540000,34900,4,30,29,19,60
21970815672908,GOOGL,14347300,14389900,42600,15,31,11,8,20
21970815672908,MSFT,1736500,1737000,500,930,26,38,41,133
21970815672908,TSLA,6398000,6406800,8800,275,22,185,117,612
21980530539694,AAPL,3208000,3211000,3000,130,100,50,42,137
21980530539694,AMZN,18505100,18530000,24900,4,25,29,20,61
21980530539694,GOOGL,14340800,14389900,49100,8,31,10,8,19
21980530539694,MSFT,1736500,1737000,500,930,26,38,41,133
21980530539694,TSLA,6398000,6406800,8800,275,22,185,117,612
21991185509707,AAPL,3208000,3211000,3000,130,100,50,42,137
21991185509707,AMZN,18505100,18530000,24900,4,25,29,21,62
21991185509707,GOOGL,14338700,14389900,51200,13,15,11,9,20
21991185509707,MSFT,1736500,1737000,500,930,26,38,40,132
21991185509707,TSLA,6398000,6406800,8800,275,22,184,117,611
22000583364895,AAPL,3208000,3211000,3000,130,100,50,42,137
22000583364895,AMZN,18505100,18530000,24900,4,25,29,21,62
22000583364895,GOOGL,14335900,14389900,54000,20,15,10,9,19
22000583364895,MSFT,1736500,1737000,500,930,26,38,40,132
22000583364895,TSLA,6398000,6405500,7500,275,15,184,118,612
22010169699315,AAPL,3208000,3211000,3000,130,100,50,42,137
22010169699315,AMZN,18505100,18530000,24900,4,25,29,21,62
22010169699315,GOOGL,14336400,14389900,53500,20,15,10,9,19
22010169699315,MSFT,1736500,1737000,500,930,26,38,40,132
22010169699315,TSLA,6398000,6405400,7400,275,50,185,118,611
22020972905697,AAPL,3208000,3211000,3000,130,100,50,42,137
22020972905697,AMZN,18505100,18530000,24900,4,25,29,21,62
22020972905697,GOOGL,14335800,14389900,54100,20,15,11,9,20
22020972905697,MSFT,1736500,1737000,500,930,26,38,40,132
22020972905697,TSLA,6398000,6405400,7400,275,16,185,117,610
22030412899072,AAPL,3208000,3211000,3000,130,100,50,42,137
22030412899072,AMZN,18505100,18530000,24900,4,25,29,21,62
22030412899072,GOOGL,14335800,14389900,54100,20,15,11,9,20
22030412899072,MSFT,1736500,1737000,500,930,26,38,40,132
22030412899072,TSLA,6398000,6405300,7300,275,22,185,118,611
22040247233438,AAPL,3208000,3211000,3000,130,100,50,42,137
22040247233438,AMZN,18505100,18530000,24900,4,25,29,21,62
22040247233438,GOOGL,14335800,14389900,54100,20,15,10,9,19
22040247233438,MSFT,1736500,1737000,500,930,26,37,40,131
22040247233438,TSLA,6400000,6405200,5200,50,68,187,118,614
22050175179682,AAPL,3208000,3211000,3000,130,100,50,42,137
22050175179682,AMZN,18505100,18530000,24900,4,25,29,21,62
22050175179682,GOOGL,14335200,14389900,54700,20,15,11,9,20
22050175179682,MSFT,1736500,1737000,500,930,26,37,40,131
22050175179682,TSLA,6400000,6405200,5200,50,18,188,118,614
22060194412864,AAPL,3208000,3211000,3000,130,100,50,42,137
22060194412864,AMZN,18505100,18530000,24900,4,25,29,21,62
22060194412864,GOOGL,14344500,14385800,41300,31,15,10,9,19
22060194412864,MSFT,1736500,1737000,500,930,26,37,40,131
22060194412864,TSLA,6400000,6405200,5200,50,18,189,118,615
22070034153887,AAPL,3208000,3211000,3000,130,100,50,42,137
22070034153887,AMZN,18505100,18530000,24900,4,25,29,21,62
22070034153887,GOOGL,14344500,14389900,45400,31,15,11,9,20
22070034153887,MSFT,1736500,1737000,500,930,26,37,40,131
22070034153887,TSLA,6400000,6405200,5200,50,18,188,118,614
22080313337319,AAPL,3208000,3211000,3000,130,100,50,42,137
22080313337319,AMZN,18505100,18530000,24900,4,25,29,21,62
22080313337319,GOOGL,14344500,14389900,45400,31,15,10,9,19
22080313337319,MSFT,1736500,1737000,500,930,26,37,40,131
22080313337319,TSLA,6398000,6407000,9000,248,90,186,117,611
22091472292138,AAPL,3208000,3211000,3000,130,100,50,42,137
22091472292138,AMZN,18505100,18530000,24900,4,25,29,21,62
22091472292138,GOOGL,14344500,14386500,42000,31,15,11,9,20
22091472292138,MSFT,1736500,1737000,500,930,26,37,40,131
22091472292138,TSLA,6400000,6405000,5000,278,50,187,117,615
22100155924630,AAPL,3208000,3211000,3000,130,100,50,42,137
22100155924630,AMZN,18505100,18530000,24900,4,25,29,21,62
22100155924630,GOOGL,14344500,14389900,45400,31,15,10,9,19
22100155924630,MSFT,1736500,1737000,500,930,26,37,40,131
22100155924630,TSLA,6400000,6405000,5000,278,3,188,118,616
22110077733818,AAPL,3208000,3211000,3000,130,100,50,42,137
22110077733818,AMZN,18505100,18530000,24900,4,25,29,21,62
22110077733818,GOOGL,14344500,14389900,45400,31,15,10,9,19
22110077733818,MSFT,1736500,1737000,500,930,26,37,40,132
22110077733818,TSLA,6400000,6405000,5000,278,3,188,117,615
22120248791402,AAPL,3208000,3211000,3000,130,100,50,42,137
22120248791402,AMZN,18505100,18530000,24900,4,25,29,21,62
22120248791402,GOOGL,14344500,14389900,45400,31,15,10,9,19
22120248791402,MSFT,1736500,1737000,500,930,26,37,40,132
22120248791402,TSLA,6400000,6405000,5000,278,3,188,117,615
22130150435801,AAPL,3206000,3211000,5000,351,100,47,43,134
22130150435801,AMZN,18505100,18530000,24900,4,25,29,21,62
22130150435801,GOOGL,14344500,14389900,45400,31,15,11,9,20
22130150435801,MSFT,1736500,1737000,500,930,26,37,41,133
22130150435801,TSLA,6402200,6418400,16200,14,22,188,115,612
22141275205977,AAPL,3206100,3211000,4900,30,100,49,43,137
22141275205977,AMZN,18505100,18530000,24900,4,25,29,21,62
22141275205977,GOOGL,14344500,14390000,45500,31,10,10,8,18
22141275205977,MSFT,1736500,1737000,500,930,26,37,40,133
22141275205977,TSLA,6400000,6418400,18400,278,22,189,115,613
22152498571880,AAPL,3206100,3211000,4900,30,100,49,43,136
22152498571880,AMZN,18505100,18530000,24900,4,25,29,21,62
22152498571880,GOOGL,14344500,14390000,45500,31,10,10,8,18
22152498571880,MSFT,1736500,1737000,500,930,26,37,40,133
22152498571880,TSLA,6400000,6418500,18500,278,190,189,114,611
22160765944614,AAPL,3206100,3211000,4900,30,100,49,44,136
22160765944614,AMZN,18505100,18530000,24900,4,25,29,21,62
22160765944614,GOOGL,14344500,14390000,45500,31,10,11,8,19
22160765944614,MSFT,1735100,1737000,1900,100,26,36,40,132
22160765944614,TSLA,6400000,6418500,18500,278,190,190,112,613
22170273004135,AAPL,3206100,3211000,4900,30,100,49,44,136
22170273004135,AMZN,18505100,18530000,24900,4,25,28,21,61
22170273004135,GOOGL,14344500,14389900,45400,31,15,10,9,19
22170273004135,MSFT,1735100,1737000,1900,100,26,36,40,132
22170273004135,TSLA,6400000,6418500,18500,278,190,189,113,611
22180123731040,AAPL,3206100,3211000,4900,30,100,49,44,136
22180123731040,AMZN,18505100,18521500,16400,4,25,28,22,62
22180123731040,GOOGL,14344500,14393900,49400,31,15,9,6,15
22180123731040,MSFT,1735100,1737000,1900,100,26,36,40,132
22180123731040,TSLA,6400000,6418500,18500,278,190,188,113,610
22190088615190,AAPL,3206100,3211000,4900,30,100,49,44,136
22190088615190,AMZN,18500000,18521500,21500,19,25,25,22,54
22190088615190,GOOGL,14344500,14386900,42400,31,15,8,6,14
22190088615190,MSFT,1735100,1737000,1900,100,26,36,41,132
22190088615190,TSLA,6410000,6418500,8500,14,190,190,113,613
22200163538542,AAPL,3206000,3211000,5000,141,100,48,44,134
22200163538542,AMZN,18500000,18521500,21500,19,25,26,22,55
22200163538542,GOOGL,14344500,14398600,54100,31,50,9,5,14
22200163538542,MSFT,1735100,1737000,1900,100,26,36,41,132
22200163538542,TSLA,6410000,6418500,8500,14,190,190,113,613
22210728399148,AAPL,3206100,3211000,4900,30,100,48,44,134
22210728399148,AMZN,18500000,18521500,21500,19,25,25,21,53
22210728399148,GOOGL,14344500,14398200,53700,31,50,9,6,15
22210728399148,MSFT,1735100,1737000,1900,100,13,36,41,132
22210728399148,TSLA,6410100,6418500,8400,4,190,189,113,612
22221114242976,AAPL,3206100,3211000,4900,30,100,48,44,134
22221114242976,AMZN,18500000,18521500,21500,19,25,25,22,54
22221114242976,GOOGL,14344400,14390000,45600,36,15,9,6,15
22221114242976,MSFT,1735100,1737000,1900,100,13,36,41,132
22221114242976,TSLA,6410100,6418500,8400,4,190,189,113,613
22230780585089,AAPL,3206100,3211000,4900,30,100,48,43,133
22230780585089,AMZN,18500000,18521500,21500,19,25,25,22,54
22230780585089,GOOGL,14344400,14390000,45600,36,15,9,7,16
22230780585089,MSFT,1735100,1737000,1900,100,13,36,41,132
22230780585089,TSLA,6410100,6418500,8400,4,190,189,113,613
22240595807484,AAPL,3205000,3210900,5900,50,30,47,45,134
22240595807484,AMZN,18500000,18521500,21500,19,25,25,22,54
22240595807484,GOOGL,14344400,14390000,45600,36,15,9,7,16
22240595807484,MSFT,1735500,1737000,1500,371,13,37,41,133
22240595807484,TSLA,6410100,6418000,7900,4,100,189,113,613
22250080751953,AAPL,3205000,3210900,5900,50,30,47,45,134
22250080751953,AMZN,18500000,18521500,21500,19,25,25,22,54
22250080751953,GOOGL,14344400,14390000,45600,36,15,8,7,15
22250080751953,MSFT,1735500,1737000,1500,371,13,37,41,133
22250080751953,TSLA,6410100,6417500,7400,4,50,189,115,615
22260058550085,AAPL,3205000,3209500,4500,50,77,47,45,134
22260058550085,AMZN,18500000,18521500,21500,2,25,25,22,54
22260058550085,GOOGL,14343700,14389900,46200,36,15,8,7,15
22260058550085,MSFT,1735500,1737000,1500,371,13,37,41,133
22260058550085,TSLA,6410100,6417500,7400,4,50,190,115,616
22270562715579,AAPL,3205000,3209500,4500,50,77,47,44,133
22270562715579,AMZN,18500000,18521500,21500,1,25,25,22,54
22270562715579,GOOGL,14343700,14385200,41500,36,15,9,7,16
22270562715579,MSFT,1735500,1737000,1500,371,13,37,41,133
22270562715579,TSLA,6410100,6416000,5900,4,50,190,115,615
22281208556865,AAPL,3205000,3209500,4500,50,77,47,44,134
22281208556865,AMZN,18489600,18521500,31900,2,25,24,22,53
22281208556865,GOOGL,14343700,14389900,46200,36,15,9,7,16
22281208556865,MSFT,1735500,1737000,1500,371,13,37,41,133
22281208556865,TSLA,6410100,6416000,5900,4,50,190,115,617
22290045021459,AAPL,3205000,3209500,4500,50,77,47,45,135
22290045021459,AMZN,18489600,18520000,30400,2,25,24,21,52
22290045021459,GOOGL,14343000,14389800,46800,36,15,9,7,16
22290045021459,MSFT,1735500,1737000,1500,371,13,37,41,133
22290045021459,TSLA,6416000,6418000,2000,4,100,191,113,614
22300225247013,AAPL,3207300,3209500,2200,31,77,48,45,136
22300225247013,AMZN,18489600,18520000,30400,2,25,24,22,53
22300225247013,GOOGL,14340500,14390000,49500,9,15,8,7,15
22300225247013,MSFT,1735500,1737000,1500,371,13,37,41,133
22300225247013,TSLA,6410000,6418000,8000,10,100,190,114,614
22310040940064,AAPL,3207300,3209500,2200,31,77,48,44,136
22310040940064,AMZN,18489600,18520000,30400,2,25,24,22,53
22310040940064,GOOGL,14340500,14390000,49500,9,15,8,7,15
22310040940064,MSFT,1735500,1737000,1500,371,13,37,41,133
22310040940064,TSLA,6410000,6417000,7000,10,200,190,115,615
22320425349977,AAPL,3207300,3209500,2200,31,77,48,44,136
22320425349977,AMZN,18489600,18520000,30400,2,25,24,21,52
22320425349977,GOOGL,14340500,14390000,49500,9,15,9,7,16
22320425349977,MSFT,1735000,1737000,2000,100,13,36,41,131
22320425349977,TSLA,6410000,6415000,5000,10,10,190,117,616
22330014600298,AAPL,3207300,3209500,2200,31,77,48,44,136
22330014600298,AMZN,18489600,18520000,30400,2,25,24,22,53
22330014600298,GOOGL,14340500,14385000,44500,9,15,8,7,15
22330014600298,MSFT,1735000,1737000,2000,100,13,36,41,131
22330014600298,TSLA,6410000,6417500,7500,10,100,190,115,615
22340180214220,AAPL,3207300,3209500,2200,31,77,47,45,137
22340180214220,AMZN,18489600,18520000,30400,2,25,24,22,53
22340180214220,GOOGL,14340500,14385400,44900,9,15,9,7,16
22340180214220,MSFT,1735000,1737000,2000,100,13,36,41,131
22340180214220,TSLA,6412100,6417500,5400,1,100,191,116,618
22350069670119,AAPL,3207300,3209500,2200,31,77,47,45,137
22350069670119,AMZN,18489600,18520000,30400,2,25,24,22,53
22350069670119,GOOGL,14340500,14390000,49500,9,15,9,7,16
22350069670119,MSFT,1735000,1737000,2000,100,13,36,41,131
22350069670119,TSLA,6405000,6408800,3800,1,28,189,116,616
22360468876518,AAPL,3207300,3209500,2200,26,77,47,45,137
22360468876518,AMZN,18489600,18520000,30400,2,25,24,22,53
22360468876518,GOOGL,14340500,14390000,49500,9,15,9,7,16
22360468876518,MSFT,1735000,1737000,2000,100,13,36,41,131
22360468876518,TSLA,6405000,6417100,12100,1,190,189,116,617
22370106050021,AAPL,3207300,3209500,2200,26,77,48,46,137
22370106050021,AMZN,18489600,18520000,30400,2,25,24,22,53
22370106050021,GOOGL,14340500,14390000,49500,9,15,9,7,16
22370106050021,MSFT,1735000,1737000,2000,100,13,36,41,131
22370106050021,TSLA,6415000,6417100,2100,42,190,190,116,617
22380172079857,AAPL,3207300,3209500,2200,26,77,48,46,137
22380172079857,AMZN,18489600,18520000,30400,2,25,24,22,53
22380172079857,GOOGL,14340500,14389100,48600,9,15,8,7,15
22380172079857,MSFT,1735000,1737000,2000,100,13,36,41,131
22380172079857,TSLA,6408700,6415000,6300,1000,80,189,116,618
22390826107403,AAPL,3207300,3209500,2200,26,77,48,46,137
22390826107403,AMZN,18489600,18520000,30400,2,25,24,22,53
22390826107403,GOOGL,14340500,14385500,45000,9,15,9,6,15
22390826107403,MSFT,1735000,1737000,2000,100,13,36,41,131
22390826107403,TSLA,6408700,6415000,6300,1000,80,190,116,619
22400485207798,AAPL,3207300,3209500,2200,26,77,48,46,137
22400485207798,AMZN,18489600,18520000,30400,2,25,24,22,53
22400485207798,GOOGL,14340500,14389700,49200,9,15,8,7,15
22400485207798,MSFT,1735000,1737000,2000,100,13,36,41,131
22400485207798,TSLA,6408700,6415000,6300,1000,80,190,116,619
22410221313260,AAPL,3207300,3209500,2200,26,77,48,46,137
22410221313260,AMZN,18490000,18520000,30000,181,25,25,22,54
22410221313260,GOOGL,14340500,14389700,49200,9,15,9,7,16
22410221313260,MSFT,1735100,1737000,1900,100,13,36,41,131
22410221313260,TSLA,6408700,6415000,6300,1000,80,190,116,619
22420199232997,AAPL,3207300,3209500,2200,26,77,48,46,137
22420199232997,AMZN,18490000,18520000,30000,181,25,25,22,54
22420199232997,GOOGL,14340500,14389700,49200,9,15,9,7,16
22420199232997,MSFT,1735100,1737000,1900,100,13,36,41,131
22420199232997,TSLA,6410000,6415000,5000,200,80,190,117,620
22430029220754,AAPL,3207300,3209500,2200,26,77,49,46,138
22430029220754,AMZN,18490000,18520000,30000,181,25,25,22,54
22430029220754,GOOGL,14340500,14389700,49200,9,15,8,7,15
22430029220754,MSFT,1735100,1737000,1900,100,13,37,41,132
22430029220754,TSLA,6410000,6417100,7100,200,190,191,116,620
22440094170914,AAPL,3207300,3209500,2200,26,77,49,46,138
22440094170914,AMZN,18490000,18520000,30000,181,25,25,22,54
22440094170914,GOOGL,14340500,14389700,49200,9,15,8,7,15
22440094170914,MSFT,1735100,1737000,1900,100,13,37,40,132
22440094170914,TSLA,6405000,6415000,10000,1,3,188,116,618
22450251470911,AAPL,3207300,3209500,2200,26,77,49,46,138
22450251470911,AMZN,18490000,18520000,30000,181,25,25,22,54
22450251470911,GOOGL,14340500,14389700,49200,9,15,9,7,16
22450251470911,MSFT,1735500,1737000,1500,100,13,37,41,133
22450251470911,TSLA,6400000,6408500,8500,278,91,188,117,618
22460300137817,AAPL,3207300,3209500,2200,26,77,49,46,138
22460300137817,AMZN,18490000,18520000,30000,181,25,25,22,55
22460300137817,GOOGL,14336200,14384200,48000,50,15,8,7,15
22460300137817,MSFT,1735000,1737000,2000,100,163,37,41,134
22460300137817,TSLA,6392000,6408500,16500,50,91,186,118,618
22470030758780,AAPL,3205000,3209500,4500,50,77,48,46,137
22470030758780,AMZN,18490000,18520000,30000,181,25,24,22,54
22470030758780,GOOGL,14336000,14379400,43400,22,10,9,6,15
22470030758780,MSFT,1735000,1737000,2000,383,163,37,41,134
22470030758780,TSLA,6392000,6400000,8000,50,91,187,118,618
22480767816430,AAPL,3205000,3209500,4500,50,77,48,46,137
22480767816430,AMZN,18490000,18520000,30000,181,25,25,22,55
22480767816430,GOOGL,14338600,14382900,44300,39,26,8,7,15
22480767816430,MSFT,1735100,1737000,1900,100,163,38,41,134
22480767816430,TSLA,6392000,6400000,8000,50,91,187,118,619
22490058390445,AAPL,3205000,3209500,4500,50,77,48,46,137
22490058390445,AMZN,18490000,18520000,30000,181,25,25,22,55
22490058390445,GOOGL,14338600,14390000,51400,50,15,9,6,15
22490058390445,MSFT,1735100,1737000,1900,100,163,38,41,134
22490058390445,TSLA,6392000,6400000,8000,50,91,187,118,619
22500009817842,AAPL,3205000,3209500,4500,50,77,48,46,137
22500009817842,AMZN,18490000,18512500,22500,181,150,25,23,55
22500009817842,GOOGL,14338600,14385500,46900,50,15,8,7,15
22500009817842,MSFT,1735000,1737000,2000,383,163,38,41,135
22500009817842,TSLA,6392000,6400000,8000,50,91,187,117,620
22510047194640,AAPL,3205000,3210600,5600,50,30,47,46,136
22510047194640,AMZN,18490000,18512500,22500,100,150,25,23,56
22510047194640,GOOGL,14338600,14384800,46200,50,15,10,7,17
22510047194640,MSFT,1735000,1737000,2000,283,163,38,41,134
22510047194640,TSLA,6398800,6400000,1200,10,91,188,118,623
22520123133978,AAPL,3205000,3210600,5600,50,30,47,46,136
22520123133978,AMZN,18490000,18519300,29300,100,10,25,22,55
22520123133978,GOOGL,14338600,14384200,45600,50,33,10,6,16
22520123133978,MSFT,1735000,1737000,2000,283,163,38,41,134
22520123133978,TSLA,6398800,6400000,1200,10,75,188,118,624
22530255252360,AAPL,3205000,3211000,6000,50,130,47,45,136
22530255252360,AMZN,18490000,18519300,29300,100,10,25,22,55
22530255252360,GOOGL,14338600,14384100,45500,50,15,9,7,16
22530255252360,MSFT,1735000,1737000,2000,283,163,38,41,134
22530255252360,TSLA,6392000,6400000,8000,50,75,187,119,623
22540435687796,AAPL,3205000,3211000,6000,50,130,47,45,138
22540435687796,AMZN,18489600,18490000,400,2,24,24,23,55
22540435687796,GOOGL,14338600,14384800,46200,50,15,10,7,17
22540435687796,MSFT,1735000,1737000,2000,283,163,37,40,132
22540435687796,TSLA,6392000,6400000,8000,50,114,186,119,624
22550136602646,AAPL,3205000,3211000,6000,50,100,47,45,138
22550136602646,AMZN,18489600,18519300,29700,2,10,24,22,53
22550136602646,GOOGL,14338600,14385400,46800,50,15,10,7,17
22550136602646,MSFT,1735000,1737000,2000,283,163,38,40,133
22550136602646,TSLA,6392000,6400000,8000,50,114,187,119,626
22560064541588,AAPL,3205000,3210900,5900,50,30,47,46,140
22560064541588,AMZN,18489600,18499700,10100,2,6,24,24,55
22560064541588,GOOGL,14338600,14384400,45800,39,15,10,6,16
22560064541588,MSFT,1735000,1737000,2000,283,113,38,41,132
22560064541588,TSLA,6397000,6400000,3000,200,114,188,119,628
22570095874336,AAPL,3205000,3210900,5900,50,30,47,46,141
22570095874336,AMZN,18489600,18499700,10100,2,6,24,25,56
22570095874336,GOOGL,14338300,14383000,44700,38,33,10,6,16
22570095874336,MSFT,1735000,1736900,1900,283,100,38,42,133
22570095874336,TSLA,6397000,6400000,3000,200,14,188,118,626
22580075256223,AAPL,3205000,3210900,5900,50,30,47,46,141
22580075256223,AMZN,18489600,18499700,10100,2,6,24,24,54
22580075256223,GOOGL,14338300,14381100,42800,38,21,10,6,16
22580075256223,MSFT,1735000,1736900,1900,283,100,38,42,133
22580075256223,TSLA,6397000,6400000,3000,200,14,189,120,628
22590780215645,AAPL,3205000,3210900,5900,50,30,47,46,141
22590780215645,AMZN,18489600,18499700,10100,2,6,24,23,53
22590780215645,GOOGL,14336100,14383200,47100,50,15,10,7,17
22590780215645,MSFT,1735000,1737000,2000,283,113,38,41,132
22590780215645,TSLA,6397000,6400000,3000,200,14,189,120,629
22600026964785,AAPL,3205000,3211000,6000,50,100,47,45,140
22600026964785,AMZN,18489600,18499700,10100,2,6,24,24,54
22600026964785,GOOGL,14336100,14383200,47100,50,22,10,7,17
22600026964785,MSFT,1735000,1737000,2000,283,113,38,40,132
22600026964785,TSLA,6397000,6399600,2600,123,15,188,122,631
22610029469287,AAPL,3205000,3207000,2000,50,100,47,46,141
22610029469287,AMZN,18489600,18499700,10100,2,6,24,24,54
22610029469287,GOOGL,14336100,14383200,47100,50,15,10,7,17
22610029469287,MSFT,1735000,1737000,2000,283,1313,39,40,134
22610029469287,TSLA,6399600,6400000,400,5,11,189,120,633
22620053741289,AAPL,3205000,3207000,2000,50,100,47,46,141
22620053741289,AMZN,18489600,18499700,10100,2,6,24,24,54
22620053741289,GOOGL,14336100,14383300,47200,50,22,10,6,16
22620053741289,MSFT,1734200,1737000,2800,100,1313,39,40,134
22620053741289,TSLA,6399400,6400000,600,5,11,190,120,636
22630652212576,AAPL,3205000,3207000,2000,50,100,47,46,141
22630652212576,AMZN,18489600,18499700,10100,2,6,24,24,54
22630652212576,GOOGL,14336100,14383200,47100,50,15,9,7,16
22630652212576,MSFT,1733900,1737000,3100,100,1313,38,40,133
22630652212576,TSLA,6397000,6400000,3000,123,11,189,119,633
22640050668226,AAPL,3205000,3210900,5900,50,30,47,46,141
22640050668226,AMZN,18489600,18499700,10100,2,6,24,24,54
22640050668226,GOOGL,14336100,14383300,47200,50,22,10,6,16
22640050668226,MSFT,1734200,1737000,2800,100,1313,38,40,132
22640050668226,TSLA,6395000,6399600,4600,5,1,188,118,631
22651055828337,AAPL,3205000,3210800,5800,50,30,47,46,141
22651055828337,AMZN,18489600,18499700,10100,2,6,24,24,54
22651055828337,GOOGL,14336100,14383300,47200,50,22,9,6,15
22651055828337,MSFT,1734200,1736400,2200,100,24,38,40,132
22651055828337,TSLA,6392000,6399600,7600,150,1,188,118,631
22660070041699,AAPL,3205000,3210800,5800,50,30,47,46,141
22660070041699,AMZN,18489600,18499700,10100,2,6,24,24,54
22660070041699,GOOGL,14334900,14382600,47700,50,15,9,7,16
22660070041699,MSFT,1734200,1736400,2200,100,24,38,41,133
22660070041699,TSLA,6392000,6399600,7600,150,1,187,118,631
22670102892962,AAPL,3205000,3210800,5800,50,30,47,46,141
22670102892962,AMZN,18489600,18499700,10100,2,6,24,24,54
22670102892962,GOOGL,14334900,14382500,47600,50,15,10,7,17
22670102892962,MSFT,1734100,1736400,2300,100,24,38,41,133
22670102892962,TSLA,6398900,6409300,10400,14,100,188,117,631
22680168839523,AAPL,3206000,3210900,4900,150,30,48,46,142
22680168839523,AMZN,18489600,18499700,10100,2,6,24,24,54
22680168839523,GOOGL,14334900,14384000,49100,50,27,10,6,16
22680168839523,MSFT,1734200,1736400,2200,100,24,38,41,133
22680168839523,TSLA,6392000,6409300,17300,150,100,188,117,630
22691670463387,AAPL,3206000,3210900,4900,150,30,49,45,142
22691670463387,AMZN,18489600,18499700,10100,2,6,24,24,54
22691670463387,GOOGL,14334900,14383900,49000,50,27,10,6,16
22691670463387,MSFT,1732200,1737000,4800,100,1250,39,40,133
22691670463387,TSLA,6392000,6409300,17300,150,100,188,117,630
22700068302150,AAPL,3206000,3210000,4000,150,100,49,44,141
22700068302150,AMZN,18489600,18499700,10100,2,6,24,24,54
22700068302150,GOOGL,14334900,14385100,50200,50,15,10,6,16
22700068302150,MSFT,1732200,1737000,4800,100,1250,39,40,133
22700068302150,TSLA,6397000,6409300,12300,10,100,189,117,630
22710010573674,AAPL,3206000,3210000,4000,150,100,49,44,141
22710010573674,AMZN,18489600,18499700,10100,2,6,24,24,54
22710010573674,GOOGL,14334900,14386000,51100,50,15,9,7,16
22710010573674,MSFT,1732200,1737000,4800,100,1250,39,40,133
22710010573674,TSLA,6397000,6409300,12300,10,100,191,117,632
22720420891075,AAPL,3206000,3210000,4000,150,100,49,44,141
22720420891075,AMZN,18489600,18499700,10100,2,6,24,23,53
22720420891075,GOOGL,14334900,14385000,50100,50,15,10,6,16
22720420891075,MSFT,1732200,1737000,4800,100,1250,39,39,132
22720420891075,TSLA,6397000,6409300,12300,10,100,191,117,632
22730067365577,AAPL,3206000,3210000,4000,150,100,49,44,141
22730067365577,AMZN,18489600,18499700,10100,2,6,24,23,53
22730067365577,GOOGL,14334900,14386500,51600,50,36,10,7,17
22730067365577,MSFT,1732200,1737000,4800,100,1250,39,40,133
22730067365577,TSLA,6397000,6409300,12300,10,100,191,117,632
22740038087514,AAPL,3206000,3210000,4000,50,100,49,44,141
22740038087514,AMZN,18489600,18499700,10100,2,6,24,23,53
22740038087514,GOOGL,14334900,14386700,51800,50,28,9,6,15
22740038087514,MSFT,1732200,1737000,4800,100,1250,39,40,133
22740038087514,TSLA,6397000,6409300,12300,10,100,191,116,633
22750078077342,AAPL,3206000,3210000,4000,50,100,49,44,141
22750078077342,AMZN,18489600,18499700,10100,2,6,24,23,53
22750078077342,GOOGL,14334900,14386100,51200,50,29,10,7,17
22750078077342,MSFT,1732200,1736800,4600,100,14,39,41,135
22750078077342,TSLA,6397000,6409300,12300,10,100,190,117,633
22760115910392,AAPL,3206000,3210000,4000,5,100,49,44,141
22760115910392,AMZN,18489600,18499700,10100,2,6,24,23,53
22760115910392,GOOGL,14334900,14381400,46500,50,15,10,7,17
22760115910392,MSFT,1732200,1737000,4800,100,1250,39,40,134
22760115910392,TSLA,6397000,6408800,11800,10,200,191,118,634
22770091769367,AAPL,3205000,3210000,5000,50,100,48,44,140
22770091769367,AMZN,18489600,18499700,10100,2,6,24,23,53
22770091769367,GOOGL,14334900,14387200,52300,50,15,10,7,17
22770091769367,MSFT,1732200,1737000,4800,100,1250,39,40,134
22770091769367,TSLA,6397000,6409300,12300,10,100,191,116,632
22781629281007,AAPL,3205000,3210000,5000,50,100,48,44,140
22781629281007,AMZN,18470100,18499700,29600,77,6,23,22,51
22781629281007,GOOGL,14334900,14385100,50200,50,15,10,7,17
22781629281007,MSFT,1732200,1737000,4800,100,1250,39,40,133
22781629281007,TSLA,6397000,6409300,12300,10,100,191,117,634
22790635379080,AAPL,3205000,3210000,5000,50,100,48,44,140
22790635379080,AMZN,18470100,18499700,29600,77,6,23,22,51
22790635379080,GOOGL,14327600,14385100,57500,15,45,9,6,16
22790635379080,MSFT,1732200,1737000,4800,100,1250,39,40,133
22790635379080,TSLA,6401000,6409300,8300,30,100,192,117,634
22800363052980,AAPL,3205000,3210000,5000,50,100,48,44,140
22800363052980,AMZN,18460100,18499700,39600,80,6,22,22,50
22800363052980,GOOGL,14339100,14381500,42400,50,15,10,7,17
22800363052980,MSFT,1732200,1737000,4800,100,50,39,40,132
22800363052980,TSLA,6402300,6409300,7000,300,100,194,117,636
22810050403105,AAPL,3205000,3210000,5000,50,100,48,44,140
22810050403105,AMZN,18460000,18499700,39700,1,6,22,22,50
22810050403105,GOOGL,14338800,14379700,40900,50,15,10,6,16
22810050403105,MSFT,1732200,1737000,4800,100,50,39,40,132
22810050403105,TSLA,6402300,6409300,7000,300,100,194,117,636
22820141237610,AAPL,3205000,3210000,5000,50,100,48,44,140
22820141237610,AMZN,18460000,18499700,39700,1,6,23,22,51
22820141237610,GOOGL,14343500,14383000,39500,15,15,10,7,17
22820141237610,MSFT,1732200,1737000,4800,100,50,39,40,132
22820141237610,TSLA,6402300,6409300,7000,300,90,193,115,636
22830035897832,AAPL,3205000,3210000,5000,50,100,48,44,140
22830035897832,AMZN,18460000,18499700,39700,1,6,25,22,53
22830035897832,GOOGL,14345300,14382800,37500,17,15,9,7,16
22830035897832,MSFT,1732200,1736800,4600,100,10,39,41,133
22830035897832,TSLA,6401000,6409300,8300,69,90,193,115,637
22840057074409,AAPL,3205000,3210000,5000,50,100,48,44,140
22840057074409,AMZN,18460000,18499700,39700,1,6,23,21,51
22840057074409,GOOGL,14338400,14380200,41800,15,15,10,7,17
22840057074409,MSFT,1732200,1736800,4600,100,10,39,41,134
22840057074409,TSLA,6401000,6409300,8300,69,90,193,117,637
22850034091759,AAPL,3205000,3210000,5000,50,100,48,44,140
22850034091759,AMZN,18460000,18499700,39700,1,6,24,22,53
22850034091759,GOOGL,14322500,14384100,61600,15,15,9,6,15
22850034091759,MSFT,1732200,1736800,4600,100,10,39,41,134
22850034091759,TSLA,6401000,6409300,8300,69,90,193,116,635
22860411034704,AAPL,3205000,3210000,5000,50,100,47,43,140
22860411034704,AMZN,18460000,18499700,39700,1,6,24,22,53
22860411034704,GOOGL,14338500,14384400,45900,50,20,9,7,16
22860411034704,MSFT,1732200,1737000,4800,100,50,40,40,135
22860411034704,TSLA,6401000,6409300,8300,69,90,193,116,635
22870037354628,AAPL,3205000,3210000,5000,51,100,46,43,141
22870037354628,AMZN,18460000,18499700,39700,1,6,24,22,53
22870037354628,GOOGL,14345500,14386100,40600,13,18,10,6,16
22870037354628,MSFT,1732200,1737000,4800,100,50,40,40,135
22870037354628,TSLA,6401000,6409300,8300,69,90,193,116,636
22880541844205,AAPL,3206800,3210000,3200,2,100,47,43,142
22880541844205,AMZN,18460000,18499700,39700,1,6,24,23,54
22880541844205,GOOGL,14339500,14384700,45200,37,38,10,6,16
22880541844205,MSFT,1732200,1737000,4800,100,50,40,40,136
22880541844205,TSLA,6401000,6409300,8300,69,90,194,116,637
22890022089704,AAPL,3206000,3210000,4000,10,100,47,43,142
22890022089704,AMZN,18460000,18499700,39700,1,6,24,23,54
22890022089704,GOOGL,14336800,14380200,43400,15,13,10,7,17
22890022089704,MSFT,1732200,1737000,4800,100,50,40,40,136
22890022089704,TSLA,6401000,6409300,8300,69,90,193,116,638
22900123125057,AAPL,3206000,3210000,4000,10,130,47,43,142
22900123125057,AMZN,18460000,18498800,38800,1,6,23,22,52
22900123125057,GOOGL,14335300,14375800,40500,48,13,9,7,16
22900123125057,MSFT,1732200,1737000,4800,100,50,40,40,136
22900123125057,TSLA,6401000,6409300,8300,69,90,192,116,638
22910024943375,AAPL,3206000,3210000,4000,10,130,47,43,142
22910024943375,AMZN,18460000,18498800,38800,1,6,24,22,53
22910024943375,GOOGL,14337900,14378600,40700,27,19,10,7,17
22910024943375,MSFT,1732200,1737000,4800,100,50,40,40,136
22910024943375,TSLA,6401000,6409300,8300,69,90,192,116,641
22920036813004,AAPL,3206000,3210000,4000,10,130,47,43,142
22920036813004,AMZN,18460000,18498800,38800,1,6,23,23,53
22920036813004,GOOGL,14338700,14380600,41900,33,8,9,7,16
22920036813004,MSFT,1732200,1737000,4800,100,50,40,40,136
22920036813004,TSLA,6401000,6409300,8300,69,90,192,115,640
22930073748209,AAPL,3205000,3210000,5000,51,130,46,43,141
22930073748209,AMZN,18460000,18498800,38800,1,6,24,23,54
22930073748209,GOOGL,14339100,14379900,40800,35,8,10,7,17
22930073748209,MSFT,1732200,1737000,4800,100,50,40,40,136
22930073748209,TSLA,6401000,6409300,8300,69,90,193,115,643
22940182788941,AAPL,3205000,3209900,4900,51,30,46,44,141
22940182788941,AMZN,18460000,18498800,38800,1,6,24,23,54
22940182788941,GOOGL,14337900,14379600,41700,34,8,10,6,16
22940182788941,MSFT,1732200,1737000,4800,100,50,40,40,136
22940182788941,TSLA,6401100,6409300,8200,18,90,194,116,644
22950369798920,AAPL,3204700,3209900,5200,151,30,45,44,139
22950369798920,AMZN,18460000,18498800,38800,1,6,24,22,53
22950369798920,GOOGL,14337200,14370600,33400,19,17,10,7,17
22950369798920,MSFT,1732200,1737000,4800,100,50,40,40,136
22950369798920,TSLA,6401100,6409300,8200,18,90,194,116,646
22960050505739,AAPL,3201800,3205000,3200,30,243,44,44,139
22960050505739,AMZN,18460000,18498800,38800,1,6,24,23,54
22960050505739,GOOGL,14339500,14370600,31100,11,13,9,7,16
22960050505739,MSFT,1732200,1737000,4800,100,50,40,40,136
22960050505739,TSLA,6401100,6409300,8200,18,90,193,116,643
22970411290540,AAPL,3201800,3204500,2700,30,99,45,45,141
22970411290540,AMZN,18460000,18498800,38800,1,4,22,23,52
22970411290540,GOOGL,14337200,14376200,39000,19,7,10,7,17
22970411290540,MSFT,1732200,1737000,4800,100,50,40,40,136
22970411290540,TSLA,6401100,6409300,8200,18,90,193,117,644
22980075993192,AAPL,3201800,3205000,3200,30,243,45,44,140
22980075993192,AMZN,18460000,18498800,38800,1,4,23,23,53
22980075993192,GOOGL,14340800,14377500,36700,15,7,9,7,16
22980075993192,MSFT,1732200,1737000,4800,100,50,40,40,136
22980075993192,TSLA,6401100,6409300,8200,18,90,193,117,645
22990041948713,AAPL,3201900,3205000,3100,30,243,45,44,140
22990041948713,AMZN,18460000,18498800,38800,1,4,23,22,52
22990041948713,GOOGL,14341300,14378500,37200,15,7,10,7,17
22990041948713,MSFT,1732200,1737000,4800,100,150,40,40,137
22990041948713,TSLA,6401100,6409300,8200,18,90,193,117,645
23000151385288,AAPL,3201900,3203500,1600,30,65,46,46,141
23000151385288,AMZN,18460000,18498800,38800,1,4,23,23,53
23000151385288,GOOGL,14341400,14378500,37100,15,7,10,6,16
23000151385288,MSFT,1732100,1737000,4900,100,50,39,40,135
23000151385288,TSLA,6401100,6409300,8200,18,90,193,118,647
23010106067595,AAPL,3201900,3203500,1600,30,31,46,47,142
23010106067595,AMZN,18460000,18498800,38800,1,4,23,23,53
23010106067595,GOOGL,14341500,14378600,37100,15,7,10,7,17
23010106067595,MSFT,1732100,1737000,4900,200,50,39,40,136
23010106067595,TSLA,6401000,6409300,8300,69,90,193,118,646
23020204131370,AAPL,3201900,3203500,1600,30,2,46,47,142
23020204131370,AMZN,18460000,18498800,38800,1,4,23,23,53
23020204131370,GOOGL,14341900,14378600,36700,14,7,9,7,16
23020204131370,MSFT,1732100,1737000,4900,200,50,39,40,136
23020204131370,TSLA,6401000,6409300,8300,69,90,193,117,645
23030196281953,AAPL,3201900,3203500,1600,30,2,47,47,143
23030196281953,AMZN,18460000,18498800,38800,1,4,23,23,53
23030196281953,GOOGL,14341800,14378600,36800,14,7,9,7,16
23030196281953,MSFT,1732100,1737000,4900,100,50,38,40,135
23030196281953,TSLA,6401000,6409300,8300,69,90,192,118,644
23040038645921,AAPL,3201900,3203500,1600,30,2,47,49,145
23040038645921,AMZN,18460000,18498800,38800,1,4,23,23,53
23040038645921,GOOGL,14341700,14378600,36900,14,7,9,7,16
23040038645921,MSFT,1733400,1737000,3600,100,50,40,40,137
23040038645921,TSLA,6401000,6409300,8300,69,90,194,118,646
23050839065705,AAPL,3201900,3203500,1600,30,2,48,49,147
23050839065705,AMZN,18460000,18498800,38800,1,4,23,23,53
23050839065705,GOOGL,14341700,14378600,36900,14,7,10,6,16
23050839065705,MSFT,1733400,1737000,3600,200,50,40,40,138
23050839065705,TSLA,6401000,6409300,8300,69,90,194,118,646
23060841830245,AAPL,3201900,3203500,1600,30,2,47,49,147
23060841830245,AMZN,18460000,18498800,38800,1,4,23,23,53
23060841830245,GOOGL,14341100,14378600,37500,14,7,9,6,15
23060841830245,MSFT,1733400,1737000,3600,100,50,40,40,137
23060841830245,TSLA,6401100,6409300,8200,19,90,195,116,646
23070630106427,AAPL,3201900,3203500,1600,30,2,47,49,147
23070630106427,AMZN,18460000,18498800,38800,1,4,22,23,52
23070630106427,GOOGL,14341100,14378600,37500,14,7,9,6,15
23070630106427,MSFT,1733400,1737000,3600,100,50,40,39,137
23070630106427,TSLA,6401100,6409300,8200,19,90,195,118,647
23080210032887,AAPL,3201900,3203500,1600,30,2,45,49,145
23080210032887,AMZN,18460000,18498800,38800,1,4,23,23,53
23080210032887,GOOGL,14341200,14377800,36600,14,7,9,7,16
23080210032887,MSFT,1733400,1737000,3600,100,50,40,39,137
23080210032887,TSLA,6401100,6409300,8200,19,90,195,118,647
23090267014968,AAPL,3201700,3209900,8200,30,30,45,45,140
23090267014968,AMZN,18460000,18498800,38800,1,4,23,24,54
23090267014968,GOOGL,14341200,14378500,37300,14,7,10,7,17
23090267014968,MSFT,1733400,1737000,3600,100,50,39,39,136
23090267014968,TSLA,6403300,6409300,6000,16,70,194,117,646
23100438288311,AAPL,3201800,3209900,8100,30,30,46,46,142
23100438288311,AMZN,18460000,18498800,38800,1,4,23,24,54
23100438288311,GOOGL,14341200,14378500,37300,14,7,9,7,16
23100438288311,MSFT,1732100,1733300,1200,100,100,39,40,137
23100438288311,TSLA,6403300,6409300,6000,16,70,194,117,648
23110254304476,AAPL,3201700,3204700,3000,30,34,47,46,143
23110254304476,AMZN,18450500,18498800,48300,100,4,23,23,53
23110254304476,GOOGL,14341200,14378500,37300,14,7,10,7,17
23110254304476,MSFT,1732100,1733300,1200,182,100,38,40,139
23110254304476,TSLA,6401000,6409300,8300,69,70,193,117,648
23120034247758,AAPL,3201700,3204700,3000,21,34,47,46,143
23120034247758,AMZN,18450500,18498800,48300,100,4,23,22,52
23120034247758,GOOGL,14341200,14378500,37300,14,7,10,7,17
23120034247758,MSFT,1732200,1733300,1100,100,100,39,40,138
23120034247758,TSLA,6401100,6409300,8200,20,70,195,118,649
23130034377673,AAPL,3201700,3204600,2900,21,7,47,48,145
23130034377673,AMZN,18450500,18498800,48300,99,4,23,23,53
23130034377673,GOOGL,14341100,14378500,37400,14,7,10,7,17
23130034377673,MSFT,1733200,1737000,3800,900,50,40,38,137
23130034377673,TSLA,6401000,6409300,8300,69,70,194,118,650
23140407587872,AAPL,3201700,3204400,2700,21,7,47,48,145
23140407587872,AMZN,18450500,18498800,48300,99,4,23,23,53
23140407587872,GOOGL,14341100,14378500,37400,14,7,10,7,17
23140407587872,MSFT,1732100,1736700,4600,100,25,38,39,136
23140407587872,TSLA,6401000,6409300,8300,69,70,194,118,650
23150063284879,AAPL,3201300,3204400,3100,30,7,46,48,144
23150063284879,AMZN,18450500,18498800,48300,99,4,23,23,53
23150063284879,GOOGL,14341100,14378500,37400,14,7,10,7,17
23150063284879,MSFT,1732600,1736700,4100,100,25,40,38,137
23150063284879,TSLA,6401000,6409300,8300,69,70,194,118,650
23160035868268,AAPL,3201300,3204400,3100,30,7,46,48,145
23160035868268,AMZN,18450500,18498800,48300,99,4,22,22,51
23160035868268,GOOGL,14341100,14378500,37400,14,7,10,6,16
23160035868268,MSFT,1732600,1736700,4100,100,25,39,40,138
23160035868268,TSLA,6401000,6409300,8300,69,70,194,118,652
23170016929577,AAPL,3201300,3204700,3400,23,34,46,47,146
23170016929577,AMZN,18450500,18498800,48300,99,4,23,23,53
23170016929577,GOOGL,14341100,14378500,37400,14,7,10,7,17
23170016929577,MSFT,1732100,1732200,100,100,257,38,43,140
23170016929577,TSLA,6400000,6409300,9300,179,70,193,118,648
23180403062771,AAPL,3201300,3204700,3400,23,34,46,47,147
23180403062771,AMZN,18450500,18498800,48300,99,4,23,23,53
23180403062771,GOOGL,14341100,14377700,36600,14,15,9,7,16
23180403062771,MSFT,1732100,1732200,100,50,5,39,43,141
23180403062771,TSLA,6400000,6409300,9300,179,70,193,118,648
23190659777779,AAPL,3201300,3204700,3400,23,34,46,47,147
23190659777779,AMZN,18451000,18498800,47800,5,4,24,23,54
23190659777779,GOOGL,14341100,14378400,37300,14,7,10,6,16
23190659777779,MSFT,1732100,1732200,100,50,5,39,43,141
23190659777779,TSLA,6400000,6409300,9300,179,70,193,118,648
23201111825964,AAPL,3201400,3204600,3200,30,34,46,47,147
23201111825964,AMZN,18451000,18498800,47800,5,4,24,23,54
23201111825964,GOOGL,14341100,14378600,37500,14,15,10,7,17
23201111825964,MSFT,1732100,1732200,100,50,5,38,43,142
23201111825964,TSLA,6398000,6409300,11300,16,70,192,119,647
23210023449763,AAPL,3201400,3204600,3200,30,34,46,47,147
23210023449763,AMZN,18451000,18498800,47800,5,4,24,23,54
23210023449763,GOOGL,14341100,14375200,34100,14,15,9,7,16
23210023449763,MSFT,1732100,1734900,2800,50,34,38,42,139
23210023449763,TSLA,6398000,6409300,11300,16,70,192,120,647
23220273384135,AAPL,3201100,3204600,3500,31,34,45,47,146
23220273384135,AMZN,18451000,18498800,47800,5,4,24,23,54
23220273384135,GOOGL,14341100,14378400,37300,14,15,10,7,17
23220273384135,MSFT,1732100,1734900,2800,50,34,39,42,140
23220273384135,TSLA,6398000,6409300,11300,16,70,192,120,649
23230651360267,AAPL,3201100,3204600,3500,31,34,44,47,145
23230651360267,AMZN,18451000,18498800,47800,5,4,24,23,54
23230651360267,GOOGL,14341100,14378400,37300,14,15,10,7,17
23230651360267,MSFT,1732100,1734900,2800,50,34,40,41,141
23230651360267,TSLA,6398000,6409300,11300,14,70,192,120,650
23240068039612,AAPL,3202100,3204600,2500,100,34,45,47,146
23240068039612,AMZN,18451000,18498800,47800,5,4,24,23,54
23240068039612,GOOGL,14341100,14378400,37300,14,15,10,7,17
23240068039612,MSFT,1732100,1734900,2800,50,34,40,42,141
23240068039612,TSLA,6398000,6409300,11300,14,70,192,120,649
23250229499803,AAPL,3201100,3204600,3500,31,34,44,47,144
23250229499803,AMZN,18451000,18498800,47800,5,4,24,23,54
23250229499803,GOOGL,14344500,14380500,36000,12,15,10,7,17
23250229499803,MSFT,1732100,1734900,2800,50,34,40,42,141
23250229499803,TSLA,6398100,6409300,11200,16,70,193,120,650
23260284183764,AAPL,3202100,3204600,2500,100,34,46,47,146
23260284183764,AMZN,18451000,18498800,47800,5,4,24,23,54
23260284183764,GOOGL,14344500,14375600,31100,12,15,9,7,16
23260284183764,MSFT,1732100,1734900,2800,50,34,40,43,141
23260284183764,TSLA,6397000,6400000,3000,10,98,193,120,651
23271629363410,AAPL,3202100,3204600,2500,134,34,47,47,148
23271629363410,AMZN,18451000,18498800,47800,5,4,25,23,54
23271629363410,GOOGL,14344500,14380600,36100,12,15,10,7,17
23271629363410,MSFT,1732100,1734900,2800,50,34,40,42,141
23271629363410,TSLA,6397000,6400000,3000,10,198,193,119,652
23280200769447,AAPL,3202200,3204600,2400,34,34,48,46,148
23280200769447,AMZN,18451000,18498800,47800,5,4,25,23,54
23280200769447,GOOGL,14340800,14375900,35100,1,15,9,7,16
23280200769447,MSFT,1732100,1734900,2800,50,34,39,43,140
23280200769447,TSLA,6397000,6400000,3000,10,159,193,119,651
23290735212856,AAPL,3202200,3204600,2400,34,34,48,46,148
23290735212856,AMZN,18451000,18498800,47800,5,4,25,23,54
23290735212856,GOOGL,14344200,14380000,35800,12,11,10,6,16
23290735212856,MSFT,1732100,1734900,2800,50,34,40,42,140
23290735212856,TSLA,6397000,6406400,9400,10,16,193,118,649
23300882044819,AAPL,3202200,3204000,1800,34,40,50,47,150
23300882044819,AMZN,18451000,18498800,47800,5,4,25,23,54
23300882044819,GOOGL,14343900,14377000,33100,12,15,10,7,17
23300882044819,MSFT,1732100,1734900,2800,50,34,40,42,140
23300882044819,TSLA,6397000,6409300,12300,10,70,193,118,650
23310068257957,AAPL,3202100,3204000,1900,100,6,49,47,149
23310068257957,AMZN,18451000,18498800,47800,5,4,25,23,54
23310068257957,GOOGL,14340800,14376000,35200,1,15,9,7,16
23310068257957,MSFT,1732500,1734900,2400,150,34,41,42,141
23310068257957,TSLA,6397000,6407900,10900,10,21,193,118,650
23320330728242,AAPL,3204000,3204600,600,100,34,50,46,149
23320330728242,AMZN,18451000,18498800,47800,5,4,25,23,54
23320330728242,GOOGL,14344600,14380600,36000,12,15,10,7,17
23320330728242,MSFT,1732500,1734900,2400,149,34,40,42,142
23320330728242,TSLA,6397000,6407900,10900,10,21,193,118,652
23330130199863,AAPL,3204000,3205000,1000,100,40,49,46,149
23330130199863,AMZN,18451000,18498800,47800,5,4,25,23,54
23330130199863,GOOGL,14345800,14380600,34800,12,15,9,7,16
23330130199863,MSFT,1732500,1734900,2400,149,34,41,42,142
23330130199863,TSLA,6400000,6407900,7900,21,21,194,119,654
23340376602372,AAPL,3202100,3205000,2900,100,40,49,46,148
23340376602372,AMZN,18451000,18498800,47800,5,4,25,23,54
23340376602372,GOOGL,14345800,14381600,35800,12,15,9,7,16
23340376602372,MSFT,1732500,1734900,2400,149,34,41,42,142
23340376602372,TSLA,6400000,6407900,7900,21,21,194,119,654
23350977881487,AAPL,3202500,3205000,2500,100,40,49,46,149
23350977881487,AMZN,18488800,18492700,3900,8,75,25,24,55
23350977881487,GOOGL,14345700,14381800,36100,12,15,10,7,17
23350977881487,MSFT,1732500,1734900,2400,149,34,41,42,142
23350977881487,TSLA,6400000,6407800,7800,31,19,194,119,656
23360391925772,AAPL,3202500,3205000,2500,100,40,50,46,150
23360391925772,AMZN,18451000,18492700,41700,5,75,25,24,55
23360391925772,GOOGL,14345000,14378900,33900,1,15,9,7,16
23360391925772,MSFT,1732500,1734900,2400,149,34,41,42,142
23360391925772,TSLA,6400000,6407800,7800,31,19,194,119,656
23370823655967,AAPL,3204000,3206000,2000,100,140,51,45,150
23370823655967,AMZN,18451000,18492700,41700,5,75,25,24,55
23370823655967,GOOGL,14345000,14381200,36200,13,15,9,7,17
23370823655967,MSFT,1732500,1734900,2400,149,34,41,42,142
23370823655967,TSLA,6400000,6407700,7700,31,19,195,119,657
23380251433094,AAPL,3204200,3206000,1800,100,158,52,45,151
23380251433094,AMZN,18451000,18492700,41700,5,75,25,25,56
23380251433094,GOOGL,14345000,14377700,32700,1,15,10,6,16
23380251433094,MSFT,1732500,1734900,2400,149,34,41,42,142
23380251433094,TSLA,6403600,6408000,4400,100,30,195,119,657
23390051505738,AAPL,3204200,3205900,1700,100,29,52,46,151
23390051505738,AMZN,18451000,18492700,41700,5,75,25,25,56
23390051505738,GOOGL,14345000,14382700,37700,1,15,10,7,17
23390051505738,MSFT,1732500,1734900,2400,149,34,41,42,142
23390051505738,TSLA,6403600,6408000,4400,100,30,195,119,658
23400151072807,AAPL,3204200,3206000,1800,100,58,53,45,151
23400151072807,AMZN,18469400,18492700,23300,4,75,26,24,56
23400151072807,GOOGL,14345000,14382700,37700,1,15,10,7,17
23400151072807,MSFT,1732500,1734900,2400,149,34,40,42,141
23400151072807,TSLA,6404100,6408000,3900,200,30,196,118,659
23410026091267,AAPL,3204200,3206000,1800,100,56,52,46,152
23410026091267,AMZN,18469400,18492700,23300,4,75,26,24,56
23410026091267,GOOGL,14348700,14382600,33900,20,15,9,7,16
23410026091267,MSFT,1732500,1734900,2400,149,34,40,42,141
23410026091267,TSLA,6410000,6415000,5000,430,53,196,114,653
23420047319870,AAPL,3204200,3206000,1800,100,100,52,46,153
23420047319870,AMZN,18469400,18492700,23300,4,75,26,24,56
23420047319870,GOOGL,14346300,14382300,36000,14,15,10,7,17
23420047319870,MSFT,1732500,1734900,2400,149,34,40,42,141
23420047319870,TSLA,6417100,6428900,11800,200,19,197,107,640
23430183748886,AAPL,3205000,3206000,1000,100,100,52,46,152
23430183748886,AMZN,18469400,18492700,23300,4,75,26,24,56
23430183748886,GOOGL,14345000,14382600,37600,1,15,10,7,17
23430183748886,MSFT,1732500,1734900,2400,149,34,40,42,141
23430183748886,TSLA,6420000,6428900,8900,100,19,197,107,640
23440018502746,AAPL,3205000,3205900,900,100,40,52,47,153
23440018502746,AMZN,18469400,18492700,23300,4,75,26,24,56
23440018502746,GOOGL,14345000,14381900,36900,1,15,10,7,17
23440018502746,MSFT,1732600,1734900,2300,100,34,41,41,141
23440018502746,TSLA,6420000,6428900,8900,100,19,196,107,641
23450139581919,AAPL,3205000,3205900,900,200,40,51,47,152
23450139581919,AMZN,18469400,18492700,23300,4,75,26,24,56
23450139581919,GOOGL,14345000,14383400,38400,1,15,9,7,16
23450139581919,MSFT,1732600,1734900,2300,100,34,41,43,143
23450139581919,TSLA,6418500,6438000,19500,15,200,196,105,634
23460068587260,AAPL,3205000,3205900,900,200,40,51,47,152
23460068587260,AMZN,18469400,18492700,23300,4,75,26,24,56
23460068587260,GOOGL,14346700,14378000,31300,18,15,9,7,16
23460068587260,MSFT,1732600,1734900,2300,100,34,40,42,143
23460068587260,TSLA,6430000,6437000,7000,2,100,197,106,635
23470322334995,AAPL,3205000,3205900,900,200,40,52,46,153
23470322334995,AMZN,18469400,18492700,23300,4,75,26,24,56
23470322334995,GOOGL,14347700,14383400,35700,20,15,10,7,17
23470322334995,MSFT,1732600,1734900,2300,100,34,40,43,143
23470322334995,TSLA,6430000,6437000,7000,2,100,197,106,636
23480215189574,AAPL,3205000,3205900,900,200,40,52,46,153
23480215189574,AMZN,18469400,18492700,23300,4,75,26,24,56
23480215189574,GOOGL,14352900,14389900,37000,17,44,10,6,17
23480215189574,MSFT,1732600,1734900,2300,100,34,40,43,143
23480215189574,TSLA,6418100,6435000,16900,19,200,197,106,635
23490518498963,AAPL,3206000,3207000,1000,100,117,53,45,152
23490518498963,AMZN,18469400,18492700,23300,4,64,26,24,56
23490518498963,GOOGL,14353000,14389900,36900,17,29,10,6,16
23490518498963,MSFT,1733000,1734900,1900,100,34,39,43,142
23490518498963,TSLA,6418100,6435000,16900,19,200,198,106,637
23500113776747,AAPL,3206000,3207000,1000,100,117,53,45,152
23500113776747,AMZN,18469400,18492700,23300,4,64,26,24,57
23500113776747,GOOGL,14353000,14389800,36800,17,15,10,7,17
23500113776747,MSFT,1732500,1734900,2400,249,34,39,43,143
23500113776747,TSLA,6418100,6435000,16900,19,200,198,105,637
23510600205308,AAPL,3206000,3206800,800,200,40,53,46,154
23510600205308,AMZN,18469400,18492700,23300,4,64,26,24,57
23510600205308,GOOGL,14352300,14389400,37100,17,15,10,7,17
23510600205308,MSFT,1732500,1734900,2400,249,34,39,42,143
23510600205308,TSLA,6431500,6438800,7300,200,247,199,106,640
23522510366837,AAPL,3206500,3206800,300,95,40,54,46,156
23522510366837,AMZN,18475000,18492700,17700,150,64,27,24,58
23522510366837,GOOGL,14352300,14389400,37100,17,15,11,7,18
23522510366837,MSFT,1732500,1734900,2400,249,34,39,43,143
23522510366837,TSLA,6431500,6438800,7300,203,247,198,107,641
23530329642258,AAPL,3206500,3206800,300,95,40,54,46,156
23530329642258,AMZN,18480000,18498800,18800,150,4,27,23,57
23530329642258,GOOGL,14352200,14389500,37300,16,15,11,7,18
23530329642258,MSFT,1732500,1734900,2400,149,34,39,43,142
23530329642258,TSLA,6431500,6438800,7300,203,251,198,106,643
23540025325924,AAPL,3206500,3206800,300,95,40,54,46,155
23540025325924,AMZN,18480000,18498800,18800,150,4,27,23,57
23540025325924,GOOGL,14352700,14389800,37100,14,15,11,7,18
23540025325924,MSFT,1732600,1734900,2300,100,34,40,42,143
23540025325924,TSLA,6431500,6438600,7100,203,63,199,108,646
23550194422164,AAPL,3206500,3206800,300,95,40,54,46,155
23550194422164,AMZN,18480000,18498800,18800,150,4,27,23,57
23550194422164,GOOGL,14347500,14389900,42400,16,51,10,6,17
23550194422164,MSFT,1732600,1734900,2300,100,34,40,42,143
23550194422164,TSLA,6410100,6431000,20900,18,199,197,112,648
23560481220078,AAPL,3206000,3207000,1000,154,162,53,45,153
23560481220078,AMZN,18480000,18498800,18800,150,4,27,23,57
23560481220078,GOOGL,14348400,14388400,40000,11,15,11,6,17
23560481220078,MSFT,1734900,1736700,1800,266,25,40,42,143
23560481220078,TSLA,6410100,6429900,19800,18,100,197,112,648
23570245835310,AAPL,3206000,3207000,1000,154,94,53,44,152
23570245835310,AMZN,18480000,18498800,18800,150,4,27,23,57
23570245835310,GOOGL,14345000,14388500,43500,1,15,10,7,17
23570245835310,MSFT,1734900,1736700,1800,266,25,40,42,143
23570245835310,TSLA,6410100,6430900,20800,18,5,197,110,646
23580154575073,AAPL,3206000,3207000,1000,154,88,53,44,152
23580154575073,AMZN,18480000,18498800,18800,150,4,27,23,57
23580154575073,GOOGL,14345000,14388600,43600,1,15,10,7,17
23580154575073,MSFT,1734900,1737000,2100,266,50,40,42,144
23580154575073,TSLA,6410100,6434600,24500,18,14,197,108,645
23590207764872,AAPL,3206000,3207000,1000,154,88,53,45,152
23590207764872,AMZN,18480000,18498800,18800,150,4,27,23,57
23590207764872,GOOGL,14350200,14389500,39300,35,15,12,7,19
23590207764872,MSFT,1734900,1737000,2100,266,50,41,42,145
23590207764872,TSLA,6424900,6434500,9600,100,15,198,108,646
23600991114126,AAPL,3206000,3207000,1000,154,60,54,46,154
23600991114126,AMZN,18480000,18498800,18800,150,4,27,24,58
23600991114126,GOOGL,14350200,14389500,39300,35,52,11,6,18
23600991114126,MSFT,1734900,1737000,2100,266,50,40,42,144
23600991114126,TSLA,6424900,6434500,9600,100,15,198,108,647
23610136824623,AAPL,3206000,3207000,1000,154,60,54,46,154
23610136824623,AMZN,18480000,18498800,18800,150,4,27,24,58
23610136824623,GOOGL,14350200,14389400,39200,35,15,12,7,19
23610136824623,MSFT,1734900,1737000,2100,266,50,40,42,144
23610136824623,TSLA,6424900,6434500,9600,100,15,198,107,648
23620090541437,AAPL,3206000,3207700,1700,154,40,54,46,154
23620090541437,AMZN,18480000,18498800,18800,150,4,27,24,58
23620090541437,GOOGL,14350200,14389400,39200,35,15,12,7,19
23620090541437,MSFT,1734900,1737000,2100,266,50,40,42,146
23620090541437,TSLA,6424900,6434500,9600,100,15,198,109,648
23630069364469,AAPL,3206000,3207700,1700,154,40,54,46,154
23630069364469,AMZN,18480000,18498800,18800,150,4,27,24,58
23630069364469,GOOGL,14350200,14389500,39300,35,37,12,6,18
23630069364469,MSFT,1734900,1737000,2100,266,50,41,42,147
23630069364469,TSLA,6424900,6437000,12100,121,27,198,110,650
23640196197781,AAPL,3207200,3208000,800,100,100,55,46,155
23640196197781,AMZN,18480000,18498800,18800,150,4,28,24,59
23640196197781,GOOGL,14350200,14389400,39200,35,15,12,7,19
23640196197781,MSFT,1734900,1737000,2100,266,50,41,42,147
23640196197781,TSLA,6424900,6430000,5100,10,383,198,111,651
23650152404288,AAPL,3207200,3208100,900,100,40,55,46,155
23650152404288,AMZN,18480000,18498800,18800,150,4,28,24,59
23650152404288,GOOGL,14352200,14387400,35200,26,15,12,7,19
23650152404288,MSFT,1734900,1737000,2100,266,50,40,42,146
23650152404288,TSLA,6430100,6438600,8500,70,50,200,109,652
23660261598452,AAPL,3206000,3208100,2100,104,40,53,46,153
23660261598452,AMZN,18480000,18498800,18800,150,4,28,24,59
23660261598452,GOOGL,14352200,14389300,37100,26,15,12,7,19
23660261598452,MSFT,1734900,1736800,1900,266,100,41,43,148
23660261598452,TSLA,6430100,6438600,8500,70,50,201,110,655
23670393196249,AAPL,3206000,3207400,1400,104,38,53,48,155
23670393196249,AMZN,18480000,18498800,18800,150,4,28,24,59
23670393196249,GOOGL,14352200,14389300,37100,26,15,11,7,18
23670393196249,MSFT,1734900,1736800,1900,266,100,41,44,150
23670393196249,TSLA,6425000,6438600,13600,2,50,199,112,653
23681086980899,AAPL,3206000,3207400,1400,104,38,53,48,155
23681086980899,AMZN,18480000,18498800,18800,150,4,28,25,60
23681086980899,GOOGL,14352200,14388600,36400,26,15,12,7,19
23681086980899,MSFT,1734900,1736800,1900,266,100,41,44,150
23681086980899,TSLA,6425000,6438600,13600,2,50,199,110,652
23690287508078,AAPL,3206000,3207400,1400,104,38,53,48,155
23690287508078,AMZN,18480000,18498800,18800,150,4,28,25,60
23690287508078,GOOGL,14352200,14388600,36400,26,15,12,7,19
23690287508078,MSFT,1735200,1736700,1500,25,64,42,45,152
23690287508078,TSLA,6425000,6438600,13600,2,50,200,111,654
23701176993619,AAPL,3206000,3207400,1400,104,38,53,48,155
23701176993619,AMZN,18480000,18498800,18800,150,4,28,25,60
23701176993619,GOOGL,14352200,14387900,35700,26,15,12,6,18
23701176993619,MSFT,1736000,1736700,700,1100,64,43,45,153
23701176993619,TSLA,6425200,6438500,13300,10,95,200,112,654
23710320119145,AAPL,3206000,3207400,1400,104,38,54,48,156
23710320119145,AMZN,18490000,18500000,10000,150,41,28,24,59
23710320119145,GOOGL,14352200,14387900,35700,26,15,12,7,19
23710320119145,MSFT,1736000,1736700,700,1100,64,43,45,153
23710320119145,TSLA,6430000,6438500,8500,5,95,200,112,653
23720773781544,AAPL,3206000,3207400,1400,104,38,54,47,156
23720773781544,AMZN,18490000,18500000,10000,150,32,27,25,59
23720773781544,GOOGL,14350800,14387900,37100,26,52,12,6,19
23720773781544,MSFT,1736000,1737000,1000,1100,50,44,43,152
23720773781544,TSLA,6425200,6438500,13300,10,95,200,111,651
23730321913267,AAPL,3206000,3207400,1400,104,38,54,47,156
23730321913267,AMZN,18490000,18500000,10000,150,32,28,25,60
23730321913267,GOOGL,14350800,14387500,36700,26,15,12,7,19
23730321913267,MSFT,1736000,1737400,1400,1100,33,44,42,151
23730321913267,TSLA,6425200,6430500,5300,10,5,199,113,653
23740118683377,AAPL,3206000,3207400,1400,104,13,54,47,156
23740118683377,AMZN,18490000,18500000,10000,150,32,29,25,61
23740118683377,GOOGL,14350800,14387200,36400,26,15,12,7,19
23740118683377,MSFT,1736000,1737400,1400,1100,33,44,42,151
23740118683377,TSLA,6430000,6430500,500,10,5,202,113,655
23750287595753,AAPL,3206000,3207400,1400,104,13,54,47,156
23750287595753,AMZN,18490000,18500000,10000,150,32,29,25,61
23750287595753,GOOGL,14350800,14388000,37200,26,33,12,6,18
23750287595753,MSFT,1736000,1738000,2000,1100,20,44,42,151
23750287595753,TSLA,6425200,6430500,5300,10,3,201,113,655
23760027122468,AAPL,3206000,3207400,1400,104,13,54,47,156
23760027122468,AMZN,18490000,18510000,20000,150,10,29,24,60
23760027122468,GOOGL,14350800,14387900,37100,26,33,12,6,18
23760027122468,MSFT,1736000,1738000,2000,1100,20,44,41,151
23760027122468,TSLA,6426000,6430000,4000,2,10,202,112,657
23770856009154,AAPL,3206000,3207400,1400,104,13,55,47,157
23770856009154,AMZN,18490000,18510000,20000,150,10,29,24,60
23770856009154,GOOGL,14350800,14387900,37100,26,33,11,6,17
23770856009154,MSFT,1736000,1738000,2000,1100,20,44,41,151
23770856009154,TSLA,6426000,6430000,4000,2,10,202,112,659
23780929962747,AAPL,3206000,3207400,1400,104,13,55,47,157
23780929962747,AMZN,18490000,18510000,20000,150,10,29,24,60
23780929962747,GOOGL,14350800,14387900,37100,26,16,12,7,19
23780929962747,MSFT,1736000,1737000,1000,1100,20,44,42,152
23780929962747,TSLA,6433000,6438500,5500,6,295,202,111,658
23791141227977,AAPL,3206000,3207400,1400,104,13,55,46,156
23791141227977,AMZN,18490000,18510000,20000,150,10,28,24,59
23791141227977,GOOGL,14350800,14388600,37800,26,16,12,7,19
23791141227977,MSFT,1736000,1737000,1000,1100,20,44,42,152
23791141227977,TSLA,6425200,6438300,13100,10,200,201,113,658
23800149834550,AAPL,3206000,3207400,1400,104,13,55,46,156
23800149834550,AMZN,18490000,18510000,20000,150,10,29,24,60
23800149834550,GOOGL,14350800,14388600,37800,26,16,12,6,18
23800149834550,MSFT,1736000,1737000,1000,1100,20,44,42,152
23800149834550,TSLA,6430000,6437500,7500,20,20,202,113,663
23811063809379,AAPL,3206000,3207400,1400,104,13,55,46,156
23811063809379,AMZN,18490000,18510000,20000,150,10,28,24,59
23811063809379,GOOGL,14350800,14388600,37800,26,16,11,7,18
23811063809379,MSFT,1736000,1737000,1000,1100,20,44,42,152
23811063809379,TSLA,6425200,6436000,10800,10,400,201,114,664
23820143582322,AAPL,3206000,3208100,2100,104,40,56,45,156
23820143582322,AMZN,18490000,18510000,20000,150,10,28,24,59
23820143582322,GOOGL,14350800,14388700,37900,26,16,11,7,18
23820143582322,MSFT,1736000,1737000,1000,1100,20,44,42,152
23820143582322,TSLA,6425200,6435900,10700,10,20,200,116,667
23831167633841,AAPL,3206000,3208100,2100,104,40,57,45,157
23831167633841,AMZN,18490000,18510000,20000,150,10,28,24,59
23831167633841,GOOGL,14350800,14388700,37900,26,16,12,6,18
23831167633841,MSFT,1736000,1737000,1000,1100,20,44,42,152
23831167633841,TSLA,6425200,6430000,4800,10,10,200,116,667
23840297490391,AAPL,3206000,3208100,2100,104,40,57,45,157
23840297490391,AMZN,18490000,18510000,20000,150,2,28,24,59
23840297490391,GOOGL,14350800,14388700,37900,26,16,12,6,18
23840297490391,MSFT,1736000,1737000,1000,1100,20,44,42,152
23840297490391,TSLA,6425200,6430000,4800,10,10,200,116,668
23850043087285,AAPL,3206000,3208100,2100,104,40,57,45,157
23850043087285,AMZN,18490000,18510000,20000,150,2,28,24,59
23850043087285,GOOGL,14350800,14388700,37900,26,16,12,6,18
23850043087285,MSFT,1736000,1737000,1000,1100,20,44,42,153
23850043087285,TSLA,6425000,6430000,5000,6,9,199,117,668
23860019948083,AAPL,3206000,3208100,2100,104,40,57,45,157
23860019948083,AMZN,18490000,18510000,20000,150,2,28,24,59
23860019948083,GOOGL,14350800,14388700,37900,26,16,12,6,18
23860019948083,MSFT,1736000,1737000,1000,1100,20,44,42,153
23860019948083,TSLA,6425000,6430000,5000,6,9,199,118,669
23870095887346,AAPL,3206000,3208100,2100,104,40,57,45,157
23870095887346,AMZN,18490000,18510000,20000,150,2,28,24,59
23870095887346,GOOGL,14350800,14388700,37900,26,16,12,6,18
23870095887346,MSFT,1736000,1737000,1000,1100,20,44,42,153
23870095887346,TSLA,6429900,6430000,100,3,9,200,118,673
23880126865191,AAPL,3206000,3207800,1800,104,40,58,46,159
23880126865191,AMZN,18490000,18510000,20000,150,2,28,24,59
23880126865191,GOOGL,14350800,14388700,37900,26,16,12,7,19
23880126865191,MSFT,1736000,1737000,1000,1100,20,44,42,155
23880126865191,TSLA,6429900,6430000,100,3,9,202,119,677
23890123691515,AAPL,3206000,3207800,1800,104,40,58,46,159
23890123691515,AMZN,18490000,18510000,20000,150,2,28,24,59
23890123691515,GOOGL,14350800,14389900,39100,26,17,11,7,18
23890123691515,MSFT,1736000,1737000,1000,1100,20,44,42,155
23890123691515,TSLA,6427200,6430000,2800,25,9,200,118,676
23900326640881,AAPL,3206000,3207800,1800,104,18,58,46,159
23900326640881,AMZN,18490000,18510000,20000,150,2,28,23,58
23900326640881,GOOGL,14350800,14389900,39100,26,17,12,7,19
23900326640881,MSFT,1736000,1737000,1000,1100,20,44,42,155
23900326640881,TSLA,6427200,6430000,2800,25,9,198,118,673
23910754996354,AAPL,3206000,3207800,1800,104,18,58,46,159
23910754996354,AMZN,18490000,18510000,20000,150,2,28,24,59
23910754996354,GOOGL,14350800,14389900,39100,26,17,12,7,19
23910754996354,MSFT,1736500,1737000,500,100,20,46,42,157
23910754996354,TSLA,6427200,6430000,2800,25,9,198,117,674
23920743895319,AAPL,3206000,3207800,1800,104,18,58,46,159
23920743895319,AMZN,18490000,18510000,20000,150,2,28,24,59
23920743895319,GOOGL,14350800,14389900,39100,26,17,11,7,18
23920743895319,MSFT,1736500,1737000,500,100,20,46,42,157
23920743895319,TSLA,6427200,6430000,2800,25,9,200,117,676
23930518378913,AAPL,3206000,3207800,1800,104,18,58,46,159
23930518378913,AMZN,18490000,18510000,20000,150,2,29,24,60
23930518378913,GOOGL,14350800,14389900,39100,26,17,11,7,18
23930518378913,MSFT,1736500,1737000,500,100,20,46,42,157
23930518378913,TSLA,6427200,6430000,2800,25,9,200,117,677
23940601734831,AAPL,3206000,3207800,1800,104,18,58,46,159
23940601734831,AMZN,18490000,18510000,20000,150,2,29,24,60
23940601734831,GOOGL,14350800,14389900,39100,26,17,12,6,18
23940601734831,MSFT,1736500,1737000,500,100,20,46,42,157
23940601734831,TSLA,6427200,6430000,2800,25,9,201,117,678
23950112559313,AAPL,3206000,3207800,1800,104,18,58,46,159
23950112559313,AMZN,18490000,18510000,20000,150,2,29,24,60
23950112559313,GOOGL,14350800,14389900,39100,26,17,12,6,18
23950112559313,MSFT,1736500,1737000,500,100,20,46,42,157
23950112559313,TSLA,6427200,6430000,2800,25,9,200,117,677
23960244575000,AAPL,3206000,3207800,1800,104,18,58,46,159
23960244575000,AMZN,18490000,18510000,20000,150,2,29,24,60
23960244575000,GOOGL,14350800,14389900,39100,26,17,12,6,18
23960244575000,MSFT,1736500,1737000,500,100,20,46,42,157
23960244575000,TSLA,6427200,6430000,2800,25,9,200,119,680
23970678923831,AAPL,3206000,3207800,1800,104,18,58,46,159
23970678923831,AMZN,18490000,18510000,20000,150,2,29,24,60
23970678923831,GOOGL,14350800,14389900,39100,26,17,12,6,18
23970678923831,MSFT,1736500,1737000,500,100,20,46,42,157
23970678923831,TSLA,6427200,6430000,2800,25,409,199,118,680
23980212201229,AAPL,3207700,3207800,100,50,15,59,46,160
23980212201229,AMZN,18490000,18527500,37500,150,100,29,23,59
23980212201229,GOOGL,14350800,14389900,39100,26,17,12,7,19
23980212201229,MSFT,1736500,1737000,500,100,20,46,42,158
23980212201229,TSLA,6420100,6430000,9900,114,409,196,117,676
23990023302734,AAPL,3207700,3207800,100,50,29,59,45,158
23990023302734,AMZN,18490000,18527500,37500,150,100,28,23,58
23990023302734,GOOGL,14350800,14389900,39100,26,17,12,7,19
23990023302734,MSFT,1736500,1737000,500,100,20,46,42,158
23990023302734,TSLA,6420100,6430000,9900,114,401,196,117,675
24000031900163,AAPL,3207700,3207800,100,50,29,60,45,159
24000031900163,AMZN,18490000,18527500,37500,151,100,28,23,59
24000031900163,GOOGL,14350800,14389900,39100,26,17,12,6,18
24000031900163,MSFT,1736500,1737000,500,100,120,46,42,158
24000031900163,TSLA,6425000,6430000,5000,50,401,196,117,676
24010392229732,AAPL,3207700,3207800,100,50,29,61,45,160
24010392229732,AMZN,18490000,18527500,37500,151,100,28,23,59
24010392229732,GOOGL,14351000,14389900,38900,26,17,11,7,18
24010392229732,MSFT,1736500,1737000,500,100,95,46,42,157
24010392229732,TSLA,6425000,6430000,5000,50,401,197,117,677
24020079745460,AAPL,3207700,3209000,1300,50,100,61,44,160
24020079745460,AMZN,18490000,18527500,37500,151,100,28,23,59
24020079745460,GOOGL,14351000,14389900,38900,26,17,10,7,17
24020079745460,MSFT,1736500,1737000,500,100,95,46,42,157
24020079745460,TSLA,6425000,6430000,5000,50,401,197,117,678
24030540507314,AAPL,3207700,3209000,1300,50,100,61,45,161
24030540507314,AMZN,18490000,18527500,37500,151,100,28,23,59
24030540507314,GOOGL,14351000,14389900,38900,26,17,10,7,17
24030540507314,MSFT,1736500,1737000,500,100,95,46,41,156
24030540507314,TSLA,6420100,6430000,9900,100,401,196,117,677
24040053943667,AAPL,3207700,3209000,1300,50,100,61,44,161
24040053943667,AMZN,18490000,18527500,37500,151,100,28,22,58
24040053943667,GOOGL,14351000,14389600,38600,26,15,11,7,18
24040053943667,MSFT,1736500,1737000,500,100,95,46,41,156
24040053943667,TSLA,6420100,6430000,9900,100,401,196,117,677
24050377072003,AAPL,3207700,3209000,1300,50,100,61,45,161
24050377072003,AMZN,18490000,18527500,37500,151,100,28,22,58
24050377072003,GOOGL,14349000,14385900,36900,26,15,11,7,18
24050377072003,MSFT,1736500,1737000,500,100,95,46,41,156
24050377072003,TSLA,6420100,6430000,9900,100,401,196,116,677
24060083155546,AAPL,3206500,3209000,2500,100,100,60,45,160
24060083155546,AMZN,18490000,18527500,37500,151,100,28,23,59
24060083155546,GOOGL,14349000,14386300,37300,26,15,12,7,19
24060083155546,MSFT,1736500,1737000,500,100,95,46,41,156
24060083155546,TSLA,6420100,6430000,9900,100,401,196,117,679
24070187413767,AAPL,3206500,3209000,2500,100,100,61,45,161
24070187413767,AMZN,18490000,18527500,37500,151,100,28,23,59
24070187413767,GOOGL,14348500,14386300,37800,25,15,12,7,19
24070187413767,MSFT,1736500,1737000,500,100,95,46,42,156
24070187413767,TSLA,6420100,6430000,9900,100,401,196,117,680
24081023968199,AAPL,3206500,3209000,2500,100,100,61,45,160
24081023968199,AMZN,18490000,18527500,37500,151,100,27,23,58
24081023968199,GOOGL,14348500,14382100,33600,25,15,12,7,19
24081023968199,MSFT,1736500,1737000,500,100,95,46,41,156
24081023968199,TSLA,6420100,6430000,9900,100,401,196,117,681
24090028372547,AAPL,3206500,3207400,900,100,39,61,46,161
24090028372547,AMZN,18490000,18527500,37500,151,100,28,22,58
24090028372547,GOOGL,14348500,14388900,40400,25,15,12,7,19
24090028372547,MSFT,1736500,1737000,500,100,95,46,41,156
24090028372547,TSLA,6420100,6430000,9900,100,401,196,117,681
24100080954422,AAPL,3206500,3207400,900,100,39,61,46,161
24100080954422,AMZN,18490000,18520000,30000,151,25,28,24,60
24100080954422,GOOGL,14348500,14389000,40500,25,36,12,6,18
24100080954422,MSFT,1736500,1737000,500,100,95,46,40,155
24100080954422,TSLA,6419300,6430000,10700,15,401,194,117,679
24110487086347,AAPL,3206500,3209000,2500,100,100,61,45,160
24110487086347,AMZN,18490000,18520000,30000,151,25,28,24,60
24110487086347,GOOGL,14346400,14385800,39400,28,15,12,7,19
24110487086347,MSFT,1736500,1737000,500,100,95,46,40,155
24110487086347,TSLA,6419300,6425000,5700,15,100,194,119,680
24120459118324,AAPL,3206500,3209000,2500,100,100,61,45,160
24120459118324,AMZN,18490000,18520000,30000,151,25,28,24,60
24120459118324,GOOGL,14346700,14386500,39800,21,32,12,6,18
24120459118324,MSFT,1736500,1737000,500,100,95,46,40,155
24120459118324,TSLA,6419300,6430000,10700,15,401,194,118,679
24130185491376,AAPL,3206500,3209000,2500,100,172,59,43,157
24130185491376,AMZN,18490000,18520000,30000,151,25,26,22,56
24130185491376,GOOGL,14346700,14386800,40100,21,32,11,6,17
24130185491376,MSFT,1736500,1737000,500,100,95,46,40,155
24130185491376,TSLA,6420100,6430000,9900,10,401,192,118,678
24140016048780,AAPL,3206500,3210000,3500,100,198,58,41,153
24140016048780,AMZN,18490000,18520000,30000,151,25,26,22,56
24140016048780,GOOGL,14347300,14389900,42600,22,25,11,6,18
24140016048780,MSFT,1736500,1737000,500,100,95,46,41,156
24140016048780,TSLA,6416000,6430000,14000,15,401,191,118,678
24150102463188,AAPL,3206500,3213000,6500,130,100,57,40,151
24150102463188,AMZN,18490000,18520000,30000,151,25,26,22,56
24150102463188,GOOGL,14347300,14389000,41700,22,38,11,6,18
24150102463188,MSFT,1736500,1738000,1500,100,20,46,40,155
24150102463188,TSLA,6423100,6430000,6900,30,401,192,118,679
24160220335792,AAPL,3206500,3213000,6500,130,100,57,40,151
24160220335792,AMZN,18490000,18520000,30000,151,25,26,22,56
24160220335792,GOOGL,14348500,14389000,40500,36,23,11,7,18
24160220335792,MSFT,1736500,1738000,1500,100,20,46,40,155
24160220335792,TSLA,6423100,6430000,6900,30,401,192,117,679
24170096651983,AAPL,3206500,3213000,6500,130,35,57,40,151
24170096651983,AMZN,18490000,18520000,30000,151,25,26,22,56
24170096651983,GOOGL,14348500,14388900,40400,36,15,11,7,18
24170096651983,MSFT,1737000,1738000,1000,100,20,47,40,156
24170096651983,TSLA,6423100,6430000,6900,30,401,192,118,680
24180012223730,AAPL,3206500,3212200,5700,130,40,57,42,153
24180012223730,AMZN,18490000,18527500,37500,151,100,26,21,55
24180012223730,GOOGL,14348600,14388800,40200,10,15,11,7,18
24180012223730,MSFT,1737000,1738000,1000,100,20,46,40,154
24180012223730,TSLA,6423100,6425000,1900,30,300,193,120,684
24190288669101,AAPL,3206500,3210500,4000,130,28,57,43,154
24190288669101,AMZN,18490000,18527500,37500,151,100,26,21,55
24190288669101,GOOGL,14348700,14388900,40200,36,23,10,7,17
24190288669101,MSFT,1737400,1738000,600,200,20,47,40,155
24190288669101,TSLA,6414000,6425000,11000,14,100,192,119,683
24200693389541,AAPL,3206500,3212200,5700,130,40,57,42,153
24200693389541,AMZN,18490000,18527500,37500,151,100,26,21,55
24200693389541,GOOGL,14354800,14388800,34000,22,15,11,7,18
24200693389541,MSFT,1737400,1738000,600,200,20,47,40,155
24200693389541,TSLA,6416100,6430000,13900,14,401,192,118,682
24210168309409,AAPL,3206500,3212200,5700,130,40,57,42,153
24210168309409,AMZN,18490000,18527500,37500,151,100,26,21,55
24210168309409,GOOGL,14354800,14389500,34700,22,15,10,7,17
24210168309409,MSFT,1737400,1738000,600,200,20,47,40,155
24210168309409,TSLA,6418400,6425000,6600,14,13,192,120,686
24220039080992,AAPL,3206500,3211000,4500,130,188,57,43,155
24220039080992,AMZN,18490000,18527500,37500,151,100,26,21,55
24220039080992,GOOGL,14354800,14388900,34100,22,17,11,6,17
24220039080992,MSFT,1737400,1738000,600,200,20,47,41,156
24220039080992,TSLA,6418400,6425000,6600,14,13,192,120,686
24230136115200,AAPL,3206500,3211000,4500,130,188,57,43,155
24230136115200,AMZN,18490000,18527500,37500,151,100,26,21,55
24230136115200,GOOGL,14354800,14388900,34100,22,15,10,7,17
24230136115200,MSFT,1737400,1738000,600,200,20,47,41,157
24230136115200,TSLA,6418400,6425000,6600,14,13,192,120,686
24240317146506,AAPL,3206500,3210800,4300,130,40,57,45,157
24240317146506,AMZN,18490000,18527400,37400,151,859,26,22,56
24240317146506,GOOGL,14354800,14388900,34100,22,15,10,7,17
24240317146506,MSFT,1737400,1738000,600,200,20,47,41,157
24240317146506,TSLA,6418400,6421500,3100,14,15,192,121,688
24251194966239,AAPL,3206500,3210000,3500,130,100,57,46,158
24251194966239,AMZN,18490000,18527300,37300,1,20,26,23,56
24251194966239,GOOGL,14354800,14388900,34100,22,15,11,7,18
24251194966239,MSFT,1737400,1738000,600,200,20,47,41,157
24251194966239,TSLA,6418400,6425000,6600,14,13,192,121,687
24260839371587,AAPL,3206500,3210800,4300,130,40,57,45,157
24260839371587,AMZN,18490000,18527300,37300,1,20,26,23,56
24260839371587,GOOGL,14348500,14390000,41500,10,30,10,5,15
24260839371587,MSFT,1737400,1738000,600,200,20,47,41,157
24260839371587,TSLA,6418400,6425000,6600,14,8,192,120,685
24271341062421,AAPL,3206500,3210800,4300,100,40,57,45,156
24271341062421,AMZN,18490000,18527300,37300,1,20,26,23,56
24271341062421,GOOGL,14348500,14389900,41400,10,15,9,6,15
24271341062421,MSFT,1737400,1738000,600,200,20,48,41,158
24271341062421,TSLA,6418500,6425000,6500,16,8,192,120,686
24280063380205,AAPL,3206500,3210800,4300,100,40,57,45,156
24280063380205,AMZN,18490000,18527300,37300,1,20,26,23,56
24280063380205,GOOGL,14348500,14389900,41400,10,15,9,6,15
24280063380205,MSFT,1737400,1738000,600,200,20,48,41,158
24280063380205,TSLA,6418600,6430000,11400,15,1,192,119,687
24290745979643,AAPL,3206500,3210800,4300,100,40,57,46,157
24290745979643,AMZN,18490000,18527400,37400,1,859,26,22,55
24290745979643,GOOGL,14348500,14390000,41500,10,30,9,6,15
24290745979643,MSFT,1737400,1738000,600,200,10,48,41,159
24290745979643,TSLA,6419000,6430000,11000,16,1,192,119,686
24300233202037,AAPL,3206500,3210800,4300,100,40,57,46,157
24300233202037,AMZN,18490000,18527400,37400,1,858,26,22,55
24300233202037,GOOGL,14348500,14390000,41500,10,30,9,6,15
24300233202037,MSFT,1737400,1738000,600,200,10,48,41,159
24300233202037,TSLA,6419000,6430000,11000,16,1,192,119,686
24310032838024,AAPL,3206500,3210800,4300,200,40,57,46,158
24310032838024,AMZN,18490000,18527400,37400,1,858,26,22,55
24310032838024,GOOGL,14348800,14390000,41200,10,30,10,5,15
24310032838024,MSFT,1738000,1738600,600,1190,5,50,40,159
24310032838024,TSLA,6419000,6430000,11000,16,1,192,119,685
24320104026227,AAPL,3206500,3210800,4300,200,40,57,46,158
24320104026227,AMZN,18490000,18527400,37400,1,858,26,22,55
24320104026227,GOOGL,14348800,14390000,41200,10,30,10,6,16
24320104026227,MSFT,1738900,1739400,500,100,25,50,38,157
24320104026227,TSLA,6419000,6430000,11000,16,1,192,119,685
24330095546230,AAPL,3206500,3210800,4300,200,40,57,46,159
24330095546230,AMZN,18490000,18527400,37400,1,858,26,22,55
24330095546230,GOOGL,14348800,14390000,41200,10,30,10,6,16
24330095546230,MSFT,1738000,1741700,3700,1190,100,49,36,147
24330095546230,TSLA,6419000,6430000,11000,16,1,192,119,685
24342308065041,AAPL,3206500,3210800,4300,200,40,57,46,159
24342308065041,AMZN,18490000,18527400,37400,1,858,26,22,55
24342308065041,GOOGL,14350000,14390000,40000,6,30,10,6,16
24342308065041,MSFT,1738000,1741900,3900,1190,105,49,36,148
24342308065041,TSLA,6425000,6430000,5000,4,1,193,119,686
24350279617019,AAPL,3206500,3210800,4300,200,40,57,46,159
24350279617019,AMZN,18490000,18527400,37400,1,858,25,22,55
24350279617019,GOOGL,14350000,14390000,40000,6,30,11,5,16
24350279617019,MSFT,1738000,1741900,3900,1190,105,50,36,148
24350279617019,TSLA,6425000,6430000,5000,4,1,193,119,686
24360071240726,AAPL,3206500,3210800,4300,200,40,57,46,159
24360071240726,AMZN,18490000,18527400,37400,1,858,26,22,55
24360071240726,GOOGL,14355100,14389900,34800,21,17,12,6,18
24360071240726,MSFT,1738100,1741900,3800,100,105,51,36,149
24360071240726,TSLA,6419700,6430000,10300,14,1,192,117,685
24370170447874,AAPL,3206500,3210800,4300,200,40,57,46,159
24370170447874,AMZN,18490000,18527400,37400,1,858,26,22,55
24370170447874,GOOGL,14354700,14389900,35200,18,17,11,7,18
24370170447874,MSFT,1738100,1741900,3800,100,105,51,36,149
24370170447874,TSLA,6419700,6430000,10300,14,1,192,117,685
24383185239112,AAPL,3206500,3210800,4300,200,40,57,46,159
24383185239112,AMZN,18490000,18527400,37400,1,858,25,22,55
24383185239112,GOOGL,14354700,14389900,35200,18,17,12,7,19
24383185239112,MSFT,1738100,1741900,3800,100,105,51,36,149
24383185239112,TSLA,6419700,6430000,10300,14,1,193,117,686
24390921223922,AAPL,3206500,3210800,4300,200,40,57,46,159
24390921223922,AMZN,18490000,18527400,37400,1,858,25,22,55
24390921223922,GOOGL,14354200,14389900,35700,18,17,12,7,19
24390921223922,MSFT,1738100,1741900,3800,100,105,51,36,149
24390921223922,TSLA,6419700,6430000,10300,14,1,193,119,686
24402335306673,AAPL,3206500,3210800,4300,200,40,58,46,160
24402335306673,AMZN,18490000,18527400,37400,1,858,25,22,55
24402335306673,GOOGL,14354200,14389900,35700,18,17,12,6,18
24402335306673,MSFT,1738100,1741900,3800,100,105,51,36,149
24402335306673,TSLA,6420000,6430000,10000,50,1,194,119,687
24410042388079,AAPL,3206500,3210800,4300,200,40,58,46,160
24410042388079,AMZN,18490000,18527400,37400,1,858,25,22,55
24410042388079,GOOGL,14354200,14389900,35700,18,17,12,7,19
24410042388079,MSFT,1738100,1741900,3800,100,105,51,36,150
24410042388079,TSLA,6419700,6430000,10300,14,2,193,119,687
24420033202100,AAPL,3206500,3210800,4300,200,40,55,46,157
24420033202100,AMZN,18490000,18527400,37400,1,858,25,22,55
24420033202100,GOOGL,14354200,14389900,35700,18,17,12,7,19
24420033202100,MSFT,1738000,1741900,3900,1190,105,50,35,148
24420033202100,TSLA,6423500,6433000,9500,1000,40,195,117,686
24430367376962,AAPL,3206500,3210800,4300,200,40,55,46,157
24430367376962,AMZN,18490000,18527400,37400,1,858,25,22,55
24430367376962,GOOGL,14350000,14390000,40000,6,30,10,6,16
24430367376962,MSFT,1738000,1741900,3900,1190,105,50,36,149
24430367376962,TSLA,6423500,6433000,9500,1000,40,195,117,687
24440283473971,AAPL,3206500,3210800,4300,200,40,55,46,157
24440283473971,AMZN,18491000,18527400,36400,1,858,26,22,56
24440283473971,GOOGL,14354800,14389900,35100,18,17,12,7,19
24440283473971,MSFT,1741500,1742000,500,704,74,51,35,147
24440283473971,TSLA,6423500,6433000,9500,1000,40,195,116,687
24450049705718,AAPL,3206500,3210800,4300,200,40,55,46,157
24450049705718,AMZN,18491000,18527400,36400,1,858,26,22,56
24450049705718,GOOGL,14354700,14389900,35200,20,7,11,7,18
24450049705718,MSFT,1741500,1742000,500,704,74,51,35,147
24450049705718,TSLA,6423500,6433000,9500,1000,40,195,117,688
24460482614965,AAPL,3206500,3210800,4300,100,40,55,45,155
24460482614965,AMZN,18491000,18527400,36400,1,858,26,22,56
24460482614965,GOOGL,14354300,14389900,35600,20,7,12,7,19
24460482614965,MSFT,1741500,1742000,500,704,74,51,34,147
24460482614965,TSLA,6423500,6432800,9300,1000,1,195,118,690
24470038793471,AAPL,3206500,3210800,4300,100,40,55,45,155
24470038793471,AMZN,18491000,18527400,36400,1,858,26,22,56
24470038793471,GOOGL,14350000,14389900,39900,6,7,11,7,18
24470038793471,MSFT,1739500,1742000,2500,100,24,50,34,146
24470038793471,TSLA,6423500,6432800,9300,1080,1,195,118,690
24480442651057,AAPL,3210100,3210800,700,20,40,56,44,155
24480442651057,AMZN,18491000,18527400,36400,1,858,26,22,56
24480442651057,GOOGL,14353700,14389900,36200,20,7,12,7,19
24480442651057,MSFT,1739500,1742000,2500,100,24,50,34,146
24480442651057,TSLA,6429000,6445300,16300,14,14,196,107,670
24490186383823,AAPL,3206500,3210800,4300,100,40,55,44,154
24490186383823,AMZN,18491000,18527400,36400,1,858,26,22,56
24490186383823,GOOGL,14354000,14389900,35900,20,7,12,6,18
24490186383823,MSFT,1739500,1742000,2500,100,24,50,34,146
24490186383823,TSLA,6432600,6445300,12700,20,14,198,107,673
24500168234674,AAPL,3206500,3210800,4300,130,10,55,44,155
24500168234674,AMZN,18491000,18527400,36400,1,858,26,22,56
24500168234674,GOOGL,14354000,14389900,35900,20,7,11,7,18
24500168234674,MSFT,1738000,1742000,4000,1190,24,49,34,145
24500168234674,TSLA,6432600,6446600,14000,20,44,196,107,671
24511048182069,AAPL,3206500,3211000,4500,130,100,55,43,153
24511048182069,AMZN,18491000,18527400,36400,1,858,26,22,56
24511048182069,GOOGL,14350000,14390000,40000,6,30,11,5,16
24511048182069,MSFT,1738100,1742000,3900,100,24,51,34,147
24511048182069,TSLA,6440000,6446600,6600,30,44,196,107,671
24520678123620,AAPL,3206500,3210700,4200,130,40,55,44,154
24520678123620,AMZN,18491000,18527400,36400,1,858,25,22,55
24520678123620,GOOGL,14350000,14390000,40000,6,30,11,6,17
24520678123620,MSFT,1738100,1742000,3900,100,24,51,34,147
24520678123620,TSLA,6440600,6442000,1400,30,100,198,108,674
24530229834097,AAPL,3206500,3210700,4200,130,10,55,44,154
24530229834097,AMZN,18499900,18527400,27500,1,858,26,22,56
24530229834097,GOOGL,14350000,14390000,40000,6,30,11,5,16
24530229834097,MSFT,1738100,1742000,3900,100,24,51,33,146
24530229834097,TSLA,6440000,6446600,6600,14,44,197,108,673
24540306198283,AAPL,3206500,3210700,4200,130,10,55,44,153
24540306198283,AMZN,18499900,18527200,27300,1,20,25,23,56
24540306198283,GOOGL,14350000,14390000,40000,6,30,10,6,16
24540306198283,MSFT,1738100,1740000,1900,100,100,51,34,147
24540306198283,TSLA,6440000,6446600,6600,14,44,197,107,673
24550169480250,AAPL,3206500,3210700,4200,130,10,55,44,153
24550169480250,AMZN,18499900,18527400,27500,1,858,25,22,55
24550169480250,GOOGL,14350000,14390000,40000,6,30,10,6,16
24550169480250,MSFT,1738100,1739500,1400,100,7,51,34,147
24550169480250,TSLA,6432600,6446600,14000,20,44,196,108,673
24560660027763,AAPL,3210000,3210700,700,100,10,55,44,153
24560660027763,AMZN,18499900,18527400,27500,1,858,25,22,55
24560660027763,GOOGL,14350000,14390000,40000,6,30,11,6,17
24560660027763,MSFT,1738200,1740000,1800,300,7,51,35,149
24560660027763,TSLA,6432600,6446600,14000,20,44,196,108,674
24570098143144,AAPL,3210000,3211000,1000,100,24,55,43,153
24570098143144,AMZN,18499900,18527300,27400,1,20,25,23,57
24570098143144,GOOGL,14350000,14390000,40000,6,30,11,5,16
24570098143144,MSFT,1738200,1740000,1800,300,7,51,35,149
24570098143144,TSLA,6432600,6446600,14000,20,44,197,108,675
24580258919754,AAPL,3210000,3211000,1000,100,24,55,42,152
24580258919754,AMZN,18499900,18527300,27400,1,20,25,23,57
24580258919754,GOOGL,14350000,14390000,40000,6,30,11,6,17
24580258919754,MSFT,1738200,1740000,1800,300,7,51,36,150
24580258919754,TSLA,6437500,6446600,9100,100,44,198,109,677
24590416208352,AAPL,3210000,3211000,1000,100,14,55,43,152
24590416208352,AMZN,18499900,18527300,27400,1,20,25,23,57
24590416208352,GOOGL,14350000,14390000,40000,6,30,10,6,16
24590416208352,MSFT,1738200,1740000,1800,300,27,51,36,151
24590416208352,TSLA,6437500,6446600,9100,100,44,198,109,678
24600033578661,AAPL,3210000,3211000,1000,100,4,55,43,152
24600033578661,AMZN,18499900,18527300,27400,1,20,25,23,57
24600033578661,GOOGL,14350000,14390000,40000,6,30,11,5,16
24600033578661,MSFT,1738200,1740000,1800,300,127,51,36,152
24600033578661,TSLA,6442500,6445000,2500,100,2,199,110,680
24610093584911,AAPL,3210000,3211500,1500,100,34,55,43,152
24610093584911,AMZN,18499900,18527300,27400,1,20,25,23,57
24610093584911,GOOGL,14353700,14389900,36200,20,7,12,7,19
24610093584911,MSFT,1738200,1740000,1800,300,127,50,36,151
24610093584911,TSLA,6437500,6443900,6400,100,3,198,112,682
24620602149704,AAPL,3210000,3211500,1500,100,34,55,43,152
24620602149704,AMZN,18499900,18527300,27400,1,20,25,23,57
24620602149704,GOOGL,14354300,14389900,35600,34,13,12,7,19
24620602149704,MSFT,1738200,1740000,1800,300,127,50,36,151
24620602149704,TSLA,6437500,6444000,6500,100,11,199,111,682
24630211390284,AAPL,3210000,3211500,1500,100,34,55,43,152
24630211390284,AMZN,18499900,18527300,27400,1,20,25,23,57
24630211390284,GOOGL,14354300,14389900,35600,34,13,12,7,19
24630211390284,MSFT,1738200,1739000,800,300,100,50,36,150
24630211390284,TSLA,6437500,6444000,6500,100,11,199,111,683
24640599466364,AAPL,3210000,3211500,1500,100,31,55,43,153
24640599466364,AMZN,18499900,18527300,27400,1,20,25,23,57
24640599466364,GOOGL,14354300,14389900,35600,34,13,12,7,19
24640599466364,MSFT,1738200,1739000,800,200,100,50,37,150
24640599466364,TSLA,6437500,6444000,6500,100,11,202,111,686
24650509489871,AAPL,3210000,3212500,2500,100,100,55,42,152
24650509489871,AMZN,18499900,18527400,27500,1,858,25,22,56
24650509489871,GOOGL,14354300,14389900,35600,34,13,12,7,19
24650509489871,MSFT,1738200,1740000,1800,200,27,50,36,149
24650509489871,TSLA,6437500,6444000,6500,100,11,203,112,690
24660057196117,AAPL,3210000,3212500,2500,100,100,55,42,153
24660057196117,AMZN,18499900,18527400,27500,1,858,25,22,56
24660057196117,GOOGL,14354300,14389900,35600,34,8,11,7,18
24660057196117,MSFT,1739000,1740000,1000,5,20,51,36,150
24660057196117,TSLA,6437500,6444000,6500,100,11,204,112,692
24670018627663,AAPL,3206500,3212500,6000,100,100,54,43,154
24670018627663,AMZN,18499900,18527400,27500,1,858,25,22,56
24670018627663,GOOGL,14354300,14389900,35600,34,8,12,6,18
24670018627663,MSFT,1739000,1740000,1000,5,20,51,36,150
24670018627663,TSLA,6437700,6444000,6300,25,11,206,111,692
24680474768288,AAPL,3206500,3212500,6000,100,100,54,43,154
24680474768288,AMZN,18499900,18527400,27500,1,858,25,21,55
24680474768288,GOOGL,14353800,14390000,36200,20,30,12,6,18
24680474768288,MSFT,1739000,1740000,1000,5,20,51,36,150
24680474768288,TSLA,6450000,6455500,5500,199,30,210,100,668
24690371398218,AAPL,3206500,3211000,4500,100,100,54,43,154
24690371398218,AMZN,18499900,18527400,27500,1,858,25,22,56
24690371398218,GOOGL,14353800,14390000,36200,20,30,11,7,18
24690371398218,MSFT,1739000,1740000,1000,5,20,51,36,150
24690371398218,TSLA,6450000,6455500,5500,400,30,211,99,669
24700561834521,AAPL,3206500,3211000,4500,100,100,54,44,155
24700561834521,AMZN,18499900,18527400,27500,1,858,25,22,56
24700561834521,GOOGL,14353700,14389900,36200,20,8,12,6,18
24700561834521,MSFT,1739000,1740000,1000,5,20,51,36,150
24700561834521,TSLA,6445000,6450000,5000,223,182,208,100,667
24710661783895,AAPL,3206500,3211000,4500,130,100,54,44,156
24710661783895,AMZN,18499900,18527400,27500,1,858,25,22,56
24710661783895,GOOGL,14354400,14389900,35500,20,8,12,6,18
24710661783895,MSFT,1739000,1740000,1000,5,20,51,36,150
24710661783895,TSLA,6444400,6449900,5500,25,21,209,102,669
24720014642313,AAPL,3207000,3211000,4000,300,100,55,45,156
24720014642313,AMZN,18499900,18527400,27500,1,858,25,22,56
24720014642313,GOOGL,14355000,14390000,35000,20,30,12,6,18
24720014642313,MSFT,1739000,1740000,1000,5,20,50,36,150
24720014642313,TSLA,6444400,6449900,5500,17,21,209,103,672
24730441278036,AAPL,3207000,3211000,4000,300,100,56,45,157
24730441278036,AMZN,18499900,18527400,27500,1,858,25,22,56
24730441278036,GOOGL,14355000,14390000,35000,20,30,11,7,18
24730441278036,MSFT,1739200,1740000,800,1,20,51,36,151
24730441278036,TSLA,6444500,6449900,5400,10,21,210,103,672
24740176979779,AAPL,3207000,3211000,4000,300,100,56,45,157
24740176979779,AMZN,18499900,18527400,27500,1,858,25,22,56
24740176979779,GOOGL,14355000,14390000,35000,20,30,11,7,18
24740176979779,MSFT,1739200,1740000,800,1,20,51,36,151
24740176979779,TSLA,6445000,6449900,4900,25,121,210,103,677
24750040517347,AAPL,3207000,3209400,2400,300,40,56,46,158
24750040517347,AMZN,18499900,18527400,27500,1,858,25,22,56
24750040517347,GOOGL,14355600,14389900,34300,20,12,11,7,18
24750040517347,MSFT,1739200,1741500,2300,1,365,52,35,151
24750040517347,TSLA,6445000,6449900,4900,25,100,209,103,675
24760062448026,AAPL,3207000,3209400,2400,186,38,56,46,158
24760062448026,AMZN,18499900,18527400,27500,1,858,25,22,56
24760062448026,GOOGL,14355600,14389900,34300,20,12,12,6,18
24760062448026,MSFT,1739200,1741500,2300,1,365,53,35,151
24760062448026,TSLA,6445000,6449900,4900,25,100,210,103,677
24771209872555,AAPL,3207000,3209400,2400,186,38,57,46,159
24771209872555,AMZN,18499900,18527400,27500,1,858,25,22,56
24771209872555,GOOGL,14355600,14389900,34300,20,12,12,7,19
24771209872555,MSFT,1739200,1741500,2300,51,365,51,35,150
24771209872555,TSLA,6445000,6449900,4900,25,100,210,103,679
24780034103769,AAPL,3207000,3209400,2400,186,38,57,46,159
24780034103769,AMZN,18499900,18527400,27500,1,858,25,22,56
24780034103769,GOOGL,14355600,14389900,34300,20,12,12,7,19
24780034103769,MSFT,1740000,1742000,2000,5,24,53,34,150
24780034103769,TSLA,6445000,6449900,4900,25,100,211,104,680
24791382638660,AAPL,3207000,3209400,2400,186,38,57,46,159
24791382638660,AMZN,18499900,18527400,27500,1,858,25,22,56
24791382638660,GOOGL,14355600,14389900,34300,20,12,11,7,18
24791382638660,MSFT,1740000,1742000,2000,5,24,53,34,149
24791382638660,TSLA,6445000,6449900,4900,15,100,213,104,681
24800032913160,AAPL,3207000,3209400,2400,186,38,57,46,159
24800032913160,AMZN,18499900,18527400,27500,1,858,25,22,56
24800032913160,GOOGL,14355600,14389900,34300,20,12,11,7,18
24800032913160,MSFT,1739600,1742000,2400,50,24,52,34,148
24800032913160,TSLA,6445000,6449900,4900,15,100,213,104,681
24810114320329,AAPL,3207000,3209000,2000,186,98,56,47,159
24810114320329,AMZN,18499900,18527400,27500,1,858,25,22,56
24810114320329,GOOGL,14355000,14389900,34900,20,15,11,7,18
24810114320329,MSFT,1741500,1742000,500,1,24,52,34,148
24810114320329,TSLA,6442000,6449200,7200,10,14,210,104,676
24822007639723,AAPL,3206500,3209000,2500,100,98,56,48,160
24822007639723,AMZN,18499900,18527400,27500,1,858,25,22,56
24822007639723,GOOGL,14355000,14389900,34900,20,15,12,6,18
24822007639723,MSFT,1739800,1742000,2200,50,24,51,34,147
24822007639723,TSLA,6434400,6448100,13700,24,16,206,106,675
24830424991439,AAPL,3206500,3209000,2500,100,15,56,49,161
24830424991439,AMZN,18492100,18527400,35300,1,858,24,22,55
24830424991439,GOOGL,14355700,14389900,34200,20,12,12,6,18
24830424991439,MSFT,1739800,1742000,2200,50,24,51,34,147
24830424991439,TSLA,6434400,6442900,8500,24,200,206,109,678
24840177640307,AAPL,3206500,3209000,2500,100,15,55,48,160
24840177640307,AMZN,18492100,18527400,35300,1,858,24,22,55
24840177640307,GOOGL,14352400,14389900,37500,47,18,12,7,19
24840177640307,MSFT,1739800,1742000,2200,50,24,51,34,147
24840177640307,TSLA,6435000,6442000,7000,79,4,207,108,677
24850317912624,AAPL,3206500,3209000,2500,100,15,56,48,161
24850317912624,AMZN,18492100,18527400,35300,1,858,24,21,54
24850317912624,GOOGL,14352400,14389900,37500,47,18,12,6,18
24850317912624,MSFT,1739800,1742000,2200,50,24,51,34,147
24850317912624,TSLA,6435000,6443000,8000,79,4,207,108,677
24860354134244,AAPL,3206500,3209000,2500,100,15,56,48,161
24860354134244,AMZN,18492100,18527400,35300,1,858,25,22,56
24860354134244,GOOGL,14352400,14389900,37500,47,18,12,7,19
24860354134244,MSFT,1739800,1742000,2200,50,24,51,34,147
24860354134244,TSLA,6435000,6444000,9000,79,4,207,109,678
24870071905971,AAPL,3206500,3209000,2500,100,15,55,48,160
24870071905971,AMZN,18492100,18527400,35300,1,858,25,22,56
24870071905971,GOOGL,14352400,14389900,37500,47,18,12,6,18
24870071905971,MSFT,1739800,1742000,2200,50,24,50,34,146
24870071905971,TSLA,6435000,6440000,5000,79,4,207,109,679
24880084678793,AAPL,3206500,3209000,2500,100,15,55,47,159
24880084678793,AMZN,18492100,18527400,35300,1,858,25,21,55
24880084678793,GOOGL,14352400,14389900,37500,47,18,12,7,19
24880084678793,MSFT,1739800,1742000,2200,50,24,50,34,146
24880084678793,TSLA,6435000,6440000,5000,79,4,207,109,680
24891077907017,AAPL,3205000,3209400,4400,400,38,53,47,156
24891077907017,AMZN,18492100,18527400,35300,1,858,25,22,56
24891077907017,GOOGL,14352400,14389900,37500,47,18,12,7,19
24891077907017,MSFT,1739800,1742000,2200,50,24,50,34,146
24891077907017,TSLA,6435200,6447300,12100,79,14,206,108,679
24900025254121,AAPL,3205000,3209400,4400,400,38,53,47,156
24900025254121,AMZN,18492100,18527400,35300,1,858,24,22,55
24900025254121,GOOGL,14352500,14389900,37400,47,18,11,7,18
24900025254121,MSFT,1739800,1742000,2200,50,24,50,33,145
24900025254121,TSLA,6435200,6448000,12800,79,20,206,108,679
24910551775485,AAPL,3205000,3209400,4400,400,38,55,47,158
24910551775485,AMZN,18492100,18527400,35300,1,858,24,22,55
24910551775485,GOOGL,14350000,14390000,40000,6,30,10,6,16
24910551775485,MSFT,1739800,1742000,2200,50,24,50,34,146
24910551775485,TSLA,6435200,6448000,12800,79,20,206,108,679
24920262269771,AAPL,3206500,3209400,2900,50,38,56,47,160
24920262269771,AMZN,18492100,18510000,17900,1,5,24,23,56
24920262269771,GOOGL,14350000,14390000,40000,6,30,11,6,17
24920262269771,MSFT,1739800,1742000,2200,50,24,50,34,146
24920262269771,TSLA,6435200,6448000,12800,79,20,206,108,678
24930110954881,AAPL,3205900,3209400,3500,14,38,56,48,161
24930110954881,AMZN,18492100,18510000,17900,1,5,24,23,56
24930110954881,GOOGL,14350000,14390000,40000,6,30,11,6,17
24930110954881,MSFT,1739800,1742000,2200,50,24,50,34,146
24930110954881,TSLA,6435200,6448000,12800,79,20,206,108,679
24940163811177,AAPL,3205900,3209400,3500,14,38,56,48,161
24940163811177,AMZN,18492100,18510000,17900,1,5,24,23,56
24940163811177,GOOGL,14350000,14390000,40000,6,30,11,6,17
24940163811177,MSFT,1739800,1742000,2200,50,24,50,34,147
24940163811177,TSLA,6435200,6448000,12800,79,20,206,107,679
24951551219246,AAPL,3205900,3209400,3500,14,38,56,48,159
24951551219246,AMZN,18492100,18510000,17900,1,5,24,23,56
24951551219246,GOOGL,14350000,14390000,40000,6,30,12,5,17
24951551219246,MSFT,1739800,1742000,2200,50,24,50,34,147
24951551219246,TSLA,6435200,6448000,12800,79,20,208,108,684
24960026252032,AAPL,3205900,3209400,3500,14,38,56,47,159
24960026252032,AMZN,18492100,18510000,17900,1,5,24,23,56
24960026252032,GOOGL,14350000,14390000,40000,6,30,12,5,17
24960026252032,MSFT,1739800,1742000,2200,50,24,50,34,147
24960026252032,TSLA,6427700,6439900,12200,25,43,201,110,681
24970520678036,AAPL,3207700,3209400,1700,10,38,56,47,159
24970520678036,AMZN,18492100,18510000,17900,1,5,24,23,56
24970520678036,GOOGL,14350000,14390000,40000,6,30,11,6,17
24970520678036,MSFT,1739800,1742000,2200,50,24,50,34,147
24970520678036,TSLA,6424400,6439900,15500,7,18,201,111,684
24980591629696,AAPL,3207700,3209400,1700,10,38,56,47,159
24980591629696,AMZN,18492100,18510000,17900,1,5,24,23,56
24980591629696,GOOGL,14350000,14390000,40000,6,30,12,6,18
24980591629696,MSFT,1739800,1742000,2200,50,24,50,34,147
24980591629696,TSLA,6424400,6438300,13900,7,25,202,111,686
24990026825449,AAPL,3205000,3209400,4400,100,38,56,47,159
24990026825449,AMZN,18492100,18510000,17900,1,5,24,23,56
24990026825449,GOOGL,14350000,14390000,40000,6,30,11,6,17
24990026825449,MSFT,1739800,1741600,1800,50,600,50,35,147
24990026825449,TSLA,6424400,6438300,13900,7,25,203,111,689
25000199899190,AAPL,3205000,3209400,4400,100,38,56,47,159
25000199899190,AMZN,18492100,18510000,17900,1,5,24,23,56
25000199899190,GOOGL,14350000,14390000,40000,6,30,12,5,17
25000199899190,MSFT,1739800,1740500,700,50,600,50,35,147
25000199899190,TSLA,6424400,6438300,13900,7,25,203,111,689
25010225792564,AAPL,3205000,3209400,4400,100,38,56,47,158
25010225792564,AMZN,18492100,18510000,17900,1,5,24,23,56
25010225792564,GOOGL,14350000,14390000,40000,6,30,11,6,17
25010225792564,MSFT,1739800,1740000,200,50,400,50,36,148
25010225792564,TSLA,6424400,6438700,14300,7,95,204,110,690
25020023394951,AAPL,3206000,3209400,3400,83,38,56,47,159
25020023394951,AMZN,18492100,18510000,17900,1,5,24,23,56
25020023394951,GOOGL,14350000,14390000,40000,6,30,12,6,18
25020023394951,MSFT,1738200,1742000,3800,200,24,49,34,145
25020023394951,TSLA,6424400,6438700,14300,7,95,206,110,692
25030038897216,AAPL,3207200,3209500,2300,500,30,57,45,158
25030038897216,AMZN,18492100,18510000,17900,1,5,24,23,56
25030038897216,GOOGL,14350000,14390000,40000,6,30,11,5,16
25030038897216,MSFT,1738200,1742000,3800,200,24,49,35,146
25030038897216,TSLA,6428000,6438700,10700,793,95,208,110,693
25040046887794,AAPL,3207200,3209500,2300,462,30,57,45,158
25040046887794,AMZN,18492100,18510000,17900,1,5,24,23,56
25040046887794,GOOGL,14350000,14390000,40000,6,30,11,5,16
25040046887794,MSFT,1740000,1742000,2000,200,24,49,34,145
25040046887794,TSLA,6428000,6438700,10700,793,95,208,110,693
25050263710229,AAPL,3207500,3208000,500,83,40,57,47,160
25050263710229,AMZN,18492100,18510000,17900,1,5,24,23,56
25050263710229,GOOGL,14350000,14390000,40000,6,30,11,5,16
25050263710229,MSFT,1740000,1742000,2000,200,24,48,34,144
25050263710229,TSLA,6428000,6438700,10700,796,95,206,109,691
