timestamp_ns,symbol,best_bid,best_ask,spread,bid_volume,ask_volume,bid_levels,ask_levels,total_orders
14400007694888,TSLA,6119800,0,0,20,0,1,0,1
14410171064482,AAPL,3217982,3218000,18,100,200,9,4,13
14410171064482,AMZN,18539989,18540000,11,200,50,24,4,29
14410171064482,GOOGL,14419955,14420000,45,100,80,15,2,18
14410171064482,MSFT,1745690,1746000,310,100,500,17,4,21
14410171064482,TSLA,6459989,6460000,11,2992,450,38,8,80
14420116258967,AAPL,3217989,3218000,11,1770,200,20,6,45
14420116258967,AMZN,18539989,18540000,11,2580,50,30,9,66
14420116258967,GOOGL,14419988,14420000,12,100,80,24,2,28
14420116258967,MSFT,1745989,1746000,11,300,500,30,6,40
14420116258967,TSLA,6459989,6460000,11,7655,450,59,10,156
14430128422424,AAPL,3217989,3218000,11,2095,200,21,6,49
14430128422424,AMZN,18539989,18540000,11,3200,50,28,10,72
14430128422424,GOOGL,14419989,14420000,11,100,80,24,2,28
14430128422424,MSFT,1745989,1746000,11,1300,500,31,8,53
14430128422424,TSLA,6459989,6460000,11,11651,450,78,12,226
14440009312139,AAPL,3217989,3218000,11,4210,200,26,16,87
14440009312139,AMZN,18539989,18540000,11,4098,50,29,11,85
14440009312139,GOOGL,14419989,14420000,11,500,80,24,2,31
14440009312139,MSFT,1745989,1746000,11,2500,500,34,10,73
14440009312139,TSLA,6459989,6460000,11,16099,450,96,19,309
14450141371823,AAPL,3217989,3218000,11,5903,200,26,22,116
14450141371823,AMZN,18539989,18540000,11,4984,50,31,11,95
14450141371823,GOOGL,14419989,14420000,11,800,80,23,2,33
14450141371823,MSFT,1745989,1746000,11,4000,500,38,12,101
14450141371823,TSLA,6459989,6460000,11,21965,450,104,28,406
14460734530503,AAPL,3217989,3218000,11,6257,200,26,23,121
14460734530503,AMZN,18539989,18540000,11,5484,50,32,11,101
14460734530503,GOOGL,14419989,14420000,11,900,80,24,2,35
14460734530503,MSFT,1745989,1746000,11,4300,500,39,12,104
14460734530503,TSLA,6459989,6460000,11,25293,450,109,29,445
14470767858128,AAPL,3217989,3218000,11,6745,200,28,23,128
14470767858128,AMZN,18539989,18540000,11,5484,50,32,11,101
14470767858128,GOOGL,14419989,14420000,11,1100,80,25,2,39
14470767858128,MSFT,1745989,1746000,11,4400,500,39,12,106
14470767858128,TSLA,6459989,6460000,11,27179,450,111,29,467
14480137534330,AAPL,3217989,3218000,11,7078,200,27,23,131
14480137534330,AMZN,18539989,18540000,11,5684,50,32,11,103
14480137534330,GOOGL,14419989,14420000,11,1200,80,24,2,39
14480137534330,MSFT,1745989,1746000,11,4690,500,40,12,109
14480137534330,TSLA,6459989,6460000,11,31284,450,125,31,538
14490228841918,AAPL,3217989,3218000,11,7668,200,28,23,137
14490228841918,AMZN,18539989,18540000,11,5874,50,32,11,104
14490228841918,GOOGL,14419989,14420000,11,1200,80,24,2,39
14490228841918,MSFT,1745989,1746000,11,5290,500,42,12,118
14490228841918,TSLA,6459989,6460000,11,33859,450,134,36,581
14500274165662,AAPL,3217989,3218000,11,8031,200,27,22,140
14500274165662,AMZN,18539989,18540000,11,6374,50,34,11,111
14500274165662,GOOGL,14419989,14420000,11,1499,80,23,2,42
14500274165662,MSFT,1745989,1746000,11,6484,500,43,12,132
14500274165662,TSLA,6459989,6460000,11,37325,450,138,36,628
14510089483967,AAPL,3217989,3218000,11,7697,200,28,18,134
14510089483967,AMZN,18539989,18540000,11,7423,50,36,11,126
14510089483967,GOOGL,14419989,14420000,11,1978,80,22,2,47
14510089483967,MSFT,1745989,1746000,11,7400,500,46,12,150
14510089483967,TSLA,6459989,6460000,11,39926,450,140,35,654
14520454574759,AAPL,3217989,3218000,11,8747,200,29,17,146
14520454574759,AMZN,18539989,18540000,11,7923,50,35,11,134
14520454574759,GOOGL,14419989,14420000,11,2378,80,23,2,55
14520454574759,MSFT,1745989,1746000,11,7790,500,47,11,156
14520454574759,TSLA,6459989,6460000,11,41781,450,141,33,674
14530089053829,AAPL,3217989,3218000,11,9047,200,29,17,150
14530089053829,AMZN,18539989,18540000,11,7923,50,35,11,134
14530089053829,GOOGL,14419989,14420000,11,2578,80,24,2,59
14530089053829,MSFT,1745989,1746000,11,8790,500,49,10,171
14530089053829,TSLA,6459989,6460000,11,43851,450,139,33,697
14540020638704,AAPL,3217989,3218000,11,9727,200,29,17,156
14540020638704,AMZN,18539989,18540000,11,7923,50,35,11,134
14540020638704,GOOGL,14419989,14420000,11,2778,80,25,2,63
14540020638704,MSFT,1745989,1746000,11,8790,500,49,10,171
14540020638704,TSLA,6459989,6460000,11,46544,450,141,31,730
14550125501430,AAPL,3217989,3218000,11,10262,200,32,17,164
14550125501430,AMZN,18539989,18540000,11,8113,50,36,11,137
14550125501430,GOOGL,14419989,14420000,11,3268,80,29,2,72
14550125501430,MSFT,1745989,1746000,11,8890,500,49,9,170
14550125501430,TSLA,6459989,6460000,11,48040,450,140,32,749
14560976665066,AAPL,3217989,3218000,11,10865,200,32,16,169
14560976665066,AMZN,18539989,18540000,11,8213,50,37,11,139
14560976665066,GOOGL,14419989,14420000,11,4068,80,36,2,88
14560976665066,MSFT,1745989,1746000,11,9661,500,50,9,177
14560976665066,TSLA,6459989,6460000,11,49854,450,138,33,766
14570874432279,AAPL,3217989,3218000,11,11375,200,33,15,175
14570874432279,AMZN,18539989,18540000,11,8308,50,37,11,140
14570874432279,GOOGL,14419989,14420000,11,4266,80,37,2,91
14570874432279,MSFT,1745989,1746000,11,10901,500,52,9,195
14570874432279,TSLA,6459989,6460000,11,51012,450,136,34,778
14580632747635,AAPL,3217989,3218000,11,12275,200,34,12,180
14580632747635,AMZN,18539989,18540000,11,8508,50,39,11,144
14580632747635,GOOGL,14419989,14420000,11,4266,80,37,2,91
14580632747635,MSFT,1745989,1746000,11,11641,500,51,9,204
14580632747635,TSLA,6459989,6460000,11,53311,450,134,34,804
14590183615010,AAPL,3217989,3218000,11,12875,200,35,11,187
14590183615010,AMZN,18539989,18540000,11,8808,50,40,11,148
14590183615010,GOOGL,14419989,14420000,11,4365,80,37,2,92
14590183615010,MSFT,1745989,1746000,11,12441,500,54,9,218
14590183615010,TSLA,6459989,6460000,11,55041,450,136,32,819
14600180471375,AAPL,3217989,3218000,11,13075,200,35,11,191
14600180471375,AMZN,18539989,18540000,11,10198,50,46,12,171
14600180471375,GOOGL,14419989,14420000,11,4365,80,37,2,92
14600180471375,MSFT,1745989,1746000,11,12711,500,54,9,221
14600180471375,TSLA,6459989,6460000,11,57151,450,141,35,852
14610140947725,AAPL,3217989,3218000,11,13215,200,35,11,193
14610140947725,AMZN,18539989,18540000,11,10298,50,47,12,173
14610140947725,GOOGL,14419989,14420000,11,4665,80,39,2,96
14610140947725,MSFT,1745989,1746000,11,13121,500,55,9,227
14610140947725,TSLA,6459989,6460000,11,58363,450,143,36,868
14620062524440,AAPL,3217989,3218000,11,13815,200,38,12,205
14620062524440,AMZN,18539989,18540000,11,10898,50,52,12,185
14620062524440,GOOGL,14419989,14420000,11,4765,80,39,2,98
14620062524440,MSFT,1745989,1746000,11,13331,500,55,9,229
14620062524440,TSLA,6459989,6460000,11,58759,450,144,36,869
14630068992021,AAPL,3217989,3218000,11,14400,200,41,12,214
14630068992021,AMZN,18539989,18540000,11,11398,50,54,12,195
14630068992021,GOOGL,14419989,14420000,11,7670,80,52,2,142
14630068992021,MSFT,1745989,1746000,11,14571,500,59,9,248
14630068992021,TSLA,6459989,6460000,11,60526,450,137,36,879
14640101517613,AAPL,3217989,3218000,11,14500,200,41,12,215
14640101517613,AMZN,18539989,18540000,11,11898,50,56,12,205
14640101517613,GOOGL,14419989,14420000,11,10476,80,60,2,182
14640101517613,MSFT,1745989,1746000,11,15141,500,61,9,259
14640101517613,TSLA,6459989,6460000,11,61182,450,135,36,880
14650094083955,AAPL,3217989,3218000,11,14700,200,41,12,216
14650094083955,AMZN,18539989,18540000,11,12298,50,57,12,213
14650094083955,GOOGL,14419989,14420000,11,11371,80,63,2,196
14650094083955,MSFT,1745989,1746000,11,16014,500,65,9,274
14650094083955,TSLA,6459989,6460000,11,64156,450,131,36,898
14660226142686,AAPL,3217989,3218000,11,15100,200,40,12,220
14660226142686,AMZN,18539989,18540000,11,12488,50,57,12,216
14660226142686,GOOGL,14419989,14420000,11,11671,80,64,2,201
14660226142686,MSFT,1745989,1746000,11,15699,500,65,9,270
14660226142686,TSLA,6459989,6460000,11,66351,400,131,36,918
14670576171695,AAPL,3217989,3218000,11,15200,200,40,12,221
14670576171695,AMZN,18539989,18540000,11,12588,50,57,12,217
14670576171695,GOOGL,14419989,14420000,11,11771,80,65,2,203
14670576171695,MSFT,1745989,1746000,11,16093,500,66,11,279
14670576171695,TSLA,6459989,6460000,11,69312,400,135,36,950
14680698250055,AAPL,3217989,3218000,11,15400,200,41,12,225
14680698250055,AMZN,18539989,18540000,11,12588,50,57,12,217
14680698250055,GOOGL,14419989,14420000,11,11771,80,65,2,203
14680698250055,MSFT,1745989,1746000,11,16461,500,66,11,285
14680698250055,TSLA,6459989,6460000,11,70550,400,135,36,965
14690254208671,AAPL,3217989,3218000,11,15740,200,43,12,231
14690254208671,AMZN,18539989,18540000,11,13237,50,59,12,226
14690254208671,GOOGL,14419989,14420000,11,12034,80,65,2,206
14690254208671,MSFT,1745989,1746000,11,17213,500,65,12,294
14690254208671,TSLA,6459989,6460000,11,71894,400,138,35,983
14700552116953,AAPL,3217989,3218000,11,16280,200,43,13,237
14700552116953,AMZN,18539989,18540000,11,13437,50,60,12,228
14700552116953,GOOGL,14419989,14420000,11,15150,80,75,2,254
14700552116953,MSFT,1745989,1746000,11,17681,500,66,12,296
14700552116953,TSLA,6459989,6460000,11,74998,400,137,33,1016
14710019005149,AAPL,3217989,3218000,11,16905,200,47,13,245
14710019005149,AMZN,18539989,18540000,11,13737,50,60,12,232
14710019005149,GOOGL,14419989,14420000,11,18320,80,83,2,302
14710019005149,MSFT,1745989,1746000,11,18649,500,68,12,308
14710019005149,TSLA,6459989,6460000,11,76786,382,138,33,1032
14720284562530,AAPL,3217989,3218000,11,17400,200,47,13,249
14720284562530,AMZN,18539989,18540000,11,14576,50,64,12,244
14720284562530,GOOGL,14419989,14420000,11,20669,80,89,2,338
14720284562530,MSFT,1745989,1746000,11,18833,500,68,12,309
14720284562530,TSLA,6459989,6460000,11,79427,358,140,33,1059
14730689022439,AAPL,3217989,3218000,11,17900,200,46,13,254
14730689022439,AMZN,18539989,18540000,11,14876,80,64,12,247
14730689022439,GOOGL,14419989,14420000,11,20769,80,89,2,340
14730689022439,MSFT,1745989,1746000,11,19033,500,69,13,313
14730689022439,TSLA,6459989,6460000,11,80099,358,141,33,1068
14740649878672,AAPL,3217989,3218000,11,18443,200,48,13,263
14740649878672,AMZN,18539989,18540000,11,15376,80,67,13,256
14740649878672,GOOGL,14419989,14420000,11,21698,80,91,2,354
14740649878672,MSFT,1745989,1746000,11,19401,500,69,13,318
14740649878672,TSLA,6459989,6460000,11,81096,358,141,33,1083
14750079262120,AAPL,3217989,3218000,11,18516,200,48,13,263
14750079262120,AMZN,18539989,18540000,11,15676,80,68,13,260
14750079262120,GOOGL,14419989,14420000,11,21698,80,91,2,354
14750079262120,MSFT,1745989,1746000,11,19853,500,69,13,321
14750079262120,TSLA,6459989,6460000,11,82181,358,147,34,1105
14760263182188,AAPL,3217989,3218000,11,18559,200,48,13,263
14760263182188,AMZN,18539989,18540000,11,16716,30,67,13,268
14760263182188,GOOGL,14419989,14420000,11,22170,80,92,2,360
14760263182188,MSFT,1745989,1746000,11,20421,500,69,13,325
14760263182188,TSLA,6459989,6460000,11,84869,358,152,34,1144
14770487333991,AAPL,3217989,3218000,11,19219,200,49,14,272
14770487333991,AMZN,18539989,18540000,11,16896,30,68,13,271
14770487333991,GOOGL,14419989,14420000,11,22356,80,92,2,363
14770487333991,MSFT,1745989,1746000,11,20800,500,69,13,328
14770487333991,TSLA,6459989,6460000,11,86464,358,155,34,1166
14780653640469,AAPL,3217989,3218000,11,19469,200,50,14,276
14780653640469,AMZN,18539989,18540000,11,17288,30,68,13,278
14780653640469,GOOGL,14419989,14420000,11,22827,80,92,2,371
14780653640469,MSFT,1745989,1746000,11,21200,500,72,14,336
14780653640469,TSLA,6459989,6460000,11,87647,358,155,34,1181
14790119407685,AAPL,3217989,3218000,11,19879,200,50,14,279
14790119407685,AMZN,18539989,18540000,11,17548,30,67,13,279
14790119407685,GOOGL,14419989,14420000,11,23197,80,92,2,374
14790119407685,MSFT,1745989,1746000,11,21800,500,72,14,344
14790119407685,TSLA,6459989,6460000,11,89011,358,158,35,1205
14800099389696,AAPL,3217989,3218000,11,20843,200,53,14,291
14800099389696,AMZN,18539989,18540000,11,17947,30,67,13,281
14800099389696,GOOGL,14419989,14420000,11,23874,80,93,2,384
14800099389696,MSFT,1745989,1746000,11,21900,500,73,14,348
14800099389696,TSLA,6459989,6460000,11,89778,358,161,35,1215
14810928949158,AAPL,3217989,3218000,11,22903,114,59,16,322
14810928949158,AMZN,18539989,18540000,11,18647,30,70,17,295
14810928949158,GOOGL,14419989,14420000,11,24734,80,93,4,394
14810928949158,MSFT,1745989,1746000,11,22400,500,74,14,353
14810928949158,TSLA,6459989,6460000,11,90901,272,159,35,1218
14820181147744,AAPL,3217989,3218000,11,24093,114,62,18,340
14820181147744,AMZN,18539989,18540000,11,19447,30,75,19,311
14820181147744,GOOGL,14419989,14420000,11,24971,80,93,4,396
14820181147744,MSFT,1745989,1746000,11,23500,500,75,15,369
14820181147744,TSLA,6459989,6460000,11,92353,272,161,35,1232
14830487055811,AAPL,3217989,3218000,11,24800,114,62,18,352
14830487055811,AMZN,18539989,18540000,11,20523,30,79,20,330
14830487055811,GOOGL,14419989,14420000,11,25225,80,93,4,398
14830487055811,MSFT,1745989,1746000,11,23900,471,76,15,376
14830487055811,TSLA,6459989,6460000,11,94068,272,161,34,1253
14840025291546,AAPL,3217989,3218000,11,25059,114,62,19,356
14840025291546,AMZN,18539989,18540000,11,20722,30,80,20,333
14840025291546,GOOGL,14419989,14420000,11,25396,80,93,4,398
14840025291546,MSFT,1745989,1746000,11,24800,471,81,15,394
14840025291546,TSLA,6459989,6460000,11,95383,272,160,33,1263
14850055883744,AAPL,3217989,3218000,11,25429,114,62,19,360
14850055883744,AMZN,18539989,18540000,11,20722,30,80,20,333
14850055883744,GOOGL,14419989,14420000,11,25400,80,93,4,398
14850055883744,MSFT,1745989,1746000,11,25695,471,86,16,411
14850055883744,TSLA,6459989,6460000,11,96247,272,160,33,1273
14860195529008,AAPL,3217989,3218000,11,25529,114,62,19,362
14860195529008,AMZN,18539989,18540000,11,20922,30,81,21,337
14860195529008,GOOGL,14419989,14420000,11,25500,80,92,4,398
14860195529008,MSFT,1745989,1746000,11,26295,471,87,16,423
14860195529008,TSLA,6459989,6460000,11,97555,272,161,32,1283
14870114741844,AAPL,3217989,3218000,11,26100,114,61,18,364
14870114741844,AMZN,18539989,18540000,11,21222,30,81,21,341
14870114741844,GOOGL,14419989,14420000,11,25971,80,92,4,402
14870114741844,MSFT,1745989,1746000,11,27395,471,89,18,445
14870114741844,TSLA,6459989,6460000,11,96893,272,160,30,1275
14880563052031,AAPL,3217989,3218000,11,27020,114,62,18,377
14880563052031,AMZN,18539989,18540000,11,21898,30,85,22,353
14880563052031,GOOGL,14419989,14420000,11,26742,80,90,4,403
14880563052031,MSFT,1745989,1746000,11,27695,471,90,18,451
14880563052031,TSLA,6459989,6460000,11,98198,272,163,29,1292
14890403607770,AAPL,3217989,3218000,11,27700,114,62,19,385
14890403607770,AMZN,18539989,18540000,11,21998,30,85,23,355
14890403607770,GOOGL,14419989,14420000,11,26913,80,90,4,405
14890403607770,MSFT,1745989,1746000,11,29095,471,97,18,476
14890403607770,TSLA,6459989,6460000,11,98888,272,164,29,1302
14900449998181,AAPL,3217989,3218000,11,28240,114,63,19,394
14900449998181,AMZN,18539989,18540000,11,22098,30,85,23,355
14900449998181,GOOGL,14419989,14420000,11,27053,80,90,4,406
14900449998181,MSFT,1745989,1746000,11,29295,471,97,18,479
14900449998181,TSLA,6459989,6460000,11,99216,272,165,29,1308
14910487708221,AAPL,3217989,3218000,11,28580,114,64,19,398
14910487708221,AMZN,18539989,18540000,11,22378,30,84,24,358
14910487708221,GOOGL,14419989,14420000,11,27295,80,89,4,406
14910487708221,MSFT,1745989,1746000,11,29595,471,99,18,485
14910487708221,TSLA,6459989,6460000,11,100317,272,164,30,1316
14920030592260,AAPL,3217989,3218000,11,29400,114,66,18,407
14920030592260,AMZN,18539989,18540000,11,22678,30,84,26,364
14920030592260,GOOGL,14419989,14420000,11,27366,80,89,4,407
14920030592260,MSFT,1745989,1746000,11,31095,442,101,18,506
14920030592260,TSLA,6459989,6460000,11,100203,272,168,31,1322
14930033083190,AAPL,3217989,3218000,11,29820,114,67,18,414
14930033083190,AMZN,18539989,18540000,11,22678,30,84,26,364
14930033083190,GOOGL,14419989,14420000,11,27437,80,89,4,408
14930033083190,MSFT,1745989,1746000,11,31695,442,103,19,516
14930033083190,TSLA,6459989,6460000,11,103444,272,176,30,1358
14940930289478,AAPL,3217989,3218000,11,30530,114,66,18,422
14940930289478,AMZN,18539989,18540000,11,22678,30,84,26,364
14940930289478,GOOGL,14419989,14420000,11,27437,80,89,4,408
14940930289478,MSFT,1745989,1746000,11,32700,442,103,20,529
14940930289478,TSLA,6459989,6460000,11,107282,272,188,31,1418
14950021971484,AAPL,3217989,3218000,11,30740,114,66,18,424
14950021971484,AMZN,18539989,18540000,11,23258,30,84,29,375
14950021971484,GOOGL,14419989,14420000,11,27437,80,89,4,408
14950021971484,MSFT,1745989,1746000,11,33700,442,102,20,540
14950021971484,TSLA,6459989,6460000,11,109709,272,196,30,1452
14960227769599,AAPL,3217989,3218000,11,31040,114,64,17,424
14960227769599,AMZN,18539989,18540000,11,24118,30,79,29,380
14960227769599,GOOGL,14419989,14420000,11,27508,80,89,4,409
14960227769599,MSFT,1745989,1746000,11,34600,442,102,20,551
14960227769599,TSLA,6459989,6460000,11,114181,272,203,29,1505
14970185851441,AAPL,3217989,3218000,11,31540,114,65,17,432
14970185851441,AMZN,18539989,18540000,11,24818,30,81,30,386
14970185851441,GOOGL,14419989,14420000,11,27508,80,89,4,409
14970185851441,MSFT,1745989,1746000,11,34800,442,104,20,559
14970185851441,TSLA,6459989,6460000,11,117880,272,210,29,1553
14980100870513,AAPL,3217989,3218000,11,32020,114,65,17,436
14980100870513,AMZN,18539989,18540000,11,25793,30,83,30,396
14980100870513,GOOGL,14419989,14420000,11,27708,80,90,4,411
14980100870513,MSFT,1745989,1746000,11,35700,442,105,20,581
14980100870513,TSLA,6459989,6460000,11,121112,243,211,30,1588
14990383685521,AAPL,3217989,3218000,11,31336,114,66,17,429
14990383685521,AMZN,18539989,18540000,11,26293,30,87,30,405
14990383685521,GOOGL,14419989,14420000,11,27779,80,90,4,411
14990383685521,MSFT,1745989,1746000,11,36300,442,105,20,591
14990383685521,TSLA,6459989,6460000,11,123155,243,214,32,1615
15000370518721,AAPL,3217989,3218000,11,31536,114,67,17,431
15000370518721,AMZN,18539989,18540000,11,27193,30,88,32,415
15000370518721,GOOGL,14419989,14420000,11,28221,80,90,4,415
15000370518721,MSFT,1745989,1746000,11,36600,442,107,20,597
15000370518721,TSLA,6459989,6460000,11,125945,214,220,32,1657
15010487188956,AAPL,3217989,3218000,11,32440,114,65,18,438
15010487188956,AMZN,18539989,18540000,11,27691,30,89,34,422
15010487188956,GOOGL,14419989,14420000,11,28416,80,90,4,417
15010487188956,MSFT,1745989,1746000,11,36900,442,107,20,599
15010487188956,TSLA,6459989,6460000,11,128968,185,227,32,1698
15020740968327,AAPL,3217989,3218000,11,32880,114,65,18,445
15020740968327,AMZN,18539989,18540000,11,28691,30,95,34,438
15020740968327,GOOGL,14419989,14420000,11,29072,80,87,4,418
15020740968327,MSFT,1745989,1746000,11,37800,442,108,21,615
15020740968327,TSLA,6459989,6460000,11,131679,185,232,33,1736
15030112281458,AAPL,3217989,3218000,11,33180,114,65,18,448
15030112281458,AMZN,18539989,18540000,11,29591,30,100,36,454
15030112281458,GOOGL,14419989,14420000,11,29526,80,85,4,421
15030112281458,MSFT,1745989,1746000,11,38394,442,108,21,625
15030112281458,TSLA,6459989,6460000,11,133511,185,239,33,1764
15040055661970,AAPL,3217989,3218000,11,33920,114,67,18,459
15040055661970,AMZN,18539989,18540000,11,30291,30,100,39,466
15040055661970,GOOGL,14419989,14420000,11,29909,80,84,4,423
15040055661970,MSFT,1745989,1746000,11,39479,442,108,24,642
15040055661970,TSLA,6459989,6460000,11,135600,168,241,33,1792
15050567794805,AAPL,3217989,3218000,11,34600,80,67,18,465
15050567794805,AMZN,18539989,18540000,11,30491,30,100,41,470
15050567794805,GOOGL,14419989,14420000,11,29909,80,84,3,422
15050567794805,MSFT,1745989,1746000,11,40859,442,107,24,660
15050567794805,TSLA,6459989,6460000,11,136864,168,245,33,1813
15060014025219,AAPL,3217989,3218000,11,34600,80,67,18,465
15060014025219,AMZN,18539989,18540000,11,30591,30,100,41,470
15060014025219,GOOGL,14419989,14420000,11,30109,80,83,3,423
15060014025219,MSFT,1745989,1746000,11,41444,442,106,24,667
15060014025219,TSLA,6459989,6460000,11,137887,168,248,33,1832
15070680991090,AAPL,3217989,3218000,11,34900,80,67,19,471
15070680991090,AMZN,18539989,18540000,11,30591,30,99,41,469
15070680991090,GOOGL,14419989,14420000,11,30509,80,82,3,426
15070680991090,MSFT,1745989,1746000,11,42327,442,105,24,680
15070680991090,TSLA,6459989,6460000,11,139161,168,250,34,1854
15080307876574,AAPL,3217989,3218000,11,35070,80,68,19,474
15080307876574,AMZN,18539989,18540000,11,30791,30,99,42,472
15080307876574,GOOGL,14419989,14420000,11,30709,80,81,3,427
15080307876574,MSFT,1745989,1746000,11,42700,442,106,24,685
15080307876574,TSLA,6459989,6460000,11,140309,168,254,34,1874
15090487210916,AAPL,3217989,3218000,11,35520,80,68,19,478
15090487210916,AMZN,18539989,18540000,11,31291,30,102,44,482
15090487210916,GOOGL,14419989,14420000,11,31262,80,80,3,429
15090487210916,MSFT,1745989,1746000,11,42800,442,107,24,687
15090487210916,TSLA,6459989,6460000,11,141860,151,256,35,1901
15100178886402,AAPL,3217989,3218000,11,36100,80,72,20,488
15100178886402,AMZN,18539989,18540000,11,31491,30,103,44,484
15100178886402,GOOGL,14419989,14420000,11,31555,80,77,3,429
15100178886402,MSFT,1745989,1746000,11,42900,442,107,24,689
15100178886402,TSLA,6459989,6460000,11,141945,151,261,35,1910
15110237094433,AAPL,3217989,3218000,11,35340,80,77,20,490
15110237094433,AMZN,18539989,18540000,11,31991,30,105,45,491
15110237094433,GOOGL,14419989,14420000,11,32201,80,77,3,434
15110237094433,MSFT,1745989,1746000,11,43100,442,106,24,689
15110237094433,TSLA,6459989,6460000,11,144139,151,267,35,1947
15120206888995,AAPL,3217989,3218000,11,36050,80,79,20,502
15120206888995,AMZN,18539989,18540000,11,32791,30,105,45,498
15120206888995,GOOGL,14419989,14420000,11,32367,80,77,3,436
15120206888995,MSFT,1745989,1746000,11,43700,442,106,25,692
15120206888995,TSLA,6459989,6460000,11,147170,117,270,35,1988
15130381657408,AAPL,3217989,3218000,11,36460,80,80,20,508
15130381657408,AMZN,18539989,18540000,11,33691,30,108,48,514
15130381657408,GOOGL,14419989,14420000,11,32969,80,76,3,439
15130381657408,MSFT,1745989,1746000,11,43975,442,106,25,695
15130381657408,TSLA,6459989,6460000,11,148678,100,272,35,2013
15140053693399,AAPL,3217989,3218000,11,37000,80,81,20,517
15140053693399,AMZN,18539989,18540000,11,35091,30,111,50,542
15140053693399,GOOGL,14419989,14420000,11,33049,80,76,3,439
15140053693399,MSFT,1745989,1746000,11,44075,442,106,25,697
15140053693399,TSLA,6459989,6460000,11,149744,100,277,34,2029
15150218372754,AAPL,3217989,3218000,11,37200,80,80,20,519
15150218372754,AMZN,18539989,18540000,11,37791,30,118,60,594
15150218372754,GOOGL,14419989,14420000,11,33532,80,76,3,443
15150218372754,MSFT,1745989,1746000,11,44800,442,109,25,711
15150218372754,TSLA,6459989,6460000,11,151409,100,281,34,2050
15160249563182,AAPL,3217989,3218000,11,37293,80,80,20,520
15160249563182,AMZN,18539989,18540000,11,38969,30,118,63,615
15160249563182,GOOGL,14419989,14420000,11,33623,80,76,3,444
15160249563182,MSFT,1745989,1746000,11,44800,442,109,25,711
15160249563182,TSLA,6459989,6460000,11,153333,66,287,34,2076
15170949825561,AAPL,3217989,3218000,11,37287,80,80,21,524
15170949825561,AMZN,18539989,18540000,11,39069,30,118,63,616
15170949825561,GOOGL,14419989,14420000,11,33886,80,75,3,446
15170949825561,MSFT,1745989,1746000,11,45496,442,111,25,723
15170949825561,TSLA,6459989,6460000,11,155892,49,293,34,2114
15180173159092,AAPL,3217989,3218000,11,37997,80,80,21,536
15180173159092,AMZN,18539989,18540000,11,39569,30,122,63,626
15180173159092,GOOGL,14419989,14420000,11,34069,80,75,3,447
15180173159092,MSFT,1745989,1746000,11,45984,442,111,25,729
15180173159092,TSLA,6459989,6460000,11,158736,49,296,34,2153
15190128596452,AAPL,3217989,3218000,11,38677,80,82,21,547
15190128596452,AMZN,18539989,18540000,11,39969,30,125,62,632
15190128596452,GOOGL,14419989,14420000,11,34445,80,75,3,449
15190128596452,MSFT,1745989,1746000,11,46184,442,111,25,731
15190128596452,TSLA,6459989,6460000,11,160684,32,300,34,2179
15200660354412,AAPL,3217989,3218000,11,39957,140,84,21,568
15200660354412,AMZN,18539989,18540000,11,39969,30,125,62,632
15200660354412,GOOGL,14419989,14420000,11,34545,80,74,3,449
15200660354412,MSFT,1745989,1746000,11,45884,442,110,25,726
15200660354412,TSLA,6459989,6460000,11,162754,32,303,33,2206
15212231062039,AAPL,3217989,3218000,11,41697,200,92,22,601
15212231062039,AMZN,18539989,18540000,11,39969,30,125,62,632
15212231062039,GOOGL,14419989,14420000,11,34545,80,74,3,449
15212231062039,MSFT,1745989,1746000,11,46284,442,109,24,728
15212231062039,TSLA,6459989,6460000,11,163093,32,303,33,2211
15220261995154,AAPL,3217989,3218000,11,42337,200,95,22,613
15220261995154,AMZN,18539989,18540000,11,40169,30,125,62,634
15220261995154,GOOGL,14419989,14420000,11,34545,80,74,3,449
15220261995154,MSFT,1745989,1746000,11,46584,442,110,24,731
15220261995154,TSLA,6459989,6460000,11,164382,1171,304,33,2226
15230796110346,AAPL,3217989,3218000,11,43673,200,99,22,636
15230796110346,AMZN,18539989,18540000,11,40169,30,125,62,634
15230796110346,GOOGL,14419989,14420000,11,34634,80,74,3,450
15230796110346,MSFT,1745989,1746000,11,46884,442,111,24,735
15230796110346,TSLA,6459989,6460000,11,165415,1171,305,34,2236
15240406197379,AAPL,3217989,3218000,11,44343,200,99,22,646
15240406197379,AMZN,18539989,18540000,11,40368,30,124,62,635
15240406197379,GOOGL,14419989,14420000,11,34634,80,74,3,450
15240406197379,MSFT,1745989,1746000,11,47104,442,111,24,738
15240406197379,TSLA,6459989,6460000,11,166273,1171,306,34,2249
15250276742375,AAPL,3217989,3218000,11,44443,200,100,22,648
15250276742375,AMZN,18539989,18540000,11,40369,30,124,62,635
15250276742375,GOOGL,14419989,14420000,11,34634,80,74,3,449
15250276742375,MSFT,1745989,1746000,11,47204,442,111,24,739
15250276742375,TSLA,6459989,6460000,11,167297,1171,307,34,2269
15260769810311,AAPL,3217989,3218000,11,44543,200,101,22,650
15260769810311,AMZN,18539989,18540000,11,40469,30,125,62,637
15260769810311,GOOGL,14419989,14420000,11,34925,80,73,3,450
15260769810311,MSFT,1745989,1746000,11,47484,442,112,25,743
15260769810311,TSLA,6459989,6460000,11,168623,1171,309,34,2289
15271681806229,AAPL,3217989,3218000,11,44913,200,101,22,657
15271681806229,AMZN,18539989,18540000,11,40769,30,125,62,641
15271681806229,GOOGL,14419989,14420000,11,35034,80,73,3,451
15271681806229,MSFT,1745989,1746000,11,47484,442,112,25,743
15271681806229,TSLA,6459989,6460000,11,169982,1171,311,34,2307
15280106933834,AAPL,3217989,3218000,11,45313,200,102,22,665
15280106933834,AMZN,18539989,18540000,11,40969,30,127,62,645
15280106933834,GOOGL,14419989,14420000,11,35123,80,73,3,452
15280106933834,MSFT,1745989,1746000,11,47524,442,112,25,745
15280106933834,TSLA,6459989,6460000,11,170882,1171,314,34,2322
15290891704439,AAPL,3217989,3218000,11,46013,200,103,22,679
15290891704439,AMZN,18539989,18540000,11,40969,30,127,62,645
15290891704439,GOOGL,14419989,14420000,11,35790,80,73,3,457
15290891704439,MSFT,1745989,1746000,11,47940,442,112,25,749
15290891704439,TSLA,6459989,6460000,11,171782,1160,316,34,2336
15300294405872,AAPL,3217989,3218000,11,46313,200,103,22,685
15300294405872,AMZN,18539989,18540000,11,40969,30,127,62,645
15300294405872,GOOGL,14419989,14420000,11,36179,80,73,3,460
15300294405872,MSFT,1745989,1746000,11,48140,442,112,25,751
15300294405872,TSLA,6459989,6460000,11,172354,1149,317,35,2341
15310011038214,AAPL,3217989,3218000,11,46863,200,103,22,695
15310011038214,AMZN,18539989,18540000,11,42549,30,130,66,676
15310011038214,GOOGL,14419989,14420000,11,37050,80,71,3,465
15310011038214,MSFT,1745989,1746000,11,48380,442,112,25,753
15310011038214,TSLA,6459989,6460000,11,174086,1149,322,35,2366
15320607852307,AAPL,3217989,3218000,11,47463,200,103,23,705
15320607852307,AMZN,18539989,18540000,11,42849,30,131,68,683
15320607852307,GOOGL,14419989,14420000,11,37737,80,69,3,469
15320607852307,MSFT,1745989,1746000,11,48680,442,112,25,758
15320607852307,TSLA,6459989,6460000,11,175407,1149,325,35,2386
15330186741344,AAPL,3217989,3218000,11,47563,200,103,23,707
15330186741344,AMZN,18539989,18540000,11,43449,30,131,68,694
15330186741344,GOOGL,14419989,14420000,11,38186,80,69,3,474
15330186741344,MSFT,1745989,1746000,11,49080,442,110,25,762
15330186741344,TSLA,6459989,6460000,11,177245,1143,328,36,2410
15340315806039,AAPL,3217989,3218000,11,47663,200,103,23,709
15340315806039,AMZN,18539989,18540000,11,43849,30,131,69,702
15340315806039,GOOGL,14419989,14420000,11,38386,80,69,3,475
15340315806039,MSFT,1745989,1746000,11,49400,442,109,25,765
15340315806039,TSLA,6459989,6460000,11,178756,1143,333,36,2436
15350014295603,AAPL,3217989,3218000,11,47663,200,103,23,709
15350014295603,AMZN,18539989,18540000,11,44049,30,131,70,706
15350014295603,GOOGL,14419989,14420000,11,38575,80,69,3,475
15350014295603,MSFT,1745989,1746000,11,49440,442,109,25,766
15350014295603,TSLA,6459989,6460000,11,179716,1132,333,35,2443
15361053663991,AAPL,3217989,3218000,11,48570,200,104,23,725
15361053663991,AMZN,18539989,18540000,11,44249,30,131,70,710
15361053663991,GOOGL,14419989,14420000,11,39108,80,66,3,475
15361053663991,MSFT,1745989,1746000,11,49840,431,109,26,771
15361053663991,TSLA,6459989,6460000,11,180527,1121,333,35,2453
15370366527248,AAPL,3217989,3218000,11,48660,200,104,23,726
15370366527248,AMZN,18539989,18540000,11,44649,30,134,70,718
15370366527248,GOOGL,14419989,14420000,11,39491,80,66,3,478
15370366527248,MSFT,1745989,1746000,11,49840,431,109,26,771
15370366527248,TSLA,6459989,6460000,11,180798,1110,333,35,2457
15380198935861,AAPL,3217989,3218000,11,48803,200,104,23,730
15380198935861,AMZN,18539989,18540000,11,45449,30,134,70,732
15380198935861,GOOGL,14419989,14420000,11,39630,80,66,3,479
15380198935861,MSFT,1745989,1746000,11,50140,431,108,26,772
15380198935861,TSLA,6459989,6460000,11,181577,1110,332,35,2466
15390282811993,AAPL,3217989,3218000,11,50043,200,103,24,749
15390282811993,AMZN,18539989,18540000,11,45649,30,134,70,737
15390282811993,GOOGL,14419989,14420000,11,40030,80,62,3,479
15390282811993,MSFT,1745989,1746000,11,50340,431,108,26,775
15390282811993,TSLA,6459989,6460000,11,182160,1110,333,35,2476
15400701721134,AAPL,3217989,3218000,11,50213,200,103,24,752
15400701721134,AMZN,18539989,18540000,11,46449,30,135,70,752
15400701721134,GOOGL,14419989,14420000,11,40498,80,61,3,483
15400701721134,MSFT,1745989,1746000,11,50340,431,108,26,775
15400701721134,TSLA,6459989,6460000,11,182855,1110,334,35,2487
15410386133635,AAPL,3217989,3218000,11,50870,200,102,26,761
15410386133635,AMZN,18539989,18540000,11,47549,30,137,71,772
15410386133635,GOOGL,14419989,14420000,11,41251,80,58,3,488
15410386133635,MSFT,1745989,1746000,11,50580,431,108,26,779
15410386133635,TSLA,6459989,6460000,11,184127,1110,340,35,2509
15420178033622,AAPL,3217989,3218000,11,51140,200,102,26,766
15420178033622,AMZN,18539989,18540000,11,48249,30,138,73,784
15420178033622,GOOGL,14419989,14420000,11,42097,92,58,5,499
15420178033622,MSFT,1745989,1746000,11,50700,431,108,26,781
15420178033622,TSLA,6459989,6460000,11,184589,1099,341,35,2516
15430083013397,AAPL,3217989,3218000,11,51549,200,101,26,769
15430083013397,AMZN,18539989,18540000,11,49049,30,138,73,798
15430083013397,GOOGL,14419989,14420000,11,42793,92,57,5,504
15430083013397,MSFT,1745989,1746000,11,50880,431,108,26,784
15430083013397,TSLA,6459989,6460000,11,186059,1099,346,36,2540
15440174608356,AAPL,3217989,3218000,11,52029,200,102,26,776
15440174608356,AMZN,18539989,18540000,11,50449,30,139,76,824
15440174608356,GOOGL,14419989,14420000,11,43262,92,55,5,506
15440174608356,MSFT,1745989,1746000,11,51080,431,108,26,788
15440174608356,TSLA,6459989,6460000,11,187127,1099,348,36,2553
15450245287930,AAPL,3217989,3218000,11,52700,200,102,26,787
15450245287930,AMZN,18539989,18540000,11,52049,30,140,76,856
15450245287930,GOOGL,14419989,14420000,11,43662,92,52,5,506
15450245287930,MSFT,1745989,1746000,11,51400,431,108,26,794
15450245287930,TSLA,6459989,6460000,11,188644,1099,347,36,2568
15460067390742,AAPL,3217989,3218000,11,53161,200,102,25,793
15460067390742,AMZN,18540088,18540100,12,100,20,145,77,881
15460067390742,GOOGL,14419989,14420000,11,43869,92,52,5,507
15460067390742,MSFT,1745989,1746000,11,51900,431,109,26,804
15460067390742,TSLA,6459989,6460000,11,189682,1099,347,36,2580
15470591308396,AAPL,3217989,3218000,11,53431,230,103,25,798
15470591308396,AMZN,18540089,18540100,11,1600,20,150,77,906
15470591308396,GOOGL,14419989,14420000,11,44069,92,50,5,507
15470591308396,MSFT,1745989,1746000,11,52100,431,109,25,804
15470591308396,TSLA,6459989,6460000,11,191983,1099,353,37,2612
15480126392458,AAPL,3217989,3218000,11,54001,260,102,25,806
15480126392458,AMZN,18540089,18540100,11,2100,20,151,77,911
15480126392458,GOOGL,14419989,14420000,11,44844,92,48,7,514
15480126392458,MSFT,1745989,1746000,11,52400,390,109,26,808
15480126392458,TSLA,6459989,6460000,11,193453,1081,353,37,2630
15490018413386,AAPL,3217989,3218000,11,54601,260,101,25,814
15490018413386,AMZN,18540089,18540100,11,4000,20,156,76,941
15490018413386,GOOGL,14419989,14420000,11,44944,92,47,7,514
15490018413386,MSFT,1745989,1746000,11,52600,390,109,26,809
15490018413386,TSLA,6459989,6460000,11,194624,1081,353,37,2642
15500645183012,AAPL,3217989,3218000,11,55901,260,101,26,838
15500645183012,AMZN,18540089,18540100,11,4600,20,156,76,951
15500645183012,GOOGL,14419989,14420000,11,45133,92,47,7,517
15500645183012,MSFT,1745989,1746000,11,52700,390,109,27,811
15500645183012,TSLA,6459989,6460000,11,196127,1081,353,37,2659
15510246986018,AAPL,3217989,3218000,11,56241,260,101,27,843
15510246986018,AMZN,18540089,18540100,11,5700,20,155,76,967
15510246986018,GOOGL,14419989,14420000,11,45325,92,47,7,518
15510246986018,MSFT,1745989,1746000,11,52800,390,109,27,813
15510246986018,TSLA,6459989,6460000,11,197365,1081,355,36,2670
15523211223078,AAPL,3217989,3218000,11,56441,260,101,28,847
15523211223078,AMZN,18540089,18540100,11,6400,20,155,76,970
15523211223078,GOOGL,14419989,14420000,11,45325,92,47,7,518
15523211223078,MSFT,1745989,1746000,11,53000,390,109,27,817
15523211223078,TSLA,6459989,6460000,11,198488,1081,357,36,2685
15531188668460,AAPL,3217989,3218000,11,56441,260,101,28,847
15531188668460,AMZN,18540089,18540100,11,7100,20,155,76,982
15531188668460,GOOGL,14419989,14420000,11,45325,92,47,7,518
15531188668460,MSFT,1745989,1746000,11,53000,390,110,27,818
15531188668460,TSLA,6459989,6460000,11,198758,1081,357,36,2690
15540215985588,AAPL,3217989,3218000,11,56541,260,101,29,849
15540215985588,AMZN,18540089,18540100,11,7400,20,155,76,984
15540215985588,GOOGL,14419989,14420000,11,45325,92,47,7,518
15540215985588,MSFT,1745989,1746000,11,53130,390,110,27,821
15540215985588,TSLA,6459989,6460000,11,200315,1081,360,36,2716
15551195274142,AAPL,3217989,3218000,11,56641,260,101,29,851
15551195274142,AMZN,18540089,18540100,11,8000,20,154,76,988
15551195274142,GOOGL,14419989,14420000,11,45514,92,46,7,519
15551195274142,MSFT,1745989,1746000,11,53130,390,110,27,821
15551195274142,TSLA,6459989,6460000,11,201729,1081,364,36,2739
15560946076531,AAPL,3217989,3218000,11,57241,270,101,29,863
15560946076531,AMZN,18540089,18540100,11,8400,20,153,76,988
15560946076531,GOOGL,14419989,14420000,11,45514,92,46,7,519
15560946076531,MSFT,1745989,1746000,11,53130,390,110,27,821
15560946076531,TSLA,6459989,6460000,11,203424,1081,365,36,2760
15570485930700,AAPL,3217989,3218000,11,57611,270,101,30,870
15570485930700,AMZN,18540089,18540100,11,9400,20,154,78,1000
15570485930700,GOOGL,14419989,14420000,11,45606,92,45,7,519
15570485930700,MSFT,1745989,1746000,11,53774,390,109,27,830
15570485930700,TSLA,6459989,6460000,11,206607,1081,364,36,2798
15580106876361,AAPL,3217989,3218000,11,57711,270,101,30,870
15580106876361,AMZN,18540089,18540100,11,10200,20,155,78,1012
15580106876361,GOOGL,14419989,14420000,11,45806,92,45,7,520
15580106876361,MSFT,1745989,1746000,11,54074,390,110,27,835
15580106876361,TSLA,6459989,6460000,11,207644,1081,365,37,2814
15591058901657,AAPL,3217989,3218000,11,58281,270,101,32,876
15591058901657,AMZN,18540089,18540100,11,11600,20,160,81,1038
15591058901657,GOOGL,14419989,14420000,11,46006,92,46,8,524
15591058901657,MSFT,1745989,1746000,11,54574,390,110,27,843
15591058901657,TSLA,6459989,6460000,11,209104,1081,366,37,2836
15600034006285,AAPL,3217989,3218000,11,58491,270,101,32,878
15600034006285,AMZN,18540089,18540100,11,11800,20,160,81,1040
15600034006285,GOOGL,14419989,14420000,11,46006,92,46,8,524
15600034006285,MSFT,1745989,1746000,11,55200,390,111,27,849
15600034006285,TSLA,6459989,6460000,11,211014,1081,367,37,2860
15610355091221,AAPL,3217989,3218000,11,59131,270,101,32,890
15610355091221,AMZN,18540089,18540100,11,13900,20,160,83,1061
15610355091221,GOOGL,14419989,14420000,11,46490,92,44,8,526
15610355091221,MSFT,1745989,1746000,11,55600,390,110,26,853
15610355091221,TSLA,6459989,6460000,11,213842,1081,376,36,2899
15620089718845,AAPL,3217989,3218000,11,60001,270,103,37,907
15620089718845,AMZN,18540089,18540100,11,16100,20,164,86,1098
15620089718845,GOOGL,14419989,14420000,11,46990,92,43,11,533
15620089718845,MSFT,1745989,1746000,11,57100,390,109,26,879
15620089718845,TSLA,6459989,6460000,11,216146,1081,378,35,2920
15630025691953,AAPL,3217989,3218000,11,61801,270,103,40,939
15630025691953,AMZN,18540089,18540100,11,17100,20,164,86,1107
15630025691953,GOOGL,14419989,14420000,11,47170,92,43,11,535
15630025691953,MSFT,1745989,1746000,11,58700,390,110,26,907
15630025691953,TSLA,6459989,6460000,11,218818,1081,381,35,2958
15640091827359,AAPL,3217989,3218000,11,62857,270,102,41,952
15640091827359,AMZN,18540089,18540100,11,18900,20,169,86,1131
15640091827359,GOOGL,14419989,14420000,11,47370,92,42,11,535
15640091827359,MSFT,1745989,1746000,11,60200,390,111,27,929
15640091827359,TSLA,6459989,6460000,11,221500,1081,391,36,3001
15650487062007,AAPL,3217989,3218000,11,63657,270,103,41,963
15650487062007,AMZN,18540089,18540100,11,19500,20,171,86,1139
15650487062007,GOOGL,14419989,14420000,11,47669,92,40,11,536
15650487062007,MSFT,1745989,1746000,11,61600,390,111,27,949
15650487062007,TSLA,6459989,6460000,11,223725,1081,398,36,3041
15660117793064,AAPL,3217989,3218000,11,64917,270,101,41,972
15660117793064,AMZN,18540089,18540100,11,20200,20,170,86,1143
15660117793064,GOOGL,14419989,14420000,11,47869,92,40,11,538
15660117793064,MSFT,1745989,1746000,11,62000,390,111,27,957
15660117793064,TSLA,6459989,6460000,11,226371,1081,405,36,3083
15670976846031,AAPL,3217989,3218000,11,65757,270,100,42,980
15670976846031,AMZN,18540089,18540100,11,21000,20,170,87,1154
15670976846031,GOOGL,14419989,14420000,11,47869,92,40,11,538
15670976846031,MSFT,1745989,1746000,11,62100,390,111,27,959
15670976846031,TSLA,6459989,6460000,11,229738,1031,411,37,3126
15680262527569,AAPL,3217989,3218000,11,66155,270,99,42,985
15680262527569,AMZN,18540089,18540100,11,22900,20,171,89,1179
15680262527569,GOOGL,14419989,14420000,11,47969,92,40,11,540
15680262527569,MSFT,1745989,1746000,11,62700,390,111,27,963
15680262527569,TSLA,6459989,6460000,11,231975,1031,416,38,3164
15690048503341,AAPL,3217989,3218000,11,67347,270,98,42,1002
15690048503341,AMZN,18540089,18540100,11,24100,20,168,89,1184
15690048503341,GOOGL,14419989,14420000,11,48069,92,40,11,542
15690048503341,MSFT,1745989,1746000,11,62900,390,111,27,967
15690048503341,TSLA,6459989,6460000,11,234235,1031,417,40,3198
15700639155955,AAPL,3217989,3218000,11,67947,270,98,42,1008
15700639155955,AMZN,18540089,18540100,11,25600,20,169,91,1201
15700639155955,GOOGL,14419989,14420000,11,48169,92,40,11,544
15700639155955,MSFT,1745989,1746000,11,63700,390,113,27,981
15700639155955,TSLA,6459989,6460000,11,235971,1031,422,40,3229
15710661751144,AAPL,3217989,3218000,11,68347,270,98,42,1017
15710661751144,AMZN,18540089,18540100,11,26800,20,168,93,1210
15710661751144,GOOGL,14419989,14420000,11,48169,92,40,11,544
15710661751144,MSFT,1745989,1746000,11,64700,390,114,27,996
15710661751144,TSLA,6459989,6460000,11,237600,1031,424,41,3252
15720314756612,AAPL,3217989,3218000,11,69247,270,99,43,1031
15720314756612,AMZN,18540089,18540100,11,27500,20,167,95,1215
15720314756612,GOOGL,14419989,14420000,11,48569,92,40,13,552
15720314756612,MSFT,1745989,1746000,11,66700,390,114,26,1018
15720314756612,TSLA,6459989,6460000,11,238992,993,428,42,3276
15730703314766,AAPL,3217989,3218000,11,70003,270,100,45,1041
15730703314766,AMZN,18540089,18540100,11,27600,20,167,96,1217
15730703314766,GOOGL,14419989,14420000,11,48569,92,40,13,552
15730703314766,MSFT,1745989,1746000,11,67800,390,116,26,1035
15730703314766,TSLA,6459989,6460000,11,240471,993,429,43,3297
15740280468416,AAPL,3217989,3218000,11,70203,270,100,47,1045
15740280468416,AMZN,18540089,18540100,11,28000,20,166,99,1223
15740280468416,GOOGL,14419989,14420000,11,48669,92,40,14,554
15740280468416,MSFT,1745989,1746000,11,68000,390,116,26,1035
15740280468416,TSLA,6459989,6460000,11,242244,993,434,42,3324
15750099912950,AAPL,3217989,3218000,11,70603,220,100,48,1048
15750099912950,AMZN,18540089,18540100,11,28300,20,165,98,1223
15750099912950,GOOGL,14419989,14420000,11,48769,92,41,14,556
15750099912950,MSFT,1745989,1746000,11,68800,390,118,27,1046
15750099912950,TSLA,6459989,6460000,11,243902,993,437,41,3345
15760610229556,AAPL,3217989,3218000,11,71603,220,100,47,1066
15760610229556,AMZN,18540089,18540100,11,28600,20,165,98,1223
15760610229556,GOOGL,14419989,14420000,11,48869,92,41,15,558
15760610229556,MSFT,1745989,1746000,11,70300,390,118,26,1065
15760610229556,TSLA,6459989,6460000,11,245958,956,440,42,3376
15770333448243,AAPL,3217989,3218000,11,72303,220,101,47,1080
15770333448243,AMZN,18540089,18540100,11,28600,20,165,98,1223
15770333448243,GOOGL,14419989,14420000,11,48869,92,41,15,558
15770333448243,MSFT,1745989,1746000,11,70800,390,118,26,1075
15770333448243,TSLA,6459989,6460000,11,247139,956,441,42,3390
15780568618703,AAPL,3217989,3218000,11,72703,220,101,47,1087
15780568618703,AMZN,18540089,18540100,11,29000,20,165,100,1229
15780568618703,GOOGL,14419989,14420000,11,49069,92,41,15,560
15780568618703,MSFT,1745989,1746000,11,71200,390,118,26,1076
15780568618703,TSLA,6459989,6460000,11,249523,956,442,42,3425
15790776325900,AAPL,3217989,3218000,11,72803,220,101,47,1088
15790776325900,AMZN,18540089,18540100,11,30200,20,165,103,1251
15790776325900,GOOGL,14419989,14420000,11,49169,92,40,15,560
15790776325900,MSFT,1745989,1746000,11,71400,353,118,26,1077
15790776325900,TSLA,6459989,6460000,11,249915,956,443,43,3432
15800657609441,AAPL,3217989,3218000,11,72803,220,101,47,1088
15800657609441,AMZN,18540089,18540100,11,31100,20,165,105,1267
15800657609441,GOOGL,14419989,14420000,11,49169,92,40,15,560
15800657609441,MSFT,1745989,1746000,11,72000,353,118,25,1082
15800657609441,TSLA,6459989,6460000,11,251854,956,444,44,3464
15810031638543,AAPL,3217989,3218000,11,73703,220,102,52,1106
15810031638543,AMZN,18540089,18540100,11,31800,20,165,105,1278
15810031638543,GOOGL,14419989,14420000,11,49269,92,40,16,562
15810031638543,MSFT,1745989,1746000,11,71800,353,118,25,1078
15810031638543,TSLA,6459989,6460000,11,253189,956,445,44,3485
15821114947779,AAPL,3217989,3218000,11,73703,220,103,52,1107
15821114947779,AMZN,18540089,18540100,11,33100,20,163,105,1299
15821114947779,GOOGL,14419989,14420000,11,49269,92,40,16,562
15821114947779,MSFT,1745989,1746000,11,71800,353,118,25,1078
15821114947779,TSLA,6459989,6460000,11,253784,956,445,44,3494
15830042130232,AAPL,3217989,3218000,11,74903,200,105,53,1127
15830042130232,AMZN,18540089,18540100,11,35400,20,163,111,1329
15830042130232,GOOGL,14419989,14420000,11,49569,92,42,17,569
15830042130232,MSFT,1745989,1746000,11,72100,353,118,25,1080
15830042130232,TSLA,6459989,6460000,11,254657,956,447,44,3504
15840432859272,AAPL,3217989,3218000,11,76846,190,108,58,1154
15840432859272,AMZN,18540089,18540100,11,38000,20,169,117,1369
15840432859272,GOOGL,14419989,14420000,11,50069,92,41,17,574
15840432859272,MSFT,1745989,1746000,11,73280,353,116,26,1093
15840432859272,TSLA,6459989,6460000,11,256900,956,454,45,3538
15851263840049,AAPL,3217989,3218000,11,77446,190,109,61,1164
15851263840049,AMZN,18540089,18540100,11,39800,20,173,122,1401
15851263840049,GOOGL,14419989,14420000,11,49969,92,41,17,573
15851263840049,MSFT,1745989,1746000,11,73700,353,113,26,1093
15851263840049,TSLA,6459989,6460000,11,258550,956,455,46,3561
15860063025252,AAPL,3217989,3218000,11,77946,140,109,62,1169
15860063025252,AMZN,18540089,18540100,11,41700,20,172,123,1433
15860063025252,GOOGL,14419989,14420000,11,50269,92,42,18,578
15860063025252,MSFT,1745989,1746000,11,74100,353,113,26,1100
15860063025252,TSLA,6459989,6460000,11,259150,956,455,46,3566
15870892039397,AAPL,3217989,3218000,11,78944,137,108,64,1181
15870892039397,AMZN,18540089,18540100,11,42400,20,172,124,1447
15870892039397,GOOGL,14419989,14420000,11,50269,92,42,18,578
15870892039397,MSFT,1745989,1746000,11,74500,353,112,26,1103
15870892039397,TSLA,6459989,6460000,11,260785,956,456,48,3588
15880204290430,AAPL,3218039,3218100,61,100,107,109,64,1180
15880204290430,AMZN,18540089,18540100,11,43300,20,175,127,1465
15880204290430,GOOGL,14419989,14420000,11,50569,92,43,18,584
15880204290430,MSFT,1745989,1746000,11,74600,353,111,26,1104
15880204290430,TSLA,6459989,6460000,11,261791,956,456,48,3603
15890086012571,AAPL,3218338,3218400,62,100,77,123,62,1176
15890086012571,AMZN,18540089,18540100,11,45200,20,180,130,1499
15890086012571,GOOGL,14419989,14420000,11,51169,92,44,18,596
15890086012571,MSFT,1745989,1746000,11,75600,303,108,27,1111
15890086012571,TSLA,6459989,6460000,11,263314,926,458,48,3624
15900242977017,AAPL,3218483,3218500,17,100,47,131,61,1176
15900242977017,AMZN,18540089,18540100,11,45900,20,181,131,1509
15900242977017,GOOGL,14419989,14420000,11,51169,92,44,18,596
15900242977017,MSFT,1745989,1746000,11,75900,303,108,27,1115
15900242977017,TSLA,6459989,6460000,11,264064,926,459,48,3636
15910257666480,AAPL,3218688,3218700,12,100,151,141,63,1184
15910257666480,AMZN,18540089,18540100,11,47200,20,184,132,1531
15910257666480,GOOGL,14419989,14420000,11,51169,92,44,18,596
15910257666480,MSFT,1745989,1746000,11,76400,303,107,27,1118
15910257666480,TSLA,6459989,6460000,11,265861,926,461,46,3660
15921060728676,AAPL,3218689,3218700,11,400,151,143,64,1188
15921060728676,AMZN,18541479,18541500,21,100,20,191,133,1539
15921060728676,GOOGL,14419989,14420000,11,51269,92,45,18,598
15921060728676,MSFT,1745989,1746000,11,77100,303,107,27,1126
15921060728676,TSLA,6459989,6460000,11,268543,926,469,46,3702
15930017071377,AAPL,3218689,3218700,11,1200,121,144,64,1199
15930017071377,AMZN,18541489,18541500,11,200,20,195,136,1547
15930017071377,GOOGL,14419989,14420000,11,51369,92,46,18,600
15930017071377,MSFT,1745989,1746000,11,77599,303,106,27,1131
15930017071377,TSLA,6459989,6460000,11,269468,926,469,46,3712
15940021460242,AAPL,3218788,3218800,12,100,91,151,64,1208
15940021460242,AMZN,18541489,18541500,11,400,20,195,137,1551
15940021460242,GOOGL,14419989,14420000,11,51769,92,47,20,608
15940021460242,MSFT,1745989,1746000,11,78299,303,104,26,1139
15940021460242,TSLA,6459989,6460000,11,271414,676,469,47,3732
15950342537925,AAPL,3218864,3218900,36,100,1,154,64,1215
15950342537925,AMZN,18541489,18541500,11,983,20,195,139,1563
15950342537925,GOOGL,14419989,14420000,11,52269,92,49,20,618
15950342537925,MSFT,1745989,1746000,11,79299,403,103,25,1153
15950342537925,TSLA,6459989,6460000,11,272569,676,471,47,3743
15960520285968,AAPL,3218986,3219000,14,100,152,161,65,1221
15960520285968,AMZN,18541489,18541500,11,1783,20,197,140,1578
15960520285968,GOOGL,14419989,14420000,11,52469,92,51,20,622
15960520285968,MSFT,1745989,1746000,11,80199,503,102,25,1167
15960520285968,TSLA,6459989,6460000,11,273555,676,470,47,3746
15971936718889,AAPL,3218989,3219000,11,400,152,162,65,1222
15971936718889,AMZN,18541489,18541500,11,3183,20,204,144,1606
15971936718889,GOOGL,14419989,14420000,11,52469,92,51,20,622
15971936718889,MSFT,1745989,1746000,11,80499,503,102,25,1173
15971936718889,TSLA,6459989,6460000,11,274139,716,470,47,3750
15980326282979,AAPL,3218989,3219000,11,600,97,162,66,1225
15980326282979,AMZN,18541489,18541500,11,4183,20,205,146,1626
15980326282979,GOOGL,14419989,14420000,11,52569,92,52,20,624
15980326282979,MSFT,1745989,1746000,11,80499,503,102,25,1173
15980326282979,TSLA,6459989,6460000,11,275182,716,468,47,3762
15990465751899,AAPL,3218989,3219000,11,700,97,162,66,1225
15990465751899,AMZN,18541489,18541500,11,5283,20,207,149,1648
15990465751899,GOOGL,14419989,14420000,11,52669,92,53,20,626
15990465751899,MSFT,1745989,1746000,11,80699,503,103,25,1177
15990465751899,TSLA,6459989,6460000,11,275968,716,466,47,3767
16000805780849,AAPL,3218989,3219000,11,800,97,162,66,1225
16000805780849,AMZN,18541489,18541500,11,7583,20,212,153,1694
16000805780849,GOOGL,14419989,14420000,11,52769,92,52,20,625
16000805780849,MSFT,1745989,1746000,11,80799,503,103,25,1177
16000805780849,TSLA,6459989,6460000,11,276812,716,468,47,3776
16010630195736,AAPL,3218989,3219000,11,900,97,162,66,1226
16010630195736,AMZN,18541489,18541500,11,7783,20,213,153,1698
16010630195736,GOOGL,14419989,14420000,11,52869,92,52,20,626
16010630195736,MSFT,1745989,1746000,11,81199,503,103,25,1182
16010630195736,TSLA,6459989,6460000,11,277112,716,469,47,3782
16020419501529,AAPL,3218989,3219000,11,900,97,162,66,1226
16020419501529,AMZN,18541489,18541500,11,8083,20,213,152,1700
16020419501529,GOOGL,14419989,14420000,11,52869,92,52,20,626
16020419501529,MSFT,1745989,1746000,11,81799,503,103,25,1191
16020419501529,TSLA,6459989,6460000,11,277212,716,469,47,3785
16030596224801,AAPL,3219285,3219300,15,100,112,168,67,1232
16030596224801,AMZN,18541489,18541500,11,8083,20,213,152,1700
16030596224801,GOOGL,14419989,14420000,11,52969,92,51,20,626
16030596224801,MSFT,1745989,1746000,11,81999,503,103,25,1193
16030596224801,TSLA,6459989,6460000,11,277609,716,468,48,3790
16040544030677,AAPL,3219289,3219300,11,300,57,171,67,1235
16040544030677,AMZN,18541839,18542200,361,100,20,214,150,1700
16040544030677,GOOGL,14419989,14420000,11,53569,92,51,21,638
16040544030677,MSFT,1745989,1746000,11,82499,603,103,26,1203
16040544030677,TSLA,6459989,6460000,11,278662,716,469,48,3803
16050015088401,AAPL,3219289,3219300,11,500,57,171,68,1237
16050015088401,AMZN,18542014,18542200,186,100,20,216,150,1702
16050015088401,GOOGL,14419989,14420000,11,54269,92,50,22,650
16050015088401,MSFT,1745989,1746000,11,82799,603,104,26,1209
16050015088401,TSLA,6459989,6460000,11,279342,716,469,48,3806
16060134837616,AAPL,3219289,3219300,11,1000,27,171,70,1245
16060134837616,AMZN,18542102,18542200,98,100,20,217,151,1703
16060134837616,GOOGL,14419989,14420000,11,54269,92,50,22,650
16060134837616,MSFT,1745989,1746000,11,82899,603,103,26,1209
16060134837616,TSLA,6459989,6460000,11,280212,716,472,48,3821
16070976944471,AAPL,3219289,3219300,11,1000,27,171,70,1245
16070976944471,AMZN,18542189,18542200,11,800,20,227,154,1730
16070976944471,GOOGL,14419989,14420000,11,54269,92,50,22,650
16070976944471,MSFT,1745989,1746000,11,82999,603,103,26,1211
16070976944471,TSLA,6459989,6460000,11,280512,716,473,49,3826
16081008265308,AAPL,3219963,3220000,37,100,315,177,67,1242
16081008265308,AMZN,18542189,18542200,11,1400,20,228,154,1736
16081008265308,GOOGL,14419989,14420000,11,54869,92,50,25,662
16081008265308,MSFT,1745989,1746000,11,83899,603,102,26,1227
16081008265308,TSLA,6459989,6460000,11,281081,716,472,49,3833
16090043212345,AAPL,3219989,3220000,11,300,205,182,69,1250
16090043212345,AMZN,18542189,18542200,11,3400,20,228,156,1767
16090043212345,GOOGL,14419989,14420000,11,54969,92,50,26,664
16090043212345,MSFT,1745989,1746000,11,84899,603,102,26,1243
16090043212345,TSLA,6459989,6460000,11,282266,716,471,49,3843
16100135233589,AAPL,3219989,3220000,11,400,175,182,69,1251
16100135233589,AMZN,18542189,18542200,11,4700,20,229,158,1790
16100135233589,GOOGL,14419989,14420000,11,54969,92,50,26,664
16100135233589,MSFT,1745989,1746000,11,85599,603,102,26,1257
16100135233589,TSLA,6459989,6460000,11,282866,716,471,49,3850
16110194374161,AAPL,3219989,3220000,11,600,120,182,70,1253
16110194374161,AMZN,18542189,18542200,11,5500,20,230,159,1800
16110194374161,GOOGL,14419989,14420000,11,54969,92,50,26,664
16110194374161,MSFT,1745989,1746000,11,86079,603,102,26,1265
16110194374161,TSLA,6459989,6460000,11,283434,716,471,49,3858
16120066341979,AAPL,3219989,3220000,11,900,65,183,70,1258
16120066341979,AMZN,18542189,18542200,11,5800,20,230,159,1802
16120066341979,GOOGL,14419989,14420000,11,56169,92,50,28,689
16120066341979,MSFT,1745989,1746000,11,86879,603,102,26,1277
16120066341979,TSLA,6459989,6460000,11,284110,716,470,49,3868
16130734364873,AAPL,3220389,3220400,11,200,50,193,70,1272
16130734364873,AMZN,18542189,18542200,11,6300,20,230,159,1802
16130734364873,GOOGL,14419989,14420000,11,56469,92,50,30,694
16130734364873,MSFT,1745989,1746000,11,87579,603,102,26,1291
16130734364873,TSLA,6459989,6460000,11,285180,716,469,49,3876
16140232548682,AAPL,3220389,3220400,11,800,50,193,71,1280
16140232548682,AMZN,18542189,18542200,11,7600,20,230,161,1815
16140232548682,GOOGL,14419989,14420000,11,56469,92,50,30,694
16140232548682,MSFT,1745989,1746000,11,88879,603,101,26,1313
16140232548682,TSLA,6459989,6460000,11,286249,716,468,49,3888
16150030015804,AAPL,3220389,3220400,11,1300,50,194,71,1286
16150030015804,AMZN,18542189,18542200,11,8700,20,230,164,1831
16150030015804,GOOGL,14419989,14420000,11,56869,92,52,32,702
16150030015804,MSFT,1745989,1746000,11,89979,603,101,26,1331
16150030015804,TSLA,6459989,6460000,11,286729,716,466,49,3891
16160034099580,AAPL,3221458,3221900,442,100,19,198,64,1281
16160034099580,AMZN,18542189,18542200,11,10000,20,230,164,1847
16160034099580,GOOGL,14419989,14420000,11,57469,92,55,32,714
16160034099580,MSFT,1745989,1746000,11,90979,603,101,26,1349
16160034099580,TSLA,6459989,6460000,11,287529,716,467,49,3901
16170266169299,AAPL,3222665,3222700,35,100,4,216,62,1296
16170266169299,AMZN,18542189,18542200,11,10300,20,230,164,1847
16170266169299,GOOGL,14419989,14420000,11,57969,92,60,32,724
16170266169299,MSFT,1745989,1746000,11,92239,603,101,26,1366
16170266169299,TSLA,6459989,6460000,11,288113,716,467,50,3911
16180539570691,AAPL,3223045,3223100,55,100,30,229,59,1306
16180539570691,AMZN,18542189,18542200,11,11200,20,232,165,1865
16180539570691,GOOGL,14419989,14420000,11,58269,92,61,32,730
16180539570691,MSFT,1745989,1746000,11,92639,603,101,26,1372
16180539570691,TSLA,6459989,6460000,11,288463,716,466,50,3910
16190049947966,AAPL,3223089,3223100,11,600,30,235,59,1314
16190049947966,AMZN,18542189,18542200,11,12500,20,232,166,1879
16190049947966,GOOGL,14419989,14420000,11,59369,92,67,35,752
16190049947966,MSFT,1745989,1746000,11,94539,603,102,26,1404
16190049947966,TSLA,6459989,6460000,11,289163,716,466,50,3922
16200079975422,AAPL,3223089,3223100,11,600,30,235,59,1313
16200079975422,AMZN,18542189,18542200,11,14900,20,231,170,1909
16200079975422,GOOGL,14419989,14420000,11,60669,92,73,37,776
16200079975422,MSFT,1745989,1746000,11,95739,603,104,26,1420
16200079975422,TSLA,6459989,6460000,11,289747,716,466,50,3930
16210067179588,AAPL,3223089,3223100,11,1200,30,234,59,1316
16210067179588,AMZN,18542189,18542200,11,17000,20,234,173,1944
16210067179588,GOOGL,14419989,14420000,11,62069,92,79,43,804
16210067179588,MSFT,1745989,1746000,11,96139,603,104,26,1428
16210067179588,TSLA,6459989,6460000,11,290747,689,465,49,3939
16220376554474,AAPL,3223089,3223100,11,1600,30,233,59,1316
16220376554474,AMZN,18542189,18542200,11,19200,20,235,173,1976
16220376554474,GOOGL,14419989,14420000,11,63469,92,81,46,833
16220376554474,MSFT,1745989,1746000,11,97239,603,104,26,1444
16220376554474,TSLA,6459989,6460000,11,291447,689,463,49,3946
16230272084807,AAPL,3223089,3223100,11,2000,30,234,59,1320
16230272084807,AMZN,18542189,18542200,11,21000,20,237,177,2004
16230272084807,GOOGL,14419989,14420000,11,66569,92,89,54,894
16230272084807,MSFT,1745989,1746000,11,96739,603,104,26,1439
16230272084807,TSLA,6459989,6460000,11,292547,689,462,49,3957
16241063169101,AAPL,3223089,3223100,11,2400,30,234,60,1328
16241063169101,AMZN,18542189,18542200,11,22200,20,237,176,2017
16241063169101,GOOGL,14419989,14420000,11,67669,92,92,55,916
16241063169101,MSFT,1745989,1746000,11,97539,603,104,26,1451
16241063169101,TSLA,6459989,6460000,11,294360,689,461,49,3973
16250917371670,AAPL,3223089,3223100,11,2400,30,234,60,1329
16250917371670,AMZN,18542189,18542200,11,22300,20,237,176,2018
16250917371670,GOOGL,14419989,14420000,11,67669,92,92,55,916
16250917371670,MSFT,1745989,1746000,11,97834,603,104,26,1456
16250917371670,TSLA,6459989,6460000,11,295060,689,461,49,3982
16260242452294,AAPL,3223089,3223100,11,3000,30,234,61,1336
16260242452294,AMZN,18542189,18542200,11,23200,20,237,179,2030
16260242452294,GOOGL,14419989,14420000,11,67669,92,92,55,916
16260242452294,MSFT,1745989,1746000,11,98034,603,104,26,1460
16260242452294,TSLA,6459989,6460000,11,295546,689,459,49,3986
16270204738278,AAPL,3223089,3223100,11,3900,30,234,63,1343
16270204738278,AMZN,18542189,18542200,11,24000,20,237,178,2032
16270204738278,GOOGL,14419989,14420000,11,68769,92,94,58,938
16270204738278,MSFT,1745989,1746000,11,98534,603,103,26,1466
16270204738278,TSLA,6459989,6460000,11,298812,689,461,49,4029
16280708174672,AAPL,3223089,3223100,11,4100,30,234,63,1343
16280708174672,AMZN,18542189,18542200,11,24500,20,238,179,2042
16280708174672,GOOGL,14419989,14420000,11,68812,92,94,58,939
16280708174672,MSFT,1745989,1746000,11,98829,603,103,26,1470
16280708174672,TSLA,6459989,6460000,11,300886,689,459,49,4056
16290631839954,AAPL,3223089,3223100,11,4400,30,234,63,1343
16290631839954,AMZN,18542189,18542200,11,24700,20,240,179,2046
16290631839954,GOOGL,14419989,14420000,11,68969,92,94,58,941
16290631839954,MSFT,1745989,1746000,11,99039,603,103,26,1473
16290631839954,TSLA,6459989,6460000,11,302617,689,462,49,4083
16300703558710,AAPL,3223089,3223100,11,4700,30,234,63,1342
16300703558710,AMZN,18542189,18542200,11,26000,20,242,179,2060
16300703558710,GOOGL,14419989,14420000,11,69169,92,94,60,945
16300703558710,MSFT,1745989,1746000,11,99484,603,103,26,1479
16300703558710,TSLA,6459989,6460000,11,303916,689,463,49,4097
16310028500571,AAPL,3223089,3223100,11,4800,30,234,63,1343
16310028500571,AMZN,18542189,18542200,11,26900,20,243,179,2068
16310028500571,GOOGL,14419989,14420000,11,69467,92,94,60,950
16310028500571,MSFT,1745989,1746000,11,99684,603,103,26,1481
16310028500571,TSLA,6459989,6460000,11,305472,689,462,50,4115
16322664727707,AAPL,3223089,3223100,11,5500,30,234,63,1345
16322664727707,AMZN,18542189,18542200,11,27200,20,243,179,2068
16322664727707,GOOGL,14419989,14420000,11,71259,92,97,64,985
16322664727707,MSFT,1745989,1746000,11,100079,603,103,26,1489
16322664727707,TSLA,6459989,6460000,11,306206,674,463,51,4124
16331157956128,AAPL,3223089,3223100,11,5500,30,234,63,1345
16331157956128,AMZN,18542189,18542200,11,27200,20,243,179,2069
16331157956128,GOOGL,14419989,14420000,11,71359,92,97,64,987
16331157956128,MSFT,1745989,1746000,11,100379,603,103,26,1493
16331157956128,TSLA,6459989,6460000,11,306690,674,463,52,4132
16340553580977,AAPL,3223089,3223100,11,5800,30,235,63,1347
16340553580977,AMZN,18542189,18542200,11,27400,20,243,179,2072
16340553580977,GOOGL,14419989,14420000,11,71459,92,96,64,987
16340553580977,MSFT,1745989,1746000,11,100979,603,103,26,1501
16340553580977,TSLA,6459989,6460000,11,306990,674,463,52,4137
16350775251477,AAPL,3223089,3223100,11,6743,30,236,66,1361
16350775251477,AMZN,18542189,18542200,11,27900,20,244,179,2074
16350775251477,GOOGL,14419989,14420000,11,71759,92,97,65,992
16350775251477,MSFT,1745989,1746000,11,101179,603,103,25,1501
16350775251477,TSLA,6459989,6460000,11,308043,664,464,52,4150
16360303546003,AAPL,3223089,3223100,11,7243,30,237,66,1369
16360303546003,AMZN,18542189,18542200,11,28900,20,244,179,2082
16360303546003,GOOGL,14419989,14420000,11,71859,92,97,66,994
16360303546003,MSFT,1745989,1746000,11,101579,603,103,25,1507
16360303546003,TSLA,6459989,6460000,11,309702,664,464,52,4173
16372296087853,AAPL,3223089,3223100,11,7643,30,237,69,1377
16372296087853,AMZN,18542189,18542200,11,29200,20,244,179,2082
16372296087853,GOOGL,14419989,14420000,11,71859,92,97,66,994
16372296087853,MSFT,1745989,1746000,11,101779,603,103,25,1511
16372296087853,TSLA,6459989,6460000,11,310629,654,464,53,4184
16380340771910,AAPL,3223089,3223100,11,8443,30,239,69,1394
16380340771910,AMZN,18542189,18542200,11,29400,20,243,179,2082
16380340771910,GOOGL,14419989,14420000,11,71959,92,97,66,996
16380340771910,MSFT,1745989,1746000,11,101879,603,103,25,1513
16380340771910,TSLA,6459989,6460000,11,311129,654,462,53,4189
16392747898073,AAPL,3223089,3223100,11,9636,30,239,70,1410
16392747898073,AMZN,18542189,18542200,11,29800,20,244,179,2086
16392747898073,GOOGL,14419989,14420000,11,72059,92,97,67,998
16392747898073,MSFT,1745989,1746000,11,102179,603,103,25,1517
16392747898073,TSLA,6459989,6460000,11,311929,644,460,53,4195
16400069474545,AAPL,3223089,3223100,11,10336,30,240,72,1424
16400069474545,AMZN,18542189,18542200,11,29900,20,244,179,2086
16400069474545,GOOGL,14419989,14420000,11,72059,92,97,67,998
16400069474545,MSFT,1745989,1746000,11,102379,603,103,25,1521
16400069474545,TSLA,6459989,6460000,11,312429,634,460,53,4198
16410434458882,AAPL,3223089,3223100,11,10906,30,240,73,1435
16410434458882,AMZN,18542189,18542200,11,30000,20,244,179,2086
16410434458882,GOOGL,14419989,14420000,11,72159,92,97,67,1000
16410434458882,MSFT,1745989,1746000,11,102779,603,103,25,1527
16410434458882,TSLA,6459989,6460000,11,312715,634,459,53,4201
16421501521652,AAPL,3223089,3223100,11,11326,30,241,73,1439
16421501521652,AMZN,18542189,18542200,11,30000,20,244,179,2086
16421501521652,GOOGL,14419989,14420000,11,72259,92,97,68,1002
16421501521652,MSFT,1745989,1746000,11,103079,603,103,25,1533
16421501521652,TSLA,6459989,6460000,11,313015,634,459,53,4205
16430739058572,AAPL,3223089,3223100,11,11406,30,241,73,1440
16430739058572,AMZN,18542189,18542200,11,30290,20,244,179,2087
16430739058572,GOOGL,14419989,14420000,11,72459,92,97,68,1006
16430739058572,MSFT,1745989,1746000,11,103579,603,103,25,1539
16430739058572,TSLA,6459989,6460000,11,313711,644,460,52,4215
16440026359491,AAPL,3223089,3223100,11,12006,30,241,73,1441
16440026359491,AMZN,18542189,18542200,11,31090,20,245,178,2093
16440026359491,GOOGL,14419989,14420000,11,74859,92,108,77,1054
16440026359491,MSFT,1745989,1746000,11,104259,603,103,24,1548
16440026359491,TSLA,6459989,6460000,11,314811,644,458,52,4226
16450020133579,AAPL,3223089,3223100,11,13006,30,245,73,1456
16450020133579,AMZN,18542189,18542200,11,31290,20,245,178,2093
16450020133579,GOOGL,14419989,14420000,11,77703,92,122,84,1108
16450020133579,MSFT,1745989,1746000,11,105159,603,103,25,1560
16450020133579,TSLA,6459989,6460000,11,315685,644,458,52,4228
16461523592349,AAPL,3223089,3223100,11,14606,30,248,73,1474
16461523592349,AMZN,18542189,18542200,11,31490,20,245,178,2093
16461523592349,GOOGL,14419989,14420000,11,79739,92,132,86,1146
16461523592349,MSFT,1745989,1746000,11,105559,603,103,25,1564
16461523592349,TSLA,6459989,6460000,11,316265,644,457,52,4235
16470373108620,AAPL,3223089,3223100,11,15206,30,251,73,1484
16470373108620,AMZN,18542189,18542200,11,31490,20,245,178,2093
16470373108620,GOOGL,14419989,14420000,11,79939,92,134,86,1150
16470373108620,MSFT,1745989,1746000,11,106259,603,103,25,1575
16470373108620,TSLA,6459989,6460000,11,316865,644,455,52,4240
16480168324747,AAPL,3223089,3223100,11,16206,30,255,73,1496
16480168324747,AMZN,18542189,18542200,11,31590,20,245,178,2093
16480168324747,GOOGL,14419989,14420000,11,80829,92,135,89,1168
16480168324747,MSFT,1745989,1746000,11,106709,603,103,25,1581
16480168324747,TSLA,6459989,6460000,11,317465,644,456,52,4252
16490169920487,AAPL,3223089,3223100,11,17006,30,255,73,1506
16490169920487,AMZN,18542189,18542200,11,31690,20,245,178,2094
16490169920487,GOOGL,14419989,14420000,11,81117,92,135,90,1171
16490169920487,MSFT,1745989,1746000,11,106809,603,103,24,1581
16490169920487,TSLA,6459989,6460000,11,317905,644,456,52,4255
16500339795866,AAPL,3223089,3223100,11,17626,30,256,73,1514
16500339795866,AMZN,18542189,18542200,11,31990,20,245,178,2099
16500339795866,GOOGL,14419989,14420000,11,81117,92,135,90,1171
16500339795866,MSFT,1745989,1746000,11,107000,603,103,24,1583
16500339795866,TSLA,6459989,6460000,11,318447,644,455,52,4261
16514101886548,AAPL,3223089,3223100,11,17810,30,257,73,1517
16514101886548,AMZN,18542189,18542200,11,32290,20,247,178,2105
16514101886548,GOOGL,14419989,14420000,11,81117,92,135,90,1171
16514101886548,MSFT,1745989,1746000,11,107000,603,103,24,1583
16514101886548,TSLA,6459989,6460000,11,319047,644,455,53,4270
16522021868748,AAPL,3223089,3223100,11,17810,30,257,73,1517
16522021868748,AMZN,18542189,18542200,11,32290,20,247,178,2105
16522021868748,GOOGL,14419989,14420000,11,81117,92,135,90,1171
16522021868748,MSFT,1745989,1746000,11,107000,603,103,24,1583
16522021868748,TSLA,6459989,6460000,11,319147,644,455,53,4272
16533613419315,AAPL,3223089,3223100,11,17810,30,257,74,1518
16533613419315,AMZN,18542189,18542200,11,32390,20,247,178,2107
16533613419315,GOOGL,14419989,14420000,11,81217,92,135,91,1173
16533613419315,MSFT,1745989,1746000,11,107000,603,103,24,1583
16533613419315,TSLA,6459989,6460000,11,319447,644,454,53,4275
16540593401326,AAPL,3223089,3223100,11,18210,30,257,74,1525
16540593401326,AMZN,18542189,18542200,11,32790,20,248,178,2115
16540593401326,GOOGL,14419989,14420000,11,81317,92,135,91,1175
16540593401326,MSFT,1745989,1746000,11,106900,603,103,24,1582
16540593401326,TSLA,6459989,6460000,11,319847,644,454,53,4277
16550225425175,AAPL,3223089,3223100,11,18950,30,257,74,1539
16550225425175,AMZN,18542189,18542200,11,33490,20,248,178,2123
16550225425175,GOOGL,14419989,14420000,11,82217,92,135,95,1193
16550225425175,MSFT,1745989,1746000,11,107200,603,103,24,1583
16550225425175,TSLA,6459989,6460000,11,321119,644,454,53,4292
16560235042013,AAPL,3223089,3223100,11,19942,30,257,74,1552
16560235042013,AMZN,18542189,18542200,11,33590,20,248,178,2123
16560235042013,GOOGL,14419989,14420000,11,83517,92,134,98,1217
16560235042013,MSFT,1745989,1746000,11,107400,603,103,24,1585
16560235042013,TSLA,6459989,6460000,11,321819,644,451,53,4298
16570103639331,AAPL,3223089,3223100,11,19942,30,257,74,1552
16570103639331,AMZN,18542189,18542200,11,33990,20,250,179,2129
16570103639331,GOOGL,14419989,14420000,11,83517,92,134,98,1217
16570103639331,MSFT,1745989,1746000,11,107300,603,103,24,1584
16570103639331,TSLA,6459989,6460000,11,322894,644,453,54,4314
16581075607516,AAPL,3223089,3223100,11,20212,30,257,74,1555
16581075607516,AMZN,18542189,18542200,11,34290,20,250,179,2135
16581075607516,GOOGL,14419989,14420000,11,83617,92,134,99,1219
16581075607516,MSFT,1745989,1746000,11,107500,603,103,24,1586
16581075607516,TSLA,6459989,6460000,11,323194,644,454,54,4320
16590593223245,AAPL,3223089,3223100,11,20212,30,257,74,1555
16590593223245,AMZN,18542189,18542200,11,35490,20,250,181,2155
16590593223245,GOOGL,14419989,14420000,11,83617,92,134,98,1218
16590593223245,MSFT,1745989,1746000,11,107700,603,103,24,1587
16590593223245,TSLA,6459989,6460000,11,323580,644,454,54,4323
16600255484909,AAPL,3223089,3223100,11,20982,30,257,74,1568
16600255484909,AMZN,18542189,18542200,11,36490,20,250,181,2171
16600255484909,GOOGL,14419989,14420000,11,83817,92,134,98,1221
16600255484909,MSFT,1745989,1746000,11,108000,603,103,24,1589
16600255484909,TSLA,6459989,6460000,11,324180,644,451,54,4329
16611574252542,AAPL,3223089,3223100,11,21352,30,258,74,1574
16611574252542,AMZN,18542189,18542200,11,37090,20,250,181,2177
16611574252542,GOOGL,14419989,14420000,11,84017,92,135,99,1225
16611574252542,MSFT,1745989,1746000,11,108500,603,102,24,1597
16611574252542,TSLA,6459989,6460000,11,324480,644,452,54,4332
16620102511072,AAPL,3223089,3223100,11,22062,30,258,74,1580
16620102511072,AMZN,18542189,18542200,11,37890,20,250,185,2193
16620102511072,GOOGL,14419989,14420000,11,83917,92,135,99,1224
16620102511072,MSFT,1745989,1746000,11,108594,603,102,24,1598
16620102511072,TSLA,6459989,6460000,11,324680,644,451,54,4333
16630451288949,AAPL,3223089,3223100,11,22462,30,258,74,1582
16630451288949,AMZN,18542189,18542200,11,39290,20,250,188,2219
16630451288949,GOOGL,14419989,14420000,11,83917,92,135,99,1224
16630451288949,MSFT,1745989,1746000,11,108794,603,102,24,1602
16630451288949,TSLA,6459989,6460000,11,325364,644,452,54,4339
16641117756692,AAPL,3223089,3223100,11,23062,30,258,74,1592
16641117756692,AMZN,18542189,18542200,11,41590,20,249,190,2251
16641117756692,GOOGL,14419989,14420000,11,84217,92,135,99,1229
16641117756692,MSFT,1745989,1746000,11,108894,603,102,24,1604
16641117756692,TSLA,6459989,6460000,11,326162,644,452,53,4345
16650041816442,AAPL,3223089,3223100,11,23462,30,258,74,1598
16650041816442,AMZN,18542189,18542200,11,41790,20,250,190,2255
16650041816442,GOOGL,14419989,14420000,11,84217,92,135,99,1229
16650041816442,MSFT,1745989,1746000,11,109494,603,102,24,1616
16650041816442,TSLA,6459989,6460000,11,327444,644,450,53,4356
16660389083691,AAPL,3223089,3223100,11,23562,30,258,74,1600
16660389083691,AMZN,18542189,18542200,11,41890,20,250,190,2256
16660389083691,GOOGL,14419989,14420000,11,84217,92,135,99,1229
16660389083691,MSFT,1745989,1746000,11,109594,603,102,24,1617
16660389083691,TSLA,6459989,6460000,11,327783,644,449,53,4359
16670254885554,AAPL,3223089,3223100,11,24372,30,259,74,1606
16670254885554,AMZN,18542189,18542200,11,42190,20,250,191,2258
16670254885554,GOOGL,14419989,14420000,11,84417,92,135,99,1233
16670254885554,MSFT,1745989,1746000,11,109988,603,102,24,1624
16670254885554,TSLA,6459989,6460000,11,328623,644,450,53,4368
16680301362400,AAPL,3223089,3223100,11,25172,30,258,74,1607
16680301362400,AMZN,18542189,18542200,11,42390,20,251,191,2260
16680301362400,GOOGL,14419989,14420000,11,84902,92,136,99,1242
16680301362400,MSFT,1745989,1746000,11,110488,603,103,24,1633
16680301362400,TSLA,6459989,6460000,11,329915,644,449,53,4380
16690885848143,AAPL,3223089,3223100,11,25472,30,258,74,1609
16690885848143,AMZN,18542189,18542200,11,42490,20,251,191,2261
16690885848143,GOOGL,14419989,14420000,11,84902,92,136,99,1242
16690885848143,MSFT,1745989,1746000,11,110888,603,103,24,1638
16690885848143,TSLA,6459989,6460000,11,330312,644,450,53,4385
16700128455404,AAPL,3223089,3223100,11,26221,30,258,74,1616
16700128455404,AMZN,18542189,18542200,11,42890,20,252,191,2265
16700128455404,GOOGL,14419989,14420000,11,84972,92,136,99,1243
16700128455404,MSFT,1745989,1746000,11,110788,603,103,24,1637
16700128455404,TSLA,6459989,6460000,11,330496,644,449,53,4386
16711507950440,AAPL,3223089,3223100,11,26931,30,258,74,1622
16711507950440,AMZN,18542189,18542200,11,42890,20,252,191,2265
16711507950440,GOOGL,14419989,14420000,11,84972,92,136,99,1243
16711507950440,MSFT,1745989,1746000,11,110888,603,103,24,1639
16711507950440,TSLA,6459989,6460000,11,330696,644,448,53,4389
16720799343654,AAPL,3223089,3223100,11,27501,30,258,74,1625
16720799343654,AMZN,18542189,18542200,11,42990,20,252,191,2265
16720799343654,GOOGL,14419989,14420000,11,85472,92,138,99,1253
16720799343654,MSFT,1745989,1746000,11,110888,603,103,24,1639
16720799343654,TSLA,6459989,6460000,11,331381,644,449,53,4399
16730325888410,AAPL,3223089,3223100,11,27981,30,258,74,1627
16730325888410,AMZN,18542189,18542200,11,43290,20,252,191,2267
16730325888410,GOOGL,14419989,14420000,11,85472,92,138,99,1253
16730325888410,MSFT,1745989,1746000,11,111188,603,103,24,1645
16730325888410,TSLA,6459989,6460000,11,331981,644,451,53,4409
16740017645739,AAPL,3223089,3223100,11,28621,30,258,74,1638
16740017645739,AMZN,18542189,18542200,11,43490,20,252,191,2267
16740017645739,GOOGL,14419989,14420000,11,85472,92,138,99,1253
16740017645739,MSFT,1745989,1746000,11,111158,603,103,24,1645
16740017645739,TSLA,6459989,6460000,11,331989,644,451,53,4407
16751031422449,AAPL,3223089,3223100,11,28961,30,258,74,1641
16751031422449,AMZN,18542189,18542200,11,43690,20,252,190,2269
16751031422449,GOOGL,14419989,14420000,11,85810,92,139,99,1257
16751031422449,MSFT,1745989,1746000,11,111758,603,103,24,1656
16751031422449,TSLA,6459989,6460000,11,332675,644,451,53,4413
16761157290241,AAPL,3223089,3223100,11,29431,30,258,74,1644
16761157290241,AMZN,18542189,18542200,11,44390,20,252,190,2273
16761157290241,GOOGL,14419989,14420000,11,85810,92,139,99,1257
16761157290241,MSFT,1745989,1746000,11,112172,603,103,24,1661
16761157290241,TSLA,6459989,6460000,11,333059,644,450,53,4417
16770014552400,AAPL,3223089,3223100,11,29931,30,258,74,1654
16770014552400,AMZN,18542189,18542200,11,45090,20,254,190,2283
16770014552400,GOOGL,14419989,14420000,11,85810,92,139,99,1257
16770014552400,MSFT,1745989,1746000,11,112072,603,103,24,1663
16770014552400,TSLA,6459989,6460000,11,334320,644,451,53,4432
16781273325747,AAPL,3223089,3223100,11,29931,30,258,74,1654
16781273325747,AMZN,18542189,18542200,11,45190,20,254,190,2284
16781273325747,GOOGL,14419989,14420000,11,85810,92,139,99,1257
16781273325747,MSFT,1745989,1746000,11,112220,603,103,24,1665
16781273325747,TSLA,6459989,6460000,11,334447,644,452,53,4436
16790873757717,AAPL,3223089,3223100,11,30031,30,258,74,1656
16790873757717,AMZN,18542189,18542200,11,45190,20,253,190,2283
16790873757717,GOOGL,14419989,14420000,11,85810,92,139,99,1257
16790873757717,MSFT,1745989,1746000,11,112220,603,103,24,1665
16790873757717,TSLA,6459989,6460000,11,334693,644,452,53,4438
16800112761134,AAPL,3223089,3223100,11,31128,30,258,74,1663
16800112761134,AMZN,18542189,18542200,11,45990,20,253,190,2290
16800112761134,GOOGL,14419989,14420000,11,85810,92,139,99,1257
16800112761134,MSFT,1745989,1746000,11,112220,603,103,24,1665
16800112761134,TSLA,6459989,6460000,11,336392,644,454,53,4463
16810157202774,AAPL,3223089,3223100,11,31598,30,258,74,1666
16810157202774,AMZN,18542189,18542200,11,46390,20,253,190,2295
16810157202774,GOOGL,14419989,14420000,11,85810,92,139,99,1257
16810157202774,MSFT,1745989,1746000,11,112320,603,103,24,1667
16810157202774,TSLA,6459989,6460000,11,337177,644,455,53,4473
16820283063767,AAPL,3223089,3223100,11,32433,30,259,74,1672
16820283063767,AMZN,18542189,18542200,11,46590,20,253,190,2296
16820283063767,GOOGL,14419989,14420000,11,85810,92,139,99,1257
16820283063767,MSFT,1745989,1746000,11,112620,603,103,23,1671
16820283063767,TSLA,6459989,6460000,11,338460,644,456,53,4488
16830016744052,AAPL,3223089,3223100,11,32433,30,259,74,1672
16830016744052,AMZN,18542189,18542200,11,46690,20,253,190,2296
16830016744052,GOOGL,14419989,14420000,11,85810,92,139,99,1257
16830016744052,MSFT,1745989,1746000,11,112620,603,103,23,1671
16830016744052,TSLA,6459989,6460000,11,339329,644,458,53,4502
16842488109849,AAPL,3223089,3223100,11,32526,30,259,74,1673
16842488109849,AMZN,18542189,18542200,11,46790,20,253,190,2296
16842488109849,GOOGL,14419989,14420000,11,85810,92,139,99,1257
16842488109849,MSFT,1745989,1746000,11,112720,603,104,23,1673
16842488109849,TSLA,6459989,6460000,11,340536,644,461,53,4520
16852322582590,AAPL,3223089,3223100,11,32826,30,259,74,1679
16852322582590,AMZN,18542189,18542200,11,47090,20,254,190,2302
16852322582590,GOOGL,14419989,14420000,11,85810,92,139,99,1257
16852322582590,MSFT,1745989,1746000,11,112720,603,104,23,1673
16852322582590,TSLA,6459989,6460000,11,340936,644,460,53,4524
16860139734132,AAPL,3223089,3223100,11,32826,30,259,74,1679
16860139734132,AMZN,18542189,18542200,11,47290,20,254,190,2306
16860139734132,GOOGL,14419989,14420000,11,85810,92,139,99,1257
16860139734132,MSFT,1745989,1746000,11,112920,603,104,23,1675
16860139734132,TSLA,6459989,6460000,11,341562,644,462,53,4532
16870487128404,AAPL,3223089,3223100,11,33096,30,259,74,1679
16870487128404,AMZN,18542189,18542200,11,47290,20,254,190,2305
16870487128404,GOOGL,14419989,14420000,11,85810,92,139,99,1257
16870487128404,MSFT,1745989,1746000,11,112960,603,104,23,1675
16870487128404,TSLA,6459989,6460000,11,342238,644,463,53,4543
16880143751084,AAPL,3223089,3223100,11,34236,30,259,75,1691
16880143751084,AMZN,18542189,18542200,11,48490,20,255,192,2320
16880143751084,GOOGL,14419989,14420000,11,86004,92,140,99,1260
16880143751084,MSFT,1745989,1746000,11,113060,603,103,23,1675
16880143751084,TSLA,6459989,6460000,11,343092,644,466,53,4556
16891287402749,AAPL,3223089,3223100,11,34236,30,259,75,1691
16891287402749,AMZN,18542189,18542200,11,48690,20,255,192,2322
16891287402749,GOOGL,14419989,14420000,11,86004,92,140,99,1260
16891287402749,MSFT,1745989,1746000,11,113260,603,103,23,1679
16891287402749,TSLA,6459989,6460000,11,344035,644,464,53,4568
16900013258501,AAPL,3223089,3223100,11,34546,30,259,75,1693
16900013258501,AMZN,18542189,18542200,11,49890,20,256,192,2338
16900013258501,GOOGL,14419989,14420000,11,86300,92,140,99,1265
16900013258501,MSFT,1745989,1746000,11,113360,603,103,23,1679
16900013258501,TSLA,6459989,6460000,11,344960,644,465,53,4579
16910357993121,AAPL,3223089,3223100,11,34746,30,259,75,1695
16910357993121,AMZN,18542189,18542200,11,50390,20,259,192,2346
16910357993121,GOOGL,14419989,14420000,11,86300,92,140,99,1265
16910357993121,MSFT,1745989,1746000,11,113360,603,103,23,1679
16910357993121,TSLA,6459989,6460000,11,345517,644,465,53,4585
16920100618911,AAPL,3223089,3223100,11,35446,30,259,76,1701
16920100618911,AMZN,18542189,18542200,11,51390,20,260,193,2354
16920100618911,GOOGL,14419989,14420000,11,86300,92,140,99,1265
16920100618911,MSFT,1745989,1746000,11,113760,603,103,23,1685
16920100618911,TSLA,6459989,6460000,11,346997,644,465,53,4605
16933532687527,AAPL,3223089,3223100,11,35786,30,259,76,1705
16933532687527,AMZN,18542189,18542200,11,52590,20,260,192,2362
16933532687527,GOOGL,14419989,14420000,11,86300,92,140,99,1265
16933532687527,MSFT,1745989,1746000,11,113660,603,103,23,1684
16933532687527,TSLA,6459989,6460000,11,348225,644,465,53,4619
16941161812239,AAPL,3223089,3223100,11,35886,30,259,76,1707
16941161812239,AMZN,18542189,18542200,11,52990,20,261,192,2366
16941161812239,GOOGL,14419989,14420000,11,86366,92,140,99,1266
16941161812239,MSFT,1745989,1746000,11,113760,603,103,23,1685
16941161812239,TSLA,6459989,6460000,11,349080,644,467,53,4631
16950781410778,AAPL,3223089,3223100,11,35986,30,259,76,1707
16950781410778,AMZN,18542189,18542200,11,53390,20,261,191,2366
16950781410778,GOOGL,14419989,14420000,11,86466,92,140,99,1268
16950781410778,MSFT,1745989,1746000,11,113760,603,103,23,1685
16950781410778,TSLA,6459989,6460000,11,349531,644,467,53,4636
16961561648171,AAPL,3223089,3223100,11,36226,30,259,76,1708
16961561648171,AMZN,18542189,18542200,11,54090,20,261,191,2367
16961561648171,GOOGL,14419989,14420000,11,86466,92,140,99,1268
16961561648171,MSFT,1745989,1746000,11,113760,603,103,23,1685
16961561648171,TSLA,6459989,6460000,11,350456,644,468,53,4649
16970454640995,AAPL,3223089,3223100,11,36636,30,259,76,1713
16970454640995,AMZN,18542189,18542200,11,55290,20,262,190,2374
16970454640995,GOOGL,14419989,14420000,11,86466,92,140,99,1268
16970454640995,MSFT,1745989,1746000,11,113960,603,103,23,1687
16970454640995,TSLA,6459989,6460000,11,350911,644,470,53,4654
16980034162180,AAPL,3223089,3223100,11,36946,30,259,76,1715
16980034162180,AMZN,18542189,18542200,11,56390,20,261,190,2379
16980034162180,GOOGL,14419989,14420000,11,87042,92,144,99,1278
16980034162180,MSFT,1745989,1746000,11,114260,603,102,23,1688
16980034162180,TSLA,6459989,6460000,11,352746,644,469,53,4677
16990045950696,AAPL,3223089,3223100,11,37686,30,260,77,1726
16990045950696,AMZN,18542189,18542200,11,58490,20,262,189,2391
16990045950696,GOOGL,14419989,14420000,11,88257,92,150,101,1298
16990045950696,MSFT,1745989,1746000,11,114760,603,102,23,1691
16990045950696,TSLA,6459989,6460000,11,354181,644,469,53,4693
17001595755169,AAPL,3223089,3223100,11,38079,30,260,77,1732
17001595755169,AMZN,18542189,18542200,11,59590,20,260,187,2391
17001595755169,GOOGL,14419989,14420000,11,89806,92,156,101,1322
17001595755169,MSFT,1745989,1746000,11,114960,603,102,23,1693
17001595755169,TSLA,6459989,6460000,11,355017,644,468,53,4703
17010015548103,AAPL,3223089,3223100,11,38379,30,261,77,1735
17010015548103,AMZN,18542189,18542200,11,60590,20,260,189,2396
17010015548103,GOOGL,14419989,14420000,11,90787,92,160,101,1338
17010015548103,MSFT,1745989,1746000,11,114960,603,102,23,1693
17010015548103,TSLA,6459989,6460000,11,356455,644,470,53,4718
17021206432207,AAPL,3223089,3223100,11,38479,30,262,77,1737
17021206432207,AMZN,18542189,18542200,11,61690,20,260,189,2396
17021206432207,GOOGL,14419989,14420000,11,92716,92,167,101,1367
17021206432207,MSFT,1745989,1746000,11,115060,603,102,24,1695
17021206432207,TSLA,6459989,6460000,11,357430,644,471,53,4728
17030650561366,AAPL,3223089,3223100,11,38479,30,262,77,1736
17030650561366,AMZN,18542189,18542200,11,62190,20,259,189,2397
17030650561366,GOOGL,14419989,14420000,11,93939,92,173,101,1389
17030650561366,MSFT,1745989,1746000,11,115060,603,102,24,1695
17030650561366,TSLA,6459989,6460000,11,358111,644,471,53,4734
17040347907571,AAPL,3223089,3223100,11,38779,30,262,77,1737
17040347907571,AMZN,18542189,18542200,11,62890,20,259,190,2407
17040347907571,GOOGL,14419989,14420000,11,95261,92,179,101,1413
17040347907571,MSFT,1745989,1746000,11,115360,603,104,24,1701
17040347907571,TSLA,6459989,6460000,11,358507,644,470,53,4735
17050692921449,AAPL,3223089,3223100,11,39579,30,262,77,1743
17050692921449,AMZN,18542189,18542200,11,63290,20,260,189,2411
17050692921449,GOOGL,14419989,14420000,11,96548,92,182,101,1434
17050692921449,MSFT,1745989,1746000,11,115360,603,104,24,1701
17050692921449,TSLA,6459989,6460000,11,359101,644,471,53,4742
17060508205568,AAPL,3223089,3223100,11,40176,30,262,77,1750
17060508205568,AMZN,18542189,18542200,11,63890,20,259,187,2414
17060508205568,GOOGL,14419989,14420000,11,97134,92,185,101,1444
17060508205568,MSFT,1745989,1746000,11,115460,603,104,24,1701
17060508205568,TSLA,6459989,6460000,11,360150,644,471,53,4750
17070512625107,AAPL,3223089,3223100,11,40669,30,262,77,1753
17070512625107,AMZN,18542189,18542200,11,64090,20,259,186,2414
17070512625107,GOOGL,14419989,14420000,11,98408,92,187,101,1467
17070512625107,MSFT,1745989,1746000,11,115960,603,103,24,1705
17070512625107,TSLA,6459989,6460000,11,360555,644,470,53,4753
17080065530731,AAPL,3223089,3223100,11,40769,30,262,77,1754
17080065530731,AMZN,18542189,18542200,11,64190,20,259,186,2416
17080065530731,GOOGL,14419989,14420000,11,98859,92,189,101,1475
17080065530731,MSFT,1745989,1746000,11,116085,603,103,24,1706
17080065530731,TSLA,6459989,6460000,11,360855,644,471,53,4754
17091305120559,AAPL,3223089,3223100,11,40869,30,262,77,1754
17091305120559,AMZN,18542189,18542200,11,64290,20,259,186,2416
17091305120559,GOOGL,14419989,14420000,11,99467,92,191,101,1485
17091305120559,MSFT,1745989,1746000,11,116585,603,103,24,1714
17091305120559,TSLA,6459989,6460000,11,361254,644,472,53,4761
17100829080737,AAPL,3223089,3223100,11,41169,30,262,77,1756
17100829080737,AMZN,18542189,18542200,11,64490,20,260,186,2418
17100829080737,GOOGL,14419989,14420000,11,99888,92,192,101,1491
17100829080737,MSFT,1745989,1746000,11,116914,603,102,24,1718
17100829080737,TSLA,6459989,6460000,11,362440,644,471,53,4775
17110576802798,AAPL,3223089,3223100,11,41469,30,263,77,1759
17110576802798,AMZN,18542189,18542200,11,64590,20,260,186,2420
17110576802798,GOOGL,14419989,14420000,11,99888,92,192,101,1491
17110576802798,MSFT,1745989,1746000,11,117014,603,102,24,1719
17110576802798,TSLA,6459989,6460000,11,363375,644,471,53,4785
17121133753131,AAPL,3223089,3223100,11,42742,30,264,77,1777
17121133753131,AMZN,18542189,18542200,11,64690,20,260,186,2420
17121133753131,GOOGL,14419989,14420000,11,99988,92,193,101,1493
17121133753131,MSFT,1745989,1746000,11,117014,603,102,24,1719
17121133753131,TSLA,6459989,6460000,11,364223,644,469,53,4791
17130102062771,AAPL,3223089,3223100,11,43774,30,264,77,1791
17130102062771,AMZN,18542189,18542200,11,64990,20,259,186,2420
17130102062771,GOOGL,14419989,14420000,11,99988,92,193,101,1493
17130102062771,MSFT,1745989,1746000,11,116813,603,102,24,1717
17130102062771,TSLA,6459989,6460000,11,364423,644,469,53,4793
17141277621525,AAPL,3223089,3223100,11,43774,30,264,77,1791
17141277621525,AMZN,18542189,18542200,11,65090,20,258,186,2420
17141277621525,GOOGL,14419989,14420000,11,99988,92,193,101,1493
17141277621525,MSFT,1745989,1746000,11,116913,603,102,24,1718
17141277621525,TSLA,6459989,6460000,11,364473,644,469,53,4792
17150207905855,AAPL,3223089,3223100,11,44474,30,264,77,1798
17150207905855,AMZN,18542189,18542200,11,65190,20,258,186,2422
17150207905855,GOOGL,14419989,14420000,11,100038,92,193,101,1494
17150207905855,MSFT,1745989,1746000,11,116913,603,102,24,1718
17150207905855,TSLA,6459989,6460000,11,365145,644,470,53,4804
17160423659022,AAPL,3223089,3223100,11,45024,30,264,77,1803
17160423659022,AMZN,18542189,18542200,11,66990,20,258,189,2445
17160423659022,GOOGL,14419989,14420000,11,100138,92,193,101,1496
17160423659022,MSFT,1745989,1746000,11,117013,603,102,23,1718
17160423659022,TSLA,6459989,6460000,11,365915,644,471,53,4812
17171111452489,AAPL,3223089,3223100,11,46164,30,263,77,1812
17171111452489,AMZN,18542189,18542200,11,67790,20,260,190,2459
17171111452489,GOOGL,14419989,14420000,11,100138,92,193,101,1496
17171111452489,MSFT,1745989,1746000,11,117013,603,102,23,1718
17171111452489,TSLA,6459989,6460000,11,366683,644,471,53,4821
17180738639296,AAPL,3223089,3223100,11,46564,30,263,77,1814
17180738639296,AMZN,18542189,18542200,11,68090,20,259,190,2461
17180738639296,GOOGL,14419989,14420000,11,101599,92,199,101,1520
17180738639296,MSFT,1745989,1746000,11,116713,603,102,23,1716
17180738639296,TSLA,6459989,6460000,11,367177,644,471,53,4824
17190590941594,AAPL,3223089,3223100,11,47034,30,263,77,1820
17190590941594,AMZN,18542189,18542200,11,68390,20,258,191,2463
17190590941594,GOOGL,14419989,14420000,11,103658,92,204,101,1555
17190590941594,MSFT,1745989,1746000,11,116713,603,102,23,1716
17190590941594,TSLA,6459989,6460000,11,368063,644,469,53,4834
17200117400729,AAPL,3223089,3223100,11,48744,30,264,77,1827
17200117400729,AMZN,18542189,18542200,11,69090,20,258,195,2475
17200117400729,GOOGL,14419989,14420000,11,106126,92,209,101,1591
17200117400729,MSFT,1745989,1746000,11,116813,603,102,23,1718
17200117400729,TSLA,6459989,6460000,11,369402,644,469,53,4845
17210487072246,AAPL,3223089,3223100,11,49184,30,265,77,1830
17210487072246,AMZN,18542189,18542200,11,69390,20,258,196,2481
17210487072246,GOOGL,14419989,14420000,11,106754,92,213,101,1602
17210487072246,MSFT,1745989,1746000,11,116813,603,102,23,1718
17210487072246,TSLA,6459989,6460000,11,369702,644,470,53,4848
17220104868567,AAPL,3223089,3223100,11,50394,30,265,77,1833
17220104868567,AMZN,18542189,18542200,11,69590,20,258,196,2485
17220104868567,GOOGL,14419989,14420000,11,108634,92,220,101,1632
17220104868567,MSFT,1745989,1746000,11,116813,603,102,23,1718
17220104868567,TSLA,6459989,6460000,11,370002,644,471,53,4853
17231188851228,AAPL,3223089,3223100,11,50694,30,265,77,1832
17231188851228,AMZN,18542189,18542200,11,69690,20,258,196,2487
17231188851228,GOOGL,14419989,14420000,11,109084,92,221,101,1639
17231188851228,MSFT,1745989,1746000,11,116813,603,102,23,1718
17231188851228,TSLA,6459989,6460000,11,370737,644,470,53,4862
17240767781322,AAPL,3223089,3223100,11,52591,30,265,77,1845
17240767781322,AMZN,18542189,18542200,11,69790,20,258,197,2489
17240767781322,GOOGL,14419989,14420000,11,109434,92,222,101,1644
17240767781322,MSFT,1745989,1746000,11,116813,603,102,23,1718
17240767781322,TSLA,6459989,6460000,11,371562,644,470,53,4873
17250146198628,AAPL,3223089,3223100,11,52791,30,265,77,1845
17250146198628,AMZN,18542189,18542200,11,69790,20,258,197,2489
17250146198628,GOOGL,14419989,14420000,11,109434,92,222,101,1644
17250146198628,MSFT,1745989,1746000,11,116813,603,102,23,1718
17250146198628,TSLA,6459989,6460000,11,371956,644,472,53,4880
17260212556861,AAPL,3223089,3223100,11,53816,30,265,77,1850
17260212556861,AMZN,18542189,18542200,11,70290,20,258,196,2491
17260212556861,GOOGL,14419989,14420000,11,110433,92,222,101,1661
17260212556861,MSFT,1745989,1746000,11,117013,603,102,23,1719
17260212556861,TSLA,6459989,6460000,11,373371,644,471,53,4894
17270579303527,AAPL,3223089,3223100,11,54616,30,265,77,1853
17270579303527,AMZN,18542189,18542200,11,72190,20,258,198,2521
17270579303527,GOOGL,14419989,14420000,11,110988,92,224,101,1668
17270579303527,MSFT,1745989,1746000,11,117113,603,102,23,1719
17270579303527,TSLA,6459989,6460000,11,373875,80,472,53,4900
17280293482442,AAPL,3223089,3223100,11,54986,30,267,77,1856
17280293482442,AMZN,18542189,18542200,11,72690,20,258,198,2527
17280293482442,GOOGL,14419989,14420000,11,111088,92,224,101,1670
17280293482442,MSFT,1745989,1746000,11,117113,603,102,23,1719
17280293482442,TSLA,6459989,6460000,11,374243,80,472,53,4905
17290224145675,AAPL,3223089,3223100,11,57286,30,268,79,1868
17290224145675,AMZN,18542189,18542200,11,73890,20,259,200,2541
17290224145675,GOOGL,14419989,14420000,11,112787,92,229,101,1694
17290224145675,MSFT,1745989,1746000,11,117113,603,102,23,1719
17290224145675,TSLA,6459989,6460000,11,376194,80,477,53,4933
17300222296506,AAPL,3223089,3223100,11,57986,30,268,79,1874
17300222296506,AMZN,18542189,18542200,11,73990,20,259,201,2543
17300222296506,GOOGL,14419989,14420000,11,113685,92,230,101,1709
17300222296506,MSFT,1745989,1746000,11,117213,603,102,23,1719
17300222296506,TSLA,6459989,6460000,11,377330,80,481,53,4950
17310343389990,AAPL,3223089,3223100,11,59386,30,266,79,1874
17310343389990,AMZN,18542189,18542200,11,75190,20,261,203,2559
17310343389990,GOOGL,14419989,14420000,11,113785,92,231,101,1711
17310343389990,MSFT,1745989,1746000,11,117513,603,103,23,1723
17310343389990,TSLA,6459989,6460000,11,380339,80,479,53,4991
17320736860721,AAPL,3223089,3223100,11,59586,30,265,79,1875
17320736860721,AMZN,18542189,18542200,11,75790,20,261,203,2569
17320736860721,GOOGL,14419989,14420000,11,113785,92,231,101,1711
17320736860721,MSFT,1745989,1746000,11,117613,603,103,23,1725
17320736860721,TSLA,6459989,6460000,11,381892,80,478,53,5010
17330174438171,AAPL,3223089,3223100,11,60566,30,265,80,1886
17330174438171,AMZN,18542189,18542200,11,77290,20,261,205,2597
17330174438171,GOOGL,14419989,14420000,11,113785,92,231,101,1711
17330174438171,MSFT,1745989,1746000,11,118013,603,103,22,1730
17330174438171,TSLA,6459989,6460000,11,384633,80,479,53,5038
17340464876311,AAPL,3223089,3223100,11,61016,30,265,80,1892
17340464876311,AMZN,18542189,18542200,11,78690,20,262,206,2616
17340464876311,GOOGL,14419989,14420000,11,113785,92,231,101,1711
17340464876311,MSFT,1745989,1746000,11,118013,603,103,22,1730
17340464876311,TSLA,6459989,6460000,11,385688,80,480,53,5052
17350064864983,AAPL,3223089,3223100,11,61656,30,265,80,1892
17350064864983,AMZN,18542189,18542200,11,79890,20,261,207,2634
17350064864983,GOOGL,14419989,14420000,11,113785,92,231,101,1711
17350064864983,MSFT,1745989,1746000,11,118213,603,103,22,1734
17350064864983,TSLA,6459989,6460000,11,386956,80,482,53,5069
17360250858485,AAPL,3223089,3223100,11,62836,30,265,82,1902
17360250858485,AMZN,18542189,18542200,11,81086,20,262,210,2653
17360250858485,GOOGL,14419989,14420000,11,113785,92,231,101,1711
17360250858485,MSFT,1745989,1746000,11,118613,603,103,22,1740
17360250858485,TSLA,6459989,6460000,11,387841,80,482,53,5081
17370338951282,AAPL,3223089,3223100,11,62836,30,265,82,1902
17370338951282,AMZN,18542189,18542200,11,81586,20,262,210,2657
17370338951282,GOOGL,14419989,14420000,11,113785,92,231,101,1711
17370338951282,MSFT,1745989,1746000,11,118713,603,103,22,1742
17370338951282,TSLA,6459989,6460000,11,389581,80,483,53,5108
17382216347088,AAPL,3223089,3223100,11,63306,30,265,82,1905
17382216347088,AMZN,18542189,18542200,11,82186,20,263,211,2669
17382216347088,GOOGL,14419989,14420000,11,113785,92,231,102,1712
17382216347088,MSFT,1745989,1746000,11,118713,603,103,22,1742
17382216347088,TSLA,6459989,6460000,11,392721,80,487,53,5159
17390976731016,AAPL,3223089,3223100,11,63506,30,265,82,1905
17390976731016,AMZN,18542189,18542200,11,82286,20,264,211,2671
17390976731016,GOOGL,14419989,14420000,11,113985,92,231,102,1714
17390976731016,MSFT,1745989,1746000,11,118713,603,103,22,1742
17390976731016,TSLA,6459989,6460000,11,393221,80,488,53,5167
17400262182321,AAPL,3223089,3223100,11,64206,30,264,82,1906
17400262182321,AMZN,18542189,18542200,11,83286,20,266,212,2689
17400262182321,GOOGL,14419989,14420000,11,114074,92,231,102,1715
17400262182321,MSFT,1745989,1746000,11,118713,603,103,22,1742
17400262182321,TSLA,6459989,6460000,11,394973,80,488,53,5187
17410192859702,AAPL,3223089,3223100,11,64476,30,264,82,1906
17410192859702,AMZN,18542189,18542200,11,83686,20,266,212,2695
17410192859702,GOOGL,14419989,14420000,11,114074,92,231,102,1715
17410192859702,MSFT,1745989,1746000,11,118908,603,103,22,1745
17410192859702,TSLA,6459989,6460000,11,395692,80,488,53,5196
17420008234508,AAPL,3223089,3223100,11,66056,30,265,82,1917
17420008234508,AMZN,18542189,18542200,11,85886,20,268,213,2731
17420008234508,GOOGL,14419989,14420000,11,115902,92,237,102,1747
17420008234508,MSFT,1745989,1746000,11,118958,603,103,23,1747
17420008234508,TSLA,6459989,6460000,11,397062,80,490,53,5217
17431573253040,AAPL,3223089,3223100,11,66581,30,265,82,1923
17431573253040,AMZN,18542189,18542200,11,87086,20,268,214,2739
17431573253040,GOOGL,14419989,14420000,11,117101,92,239,102,1763
17431573253040,MSFT,1745989,1746000,11,118958,603,103,23,1747
17431573253040,TSLA,6459989,6460000,11,398265,80,490,53,5231
17440346069647,AAPL,3223089,3223100,11,67486,30,265,82,1931
17440346069647,AMZN,18542189,18542200,11,88686,20,269,216,2761
17440346069647,GOOGL,14419989,14420000,11,117449,92,239,102,1766
17440346069647,MSFT,1745989,1746000,11,118958,603,103,23,1747
17440346069647,TSLA,6459989,6460000,11,398459,80,490,53,5233
17450976825222,AAPL,3223089,3223100,11,68155,30,265,83,1937
17450976825222,AMZN,18542189,18542200,11,91786,20,266,216,2808
17450976825222,GOOGL,14419989,14420000,11,117964,92,239,102,1772
17450976825222,MSFT,1745989,1746000,11,118958,603,103,23,1747
17450976825222,TSLA,6459989,6460000,11,399702,80,490,53,5248
17460415506407,AAPL,3223089,3223100,11,68625,30,265,84,1942
17460415506407,AMZN,18542189,18542200,11,93086,20,266,216,2824
17460415506407,GOOGL,14419989,14420000,11,118179,92,239,102,1774
17460415506407,MSFT,1745989,1746000,11,118958,603,103,23,1747
17460415506407,TSLA,6459989,6460000,11,400052,80,490,53,5255
17470068984145,AAPL,3223089,3223100,11,69035,30,265,84,1948
17470068984145,AMZN,18542189,18542200,11,94186,20,266,217,2837
17470068984145,GOOGL,14419989,14420000,11,118150,92,239,102,1774
17470068984145,MSFT,1745989,1746000,11,119158,603,103,23,1747
17470068984145,TSLA,6459989,6460000,11,401278,80,489,53,5271
17480183887381,AAPL,3223089,3223100,11,70215,30,265,84,1957
17480183887381,AMZN,18542189,18542200,11,94286,20,267,217,2839
17480183887381,GOOGL,14419989,14420000,11,118701,92,239,102,1780
17480183887381,MSFT,1745989,1746000,11,119458,603,102,23,1751
17480183887381,TSLA,6459989,6460000,11,401578,80,489,52,5274
17490185730375,AAPL,3223089,3223100,11,71215,30,266,86,1965
17490185730375,AMZN,18542189,18542200,11,96086,20,266,218,2865
17490185730375,GOOGL,14419989,14420000,11,119051,92,240,102,1785
17490185730375,MSFT,1745989,1746000,11,119658,603,102,23,1753
17490185730375,TSLA,6459989,6460000,11,401928,80,490,52,5276
17500371475223,AAPL,3223089,3223100,11,72565,30,266,86,1984
17500371475223,AMZN,18542189,18542200,11,98986,20,266,221,2909
17500371475223,GOOGL,14419989,14420000,11,120260,92,246,103,1806
17500371475223,MSFT,1745989,1746000,11,119858,603,102,23,1755
17500371475223,TSLA,6459989,6460000,11,404000,80,490,51,5295
17510039343140,AAPL,3223089,3223100,11,73045,30,266,86,1989
17510039343140,AMZN,18542189,18542200,11,101986,20,266,221,2950
17510039343140,GOOGL,14419989,14420000,11,121395,92,249,103,1821
17510039343140,MSFT,1745989,1746000,11,120258,603,102,23,1761
17510039343140,TSLA,6459989,6460000,11,406290,80,495,51,5319
17520249282614,AAPL,3223089,3223100,11,73585,30,266,86,1992
17520249282614,AMZN,18542189,18542200,11,104386,20,266,222,2983
17520249282614,GOOGL,14419989,14420000,11,122317,92,251,103,1833
17520249282614,MSFT,1745989,1746000,11,120658,603,102,23,1769
17520249282614,TSLA,6459989,6460000,11,407238,80,497,51,5334
17530157733385,AAPL,3223089,3223100,11,74669,30,266,86,1996
17530157733385,AMZN,18542189,18542200,11,105386,20,267,224,2995
17530157733385,GOOGL,14419989,14420000,11,123616,92,252,103,1855
17530157733385,MSFT,1745989,1746000,11,121158,603,102,23,1777
17530157733385,TSLA,6459989,6460000,11,408292,80,500,51,5349
17542209439575,AAPL,3223089,3223100,11,75415,30,267,88,2006
17542209439575,AMZN,18542189,18542200,11,106186,20,268,225,3009
17542209439575,GOOGL,14419989,14420000,11,123616,92,252,103,1855
17542209439575,MSFT,1745989,1746000,11,121552,603,102,23,1783
17542209439575,TSLA,6459989,6460000,11,408792,80,500,51,5354
17551056925651,AAPL,3223089,3223100,11,76065,30,267,88,2015
17551056925651,AMZN,18542189,18542200,11,106986,20,269,225,3017
17551056925651,GOOGL,14419989,14420000,11,123716,92,253,103,1857
17551056925651,MSFT,1745989,1746000,11,121552,603,102,23,1783
17551056925651,TSLA,6459989,6460000,11,409084,80,501,51,5360
17560086411454,AAPL,3223089,3223100,11,76805,30,267,88,2020
17560086411454,AMZN,18542189,18542200,11,107286,20,269,225,3024
17560086411454,GOOGL,14419989,14420000,11,123716,92,253,103,1857
17560086411454,MSFT,1745989,1746000,11,121639,603,102,23,1784
17560086411454,TSLA,6459989,6460000,11,410081,80,501,51,5372
17570055555202,AAPL,3223089,3223100,11,77105,30,267,88,2020
17570055555202,AMZN,18542189,18542200,11,111086,20,270,225,3075
17570055555202,GOOGL,14419989,14420000,11,123776,92,253,103,1857
17570055555202,MSFT,1745989,1746000,11,121831,603,102,23,1785
17570055555202,TSLA,6459989,6460000,11,410551,80,500,51,5377
17580078359444,AAPL,3223089,3223100,11,78705,30,267,88,2023
17580078359444,AMZN,18542189,18542200,11,113786,20,270,229,3114
17580078359444,GOOGL,14419989,14420000,11,123776,92,253,103,1857
17580078359444,MSFT,1745989,1746000,11,122231,603,102,23,1794
17580078359444,TSLA,6459989,6460000,11,411805,80,500,51,5392
17590052490235,AAPL,3223089,3223100,11,79605,30,267,88,2025
17590052490235,AMZN,18542189,18542200,11,115486,20,272,229,3138
17590052490235,GOOGL,14419989,14420000,11,123744,92,253,103,1857
17590052490235,MSFT,1745989,1746000,11,123131,603,102,23,1809
17590052490235,TSLA,6459989,6460000,11,412291,80,499,51,5397
17600152395579,AAPL,3223089,3223100,11,79905,30,267,88,2025
17600152395579,AMZN,18542189,18542200,11,118386,20,271,230,3174
17600152395579,GOOGL,14419989,14420000,11,124757,92,254,104,1871
17600152395579,MSFT,1745989,1746000,11,123531,603,102,23,1817
17600152395579,TSLA,6459989,6460000,11,413262,80,497,51,5403
17610623864927,AAPL,3223089,3223100,11,80705,30,267,87,2029
17610623864927,AMZN,18542189,18542200,11,120186,20,270,234,3199
17610623864927,GOOGL,14419989,14420000,11,125024,92,254,105,1875
17610623864927,MSFT,1745989,1746000,11,124031,603,102,23,1827
17610623864927,TSLA,6459989,6460000,11,414433,80,496,51,5412
17620157187605,AAPL,3223089,3223100,11,81845,30,267,86,2036
17620157187605,AMZN,18542189,18542200,11,124286,20,271,235,3256
17620157187605,GOOGL,14419989,14420000,11,125024,92,254,105,1875
17620157187605,MSFT,1745989,1746000,11,124431,603,102,23,1833
17620157187605,TSLA,6459989,6460000,11,415450,80,498,51,5426
17630059332719,AAPL,3223089,3223100,11,82415,30,268,86,2040
17630059332719,AMZN,18542189,18542200,11,126886,20,273,237,3292
17630059332719,GOOGL,14419989,14420000,11,125124,92,253,105,1875
17630059332719,MSFT,1745989,1746000,11,124731,603,102,23,1837
17630059332719,TSLA,6459989,6460000,11,416708,80,500,51,5441
17640389649670,AAPL,3223089,3223100,11,83185,30,268,86,2049
17640389649670,AMZN,18542189,18542200,11,129386,20,273,241,3328
17640389649670,GOOGL,14419989,14420000,11,125814,80,253,106,1882
17640389649670,MSFT,1745989,1746000,11,124831,603,102,23,1838
17640389649670,TSLA,6459989,6460000,11,417373,80,500,51,5452
17651156384916,AAPL,3223089,3223100,11,83725,30,269,86,2054
17651156384916,AMZN,18542189,18542200,11,130686,20,275,241,3346
17651156384916,GOOGL,14419989,14420000,11,125914,80,253,107,1884
17651156384916,MSFT,1745989,1746000,11,125431,603,102,23,1847
17651156384916,TSLA,6459989,6460000,11,418429,80,501,50,5466
17661743653229,AAPL,3223089,3223100,11,84265,30,269,86,2062
17661743653229,AMZN,18542189,18542200,11,130786,20,275,241,3346
17661743653229,GOOGL,14419989,14420000,11,125914,80,253,107,1884
17661743653229,MSFT,1745989,1746000,11,125421,603,102,23,1847
17661743653229,TSLA,6459989,6460000,11,419062,80,500,50,5471
17670090045994,AAPL,3223089,3223100,11,84335,30,269,86,2064
17670090045994,AMZN,18542189,18542200,11,131286,20,276,241,3354
17670090045994,GOOGL,14419989,14420000,11,126014,80,253,107,1886
17670090045994,MSFT,1745989,1746000,11,125421,603,102,23,1847
17670090045994,TSLA,6459989,6460000,11,419632,80,499,50,5477
17681072096424,AAPL,3223089,3223100,11,84535,30,269,86,2065
17681072096424,AMZN,18542189,18542200,11,132386,20,277,243,3367
17681072096424,GOOGL,14419989,14420000,11,126114,80,253,108,1888
17681072096424,MSFT,1745989,1746000,11,125421,603,102,23,1847
17681072096424,TSLA,6459989,6460000,11,419987,80,499,50,5479
17691836454256,AAPL,3223089,3223100,11,85085,30,269,86,2070
17691836454256,AMZN,18542189,18542200,11,134486,20,277,243,3391
17691836454256,GOOGL,14419989,14420000,11,126114,80,253,108,1888
17691836454256,MSFT,1745989,1746000,11,125521,603,102,23,1849
17691836454256,TSLA,6459989,6460000,11,420692,80,496,50,5482
17700468721870,AAPL,3223089,3223100,11,85495,30,269,86,2076
17700468721870,AMZN,18542189,18542200,11,135086,20,276,242,3392
17700468721870,GOOGL,14419989,14420000,11,126114,80,253,108,1888
17700468721870,MSFT,1745989,1746000,11,125721,603,102,23,1851
17700468721870,TSLA,6459989,6460000,11,421049,80,496,50,5485
17711400527408,AAPL,3223089,3223100,11,86665,30,270,87,2087
17711400527408,AMZN,18542189,18542200,11,137386,20,278,244,3424
17711400527408,GOOGL,14419989,14420000,11,126371,80,253,109,1891
17711400527408,MSFT,1745989,1746000,11,125811,603,102,23,1852
17711400527408,TSLA,6459989,6460000,11,421049,80,496,50,5485
17720907026021,AAPL,3223089,3223100,11,87175,30,270,87,2089
17720907026021,AMZN,18542189,18542200,11,139586,20,280,248,3455
17720907026021,GOOGL,14419989,14420000,11,126471,80,254,109,1893
17720907026021,MSFT,1745989,1746000,11,125811,603,102,23,1852
17720907026021,TSLA,6459989,6460000,11,421420,80,496,50,5488
17730009658608,AAPL,3223089,3223100,11,87161,30,270,87,2088
17730009658608,AMZN,18542189,18542200,11,143086,20,278,247,3501
17730009658608,GOOGL,14419989,14420000,11,126571,80,254,109,1894
17730009658608,MSFT,1745989,1746000,11,125811,603,102,23,1852
17730009658608,TSLA,6459989,6460000,11,422595,80,497,50,5500
17740553098050,AAPL,3223089,3223100,11,87461,30,270,86,2089
17740553098050,AMZN,18542189,18542200,11,145186,20,279,247,3532
17740553098050,GOOGL,14419989,14420000,11,126571,80,254,109,1894
17740553098050,MSFT,1745989,1746000,11,126011,603,102,23,1853
17740553098050,TSLA,6459989,6460000,11,423068,80,497,50,5504
17750213291730,AAPL,3223089,3223100,11,87561,30,270,86,2089
17750213291730,AMZN,18542189,18542200,11,146786,20,279,247,3558
17750213291730,GOOGL,14419989,14420000,11,126571,80,254,109,1894
17750213291730,MSFT,1745989,1746000,11,126411,603,102,23,1859
17750213291730,TSLA,6459989,6460000,11,423258,80,497,51,5507
17760009042275,AAPL,3223089,3223100,11,88061,30,270,86,2089
17760009042275,AMZN,18542189,18542200,11,149586,20,279,248,3602
17760009042275,GOOGL,14419989,14420000,11,126571,80,254,109,1894
17760009042275,MSFT,1745989,1746000,11,126711,603,102,23,1865
17760009042275,TSLA,6459989,6460000,11,423758,80,497,51,5515
17770115330352,AAPL,3223089,3223100,11,88361,30,270,86,2089
17770115330352,AMZN,18542189,18542200,11,153486,20,281,250,3654
17770115330352,GOOGL,14419989,14420000,11,126571,80,254,109,1894
17770115330352,MSFT,1745989,1746000,11,126811,603,102,23,1867
17770115330352,TSLA,6459989,6460000,11,424792,80,496,51,5524
17780508024282,AAPL,3223089,3223100,11,88761,30,270,86,2089
17780508024282,AMZN,18542189,18542200,11,155986,20,284,249,3689
17780508024282,GOOGL,14419989,14420000,11,126571,80,254,109,1894
17780508024282,MSFT,1745989,1746000,11,127411,603,103,23,1875
17780508024282,TSLA,6459989,6460000,11,425226,80,497,51,5528
17790709722712,AAPL,3223089,3223100,11,89011,30,270,86,2094
17790709722712,AMZN,18542189,18542200,11,156086,20,284,249,3691
17790709722712,GOOGL,14419989,14420000,11,126571,80,254,109,1894
17790709722712,MSFT,1745989,1746000,11,127611,603,103,23,1877
17790709722712,TSLA,6459989,6460000,11,425772,80,497,51,5536
17800432728034,AAPL,3223089,3223100,11,89267,30,270,86,2094
17800432728034,AMZN,18542189,18542200,11,156586,20,284,249,3698
17800432728034,GOOGL,14419989,14420000,11,126571,80,254,109,1894
17800432728034,MSFT,1745989,1746000,11,127611,603,103,23,1877
17800432728034,TSLA,6459989,6460000,11,426167,80,497,51,5541
17810318102943,AAPL,3223089,3223100,11,89567,30,270,86,2098
17810318102943,AMZN,18542189,18542200,11,157486,20,283,251,3707
17810318102943,GOOGL,14419989,14420000,11,126571,80,254,109,1894
17810318102943,MSFT,1745989,1746000,11,127411,603,103,23,1873
17810318102943,TSLA,6459989,6460000,11,426553,80,497,52,5549
17820634503886,AAPL,3223089,3223100,11,90137,30,270,86,2109
17820634503886,AMZN,18542189,18542200,11,158986,20,279,253,3717
17820634503886,GOOGL,14419989,14420000,11,126571,80,254,109,1894
17820634503886,MSFT,1745989,1746000,11,127511,603,103,23,1875
17820634503886,TSLA,6459989,6460000,11,427678,80,496,52,5563
17830820099559,AAPL,3223089,3223100,11,90469,30,270,86,2113
17830820099559,AMZN,18542189,18542200,11,159586,20,279,253,3722
17830820099559,GOOGL,14419989,14420000,11,126571,80,254,109,1894
17830820099559,MSFT,1745989,1746000,11,127611,603,104,23,1878
17830820099559,TSLA,6459989,6460000,11,428764,80,495,52,5577
17840050452531,AAPL,3223089,3223100,11,90869,30,270,86,2115
17840050452531,AMZN,18542189,18542200,11,160886,20,277,251,3726
17840050452531,GOOGL,14419989,14420000,11,126571,80,254,109,1894
17840050452531,MSFT,1745989,1746000,11,128611,603,106,23,1897
17840050452531,TSLA,6459989,6460000,11,430154,80,494,52,5600
17854785240761,AAPL,3223089,3223100,11,91069,30,270,86,2119
17854785240761,AMZN,18542189,18542200,11,161186,20,277,250,3728
17854785240761,GOOGL,14419989,14420000,11,126571,80,254,109,1894
17854785240761,MSFT,1745989,1746000,11,128745,603,106,23,1899
17854785240761,TSLA,6459989,6460000,11,430854,80,494,52,5612
17865605888112,AAPL,3223089,3223100,11,91469,30,270,86,2127
17865605888112,AMZN,18542189,18542200,11,161486,20,277,250,3730
17865605888112,GOOGL,14419989,14420000,11,126571,80,254,109,1894
17865605888112,MSFT,1745989,1746000,11,128757,603,106,23,1899
17865605888112,TSLA,6459989,6460000,11,430954,80,494,52,5614
17870387605123,AAPL,3223089,3223100,11,91469,30,270,86,2127
17870387605123,AMZN,18542189,18542200,11,162086,20,276,250,3737
17870387605123,GOOGL,14419989,14420000,11,126571,80,254,109,1894
17870387605123,MSFT,1745989,1746000,11,128838,603,106,23,1900
17870387605123,TSLA,6459989,6460000,11,431347,80,493,52,5619
17880221323223,AAPL,3223089,3223100,11,91909,30,270,86,2135
17880221323223,AMZN,18542189,18542200,11,163086,20,278,249,3749
17880221323223,GOOGL,14419989,14420000,11,126571,80,254,109,1894
17880221323223,MSFT,1745989,1746000,11,128838,603,106,23,1899
17880221323223,TSLA,6459989,6460000,11,431647,80,492,53,5622
17891209243716,AAPL,3223089,3223100,11,92299,30,270,86,2139
17891209243716,AMZN,18542189,18542200,11,163686,20,279,249,3756
17891209243716,GOOGL,14419989,14420000,11,126871,80,255,109,1898
17891209243716,MSFT,1745989,1746000,11,129238,603,107,23,1906
17891209243716,TSLA,6459989,6460000,11,432247,80,492,52,5628
17900576321253,AAPL,3223089,3223100,11,92499,30,270,86,2141
17900576321253,AMZN,18542189,18542200,11,164286,20,279,249,3765
17900576321253,GOOGL,14419989,14420000,11,126871,80,255,109,1898
17900576321253,MSFT,1745989,1746000,11,129349,603,106,23,1906
17900576321253,TSLA,6459989,6460000,11,432672,80,492,53,5633
17910020472935,AAPL,3223089,3223100,11,92899,30,270,86,2145
17910020472935,AMZN,18542189,18542200,11,164686,20,279,249,3769
17910020472935,GOOGL,14419989,14420000,11,127071,80,255,108,1898
17910020472935,MSFT,1745989,1746000,11,129349,603,106,23,1906
17910020472935,TSLA,6459989,6460000,11,433327,80,494,53,5642
17920451636011,AAPL,3223089,3223100,11,93399,30,270,87,2150
17920451636011,AMZN,18542189,18542200,11,165586,20,279,251,3780
17920451636011,GOOGL,14419989,14420000,11,127269,80,255,108,1900
17920451636011,MSFT,1745989,1746000,11,129443,603,106,23,1907
17920451636011,TSLA,6459989,6460000,11,434368,80,494,53,5657
17930538336749,AAPL,3223089,3223100,11,93999,30,270,87,2150
17930538336749,AMZN,18542189,18542200,11,166286,20,277,251,3788
17930538336749,GOOGL,14419989,14420000,11,127269,80,255,108,1900
17930538336749,MSFT,1745989,1746000,11,129543,603,106,23,1909
17930538336749,TSLA,6459989,6460000,11,435385,80,494,53,5668
17940634806716,AAPL,3223089,3223100,11,95209,30,270,87,2156
17940634806716,AMZN,18542189,18542200,11,167286,20,277,252,3802
17940634806716,GOOGL,14419989,14420000,11,127269,80,255,108,1900
17940634806716,MSFT,1745989,1746000,11,129543,603,106,23,1909
17940634806716,TSLA,6459989,6460000,11,436585,80,494,54,5683
17950028219063,AAPL,3223089,3223100,11,95002,30,270,87,2154
17950028219063,AMZN,18542189,18542200,11,167786,20,277,252,3806
17950028219063,GOOGL,14419989,14420000,11,127169,80,255,108,1899
17950028219063,MSFT,1745989,1746000,11,129554,603,106,23,1909
17950028219063,TSLA,6459989,6460000,11,437234,80,494,54,5689
17961179457089,AAPL,3223089,3223100,11,95372,30,270,87,2159
17961179457089,AMZN,18542189,18542200,11,168886,20,278,252,3816
17961179457089,GOOGL,14419989,14420000,11,127342,80,255,108,1901
17961179457089,MSFT,1745989,1746000,11,129554,603,106,23,1909
17961179457089,TSLA,6459989,6460000,11,438137,80,495,54,5702
17970280163515,AAPL,3223089,3223100,11,96082,30,269,87,2168
17970280163515,AMZN,18542189,18542200,11,170186,20,281,252,3822
17970280163515,GOOGL,14419989,14420000,11,127487,80,255,108,1902
17970280163515,MSFT,1745989,1746000,11,129754,603,106,23,1911
17970280163515,TSLA,6459989,6460000,11,439477,80,496,54,5723
17981007758804,AAPL,3223089,3223100,11,96382,30,268,87,2168
17981007758804,AMZN,18542189,18542200,11,170886,20,281,252,3828
17981007758804,GOOGL,14419989,14420000,11,127487,80,255,108,1902
17981007758804,MSFT,1745989,1746000,11,129754,603,106,23,1911
17981007758804,TSLA,6459989,6460000,11,440270,80,496,55,5732
17990094857833,AAPL,3223089,3223100,11,96782,30,268,87,2170
17990094857833,AMZN,18542189,18542200,11,171386,20,281,253,3833
17990094857833,GOOGL,14419989,14420000,11,127487,80,255,108,1902
17990094857833,MSFT,1745989,1746000,11,129354,603,106,23,1907
17990094857833,TSLA,6459989,6460000,11,441260,80,496,55,5743
18000118196491,AAPL,3223089,3223100,11,97952,30,267,88,2175
18000118196491,AMZN,18542189,18542200,11,172486,20,282,253,3844
18000118196491,GOOGL,14419989,14420000,11,127863,80,257,108,1909
18000118196491,MSFT,1745989,1746000,11,129438,603,106,23,1908
18000118196491,TSLA,6459989,6460000,11,442529,80,498,55,5758
18010525826196,AAPL,3223089,3223100,11,98922,30,267,88,2178
18010525826196,AMZN,18542189,18542200,11,172986,20,282,254,3851
18010525826196,GOOGL,14419989,14420000,11,127963,80,257,108,1911
18010525826196,MSFT,1745989,1746000,11,129549,603,106,23,1910
18010525826196,TSLA,6459989,6460000,11,444273,80,498,55,5785
18021386050419,AAPL,3223089,3223100,11,99322,30,266,89,2180
18021386050419,AMZN,18542189,18542200,11,173186,20,282,254,3851
18021386050419,GOOGL,14419989,14420000,11,128404,80,257,108,1916
18021386050419,MSFT,1745989,1746000,11,129760,603,107,23,1914
18021386050419,TSLA,6459989,6460000,11,445138,80,499,55,5798
18030345945056,AAPL,3223089,3223100,11,99422,30,266,89,2180
18030345945056,AMZN,18542189,18542200,11,173586,20,282,254,3851
18030345945056,GOOGL,14419989,14420000,11,128548,80,257,108,1917
18030345945056,MSFT,1745989,1746000,11,129771,603,107,23,1915
18030345945056,TSLA,6459989,6460000,11,445978,80,500,56,5814
18040617522839,AAPL,3223089,3223100,11,99822,30,266,89,2184
18040617522839,AMZN,18542189,18542200,11,173686,20,283,254,3853
18040617522839,GOOGL,14419989,14420000,11,128499,80,257,108,1916
18040617522839,MSFT,1745989,1746000,11,129871,603,107,23,1916
18040617522839,TSLA,6459989,6460000,11,446913,80,499,56,5824
18050262915736,AAPL,3223089,3223100,11,99922,30,266,89,2184
18050262915736,AMZN,18542189,18542200,11,174286,20,283,253,3862
18050262915736,GOOGL,14419989,14420000,11,128590,80,257,108,1917
18050262915736,MSFT,1745989,1746000,11,129871,603,107,23,1916
18050262915736,TSLA,6459989,6460000,11,447598,80,500,56,5831
18060080641076,AAPL,3223089,3223100,11,100460,30,266,89,2191
18060080641076,AMZN,18542189,18542200,11,175186,20,282,254,3869
18060080641076,GOOGL,14419989,14420000,11,128690,80,257,108,1918
18060080641076,MSFT,1745989,1746000,11,130071,603,107,23,1918
18060080641076,TSLA,6459989,6460000,11,448121,80,501,56,5839
18070589802410,AAPL,3223089,3223100,11,100460,30,266,89,2191
18070589802410,AMZN,18542189,18542200,11,176886,20,285,255,3893
18070589802410,GOOGL,14419989,14420000,11,128690,80,257,108,1918
18070589802410,MSFT,1745989,1746000,11,130071,603,107,23,1918
18070589802410,TSLA,6459989,6460000,11,448401,80,501,56,5842
18080537056665,AAPL,3223089,3223100,11,100460,30,266,88,2190
18080537056665,AMZN,18542189,18542200,11,177786,20,286,256,3903
18080537056665,GOOGL,14419989,14420000,11,128890,80,257,108,1922
18080537056665,MSFT,1745989,1746000,11,130161,603,107,23,1919
18080537056665,TSLA,6459989,6460000,11,448601,80,502,56,5845
18090238085423,AAPL,3223089,3223100,11,101410,30,267,89,2201
18090238085423,AMZN,18542189,18542200,11,179486,20,288,257,3914
18090238085423,GOOGL,14419989,14420000,11,129051,80,257,107,1923
18090238085423,MSFT,1745989,1746000,11,130161,603,107,23,1919
18090238085423,TSLA,6459989,6460000,11,449439,80,503,56,5856
18100204117958,AAPL,3223089,3223100,11,102342,30,266,88,2209
18100204117958,AMZN,18542189,18542200,11,180886,20,287,257,3923
18100204117958,GOOGL,14419989,14420000,11,129727,80,257,107,1931
18100204117958,MSFT,1745989,1746000,11,130661,603,109,22,1925
18100204117958,TSLA,6459989,6460000,11,450943,80,506,56,5875
18110436731893,AAPL,3223089,3223100,11,102752,30,266,88,2214
18110436731893,AMZN,18542189,18542200,11,181486,20,287,257,3927
18110436731893,GOOGL,14419989,14420000,11,129928,80,257,107,1933
18110436731893,MSFT,1745989,1746000,11,130861,603,109,22,1927
18110436731893,TSLA,6459989,6460000,11,451665,80,505,56,5881
18120943623752,AAPL,3223089,3223100,11,103602,30,267,88,2226
18120943623752,AMZN,18542189,18542200,11,181686,20,287,257,3926
18120943623752,GOOGL,14419989,14420000,11,129978,80,257,107,1933
18120943623752,MSFT,1745989,1746000,11,131156,603,109,22,1928
18120943623752,TSLA,6459989,6460000,11,452150,80,504,56,5882
18130307671833,AAPL,3223089,3223100,11,104312,30,267,89,2232
18130307671833,AMZN,18542189,18542200,11,183286,20,293,260,3951
18130307671833,GOOGL,14419989,14420000,11,130168,80,258,107,1936
18130307671833,MSFT,1745989,1746000,11,131156,603,109,22,1928
18130307671833,TSLA,6459989,6460000,11,452640,80,505,56,5884
18141277748568,AAPL,3223089,3223100,11,104412,30,267,89,2232
18141277748568,AMZN,18542189,18542200,11,183686,20,296,260,3959
18141277748568,GOOGL,14419989,14420000,11,130168,80,258,107,1936
18141277748568,MSFT,1745989,1746000,11,131050,603,109,22,1927
18141277748568,TSLA,6459989,6460000,11,453040,80,505,56,5889
18152987625042,AAPL,3223089,3223100,11,104451,30,267,89,2232
18152987625042,AMZN,18542189,18542200,11,183886,20,296,260,3963
18152987625042,GOOGL,14419989,14420000,11,130168,80,258,107,1936
18152987625042,MSFT,1745989,1746000,11,131150,603,109,22,1928
18152987625042,TSLA,6459989,6460000,11,453526,80,505,56,5894
18164110290068,AAPL,3223089,3223100,11,104751,30,267,89,2233
18164110290068,AMZN,18542189,18542200,11,184386,20,297,260,3968
18164110290068,GOOGL,14419989,14420000,11,130168,80,258,107,1936
18164110290068,MSFT,1745989,1746000,11,131134,603,109,22,1928
18164110290068,TSLA,6459989,6460000,11,453568,80,506,56,5896
18172004572478,AAPL,3223089,3223100,11,104951,30,268,89,2237
18172004572478,AMZN,18542189,18542200,11,184586,20,297,260,3969
18172004572478,GOOGL,14419989,14420000,11,130168,80,258,107,1936
18172004572478,MSFT,1745989,1746000,11,131218,603,109,22,1930
18172004572478,TSLA,6459989,6460000,11,453938,80,507,56,5899
18180478913127,AAPL,3223089,3223100,11,105151,30,268,89,2240
18180478913127,AMZN,18542189,18542200,11,185486,20,297,260,3982
18180478913127,GOOGL,14419989,14420000,11,130168,80,258,107,1936
18180478913127,MSFT,1745989,1746000,11,131502,603,109,22,1935
18180478913127,TSLA,6459989,6460000,11,454238,80,507,56,5901
18190239947068,AAPL,3223089,3223100,11,105591,30,268,89,2242
18190239947068,AMZN,18542189,18542200,11,186286,20,298,262,3997
18190239947068,GOOGL,14419989,14420000,11,130168,80,258,107,1936
18190239947068,MSFT,1745989,1746000,11,131586,603,109,22,1935
18190239947068,TSLA,6459989,6460000,11,454722,80,508,56,5906
18201134676046,AAPL,3223089,3223100,11,105791,30,268,89,2242
18201134676046,AMZN,18542189,18542200,11,187386,20,298,262,4012
18201134676046,GOOGL,14419989,14420000,11,130168,80,258,107,1936
18201134676046,MSFT,1745989,1746000,11,132186,603,111,23,1947
18201134676046,TSLA,6459989,6460000,11,454988,80,508,56,5907
18210738780078,AAPL,3223089,3223100,11,106631,30,268,89,2252
18210738780078,AMZN,18542189,18542200,11,187786,20,298,262,4018
18210738780078,GOOGL,14419989,14420000,11,130168,80,258,107,1936
18210738780078,MSFT,1745989,1746000,11,132386,603,111,23,1949
18210738780078,TSLA,6459989,6460000,11,455385,80,507,56,5910
18220519390815,AAPL,3223089,3223100,11,106731,30,268,89,2252
18220519390815,AMZN,18542189,18542200,11,187886,20,298,262,4020
18220519390815,GOOGL,14419989,14420000,11,130168,80,258,107,1936
18220519390815,MSFT,1745989,1746000,11,132981,603,111,23,1960
18220519390815,TSLA,6459989,6460000,11,455827,80,507,56,5915
18230434062243,AAPL,3223089,3223100,11,107171,30,269,89,2257
18230434062243,AMZN,18542189,18542200,11,188286,20,298,262,4026
18230434062243,GOOGL,14419989,14420000,11,130168,80,258,107,1936
18230434062243,MSFT,1745989,1746000,11,133281,603,114,23,1966
18230434062243,TSLA,6459989,6460000,11,456794,80,509,56,5928
18240238307370,AAPL,3223089,3223100,11,107411,30,269,89,2261
18240238307370,AMZN,18542189,18542200,11,188386,20,298,262,4028
18240238307370,GOOGL,14419989,14420000,11,130468,80,259,107,1942
18240238307370,MSFT,1745989,1746000,11,133281,603,114,23,1966
18240238307370,TSLA,6459989,6460000,11,457676,80,509,57,5933
18251754761036,AAPL,3223089,3223100,11,107481,30,269,89,2261
18251754761036,AMZN,18542189,18542200,11,188586,20,298,262,4028
18251754761036,GOOGL,14419989,14420000,11,130468,80,259,107,1942
18251754761036,MSFT,1745989,1746000,11,133381,603,114,23,1968
18251754761036,TSLA,6459989,6460000,11,458292,80,510,57,5942
18261116046031,AAPL,3223089,3223100,11,107481,30,269,89,2261
18261116046031,AMZN,18542189,18542200,11,188986,20,298,262,4032
18261116046031,GOOGL,14419989,14420000,11,130468,80,259,107,1942
18261116046031,MSFT,1745989,1746000,11,133681,603,116,23,1974
18261116046031,TSLA,6459989,6460000,11,458392,80,510,57,5942
18272057655139,AAPL,3223089,3223100,11,107991,30,269,89,2268
18272057655139,AMZN,18542189,18542200,11,189386,20,299,262,4038
18272057655139,GOOGL,14419989,14420000,11,130468,80,259,107,1942
18272057655139,MSFT,1745989,1746000,11,133981,603,118,23,1980
18272057655139,TSLA,6459989,6460000,11,459339,80,512,58,5954
18281592449231,AAPL,3223089,3223100,11,108735,30,270,91,2279
18281592449231,AMZN,18542189,18542200,11,189486,20,299,262,4039
18281592449231,GOOGL,14419989,14420000,11,130468,80,259,107,1942
18281592449231,MSFT,1745989,1746000,11,134181,603,118,23,1983
18281592449231,TSLA,6459989,6460000,11,459738,80,513,58,5957
18290152940320,AAPL,3223089,3223100,11,109775,30,270,91,2298
18290152940320,AMZN,18542189,18542200,11,190786,20,299,261,4049
18290152940320,GOOGL,14419989,14420000,11,130468,80,259,107,1942
18290152940320,MSFT,1745989,1746000,11,134474,603,118,23,1988
18290152940320,TSLA,6459989,6460000,11,459833,80,513,58,5958
18300361421562,AAPL,3223089,3223100,11,110400,30,271,91,2302
18300361421562,AMZN,18542189,18542200,11,190886,20,299,261,4052
18300361421562,GOOGL,14419989,14420000,11,130468,80,259,107,1942
18300361421562,MSFT,1745989,1746000,11,134774,603,118,23,1993
18300361421562,TSLA,6459989,6460000,11,459933,80,513,58,5960
18310746862695,AAPL,3223089,3223100,11,110599,30,271,91,2302
18310746862695,AMZN,18542189,18542200,11,191486,20,301,261,4061
18310746862695,GOOGL,14419989,14420000,11,130468,80,259,107,1942
18310746862695,MSFT,1745989,1746000,11,134974,603,119,23,1997
18310746862695,TSLA,6459989,6460000,11,460592,80,513,58,5965
18320440102080,AAPL,3223089,3223100,11,111290,30,272,93,2310
18320440102080,AMZN,18542189,18542200,11,192186,20,303,262,4071
18320440102080,GOOGL,14419989,14420000,11,130533,80,259,107,1943
18320440102080,MSFT,1745989,1746000,11,135174,603,119,23,1997
18320440102080,TSLA,6459989,6460000,11,460978,80,513,58,5971
18332417113211,AAPL,3223089,3223100,11,111600,30,272,93,2311
18332417113211,AMZN,18542189,18542200,11,192486,20,303,262,4073
18332417113211,GOOGL,14419989,14420000,11,130533,80,259,107,1943
18332417113211,MSFT,1745989,1746000,11,135274,603,119,23,1997
18332417113211,TSLA,6459989,6460000,11,461622,80,513,58,5980
18340453585017,AAPL,3223089,3223100,11,112000,30,272,93,2315
18340453585017,AMZN,18542189,18542200,11,194186,20,305,261,4097
18340453585017,GOOGL,14419989,14420000,11,130733,80,259,107,1947
18340453585017,MSFT,1745989,1746000,11,135274,603,119,23,1997
18340453585017,TSLA,6459989,6460000,11,461934,80,514,58,5982
18350088187066,AAPL,3223089,3223100,11,113220,30,272,93,2332
18350088187066,AMZN,18542189,18542200,11,196686,20,304,263,4129
18350088187066,GOOGL,14419989,14420000,11,131032,80,258,106,1948
18350088187066,MSFT,1745989,1746000,11,135774,603,119,23,2003
18350088187066,TSLA,6459989,6460000,11,462418,80,513,58,5985
18360534247963,AAPL,3223089,3223100,11,114430,30,272,93,2339
18360534247963,AMZN,18542189,18542200,11,199786,20,304,266,4177
18360534247963,GOOGL,14419989,14420000,11,130932,80,258,106,1947
18360534247963,MSFT,1745989,1746000,11,135969,603,119,23,2004
18360534247963,TSLA,6459989,6460000,11,462702,80,513,58,5986
18370976920963,AAPL,3223089,3223100,11,114840,30,272,93,2341
18370976920963,AMZN,18542189,18542200,11,201886,20,304,266,4204
18370976920963,GOOGL,14419989,14420000,11,131032,80,258,106,1948
18370976920963,MSFT,1745989,1746000,11,136069,603,119,23,2004
18370976920963,TSLA,6459989,6460000,11,463708,80,512,58,5995
18380421143508,AAPL,3223089,3223100,11,115820,30,273,93,2356
18380421143508,AMZN,18542189,18542200,11,202886,20,304,266,4219
18380421143508,GOOGL,14419989,14420000,11,131032,80,258,106,1948
18380421143508,MSFT,1745989,1746000,11,136169,603,119,23,2004
18380421143508,TSLA,6459989,6460000,11,464180,80,513,58,6000
18390228672779,AAPL,3223089,3223100,11,116100,30,273,93,2358
18390228672779,AMZN,18542189,18542200,11,204386,20,304,266,4244
18390228672779,GOOGL,14419989,14420000,11,131032,80,258,106,1948
18390228672779,MSFT,1745989,1746000,11,136269,603,119,23,2004
18390228672779,TSLA,6459989,6460000,11,464664,80,513,58,6004
18400893250891,AAPL,3223089,3223100,11,116788,30,273,93,2367
18400893250891,AMZN,18542189,18542200,11,205986,20,304,266,4275
18400893250891,GOOGL,14419989,14420000,11,131032,80,258,106,1948
18400893250891,MSFT,1745989,1746000,11,136569,603,119,23,2008
18400893250891,TSLA,6459989,6460000,11,465254,80,514,58,6007
18410017868145,AAPL,3223089,3223100,11,117188,30,273,93,2375
18410017868145,AMZN,18542189,18542200,11,206686,20,304,266,4288
18410017868145,GOOGL,14419989,14420000,11,131032,80,258,106,1948
18410017868145,MSFT,1745989,1746000,11,136759,603,119,23,2009
18410017868145,TSLA,6459989,6460000,11,465654,80,515,58,6012
18421278974642,AAPL,3223089,3223100,11,117588,30,273,93,2377
18421278974642,AMZN,18542189,18542200,11,206986,20,304,266,4291
18421278974642,GOOGL,14419989,14420000,11,131498,80,259,106,1957
18421278974642,MSFT,1745989,1746000,11,137259,603,120,23,2020
18421278974642,TSLA,6459989,6460000,11,466239,80,518,58,6018
18430027239776,AAPL,3223089,3223100,11,117858,30,273,93,2378
18430027239776,AMZN,18542189,18542200,11,207986,20,306,265,4303
18430027239776,GOOGL,14419989,14420000,11,131598,80,260,106,1959
18430027239776,MSFT,1745989,1746000,11,137959,603,121,23,2033
18430027239776,TSLA,6459989,6460000,11,466739,80,517,58,6019
18440341667587,AAPL,3223089,3223100,11,118268,30,273,93,2382
18440341667587,AMZN,18542189,18542200,11,208586,20,306,265,4309
18440341667587,GOOGL,14419989,14420000,11,131698,80,260,106,1961
18440341667587,MSFT,1745989,1746000,11,138459,603,121,23,2043
18440341667587,TSLA,6459989,6460000,11,468047,80,520,58,6033
18450622046779,AAPL,3223089,3223100,11,118508,30,273,93,2386
18450622046779,AMZN,18542189,18542200,11,208586,20,306,265,4309
18450622046779,GOOGL,14419989,14420000,11,131698,80,260,106,1961
18450622046779,MSFT,1745989,1746000,11,138759,603,122,23,2049
18450622046779,TSLA,6459989,6460000,11,468147,80,520,58,6034
18460122249950,AAPL,3223089,3223100,11,118808,30,273,93,2389
18460122249950,AMZN,18542189,18542200,11,208986,20,306,264,4311
18460122249950,GOOGL,14419989,14420000,11,131698,80,260,106,1961
18460122249950,MSFT,1745989,1746000,11,139259,603,123,23,2059
18460122249950,TSLA,6459989,6460000,11,469012,80,522,58,6044
18470649725840,AAPL,3223089,3223100,11,118808,30,273,93,2389
18470649725840,AMZN,18542189,18542200,11,209286,20,306,264,4311
18470649725840,GOOGL,14419989,14420000,11,131698,80,260,106,1961
18470649725840,MSFT,1745989,1746000,11,139429,603,123,24,2061
18470649725840,TSLA,6459989,6460000,11,469609,80,523,58,6051
18480178004963,AAPL,3223089,3223100,11,119108,30,273,93,2388
18480178004963,AMZN,18542189,18542200,11,210386,20,306,263,4321
18480178004963,GOOGL,14419989,14420000,11,131698,80,260,106,1961
18480178004963,MSFT,1745989,1746000,11,139729,603,124,24,2066
18480178004963,TSLA,6459989,6460000,11,470319,80,523,58,6060
18491009198882,AAPL,3223089,3223100,11,119408,30,273,93,2389
18491009198882,AMZN,18542189,18542200,11,211586,20,306,263,4339
18491009198882,GOOGL,14419989,14420000,11,131698,80,260,106,1961
18491009198882,MSFT,1745989,1746000,11,139729,603,124,24,2066
18491009198882,TSLA,6459989,6460000,11,470768,80,523,58,6064
18503300781697,AAPL,3223089,3223100,11,119678,30,273,93,2389
18503300781697,AMZN,18542189,18542200,11,212786,20,306,262,4348
18503300781697,GOOGL,14419989,14420000,11,131798,80,261,106,1963
18503300781697,MSFT,1745989,1746000,11,140129,603,125,24,2075
18503300781697,TSLA,6459989,6460000,11,471708,80,522,58,6072
18510088234936,AAPL,3223089,3223100,11,120248,30,273,93,2396
18510088234936,AMZN,18542189,18542200,11,213586,20,306,262,4356
18510088234936,GOOGL,14419989,14420000,11,131798,80,261,106,1963
18510088234936,MSFT,1745989,1746000,11,140329,603,125,24,2079
18510088234936,TSLA,6459989,6460000,11,471808,80,521,58,6072
18520542442588,AAPL,3223089,3223100,11,120918,30,273,93,2399
18520542442588,AMZN,18542189,18542200,11,214786,20,306,263,4375
18520542442588,GOOGL,14419989,14420000,11,132154,80,262,105,1967
18520542442588,MSFT,1745989,1746000,11,140629,603,125,24,2084
18520542442588,TSLA,6459989,6460000,11,472408,80,521,59,6076
18530344429003,AAPL,3223089,3223100,11,121718,30,273,93,2405
18530344429003,AMZN,18542189,18542200,11,216586,20,307,261,4395
18530344429003,GOOGL,14419989,14420000,11,132380,80,263,105,1970
18530344429003,MSFT,1745989,1746000,11,141029,603,125,24,2089
18530344429003,TSLA,6459989,6460000,11,473261,80,521,59,6086
18540746885074,AAPL,3223089,3223100,11,122118,30,272,92,2407
18540746885074,AMZN,18542189,18542200,11,218386,20,307,261,4409
18540746885074,GOOGL,14419989,14420000,11,132380,80,263,105,1970
18540746885074,MSFT,1745989,1746000,11,141529,603,125,24,2098
18540746885074,TSLA,6459989,6460000,11,473957,80,522,59,6094
18550048908451,AAPL,3223089,3223100,11,122118,30,272,92,2406
18550048908451,AMZN,18542189,18542200,11,219586,20,307,261,4429
18550048908451,GOOGL,14419989,14420000,11,132440,80,263,105,1971
18550048908451,MSFT,1745989,1746000,11,141829,603,125,24,2101
18550048908451,TSLA,6459989,6460000,11,474527,80,519,59,6096
18560536333900,AAPL,3223089,3223100,11,122318,30,272,92,2409
18560536333900,AMZN,18542189,18542200,11,219886,20,307,261,4433
18560536333900,GOOGL,14419989,14420000,11,132640,80,263,105,1971
18560536333900,MSFT,1745989,1746000,11,142229,603,125,24,2108
18560536333900,TSLA,6459989,6460000,11,474697,80,519,59,6097
18570976931144,AAPL,3223089,3223100,11,123228,30,273,92,2415
18570976931144,AMZN,18542189,18542200,11,221386,20,307,259,4448
18570976931144,GOOGL,14419989,14420000,11,132640,80,263,105,1971
18570976931144,MSFT,1745989,1746000,11,142929,603,125,24,2120
18570976931144,TSLA,6459989,6460000,11,475339,80,520,59,6105
18580023236114,AAPL,3223089,3223100,11,123328,30,273,92,2416
18580023236114,AMZN,18542189,18542200,11,221486,20,307,259,4449
18580023236114,GOOGL,14419989,14420000,11,132640,80,263,105,1971
18580023236114,MSFT,1745989,1746000,11,143304,603,125,24,2125
18580023236114,TSLA,6459989,6460000,11,475502,80,520,59,6107
18590012262399,AAPL,3223089,3223100,11,123528,30,273,92,2419
18590012262399,AMZN,18542189,18542200,11,222886,20,306,259,4472
18590012262399,GOOGL,14419989,14420000,11,132797,80,262,105,1972
18590012262399,MSFT,1745989,1746000,11,144204,603,125,24,2135
18590012262399,TSLA,6459989,6460000,11,475902,80,522,59,6115
18600207827126,AAPL,3223089,3223100,11,123628,30,273,92,2420
18600207827126,AMZN,18542189,18542200,11,223586,20,305,259,4480
18600207827126,GOOGL,14419989,14420000,11,132797,80,262,105,1972
18600207827126,MSFT,1745989,1746000,11,144658,603,125,24,2139
18600207827126,TSLA,6459989,6460000,11,476370,80,521,59,6120
18610929938566,AAPL,3223089,3223100,11,124368,30,273,92,2428
18610929938566,AMZN,18542189,18542200,11,223686,20,305,259,4480
18610929938566,GOOGL,14419989,14420000,11,132797,80,262,105,1972
18610929938566,MSFT,1745989,1746000,11,144833,603,125,24,2140
18610929938566,TSLA,6459989,6460000,11,476654,80,521,59,6124
18621670437682,AAPL,3223089,3223100,11,125108,30,273,93,2435
18621670437682,AMZN,18542189,18542200,11,224086,20,305,259,4486
18621670437682,GOOGL,14419989,14420000,11,132797,80,262,105,1972
18621670437682,MSFT,1745989,1746000,11,145733,603,125,24,2155
18621670437682,TSLA,6459989,6460000,11,477323,80,521,60,6133
18633092190907,AAPL,3223089,3223100,11,125608,30,273,94,2440
18633092190907,AMZN,18542189,18542200,11,224686,20,307,259,4497
18633092190907,GOOGL,14419989,14420000,11,132797,80,262,105,1972
18633092190907,MSFT,1745989,1746000,11,146033,603,126,24,2159
18633092190907,TSLA,6459989,6460000,11,477757,80,522,60,6140
18641056199883,AAPL,3223089,3223100,11,126678,30,273,94,2444
18641056199883,AMZN,18542189,18542200,11,225986,20,307,260,4516
18641056199883,GOOGL,14419989,14420000,11,132797,80,262,105,1972
18641056199883,MSFT,1745989,1746000,11,146133,603,126,24,2159
18641056199883,TSLA,6459989,6460000,11,478442,80,523,60,6152
18650258117898,AAPL,3223089,3223100,11,127578,30,273,95,2453
18650258117898,AMZN,18542189,18542200,11,226786,20,308,260,4528
18650258117898,GOOGL,14419989,14420000,11,132797,80,262,105,1972
18650258117898,MSFT,1745989,1746000,11,146293,603,126,24,2160
18650258117898,TSLA,6459989,6460000,11,479381,80,522,60,6165
18660200881193,AAPL,3223089,3223100,11,128298,30,273,95,2459
18660200881193,AMZN,18542189,18542200,11,227986,20,308,260,4546
18660200881193,GOOGL,14419989,14420000,11,132797,80,262,105,1972
18660200881193,MSFT,1745989,1746000,11,146493,603,125,24,2159
18660200881193,TSLA,6459989,6460000,11,480533,80,523,60,6178
18670181324408,AAPL,3223089,3223100,11,128568,30,273,95,2464
18670181324408,AMZN,18542189,18542200,11,228286,20,308,260,4552
18670181324408,GOOGL,14419989,14420000,11,132797,80,262,105,1972
18670181324408,MSFT,1745989,1746000,11,146693,603,125,24,2162
18670181324408,TSLA,6459989,6460000,11,481002,80,525,60,6185
18680904681546,AAPL,3223089,3223100,11,130308,30,273,95,2482
18680904681546,AMZN,18542189,18542200,11,229386,20,308,260,4563
18680904681546,GOOGL,14419989,14420000,11,132954,80,263,105,1975
18680904681546,MSFT,1745989,1746000,11,147353,603,125,24,2171
18680904681546,TSLA,6459989,6460000,11,481773,80,525,60,6194
18690877361037,AAPL,3223089,3223100,11,130845,30,273,95,2482
18690877361037,AMZN,18542189,18542200,11,230386,20,308,259,4581
18690877361037,GOOGL,14419989,14420000,11,132954,80,263,105,1975
18690877361037,MSFT,1745989,1746000,11,148153,603,126,24,2183
18690877361037,TSLA,6459989,6460000,11,482173,80,524,60,6198
18700046383280,AAPL,3223089,3223100,11,130845,30,273,95,2482
18700046383280,AMZN,18542189,18542200,11,230986,20,308,259,4588
18700046383280,GOOGL,14419989,14420000,11,132954,80,263,105,1975
18700046383280,MSFT,1745989,1746000,11,148353,603,126,24,2188
18700046383280,TSLA,6459989,6460000,11,482643,80,525,60,6203
18710197727842,AAPL,3223089,3223100,11,130945,30,273,95,2482
18710197727842,AMZN,18542189,18542200,11,231486,20,309,259,4598
18710197727842,GOOGL,14419989,14420000,11,132954,80,263,105,1975
18710197727842,MSFT,1745989,1746000,11,148553,603,127,24,2191
18710197727842,TSLA,6459989,6460000,11,482826,80,525,60,6206
18720639296743,AAPL,3223089,3223100,11,131145,30,273,95,2484
18720639296743,AMZN,18542189,18542200,11,232686,20,310,260,4615
18720639296743,GOOGL,14419989,14420000,11,132954,80,263,105,1975
18720639296743,MSFT,1745989,1746000,11,148653,603,127,24,2191
18720639296743,TSLA,6459989,6460000,11,483596,80,527,59,6214
18730645862975,AAPL,3223089,3223100,11,131445,30,273,95,2484
18730645862975,AMZN,18542189,18542200,11,233386,20,310,260,4626
18730645862975,GOOGL,14419989,14420000,11,132954,80,263,105,1975
18730645862975,MSFT,1745989,1746000,11,148653,603,127,24,2191
18730645862975,TSLA,6459989,6460000,11,483596,80,527,59,6213
18740986542160,AAPL,3223089,3223100,11,131645,30,273,95,2484
18740986542160,AMZN,18542189,18542200,11,234286,20,310,260,4644
18740986542160,GOOGL,14419989,14420000,11,132954,80,263,105,1975
18740986542160,MSFT,1745989,1746000,11,149098,603,128,24,2195
18740986542160,TSLA,6459989,6460000,11,484218,80,527,60,6222
18751005194104,AAPL,3223089,3223100,11,131745,30,273,95,2484
18751005194104,AMZN,18542189,18542200,11,234886,20,310,260,4655
18751005194104,GOOGL,14419989,14420000,11,132954,80,263,105,1975
18751005194104,MSFT,1745989,1746000,11,149198,603,128,24,2196
18751005194104,TSLA,6459989,6460000,11,484390,80,527,60,6224
18761353167482,AAPL,3223089,3223100,11,132215,30,273,95,2486
18761353167482,AMZN,18542189,18542200,11,236186,20,309,259,4670
18761353167482,GOOGL,14419989,14420000,11,132954,80,263,105,1975
18761353167482,MSFT,1745989,1746000,11,149958,603,129,24,2209
18761353167482,TSLA,6459989,6460000,11,484890,80,526,60,6224
18772702996357,AAPL,3223089,3223100,11,132215,30,273,95,2486
18772702996357,AMZN,18542189,18542200,11,236386,20,309,259,4672
18772702996357,GOOGL,14419989,14420000,11,132854,80,263,105,1974
18772702996357,MSFT,1745989,1746000,11,149958,603,129,24,2209
18772702996357,TSLA,6459989,6460000,11,484960,80,527,60,6225
18780505910563,AAPL,3223089,3223100,11,132485,30,273,95,2486
18780505910563,AMZN,18542189,18542200,11,236686,20,309,259,4678
18780505910563,GOOGL,14419989,14420000,11,132954,80,263,105,1975
18780505910563,MSFT,1745989,1746000,11,150058,603,129,23,2209
18780505910563,TSLA,6459989,6460000,11,485326,80,527,60,6227
18790016359615,AAPL,3223089,3223100,11,132855,30,274,95,2492
18790016359615,AMZN,18542189,18542200,11,237086,20,309,259,4682
18790016359615,GOOGL,14419989,14420000,11,132954,80,263,105,1975
18790016359615,MSFT,1745989,1746000,11,150078,603,129,23,2209
18790016359615,TSLA,6459989,6460000,11,485810,80,527,60,6232
18809164887567,AAPL,3223089,3223100,11,133155,30,274,96,2495
18809164887567,AMZN,18542189,18542200,11,237486,20,309,259,4688
18809164887567,GOOGL,14419989,14420000,11,132954,80,263,105,1975
18809164887567,MSFT,1745989,1746000,11,150078,603,129,23,2209
18809164887567,TSLA,6459989,6460000,11,486110,80,526,60,6237
18811637282672,AAPL,3223089,3223100,11,133155,30,274,96,2495
18811637282672,AMZN,18542189,18542200,11,237486,20,308,259,4687
18811637282672,GOOGL,14419989,14420000,11,132954,80,263,105,1975
18811637282672,MSFT,1745989,1746000,11,150078,603,129,23,2209
18811637282672,TSLA,6459989,6460000,11,486210,80,526,60,6238
18822912241652,AAPL,3223089,3223100,11,133155,30,274,96,2495
18822912241652,AMZN,18542189,18542200,11,237786,20,308,260,4692
18822912241652,GOOGL,14419989,14420000,11,132954,80,263,105,1975
18822912241652,MSFT,1745989,1746000,11,150178,603,129,23,2209
18822912241652,TSLA,6459989,6460000,11,486305,80,526,60,6240
18830100790988,AAPL,3223089,3223100,11,133755,30,276,96,2502
18830100790988,AMZN,18542189,18542200,11,238586,20,309,260,4700
18830100790988,GOOGL,14419989,14420000,11,133036,80,263,105,1976
18830100790988,MSFT,1745989,1746000,11,150278,603,129,23,2209
18830100790988,TSLA,6459989,6460000,11,486926,80,525,60,6245
18840036740433,AAPL,3223089,3223100,11,134495,30,277,96,2509
18840036740433,AMZN,18542189,18542200,11,239486,20,308,260,4712
18840036740433,GOOGL,14419989,14420000,11,134062,80,266,105,1993
18840036740433,MSFT,1745989,1746000,11,150478,603,129,23,2211
18840036740433,TSLA,6459989,6460000,11,488211,80,525,60,6256
18850171259135,AAPL,3223089,3223100,11,135372,30,276,96,2513
18850171259135,AMZN,18542189,18542200,11,240186,20,308,260,4724
18850171259135,GOOGL,14419989,14420000,11,134986,80,267,105,2006
18850171259135,MSFT,1745989,1746000,11,150878,603,129,22,2211
18850171259135,TSLA,6459989,6460000,11,489070,80,525,60,6267
18860433023486,AAPL,3223089,3223100,11,135882,30,276,96,2518
18860433023486,AMZN,18542189,18542200,11,240886,20,307,260,4728
18860433023486,GOOGL,14419989,14420000,11,135612,80,267,105,2016
18860433023486,MSFT,1745989,1746000,11,151178,603,129,22,2212
18860433023486,TSLA,6459989,6460000,11,489722,80,525,59,6272
18870487085076,AAPL,3223089,3223100,11,136422,30,276,96,2522
18870487085076,AMZN,18542189,18542200,11,241886,20,307,260,4738
18870487085076,GOOGL,14419989,14420000,11,135877,80,267,105,2018
18870487085076,MSFT,1745989,1746000,11,151438,603,129,23,2217
18870487085076,TSLA,6459989,6460000,11,490465,80,526,59,6279
18880281208011,AAPL,3223089,3223100,11,137402,30,276,96,2533
18880281208011,AMZN,18542189,18542200,11,242186,20,307,260,4741
18880281208011,GOOGL,14419989,14420000,11,136160,80,268,105,2022
18880281208011,MSFT,1745989,1746000,11,151638,603,129,23,2219
18880281208011,TSLA,6459989,6460000,11,491274,80,526,59,6286
18890854303327,AAPL,3223089,3223100,11,138142,30,277,96,2546
18890854303327,AMZN,18542189,18542200,11,242686,20,307,260,4748
18890854303327,GOOGL,14419989,14420000,11,136246,80,268,105,2023
18890854303327,MSFT,1745989,1746000,11,151738,603,130,23,2221
18890854303327,TSLA,6459989,6460000,11,491474,80,527,59,6287
18900640822423,AAPL,3223089,3223100,11,139082,30,278,98,2553
18900640822423,AMZN,18542189,18542200,11,243186,20,307,262,4756
18900640822423,GOOGL,14419989,14420000,11,136319,80,268,105,2024
18900640822423,MSFT,1745989,1746000,11,151932,603,130,23,2222
18900640822423,TSLA,6459989,6460000,11,492718,80,526,59,6300
18910091892461,AAPL,3223089,3223100,11,139282,30,278,98,2552
18910091892461,AMZN,18542189,18542200,11,243686,20,307,262,4762
18910091892461,GOOGL,14419989,14420000,11,136789,80,268,105,2032
18910091892461,MSFT,1745989,1746000,11,152192,603,130,23,2222
18910091892461,TSLA,6459989,6460000,11,493983,80,530,59,6317
18920412852135,AAPL,3223089,3223100,11,139482,30,278,98,2552
18920412852135,AMZN,18542189,18542200,11,244086,20,307,262,4766
18920412852135,GOOGL,14419989,14420000,11,137292,80,268,105,2040
18920412852135,MSFT,1745989,1746000,11,152292,603,130,23,2222
18920412852135,TSLA,6459989,6460000,11,494608,80,531,59,6324
18931427509825,AAPL,3223089,3223100,11,139582,30,278,98,2553
18931427509825,AMZN,18542189,18542200,11,244786,20,309,262,4778
18931427509825,GOOGL,14419989,14420000,11,137611,80,269,106,2046
18931427509825,MSFT,1745989,1746000,11,152392,603,130,23,2222
18931427509825,TSLA,6459989,6460000,11,494608,80,531,59,6323
18940038191061,AAPL,3223089,3223100,11,139982,30,278,98,2555
18940038191061,AMZN,18542189,18542200,11,245086,20,309,263,4782
18940038191061,GOOGL,14419989,14420000,11,137782,80,270,106,2049
18940038191061,MSFT,1745989,1746000,11,152992,603,130,23,2231
18940038191061,TSLA,6459989,6460000,11,495108,80,532,59,6328
18950133892658,AAPL,3223089,3223100,11,140482,30,278,98,2561
18950133892658,AMZN,18542189,18542200,11,245586,20,311,263,4787
18950133892658,GOOGL,14419989,14420000,11,138116,80,270,106,2053
18950133892658,MSFT,1745989,1746000,11,153852,603,130,23,2244
18950133892658,TSLA,6459989,6460000,11,496230,80,534,59,6340
18961271621774,AAPL,3223089,3223100,11,140842,30,278,98,2564
18961271621774,AMZN,18542189,18542200,11,245786,20,311,263,4790
18961271621774,GOOGL,14419989,14420000,11,138613,80,272,107,2061
18961271621774,MSFT,1745989,1746000,11,153852,603,130,23,2244
18961271621774,TSLA,6459989,6460000,11,497000,80,537,59,6350
18973179520511,AAPL,3223089,3223100,11,141440,30,278,98,2568
18973179520511,AMZN,18542189,18542200,11,245886,20,311,263,4789
18973179520511,GOOGL,14419989,14420000,11,138613,80,272,107,2061
18973179520511,MSFT,1745989,1746000,11,153852,603,130,23,2244
18973179520511,TSLA,6459989,6460000,11,497912,80,537,59,6359
18982820545917,AAPL,3223089,3223100,11,141440,30,278,98,2568
18982820545917,AMZN,18542189,18542200,11,246086,20,311,263,4792
18982820545917,GOOGL,14419989,14420000,11,138613,80,272,107,2061
18982820545917,MSFT,1745989,1746000,11,153912,603,130,23,2245
18982820545917,TSLA,6459989,6460000,11,498002,80,537,59,6359
18990036492168,AAPL,3223089,3223100,11,142140,30,278,98,2574
18990036492168,AMZN,18542189,18542200,11,246886,20,311,263,4800
18990036492168,GOOGL,14419989,14420000,11,138700,80,272,107,2061
18990036492168,MSFT,1745989,1746000,11,154012,603,130,22,2245
18990036492168,TSLA,6459989,6460000,11,499900,80,539,59,6385
19001009940524,AAPL,3223089,3223100,11,142430,30,278,98,2577
19001009940524,AMZN,18542189,18542200,11,247686,20,311,263,4816
19001009940524,GOOGL,14419989,14420000,11,138700,80,272,107,2061
19001009940524,MSFT,1745989,1746000,11,154012,603,130,22,2244
19001009940524,TSLA,6459989,6460000,11,500499,80,538,59,6390
19010080720089,AAPL,3223089,3223100,11,143730,18,279,99,2584
19010080720089,AMZN,18542189,18542200,11,249086,20,311,263,4838
19010080720089,GOOGL,14419989,14420000,11,138949,80,273,107,2065
19010080720089,MSFT,1745989,1746000,11,154012,603,130,22,2244
19010080720089,TSLA,6459989,6460000,11,503294,80,541,58,6428
19020362125401,AAPL,3223589,3223600,11,670,75,288,98,2593
19020362125401,AMZN,18542189,18542200,11,250086,20,312,263,4848
19020362125401,GOOGL,14419989,14420000,11,140425,80,278,107,2090
19020362125401,MSFT,1745989,1746000,11,154012,603,130,22,2244
19020362125401,TSLA,6459989,6460000,11,505330,5,542,59,6442
19030048690950,AAPL,3223589,3223600,11,1210,75,289,98,2601
19030048690950,AMZN,18542189,18542200,11,250986,20,312,263,4852
19030048690950,GOOGL,14419989,14420000,11,141655,80,280,107,2111
19030048690950,MSFT,1745989,1746000,11,154512,603,130,22,2253
19030048690950,TSLA,6469989,6470000,11,1586,218,566,56,6454
19040017798190,AAPL,3223589,3223600,11,2190,75,292,98,2612
19040017798190,AMZN,18542189,18542200,11,251386,20,314,263,4855
19040017798190,GOOGL,14419989,14420000,11,142440,80,281,107,2126
19040017798190,MSFT,1745989,1746000,11,154512,603,130,22,2253
19040017798190,TSLA,6469989,6470000,11,2572,218,566,55,6459
19050021908094,AAPL,3223589,3223600,11,2770,60,292,98,2614
19050021908094,AMZN,18542189,18542200,11,255056,20,324,263,4883
19050021908094,GOOGL,14419989,14420000,11,144545,80,289,107,2162
19050021908094,MSFT,1745989,1746000,11,154972,603,130,22,2259
19050021908094,TSLA,6469989,6470000,11,6996,85,564,57,6480
19060680475961,AAPL,3223683,3223700,17,100,45,298,97,2622
19060680475961,AMZN,18542189,18542200,11,256156,20,327,263,4892
19060680475961,GOOGL,14419989,14420000,11,146153,80,290,107,2184
19060680475961,MSFT,1745989,1746000,11,155528,603,130,22,2268
19060680475961,TSLA,6479677,6480000,323,100,538,571,57,6504
19070250034850,AAPL,3223689,3223700,11,400,45,303,97,2628
19070250034850,AMZN,18542189,18542200,11,256756,20,329,263,4897
19070250034850,GOOGL,14419989,14420000,11,147347,80,292,107,2198
19070250034850,MSFT,1745989,1746000,11,156210,603,130,23,2276
19070250034850,TSLA,6479989,6480000,11,1182,508,580,56,6507
19080344911727,AAPL,3223689,3223700,11,710,45,303,97,2631
19080344911727,AMZN,18542189,18542200,11,256756,20,329,263,4897
19080344911727,GOOGL,14419989,14420000,11,147547,80,294,107,2202
19080344911727,MSFT,1745989,1746000,11,156310,603,130,23,2276
19080344911727,TSLA,6479989,6480000,11,2237,493,580,56,6513
19090337375038,AAPL,3223689,3223700,11,1390,30,303,97,2633
19090337375038,AMZN,18542189,18542200,11,257156,20,330,263,4899
19090337375038,GOOGL,14419989,14420000,11,149026,80,296,107,2222
19090337375038,MSFT,1745989,1746000,11,156790,603,130,23,2281
19090337375038,TSLA,6479989,6480000,11,4837,340,579,56,6520
19100091248361,AAPL,3223689,3223700,11,2100,30,305,97,2639
19100091248361,AMZN,18542189,18542200,11,257856,20,330,264,4901
19100091248361,GOOGL,14419989,14420000,11,150142,80,299,107,2238
19100091248361,MSFT,1745989,1746000,11,156950,603,130,23,2282
19100091248361,TSLA,6479989,6480000,11,6187,275,578,57,6524
19110520427750,AAPL,3223689,3223700,11,2950,30,306,98,2652
19110520427750,AMZN,18542189,18542200,11,259056,20,330,264,4909
19110520427750,GOOGL,14419989,14420000,11,151404,80,302,107,2257
19110520427750,MSFT,1745989,1746000,11,157310,603,130,23,2283
19110520427750,TSLA,6479989,6480000,11,8365,275,579,58,6535
19120350104518,AAPL,3223689,3223700,11,3890,15,307,98,2657
19120350104518,AMZN,18542189,18542200,11,259941,20,331,265,4916
19120350104518,GOOGL,14419989,14420000,11,152586,80,303,107,2277
19120350104518,MSFT,1745989,1746000,11,157710,588,130,25,2288
19120350104518,TSLA,6479989,6480000,11,10836,134,578,60,6546
19130282285700,AAPL,3223689,3223700,11,4160,15,307,98,2660
19130282285700,AMZN,18542189,18542200,11,261410,20,332,268,4927
19130282285700,GOOGL,14419989,14420000,11,153386,80,304,107,2288
19130282285700,MSFT,1745989,1746000,11,158310,540,130,26,2291
19130282285700,TSLA,6479989,6480000,11,12776,74,579,60,6553
19140252690982,AAPL,3223789,3223900,111,100,70,308,97,2660
19140252690982,AMZN,18542189,18542200,11,261810,20,333,268,4929
19140252690982,GOOGL,14419989,14420000,11,154026,80,304,107,2299
19140252690982,MSFT,1745989,1746000,11,158710,540,130,27,2296
19140252690982,TSLA,6479989,6480000,11,12976,59,579,60,6553
19150040515998,AAPL,3223883,3223900,17,100,55,312,97,2665
19150040515998,AMZN,18542189,18542200,11,262010,20,334,268,4930
19150040515998,GOOGL,14419989,14420000,11,154966,80,304,107,2313
19150040515998,MSFT,1745989,1746000,11,158910,540,130,28,2298
19150040515998,TSLA,6479989,6480000,11,13762,44,579,60,6556
19160167243155,AAPL,3223889,3223900,11,200,55,317,97,2670
19160167243155,AMZN,18542189,18542200,11,262410,20,335,268,4933
19160167243155,GOOGL,14419989,14420000,11,155681,80,304,107,2325
19160167243155,MSFT,1745989,1746000,11,159190,525,130,29,2300
19160167243155,TSLA,6479989,6480000,11,14362,29,578,60,6559
19170128025344,AAPL,3223989,3224000,11,1310,270,323,96,2690
19170128025344,AMZN,18542189,18542200,11,263010,20,337,269,4939
19170128025344,GOOGL,14419989,14420000,11,156466,80,305,107,2338
19170128025344,MSFT,1745989,1746000,11,159590,525,130,31,2306
19170128025344,TSLA,6489449,6490000,551,100,557,584,57,6563
19180691815162,AAPL,3223989,3224000,11,1720,270,323,96,2692
19180691815162,AMZN,18542189,18542200,11,263810,20,337,271,4949
19180691815162,GOOGL,14419989,14420000,11,158227,80,307,107,2363
19180691815162,MSFT,1745989,1746000,11,159554,492,130,32,2304
19180691815162,TSLA,6489989,6490000,11,2285,423,594,59,6583
19190043159686,AAPL,3223989,3224000,11,2290,270,323,96,2700
19190043159686,AMZN,18542189,18542200,11,264010,20,337,271,4948
19190043159686,GOOGL,14419989,14420000,11,159576,80,309,106,2382
19190043159686,MSFT,1745989,1746000,11,159854,477,130,32,2305
19190043159686,TSLA,6489989,6490000,11,3371,395,594,58,6586
19200305874809,AAPL,3223989,3224000,11,2800,270,323,96,2706
19200305874809,AMZN,18542189,18542200,11,264595,20,339,271,4953
19200305874809,GOOGL,14419989,14420000,11,160416,80,310,106,2394
19200305874809,MSFT,1745989,1746000,11,159954,477,130,32,2305
19200305874809,TSLA,6489989,6490000,11,4125,380,594,58,6589
19210680918933,AAPL,3223989,3224000,11,4010,255,324,96,2722
19210680918933,AMZN,18542189,18542200,11,264995,20,338,271,4953
19210680918933,GOOGL,14419989,14420000,11,161538,80,314,106,2414
19210680918933,MSFT,1745989,1746000,11,160754,462,129,36,2314
19210680918933,TSLA,6489989,6490000,11,7025,232,592,59,6607
19220552612976,AAPL,3223989,3224000,11,6218,205,326,96,2741
19220552612976,AMZN,18542189,18542200,11,265395,20,338,273,4958
19220552612976,GOOGL,14419989,14420000,11,163137,80,317,106,2439
19220552612976,MSFT,1745989,1746000,11,161254,447,129,37,2319
19220552612976,TSLA,6489989,6490000,11,9432,217,593,60,6621
19230033800341,AAPL,3223989,3224000,11,7028,190,327,95,2747
19230033800341,AMZN,18542189,18542200,11,265995,20,339,274,4963
19230033800341,GOOGL,14419989,14420000,11,164623,80,321,106,2463
19230033800341,MSFT,1745989,1746000,11,161354,447,129,37,2321
19230033800341,TSLA,6489989,6490000,11,12687,60,593,60,6630
19240066053619,AAPL,3223989,3224000,11,7428,175,328,95,2750
19240066053619,AMZN,18542189,18542200,11,266095,20,339,274,4963
19240066053619,GOOGL,14419989,14420000,11,166242,80,321,105,2485
19240066053619,MSFT,1745989,1746000,11,161354,447,129,37,2321
19240066053619,TSLA,6492470,6492500,30,100,47,600,60,6634
19250138426607,AAPL,3223989,3224000,11,7728,175,328,95,2752
19250138426607,AMZN,18542189,18542200,11,266680,20,339,274,4964
19250138426607,GOOGL,14419989,14420000,11,167633,80,323,105,2505
19250138426607,MSFT,1745989,1746000,11,161890,447,129,37,2330
19250138426607,TSLA,6495864,6497000,1136,100,17,607,60,6645
19260167950772,AAPL,3223989,3224000,11,7928,175,328,95,2753
19260167950772,AMZN,18542189,18542200,11,266680,20,339,274,4964
19260167950772,GOOGL,14419989,14420000,11,168133,80,323,105,2515
19260167950772,MSFT,1745989,1746000,11,162090,447,129,37,2334
19260167950772,TSLA,6497989,6498000,11,953,59,621,61,6659
19270046635303,AAPL,3223989,3224000,11,8798,145,327,95,2756
19270046635303,AMZN,18542189,18542200,11,267080,20,339,274,4966
19270046635303,GOOGL,14419989,14420000,11,169718,80,323,105,2544
19270046635303,MSFT,1745989,1746000,11,163569,402,130,36,2349
19270046635303,TSLA,6498989,6499000,11,500,169,632,60,6666
19280133616919,AAPL,3223989,3224000,11,9798,100,327,95,2759
19280133616919,AMZN,18542189,18542200,11,267080,20,339,274,4966
19280133616919,GOOGL,14419989,14420000,11,171270,80,323,105,2573
19280133616919,MSFT,1745989,1746000,11,164249,387,130,36,2357
19280133616919,TSLA,6498989,6499000,11,4184,49,635,62,6687
19290349238973,AAPL,3223989,3224000,11,11298,26,325,95,2762
19290349238973,AMZN,18542189,18542200,11,267180,20,339,274,4966
19290349238973,GOOGL,14419989,14420000,11,173080,80,326,105,2602
19290349238973,MSFT,1745989,1746000,11,164549,387,130,36,2362
19290349238973,TSLA,6499989,6500000,11,886,293,645,64,6700
19300151939251,AAPL,3223989,3224000,11,11398,26,325,95,2762
19300151939251,AMZN,18542189,18542200,11,267180,20,339,274,4966
19300151939251,GOOGL,14419989,14420000,11,174122,80,327,105,2621
19300151939251,MSFT,1745989,1746000,11,165313,357,130,37,2367
19300151939251,TSLA,6499989,6500000,11,2678,218,646,64,6707
19310098077644,AAPL,3223989,3224000,11,12398,11,322,95,2763
19310098077644,AMZN,18542189,18542200,11,267580,20,340,276,4974
19310098077644,GOOGL,14419989,14420000,11,175157,80,327,105,2640
19310098077644,MSFT,1745989,1746000,11,165913,357,130,37,2368
19310098077644,TSLA,6499989,6500000,11,4418,158,646,64,6709
19320247630630,AAPL,3224088,3224100,12,100,146,327,94,2764
19320247630630,AMZN,18542189,18542200,11,268280,20,340,277,4982
19320247630630,GOOGL,14419989,14420000,11,176214,80,328,105,2659
19320247630630,MSFT,1745989,1746000,11,166913,357,131,38,2387
19320247630630,TSLA,6499989,6500000,11,6698,88,647,64,6714
19330752578600,AAPL,3224089,3224100,11,300,146,328,94,2764
19330752578600,AMZN,18542189,18542200,11,268380,20,340,277,4982
19330752578600,GOOGL,14419989,14420000,11,176854,80,329,105,2667
19330752578600,MSFT,1745989,1746000,11,167813,357,131,38,2400
19330752578600,TSLA,6499989,6500000,11,8723,88,650,64,6727
19340825547351,AAPL,3224089,3224100,11,500,146,329,94,2766
19340825547351,AMZN,18542189,18542200,11,268780,20,340,278,4990
19340825547351,GOOGL,14419989,14420000,11,177631,80,329,105,2677
19340825547351,MSFT,1745989,1746000,11,167913,357,131,38,2402
19340825547351,TSLA,6499989,6500000,11,10970,43,649,64,6737
19350010742842,AAPL,3224089,3224100,11,1100,146,329,94,2768
19350010742842,AMZN,18542189,18542200,11,269880,20,341,278,4991
19350010742842,GOOGL,14419989,14420000,11,178822,80,329,105,2690
19350010742842,MSFT,1745989,1746000,11,168213,357,131,38,2406
19350010742842,TSLA,6499989,6500000,11,13209,13,650,64,6753
19361749340426,AAPL,3224089,3224100,11,1100,146,329,94,2768
19361749340426,AMZN,18542189,18542200,11,271735,20,342,279,4999
19361749340426,GOOGL,14419989,14420000,11,179651,80,329,105,2701
19361749340426,MSFT,1745989,1746000,11,169013,357,131,38,2422
19361749340426,TSLA,6499989,6500000,11,15785,133,652,64,6770
19370176514893,AAPL,3224089,3224100,11,1100,146,329,94,2768
19370176514893,AMZN,18542189,18542200,11,271835,20,342,279,4999
19370176514893,GOOGL,14419989,14420000,11,179751,80,329,105,2703
19370176514893,MSFT,1745989,1746000,11,169013,357,131,38,2422
19370176514893,TSLA,6499989,6500000,11,16909,103,653,64,6777
19382995944481,AAPL,3224089,3224100,11,1500,146,330,94,2776
19382995944481,AMZN,18542189,18542200,11,272235,20,342,279,5000
19382995944481,GOOGL,14419989,14420000,11,179851,80,329,104,2703
19382995944481,MSFT,1745989,1746000,11,169113,357,131,38,2424
19382995944481,TSLA,6499989,6500000,11,17377,103,653,64,6779
19390250443878,AAPL,3224089,3224100,11,1600,146,330,94,2776
19390250443878,AMZN,18542189,18542200,11,272735,20,342,278,5001
19390250443878,GOOGL,14419989,14420000,11,179851,80,329,104,2703
19390250443878,MSFT,1745989,1746000,11,169213,357,131,38,2426
19390250443878,TSLA,6499989,6500000,11,19000,103,655,64,6795
19400300833916,AAPL,3224089,3224100,11,2500,146,331,94,2791
19400300833916,AMZN,18542189,18542200,11,273935,20,342,277,5002
19400300833916,GOOGL,14419989,14420000,11,181189,80,329,104,2719
19400300833916,MSFT,1745989,1746000,11,169513,342,131,38,2429
19400300833916,TSLA,6499989,6500000,11,22553,28,658,64,6817
19410780334455,AAPL,3224089,3224100,11,3070,146,332,94,2798
19410780334455,AMZN,18542189,18542200,11,274220,20,342,277,5002
19410780334455,GOOGL,14419989,14420000,11,181904,80,329,104,2729
19410780334455,MSFT,1745989,1746000,11,169713,342,131,38,2431
19410780334455,TSLA,6509989,6510000,11,369,348,675,63,6838
19420014241442,AAPL,3224089,3224100,11,3540,146,332,94,2804
19420014241442,AMZN,18542189,18542200,11,274820,20,342,277,5003
19420014241442,GOOGL,14419989,14420000,11,182274,80,329,104,2734
19420014241442,MSFT,1745989,1746000,11,169813,342,131,38,2433
19420014241442,TSLA,6509989,6510000,11,2659,303,678,63,6858
19430213420590,AAPL,3224089,3224100,11,4240,131,332,95,2808
19430213420590,AMZN,18542189,18542200,11,275020,20,343,277,5005
19430213420590,GOOGL,14419989,14420000,11,182674,80,329,104,2742
19430213420590,MSFT,1745989,1746000,11,169813,342,131,38,2433
19430213420590,TSLA,6509989,6510000,11,3245,273,675,63,6862
19440096963872,AAPL,3224089,3224100,11,4810,116,332,95,2809
19440096963872,AMZN,18542189,18542200,11,275220,20,343,277,5005
19440096963872,GOOGL,14419989,14420000,11,183614,80,330,104,2757
19440096963872,MSFT,1745989,1746000,11,169993,342,131,38,2433
19440096963872,TSLA,6509989,6510000,11,5185,193,678,64,6878
19451100012869,AAPL,3224089,3224100,11,5380,116,330,95,2815
19451100012869,AMZN,18542189,18542200,11,277505,20,348,276,5020
19451100012869,GOOGL,14419989,14420000,11,184576,80,331,104,2773
19451100012869,MSFT,1745989,1746000,11,169993,342,131,38,2433
19451100012869,TSLA,6509989,6510000,11,7640,148,681,64,6896
19460132256509,AAPL,3224089,3224100,11,6680,26,330,95,2817
19460132256509,AMZN,18542189,18542200,11,280237,20,353,277,5043
19460132256509,GOOGL,14419989,14420000,11,185925,80,333,104,2799
19460132256509,MSFT,1745989,1746000,11,170393,317,131,38,2438
19460132256509,TSLA,6509989,6510000,11,9542,73,684,65,6909
19470805108026,AAPL,3224289,3224400,111,100,9,338,93,2822
19470805108026,AMZN,18542189,18542200,11,283337,20,360,276,5062
19470805108026,GOOGL,14419989,14420000,11,188081,80,333,104,2833
19470805108026,MSFT,1745989,1746000,11,170593,317,131,38,2442
19470805108026,TSLA,6517489,6520000,2511,100,111,687,64,6922
19480019999751,AAPL,3224589,3224600,11,900,26,350,92,2839
19480019999751,AMZN,18542189,18542200,11,285022,20,364,275,5074
19480019999751,GOOGL,14419989,14420000,11,190275,80,332,104,2864
19480019999751,MSFT,1745989,1746000,11,170993,317,130,38,2448
19480019999751,TSLA,6519989,6520000,11,100,66,698,64,6929
19490248785146,AAPL,3224639,3224700,61,100,90,351,92,2854
19490248785146,AMZN,18542189,18542200,11,286207,20,368,275,5083
19490248785146,GOOGL,14419989,14420000,11,191566,80,332,104,2883
19490248785146,MSFT,1745989,1746000,11,171593,317,130,38,2455
19490248785146,TSLA,6519989,6520000,11,644,66,701,64,6935
19500018811339,AAPL,3224689,3224700,11,300,60,357,92,2854
19500018811339,AMZN,18542189,18542200,11,287607,20,371,275,5089
19500018811339,GOOGL,14419989,14420000,11,193644,80,335,104,2913
19500018811339,MSFT,1745989,1746000,11,172293,317,130,38,2467
19500018811339,TSLA,6522984,6523000,16,100,12,708,64,6938
19510041963786,AAPL,3224689,3224700,11,1200,45,357,92,2856
19510041963786,AMZN,18542189,18542200,11,288407,20,372,275,5091
19510041963786,GOOGL,14419989,14420000,11,194993,80,337,104,2935
19510041963786,MSFT,1745989,1746000,11,172693,317,130,38,2475
19510041963786,TSLA,6527987,6528000,13,100,53,720,62,6943
19520126695257,AAPL,3224689,3224700,11,2000,30,357,92,2858
19520126695257,AMZN,18542189,18542200,11,289507,20,375,274,5097
19520126695257,GOOGL,14419989,14420000,11,196233,80,338,104,2956
19520126695257,MSFT,1745989,1746000,11,172993,317,130,38,2482
19520126695257,TSLA,6527989,6528000,11,920,15,721,62,6948
19530343521455,AAPL,3224764,3224800,36,100,60,359,91,2870
19530343521455,AMZN,18542189,18542200,11,290892,20,374,271,5100
19530343521455,GOOGL,14419989,14420000,11,196920,80,338,104,2965
19530343521455,MSFT,1745989,1746000,11,173493,317,130,38,2489
19530343521455,TSLA,6529864,6530000,136,100,5,726,61,6964
19540476014552,AAPL,3224789,3224800,11,300,60,364,91,2880
19540476014552,AMZN,18542189,18542200,11,292377,20,375,271,5109
19540476014552,GOOGL,14419989,14420000,11,198085,80,339,104,2979
19540476014552,MSFT,1745989,1746000,11,173893,317,130,39,2497
19540476014552,TSLA,6539885,6539900,15,100,25,744,61,6973
19550165509104,AAPL,3224789,3224800,11,1550,1,364,91,2886
19550165509104,AMZN,18542189,18542200,11,293577,20,375,271,5115
19550165509104,GOOGL,14419989,14420000,11,199349,80,339,104,2998
19550165509104,MSFT,1745989,1746000,11,174093,317,130,39,2501
19550165509104,TSLA,6547736,6548000,264,100,86,750,59,6978
19560313497713,AAPL,3224789,3224800,11,2050,1,364,91,2886
19560313497713,AMZN,18542189,18542200,11,295662,20,380,271,5131
19560313497713,GOOGL,14419989,14420000,11,200474,80,339,103,3014
19560313497713,MSFT,1745989,1746000,11,174793,317,130,39,2511
19560313497713,TSLA,6548489,6549000,511,100,97,761,58,6991
19570022536267,AAPL,3224789,3224800,11,2950,1,364,92,2889
19570022536267,AMZN,18542189,18542200,11,296962,20,383,270,5141
19570022536267,GOOGL,14419989,14420000,11,201391,80,339,103,3028
19570022536267,MSFT,1745989,1746000,11,175393,317,130,42,2523
19570022536267,TSLA,6548958,6549000,42,100,82,766,58,6995
19580216473241,AAPL,3224877,3224900,23,100,16,367,91,2889
19580216473241,AMZN,18542189,18542200,11,299262,20,388,270,5157
19580216473241,GOOGL,14419989,14420000,11,202152,80,339,103,3038
19580216473241,MSFT,1745989,1746000,11,176393,317,130,42,2535
19580216473241,TSLA,6548989,6549000,11,1072,67,773,59,7011
19590936761922,AAPL,3224889,3224900,11,100,1,371,91,2890
19590936761922,AMZN,18542189,18542200,11,299962,20,388,270,5166
19590936761922,GOOGL,14419989,14420000,11,202622,80,339,103,3044
19590936761922,MSFT,1745989,1746000,11,176593,317,130,42,2537
19590936761922,TSLA,6548989,6549000,11,1958,52,773,59,7017
19601462866766,AAPL,3224889,3224900,11,800,1,371,91,2890
19601462866766,AMZN,18542189,18542200,11,300962,20,388,270,5171
19601462866766,GOOGL,14419989,14420000,11,203447,80,340,103,3056
19601462866766,MSFT,1745989,1746000,11,176821,317,130,42,2542
19601462866766,TSLA,6548989,6549000,11,3673,52,777,59,7032
19612613535059,AAPL,3224889,3224900,11,1100,1,371,91,2890
19612613535059,AMZN,18542189,18542200,11,300962,20,388,270,5170
19612613535059,GOOGL,14419989,14420000,11,203447,80,340,103,3056
19612613535059,MSFT,1745989,1746000,11,176821,317,130,42,2542
19612613535059,TSLA,6548989,6549000,11,5295,52,778,59,7047
19620697388673,AAPL,3224889,3224900,11,1670,1,371,91,2895
19620697388673,AMZN,18542189,18542200,11,302058,20,389,273,5181
19620697388673,GOOGL,14419989,14420000,11,204196,80,340,103,3065
19620697388673,MSFT,1745989,1746000,11,177221,317,130,42,2550
19620697388673,TSLA,6548989,6549000,11,5665,52,779,60,7044
19630350067246,AAPL,3225089,3225100,11,400,1,379,89,2901
19630350067246,AMZN,18542189,18542200,11,304258,20,389,275,5195
19630350067246,GOOGL,14419989,14420000,11,205808,80,340,103,3085
19630350067246,MSFT,1745989,1746000,11,178121,317,130,42,2566
19630350067246,TSLA,6587800,6590000,2200,100,17,786,56,7049
19640267342756,AAPL,3225186,3225200,14,100,19,383,88,2905
19640267342756,AMZN,18542189,18542200,11,304658,20,390,275,5197
19640267342756,GOOGL,14419989,14420000,11,207035,80,340,103,3103
19640267342756,MSFT,1745989,1746000,11,178421,317,130,42,2571
19640267342756,TSLA,6599989,6600000,11,600,145,803,56,7060
19650154885382,AAPL,3225189,3225200,11,400,19,380,88,2904
19650154885382,AMZN,18542189,18542200,11,305743,20,390,275,5201
19650154885382,GOOGL,14419989,14420000,11,207495,80,340,103,3108
19650154885382,MSFT,1745989,1746000,11,178521,317,130,42,2571
19650154885382,TSLA,6599989,6600000,11,3286,115,805,56,7093
19661762983547,AAPL,3225189,3225200,11,1500,4,379,88,2908
19661762983547,AMZN,18542189,18542200,11,307443,20,389,274,5209
19661762983547,GOOGL,14419989,14420000,11,208696,80,339,103,3123
19661762983547,MSFT,1745989,1746000,11,179221,317,130,43,2585
19661762983547,TSLA,6599989,6600000,11,5744,61,810,56,7124
19672077088152,AAPL,3225189,3225200,11,1600,4,378,88,2908
19672077088152,AMZN,18542189,18542200,11,308228,20,390,273,5212
19672077088152,GOOGL,14419989,14420000,11,209721,80,339,103,3136
19672077088152,MSFT,1745989,1746000,11,179821,317,130,42,2595
19672077088152,TSLA,6599989,6600000,11,6044,46,811,56,7125
19680033538182,AAPL,3225277,3225300,23,100,124,378,87,2909
19680033538182,AMZN,18542189,18542200,11,308528,20,391,273,5214
19680033538182,GOOGL,14419989,14420000,11,210321,80,340,103,3147
19680033538182,MSFT,1745989,1746000,11,180021,317,130,43,2600
19680033538182,TSLA,6622489,6645000,22511,100,99,812,55,7134
19690328046130,AAPL,3225283,3225300,17,100,124,378,87,2909
19690328046130,AMZN,18542189,18542200,11,308528,20,391,273,5214
19690328046130,GOOGL,14419989,14420000,11,211144,80,342,103,3160
19690328046130,MSFT,1745989,1746000,11,180521,317,130,43,2607
19690328046130,TSLA,6644968,6645000,32,100,84,822,55,7140
19700043861479,AAPL,3225289,3225300,11,740,124,380,86,2918
19700043861479,AMZN,18542189,18542200,11,309028,20,391,274,5216
19700043861479,GOOGL,14419989,14420000,11,211617,80,342,103,3167
19700043861479,MSFT,1745989,1746000,11,181021,317,130,43,2615
19700043861479,TSLA,6644989,6645000,11,469,69,828,55,7146
19710072676657,AAPL,3225289,3225300,11,1310,124,376,86,2919
19710072676657,AMZN,18542189,18542200,11,309528,20,391,276,5220
19710072676657,GOOGL,14419989,14420000,11,211917,80,343,103,3173
19710072676657,MSFT,1745989,1746000,11,181821,317,130,43,2630
19710072676657,TSLA,6644989,6645000,11,1788,69,828,55,7151
19720149903656,AAPL,3225289,3225300,11,2480,78,368,86,2919
19720149903656,AMZN,18542189,18542200,11,312428,20,395,277,5232
19720149903656,GOOGL,14419989,14420000,11,213858,80,346,103,3205
19720149903656,MSFT,1745989,1746000,11,182221,317,130,43,2638
19720149903656,TSLA,6649277,6649900,623,100,140,832,54,7155
19730175794360,AAPL,3225289,3225300,11,3050,51,365,86,2920
19730175794360,AMZN,18542189,18542200,11,313728,20,396,278,5238
19730175794360,GOOGL,14419989,14420000,11,215473,80,348,103,3233
19730175794360,MSFT,1745989,1746000,11,182921,317,130,47,2652
19730175794360,TSLA,6649889,6649900,11,1671,18,842,54,7166
19740157148777,AAPL,3225289,3225300,11,3760,51,363,86,2926
19740157148777,AMZN,18542189,18542200,11,314609,20,396,279,5249
19740157148777,GOOGL,14419989,14420000,11,216244,80,350,103,3247
19740157148777,MSFT,1745989,1746000,11,184221,317,130,51,2678
19740157148777,TSLA,6659989,6660000,11,300,95,856,55,7185
19750080497463,AAPL,3225289,3225300,11,4970,36,363,85,2937
19750080497463,AMZN,18542189,18542200,11,316209,20,393,281,5262
19750080497463,GOOGL,14419989,14420000,11,217800,80,351,103,3271
19750080497463,MSFT,1745989,1746000,11,185541,287,130,53,2695
19750080497463,TSLA,6695761,6696600,839,100,19,873,51,7204
19760020210937,AAPL,3225289,3225300,11,5380,36,363,85,2939
19760020210937,AMZN,18542189,18542200,11,316309,20,393,281,5263
19760020210937,GOOGL,14419989,14420000,11,218346,80,351,103,3282
19760020210937,MSFT,1745989,1746000,11,186241,272,130,53,2704
19760020210937,TSLA,6739963,6780000,40037,100,43,890,49,7209
19770644897630,AAPL,3225483,3225500,17,100,24,373,82,2943
19770644897630,AMZN,18542189,18542200,11,317582,20,392,279,5272
19770644897630,GOOGL,14419989,14420000,11,220053,80,350,103,3305
19770644897630,MSFT,1745989,1746000,11,186800,222,130,54,2711
19770644897630,TSLA,6799987,6800000,13,100,67,920,49,7221
19780044017668,AAPL,3225489,3225500,11,340,24,376,81,2945
19780044017668,AMZN,18542189,18542200,11,317882,20,392,279,5273
19780044017668,GOOGL,14419989,14420000,11,221418,80,350,103,3323
19780044017668,MSFT,1745989,1746000,11,187200,222,130,54,2718
19780044017668,TSLA,6819677,6820000,323,100,1,928,48,7231
19790059934261,AAPL,3225489,3225500,11,950,9,376,81,2947
19790059934261,AMZN,18542189,18542200,11,318382,20,391,279,5275
19790059934261,GOOGL,14419989,14420000,11,222370,80,350,103,3336
19790059934261,MSFT,1745989,1746000,11,187900,222,130,55,2729
19790059934261,TSLA,6989989,6990000,11,300,452,949,44,7234
19800171362829,AAPL,3225589,3225600,11,910,9,381,81,2955
19800171362829,AMZN,18542189,18542200,11,318382,20,391,279,5275
19800171362829,GOOGL,14419989,14420000,11,223858,80,350,103,3354
19800171362829,MSFT,1745989,1746000,11,188500,222,130,56,2740
19800171362829,TSLA,6989989,6990000,11,3570,301,947,44,7246
19810089679077,AAPL,3225739,3225800,61,100,49,384,79,2972
19810089679077,AMZN,18542189,18542200,11,318782,20,391,282,5283
19810089679077,GOOGL,14419989,14420000,11,225402,80,348,103,3374
19810089679077,MSFT,1745989,1746000,11,189213,222,132,57,2752
19810089679077,TSLA,6989989,6990000,11,5416,271,947,43,7254
19820377887520,AAPL,3225777,3225800,23,100,49,386,79,2973
19820377887520,AMZN,18542189,18542200,11,318982,20,391,282,5285
19820377887520,GOOGL,14419989,14420000,11,226300,80,348,103,3386
19820377887520,MSFT,1745989,1746000,11,190000,192,132,58,2758
19820377887520,TSLA,6989989,6990000,11,6616,226,947,44,7260
19830295177336,AAPL,3225889,3225900,11,300,94,395,78,2979
19830295177336,AMZN,18542189,18542200,11,321207,20,394,282,5304
19830295177336,GOOGL,14419989,14420000,11,227270,80,347,103,3402
19830295177336,MSFT,1745989,1746000,11,191100,87,132,59,2767
19830295177336,TSLA,6989989,6990000,11,8216,151,948,45,7271
19840305942829,AAPL,3225889,3225900,11,800,94,394,79,2985
19840305942829,AMZN,18542189,18542200,11,322977,20,396,282,5319
19840305942829,GOOGL,14419989,14420000,11,228328,80,346,103,3420
19840305942829,MSFT,1746139,1746200,61,100,42,134,60,2776
19840305942829,TSLA,6997489,7000000,2511,100,104,951,44,7274
19850031370486,AAPL,3225889,3225900,11,1410,79,392,79,2988
19850031370486,AMZN,18542189,18542200,11,323577,20,395,282,5323
19850031370486,GOOGL,14419989,14420000,11,229865,80,347,103,3444
19850031370486,MSFT,1746589,1746600,11,200,67,149,61,2783
19850031370486,TSLA,7195880,7199000,3120,100,458,969,42,7285
19860113985358,AAPL,3225889,3225900,11,3380,64,390,80,3014
19860113985358,AMZN,18542189,18542200,11,324877,20,397,282,5331
19860113985358,GOOGL,14419989,14420000,11,231231,80,347,102,3460
19860113985358,MSFT,1746589,1746600,11,1925,17,149,65,2797
19860113985358,TSLA,7198989,7199000,11,1369,413,981,42,7297
19870018791951,AAPL,3225889,3225900,11,3580,64,390,80,3014
19870018791951,AMZN,18542189,18542200,11,326547,20,396,281,5335
19870018791951,GOOGL,14419989,14420000,11,232847,80,347,102,3481
19870018791951,MSFT,1746983,1747000,17,100,937,155,64,2800
19870018791951,TSLA,7198989,7199000,11,2769,353,982,43,7307
19880379060098,AAPL,3225889,3225900,11,4120,64,389,80,3019
19880379060098,AMZN,18542189,18542200,11,327727,20,399,282,5346
19880379060098,GOOGL,14419989,14420000,11,233452,80,348,102,3490
19880379060098,MSFT,1746989,1747000,11,300,937,158,65,2804
19880379060098,TSLA,7198989,7199000,11,4734,273,982,43,7318
19895714025573,AAPL,3225889,3225900,11,4190,64,389,80,3021
19895714025573,AMZN,18542189,18542200,11,328027,20,399,282,5347
19895714025573,GOOGL,14419989,14420000,11,233525,80,348,102,3491
19895714025573,MSFT,1746989,1747000,11,400,937,158,65,2806
19895714025573,TSLA,7198989,7199000,11,5734,273,982,43,7324
19900145859094,AAPL,3225889,3225900,11,4290,64,389,80,3023
19900145859094,AMZN,18542189,18542200,11,328327,20,400,282,5349
19900145859094,GOOGL,14419989,14420000,11,233525,80,348,102,3491
19900145859094,MSFT,1746989,1747000,11,500,937,158,65,2808
19900145859094,TSLA,7198989,7199000,11,6334,273,983,43,7331
19910744597342,AAPL,3225889,3225900,11,4290,64,389,80,3023
19910744597342,AMZN,18542189,18542200,11,329127,20,400,282,5354
19910744597342,GOOGL,14419989,14420000,11,233584,80,348,102,3491
19910744597342,MSFT,1746989,1747000,11,500,937,158,65,2808
19910744597342,TSLA,7198989,7199000,11,7024,273,984,43,7341
19920012289243,AAPL,3225889,3225900,11,4990,64,390,81,3035
19920012289243,AMZN,18542189,18542200,11,331784,20,407,282,5369
19920012289243,GOOGL,14419989,14420000,11,234946,80,349,102,3510
19920012289243,MSFT,1746989,1747000,11,900,937,158,65,2810
19920012289243,TSLA,7198989,7199000,11,9792,215,986,44,7367
19930217527219,AAPL,3225889,3225900,11,5375,64,390,81,3038
19930217527219,AMZN,18542189,18542200,11,334854,20,409,283,5381
19930217527219,GOOGL,14419989,14420000,11,236515,80,348,102,3533
19930217527219,MSFT,1746989,1747000,11,900,937,158,65,2810
19930217527219,TSLA,7198989,7199000,11,11472,170,987,44,7377
19940152993352,AAPL,3225889,3225900,11,5815,49,390,81,3040
19940152993352,AMZN,18542189,18542200,11,338779,20,413,283,5402
19940152993352,GOOGL,14419989,14420000,11,238640,80,348,102,3562
19940152993352,MSFT,1746989,1747000,11,1200,907,159,65,2813
19940152993352,TSLA,7198989,7199000,11,13337,80,985,44,7383
19950159298519,AAPL,3225977,3226000,23,100,19,387,78,3051
19950159298519,AMZN,18542189,18542200,11,340679,20,416,283,5414
19950159298519,GOOGL,14419989,14420000,11,240988,80,349,102,3596
19950159298519,MSFT,1746989,1747000,11,3700,752,158,65,2822
19950159298519,TSLA,14355855,14358400,2545,100,11,1025,36,7410
19961840814065,AAPL,3225989,3226000,11,100,19,390,78,3053
19961840814065,AMZN,18542189,18542200,11,341579,20,418,283,5420
19961840814065,GOOGL,14419989,14420000,11,242234,80,349,102,3618
19961840814065,MSFT,1746989,1747000,11,4900,692,158,65,2827
19961840814065,TSLA,14360486,14360500,14,100,11,1051,31,7421
19973292411177,AAPL,3226089,3226200,111,100,25,390,77,3053
19973292411177,AMZN,18542189,18542200,11,341579,20,418,283,5420
19973292411177,GOOGL,14419989,14420000,11,243350,80,349,102,3630
19973292411177,MSFT,1746989,1747000,11,5200,692,158,66,2829
19973292411177,TSLA,14360714,14360800,86,100,11,1055,30,7427
19980056513712,AAPL,3226186,3226200,14,100,10,395,77,3055
19980056513712,AMZN,18542189,18542200,11,341779,20,418,284,5422
19980056513712,GOOGL,14419989,14420000,11,244257,80,350,102,3640
19980056513712,MSFT,1746989,1747000,11,5800,677,158,66,2832
19980056513712,TSLA,14361014,14361100,86,100,26,1065,29,7432
19990159490156,AAPL,3226239,3226300,61,100,255,397,76,3055
19990159490156,AMZN,18542189,18542200,11,342179,20,419,285,5426
19990159490156,GOOGL,14419989,14420000,11,245827,80,350,101,3661
19990159490156,MSFT,1746989,1747000,11,6790,647,158,66,2835
19990159490156,TSLA,14361869,14361900,31,100,2,1077,26,7433
20000063123352,AAPL,3226288,3226300,12,100,255,402,76,3059
20000063123352,AMZN,18542189,18542200,11,343079,20,417,288,5435
20000063123352,GOOGL,14419989,14420000,11,247149,80,351,101,3678
20000063123352,MSFT,1746989,1747000,11,6890,647,158,66,2835
20000063123352,TSLA,14364388,14364400,12,100,15,1101,23,7455
20011087089806,AAPL,3226289,3226300,11,370,255,403,76,3060
20011087089806,AMZN,18542189,18542200,11,345679,20,416,290,5464
20011087089806,GOOGL,14419989,14420000,11,247949,80,351,101,3694
20011087089806,MSFT,1746989,1747000,11,8290,608,159,69,2847
20011087089806,TSLA,14364389,14364400,11,2054,15,1103,23,7471
20020044880072,AAPL,3226289,3226300,11,1610,255,403,76,3079
20020044880072,AMZN,18542189,18542200,11,347700,20,422,290,5483
20020044880072,GOOGL,14419989,14420000,11,249632,80,351,99,3715
20020044880072,MSFT,1746989,1747000,11,10285,500,159,69,2856
20020044880072,TSLA,14366581,14366600,19,100,3,1123,20,7506
20030206811816,AAPL,3226289,3226300,11,2850,136,398,76,3084
20030206811816,AMZN,18542189,18542200,11,348261,20,423,289,5489
20030206811816,GOOGL,14419989,14420000,11,252028,80,354,99,3755
20030206811816,MSFT,1746989,1747000,11,11285,408,159,69,2860
20030206811816,TSLA,14368235,14368400,165,100,12,1135,16,7517
20040050403293,AAPL,3226289,3226300,11,3320,121,396,76,3088
20040050403293,AMZN,18542189,18542200,11,349144,20,423,289,5492
20040050403293,GOOGL,14419989,14420000,11,253480,80,355,98,3773
20040050403293,MSFT,1746989,1747000,11,11985,378,159,69,2862
20040050403293,TSLA,14373600,14373900,300,100,16,1145,13,7519
20050061408158,AAPL,3226289,3226300,11,4120,51,395,76,3092
20050061408158,AMZN,18542189,18542200,11,350214,20,426,289,5501
20050061408158,GOOGL,14419989,14420000,11,254325,80,355,98,3789
20050061408158,MSFT,1746989,1747000,11,12985,308,159,69,2869
20050061408158,TSLA,14373889,14373900,11,900,1,1157,13,7535
20060072222111,AAPL,3226289,3226300,11,4620,21,394,76,3094
20060072222111,AMZN,18542189,18542200,11,350899,20,427,288,5510
20060072222111,GOOGL,14419989,14420000,11,255055,80,355,97,3799
20060072222111,MSFT,1746989,1747000,11,13985,263,159,69,2874
20060072222111,TSLA,14373889,14373900,11,2071,1,1158,13,7547
20070243233392,AAPL,3226289,3226300,11,4620,21,394,76,3094
20070243233392,AMZN,18542189,18542200,11,352129,20,428,286,5516
20070243233392,GOOGL,14419989,14420000,11,256170,80,355,97,3817
20070243233392,MSFT,1746989,1747000,11,14585,218,159,69,2877
20070243233392,TSLA,14373889,14373900,11,3327,1,1160,13,7556
20080471209598,AAPL,3226289,3226300,11,4620,21,394,76,3094
20080471209598,AMZN,18542189,18542200,11,352414,20,429,286,5519
20080471209598,GOOGL,14419989,14420000,11,256710,80,355,97,3825
20080471209598,MSFT,1746989,1747000,11,14985,218,159,69,2877
20080471209598,TSLA,14386339,14398800,12461,100,15,1163,11,7560
20092868962112,AAPL,3226289,3226300,11,4690,21,394,76,3094
20092868962112,AMZN,18542189,18542200,11,352714,20,429,286,5521
20092868962112,GOOGL,14419989,14420000,11,257155,80,355,97,3833
20092868962112,MSFT,1746989,1747000,11,15485,218,159,69,2877
20092868962112,TSLA,14399039,14399100,61,100,15,1170,10,7564
20101265222508,AAPL,3226289,3226300,11,4690,21,394,76,3094
20101265222508,AMZN,18542189,18542200,11,352714,20,429,286,5521
20101265222508,GOOGL,14419989,14420000,11,257255,80,355,97,3834
20101265222508,MSFT,1746989,1747000,11,15485,218,159,69,2877
20101265222508,TSLA,14399039,14399100,61,100,15,1170,10,7563
20110532164769,AAPL,3226289,3226300,11,4690,21,394,76,3094
20110532164769,AMZN,18542189,18542200,11,352714,20,429,286,5521
20110532164769,GOOGL,14419989,14420000,11,257355,80,355,97,3836
20110532164769,MSFT,1746989,1747000,11,15585,218,159,69,2877
20110532164769,TSLA,14399077,14399100,23,100,15,1172,10,7565
20120013914573,AAPL,3226289,3226300,11,4990,21,394,76,3100
20120013914573,AMZN,18542189,18542200,11,352914,20,429,286,5523
20120013914573,GOOGL,14419989,14420000,11,257755,80,356,97,3844
20120013914573,MSFT,1746989,1747000,11,16085,218,159,70,2881
20120013914573,TSLA,14399089,14399100,11,886,15,1178,10,7573
20130224889934,AAPL,3226289,3226300,11,5190,8,394,76,3102
20130224889934,AMZN,18542189,18542200,11,352914,20,429,286,5523
20130224889934,GOOGL,14419989,14420000,11,257930,80,356,97,3847
20130224889934,MSFT,1746989,1747000,11,16485,194,159,70,2882
20130224889934,TSLA,14399089,14399100,11,1140,15,1179,10,7575
20141969929523,AAPL,3226289,3226300,11,5630,8,394,76,3107
20141969929523,AMZN,18542189,18542200,11,353514,20,431,287,5531
20141969929523,GOOGL,14419989,14420000,11,258380,80,356,97,3854
20141969929523,MSFT,1746989,1747000,11,17285,94,159,70,2884
20141969929523,TSLA,14399089,14399100,11,2454,15,1181,10,7584
20155157574099,AAPL,3226289,3226300,11,5830,8,394,76,3111
20155157574099,AMZN,18542189,18542200,11,354600,20,434,288,5542
20155157574099,GOOGL,14419989,14420000,11,258780,80,357,97,3862
20155157574099,MSFT,1746989,1747000,11,17466,94,159,70,2885
20155157574099,TSLA,14399089,14399100,11,2349,15,1181,10,7580
20160883418959,AAPL,3226289,3226300,11,6130,8,393,76,3110
20160883418959,AMZN,18542189,18542200,11,355560,20,436,288,5560
20160883418959,GOOGL,14419989,14420000,11,258880,80,357,97,3864
20160883418959,MSFT,1746989,1747000,11,17647,94,159,70,2886
20160883418959,TSLA,14399089,14399100,11,2947,15,1181,10,7582
20170372686322,AAPL,3226289,3226300,11,6370,8,393,76,3112
20170372686322,AMZN,18542189,18542200,11,355660,20,436,287,5560
20170372686322,GOOGL,14419989,14420000,11,259602,80,357,97,3872
20170372686322,MSFT,1746989,1747000,11,18047,94,159,70,2887
20170372686322,TSLA,14399089,14399100,11,4001,15,1183,10,7591
20181441351514,AAPL,3226289,3226300,11,6570,8,393,76,3112
20181441351514,AMZN,18542189,18542200,11,355860,20,436,287,5561
20181441351514,GOOGL,14419989,14420000,11,260161,80,357,96,3877
20181441351514,MSFT,1746989,1747000,11,18947,44,159,70,2896
20181441351514,TSLA,14399089,14399100,11,4733,15,1185,10,7599
20190193486418,AAPL,3226289,3226300,11,6570,8,393,76,3112
20190193486418,AMZN,18542189,18542200,11,356123,20,436,287,5564
20190193486418,GOOGL,14419989,14420000,11,260622,80,357,96,3879
20190193486418,MSFT,1746989,1747000,11,20147,44,160,70,2915
20190193486418,TSLA,14399089,14399100,11,6333,15,1186,10,7608
20201978848031,AAPL,3226339,3226400,61,100,248,394,75,3112
20201978848031,AMZN,18542189,18542200,11,356321,20,435,287,5565
20201978848031,GOOGL,14419989,14420000,11,261272,80,357,95,3887
20201978848031,MSFT,1749614,1749800,186,100,994,164,69,2919
20201978848031,TSLA,14399089,14399100,11,7131,15,1186,10,7611
20210253943590,AAPL,3226388,3226400,12,100,198,399,75,3112
20210253943590,AMZN,18542189,18542200,11,357721,20,435,292,5587
20210253943590,GOOGL,14419989,14420000,11,261572,80,357,94,3888
20210253943590,MSFT,1749787,1749800,13,100,994,170,69,2922
20210253943590,TSLA,14399089,14399100,11,8215,15,1186,10,7617
20220522066247,AAPL,3226389,3226400,11,840,148,399,75,3121
20220522066247,AMZN,18542189,18542200,11,357821,20,435,292,5587
20220522066247,GOOGL,14419989,14420000,11,261672,80,357,94,3889
20220522066247,MSFT,1749788,1749800,12,100,994,171,69,2924
20220522066247,TSLA,14399089,14399100,11,8715,15,1186,10,7621
20230109547139,AAPL,3226389,3226400,11,1310,148,397,75,3124
20230109547139,AMZN,18542189,18542200,11,358121,20,435,293,5593
20230109547139,GOOGL,14419989,14420000,11,261672,80,357,94,3889
20230109547139,MSFT,1749789,1749800,11,100,994,172,69,2926
20230109547139,TSLA,14399089,14399100,11,9289,15,1186,10,7626
20241513429727,AAPL,3226389,3226400,11,1310,148,397,75,3124
20241513429727,AMZN,18542189,18542200,11,358221,20,435,293,5594
20241513429727,GOOGL,14419989,14420000,11,261992,80,357,94,3893
20241513429727,MSFT,1749789,1749800,11,200,994,172,69,2927
20241513429727,TSLA,14399089,14399100,11,10020,15,1186,10,7633
20250303517655,AAPL,3226389,3226400,11,2520,118,394,75,3130
20250303517655,AMZN,18542189,18542200,11,359406,20,435,294,5615
20250303517655,GOOGL,14419989,14420000,11,263035,80,357,93,3910
20250303517655,MSFT,1749789,1749800,11,1500,979,172,69,2930
20250303517655,TSLA,14400677,14400700,23,100,15,1194,9,7640
20260367214350,AAPL,3226389,3226400,11,2620,118,394,75,3130
20260367214350,AMZN,18542189,18542200,11,360230,20,435,294,5624
20260367214350,GOOGL,14419989,14420000,11,263690,80,358,93,3919
20260367214350,MSFT,1749789,1749800,11,2400,943,172,69,2934
20260367214350,TSLA,14401174,14401200,26,100,15,1202,8,7641
20270209115169,AAPL,3226389,3226400,11,3660,75,394,75,3132
20270209115169,AMZN,18542189,18542200,11,361770,20,438,294,5645
20270209115169,GOOGL,14419989,14420000,11,264921,80,358,93,3940
20270209115169,MSFT,1749789,1749800,11,5100,831,172,69,2953
20270209115169,TSLA,14401189,14401200,11,1669,15,1207,8,7651
20280185903011,AAPL,3226389,3226400,11,4000,75,394,75,3136
20280185903011,AMZN,18542189,18542200,11,362358,20,438,294,5650
20280185903011,GOOGL,14419989,14420000,11,266132,80,359,92,3958
20280185903011,MSFT,1749789,1749800,11,7600,724,172,69,2971
20280185903011,TSLA,14408871,14408900,29,100,28,1219,6,7662
20290055080008,AAPL,3226389,3226400,11,4500,60,393,75,3138
20290055080008,AMZN,18542189,18542200,11,363513,20,439,294,5663
20290055080008,GOOGL,14419989,14420000,11,268200,80,360,92,3986
20290055080008,MSFT,1749789,1749800,11,9214,621,172,69,2978
20290055080008,TSLA,14408889,14408900,11,1385,28,1226,6,7678
20300358306256,AAPL,3226389,3226400,11,4900,45,393,75,3141
20300358306256,AMZN,18542189,18542200,11,364000,20,440,294,5667
20300358306256,GOOGL,14419989,14420000,11,270385,80,360,92,4014
20300358306256,MSFT,1749789,1749800,11,11414,501,172,70,2989
20300358306256,TSLA,14410765,14410800,35,100,12,1232,4,7682
20311160694728,AAPL,3226589,3226800,211,100,30,392,74,3145
20311160694728,AMZN,18542189,18542200,11,365255,20,443,294,5678
20311160694728,GOOGL,14419989,14420000,11,271727,80,361,92,4035
20311160694728,MSFT,1749789,1749800,11,13380,383,172,70,2999
20311160694728,TSLA,14438277,14438300,23,100,10,1261,2,7712
20320201456285,AAPL,3227064,3227100,36,100,30,399,71,3153
20320201456285,AMZN,18542189,18542200,11,365900,20,446,295,5690
20320201456285,GOOGL,14419989,14420000,11,273485,80,360,92,4055
20320201456285,MSFT,1749789,1749800,11,15927,228,172,71,3012
20320201456285,TSLA,14438289,14438300,11,900,10,1267,2,7723
20330207307696,AAPL,3227289,3227300,11,1000,295,400,70,3160
20330207307696,AMZN,18542189,18542200,11,365900,20,446,295,5690
20330207307696,GOOGL,14419989,14420000,11,274685,80,362,92,4069
20330207307696,MSFT,1749789,1749800,11,17427,138,172,72,3020
20330207307696,TSLA,14438289,14438300,11,2875,10,1275,2,7743
20340007919676,AAPL,3227289,3227300,11,1800,265,397,70,3166
20340007919676,AMZN,18542189,18542200,11,367140,20,448,294,5701
20340007919676,GOOGL,14419989,14420000,11,275295,80,362,92,4076
20340007919676,MSFT,1749789,1749800,11,18527,93,172,72,3024
20340007919676,TSLA,14438289,14438300,11,3975,10,1279,2,7753
20350026885623,AAPL,3227289,3227300,11,3770,186,386,68,3172
20350026885623,AMZN,18542189,18542200,11,368025,20,451,294,5714
20350026885623,GOOGL,14419989,14420000,11,277555,80,362,92,4107
20350026885623,MSFT,1749789,1749800,11,20527,78,172,73,3049
20350026885623,TSLA,14438289,14438300,11,6355,10,1281,2,7764
20360574377392,AAPL,3227289,3227300,11,3870,186,387,68,3174
20360574377392,AMZN,18542189,18542200,11,368225,20,451,294,5714
20360574377392,GOOGL,14419989,14420000,11,278280,80,362,92,4118
20360574377392,MSFT,1749789,1749800,11,23027,18,172,74,3069
20360574377392,TSLA,14438289,14438300,11,7305,10,1282,2,7770
20370043426633,AAPL,3227289,3227300,11,3970,186,387,68,3174
20370043426633,AMZN,18542189,18542200,11,368325,20,452,294,5716
20370043426633,GOOGL,14419989,14420000,11,279870,80,362,91,4139
20370043426633,MSFT,1749789,1749800,11,23627,3,172,74,3069
20370043426633,TSLA,14438289,14438300,11,8405,10,1284,2,7776
20380831560460,AAPL,3227289,3227300,11,4370,186,387,68,3182
20380831560460,AMZN,18542189,18542200,11,369595,20,454,294,5725
20380831560460,GOOGL,14419989,14420000,11,281965,80,364,89,4166
20380831560460,MSFT,1749989,1750000,11,3300,487,180,76,3096
20380831560460,TSLA,14438289,14438300,11,9305,10,1285,2,7784
20390398023097,AAPL,3227289,3227300,11,4528,186,387,68,3184
20390398023097,AMZN,18542189,18542200,11,370280,20,454,294,5726
20390398023097,GOOGL,14419989,14420000,11,283785,80,362,88,4187
20390398023097,MSFT,1749989,1750000,11,4700,438,180,78,3103
20390398023097,TSLA,14438289,14438300,11,10977,10,1291,2,7797
20400069358937,AAPL,3227289,3227300,11,4598,186,387,68,3184
20400069358937,AMZN,18542189,18542200,11,370680,20,455,293,5730
20400069358937,GOOGL,14419989,14420000,11,285200,80,362,88,4207
20400069358937,MSFT,1749989,1750000,11,5500,408,180,78,3110
20400069358937,TSLA,14438289,14438300,11,12131,10,1293,2,7808
20410344254964,AAPL,3227289,3227300,11,4598,186,387,68,3184
20410344254964,AMZN,18542189,18542200,11,371170,20,456,293,5732
20410344254964,GOOGL,14419989,14420000,11,285500,80,360,88,4209
20410344254964,MSFT,1749989,1750000,11,6700,359,180,78,3118
20410344254964,TSLA,14438289,14438300,11,12686,10,1293,2,7814
20420032077644,AAPL,3227289,3227300,11,4684,186,387,68,3185
20420032077644,AMZN,18542189,18542200,11,371370,20,456,293,5732
20420032077644,GOOGL,14419989,14420000,11,285500,80,360,88,4209
20420032077644,MSFT,1749989,1750000,11,7200,359,180,78,3118
20420032077644,TSLA,14438289,14438300,11,13753,10,1293,2,7826
20430563258547,AAPL,3227289,3227300,11,4754,186,387,68,3186
20430563258547,AMZN,18542189,18542200,11,371770,20,456,294,5737
20430563258547,GOOGL,14419989,14420000,11,285600,80,360,88,4211
20430563258547,MSFT,1749989,1750000,11,7500,359,180,78,3117
20430563258547,TSLA,14438289,14438300,11,14406,10,1292,2,7831
20440109775875,AAPL,3227289,3227300,11,4894,186,387,68,3187
20440109775875,AMZN,18542189,18542200,11,372358,20,458,294,5746
20440109775875,GOOGL,14419989,14420000,11,286400,80,359,86,4218
20440109775875,MSFT,1749989,1750000,11,8000,359,179,78,3124
20440109775875,TSLA,14438289,14438300,11,15331,10,1292,2,7835
20450768775403,AAPL,3227289,3227300,11,4964,186,387,68,3188
20450768775403,AMZN,18542189,18542200,11,373209,20,460,294,5755
20450768775403,GOOGL,14419989,14420000,11,287100,80,358,85,4224
20450768775403,MSFT,1749989,1750000,11,8500,359,179,78,3132
20450768775403,TSLA,14438289,14438300,11,15931,10,1292,2,7843
20460058289918,AAPL,3227289,3227300,11,5104,186,387,68,3190
20460058289918,AMZN,18542189,18542200,11,373809,20,460,295,5765
20460058289918,GOOGL,14419989,14420000,11,289044,80,358,82,4248
20460058289918,MSFT,1749989,1750000,11,9300,344,179,78,3139
20460058289918,TSLA,14438289,14438300,11,17331,10,1293,2,7855
20470699944574,AAPL,3227289,3227300,11,5174,186,387,68,3190
20470699944574,AMZN,18542189,18542200,11,374509,20,460,295,5774
20470699944574,GOOGL,14419989,14420000,11,289914,80,357,81,4260
20470699944574,MSFT,1749989,1750000,11,9700,329,179,78,3141
20470699944574,TSLA,14438289,14438300,11,18131,10,1293,2,7861
20480256951484,AAPL,3227289,3227300,11,5344,186,386,68,3191
20480256951484,AMZN,18542189,18542200,11,376234,20,460,295,5787
20480256951484,GOOGL,14419989,14420000,11,291154,80,357,80,4280
20480256951484,MSFT,1749989,1750000,11,9700,329,179,78,3141
20480256951484,TSLA,14438289,14438300,11,20616,10,1294,2,7884
20490029725423,AAPL,3227289,3227300,11,5344,186,386,68,3191
20490029725423,AMZN,18542189,18542200,11,377019,20,462,294,5796
20490029725423,GOOGL,14419989,14420000,11,291864,80,357,80,4290
20490029725423,MSFT,1749989,1750000,11,9900,329,178,78,3141
20490029725423,TSLA,14438289,14438300,11,20862,10,1294,2,7884
20500128950780,AAPL,3227289,3227300,11,5344,186,386,68,3191
20500128950780,AMZN,18542189,18542200,11,377889,20,465,293,5806
20500128950780,GOOGL,14419989,14420000,11,293700,80,358,78,4313
20500128950780,MSFT,1749989,1750000,11,11500,209,178,78,3149
20500128950780,TSLA,14438289,14438300,11,22917,10,1294,2,7902
20510536042704,AAPL,3227289,3227300,11,5344,186,386,68,3191
20510536042704,AMZN,18542189,18542200,11,379459,20,466,292,5822
20510536042704,GOOGL,14419989,14420000,11,296085,80,357,78,4346
20510536042704,MSFT,1749989,1750000,11,12800,149,175,78,3156
20510536042704,TSLA,14438289,14438300,11,25740,10,1298,2,7929
20520073322028,AAPL,3227289,3227300,11,5344,186,386,68,3191
20520073322028,AMZN,18542189,18542200,11,379859,20,467,292,5825
20520073322028,GOOGL,14419989,14420000,11,297400,80,356,78,4359
20520073322028,MSFT,1749989,1750000,11,13100,149,174,78,3157
20520073322028,TSLA,14438289,14438300,11,26258,10,1299,2,7935
20530200533560,AAPL,3227289,3227300,11,5344,186,386,68,3191
20530200533560,AMZN,18542189,18542200,11,379859,20,467,292,5825
20530200533560,GOOGL,14419989,14420000,11,298370,80,356,78,4368
20530200533560,MSFT,1749989,1750000,11,13300,149,174,78,3158
20530200533560,TSLA,14438289,14438300,11,26858,10,1300,2,7943
20540274217701,AAPL,3227289,3227300,11,5414,186,386,68,3192
20540274217701,AMZN,18542189,18542200,11,380359,20,468,292,5831
20540274217701,GOOGL,14419989,14420000,11,299831,80,356,76,4382
20540274217701,MSFT,1749989,1750000,11,13700,149,174,78,3161
20540274217701,TSLA,14438289,14438300,11,27604,10,1300,2,7950
20551095105913,AAPL,3227289,3227300,11,5414,186,386,68,3192
20551095105913,AMZN,18542189,18542200,11,380459,20,468,292,5833
20551095105913,GOOGL,14419989,14420000,11,301385,80,356,74,4397
20551095105913,MSFT,1749989,1750000,11,14100,149,174,78,3165
20551095105913,TSLA,14438289,14438300,11,28768,10,1299,2,7959
20560189473822,AAPL,3227289,3227300,11,5554,186,386,68,3193
20560189473822,AMZN,18542189,18542200,11,381044,20,468,291,5837
20560189473822,GOOGL,14419989,14420000,11,302240,80,356,74,4409
20560189473822,MSFT,1749989,1750000,11,14200,149,174,78,3167
20560189473822,TSLA,14438289,14438300,11,29368,10,1301,2,7965
20570504759901,AAPL,3227289,3227300,11,5734,186,386,68,3195
20570504759901,AMZN,18542189,18542200,11,381744,20,469,291,5844
20570504759901,GOOGL,14419989,14420000,11,303780,80,354,74,4426
20570504759901,MSFT,1749989,1750000,11,14700,119,174,79,3171
20570504759901,TSLA,14438289,14438300,11,31647,10,1305,2,7984
20580008779191,AAPL,3227289,3227300,11,6234,186,386,67,3202
20580008779191,AMZN,18542189,18542200,11,382529,20,471,291,5852
20580008779191,GOOGL,14419989,14420000,11,305858,80,354,74,4453
20580008779191,MSFT,1749989,1750000,11,15100,104,174,80,3176
20580008779191,TSLA,14438289,14438300,11,34047,10,1304,2,8005
20590012888880,AAPL,3227289,3227300,11,6514,186,386,67,3205
20590012888880,AMZN,18542189,18542200,11,383199,20,473,291,5859
20590012888880,GOOGL,14419989,14420000,11,306743,80,352,73,4461
20590012888880,MSFT,1749989,1750000,11,15300,89,174,80,3177
20590012888880,TSLA,14438289,14438300,11,35025,10,1305,2,8014
20600048757770,AAPL,3227289,3227300,11,6754,186,385,67,3206
20600048757770,AMZN,18542189,18542200,11,383969,20,473,291,5864
20600048757770,GOOGL,14419989,14420000,11,308339,80,355,73,4484
20600048757770,MSFT,1754466,1755000,534,100,53,180,79,3181
20600048757770,TSLA,14438289,14438300,11,36460,10,1307,2,8027
20611029677768,AAPL,3227289,3227300,11,7094,186,385,68,3211
20611029677768,AMZN,18542189,18542200,11,384069,20,473,291,5864
20611029677768,GOOGL,14419989,14420000,11,308955,80,356,73,4492
20611029677768,MSFT,1756137,1757000,863,100,972,188,77,3183
20611029677768,TSLA,14438289,14438300,11,37720,10,1308,2,8039
20620687016506,AAPL,3227289,3227300,11,7374,186,385,68,3214
20620687016506,AMZN,18542189,18542200,11,384169,20,473,291,5865
20620687016506,GOOGL,14419989,14420000,11,309200,80,356,72,4493
20620687016506,MSFT,1756563,1757000,437,100,972,189,77,3184
20620687016506,TSLA,14438289,14438300,11,38520,10,1309,2,8045
20630476125456,AAPL,3227289,3227300,11,7444,186,385,68,3215
20630476125456,AMZN,18542189,18542200,11,384269,20,473,291,5865
20630476125456,GOOGL,14419989,14420000,11,310495,80,356,71,4509
20630476125456,MSFT,1756983,1757000,17,100,957,195,77,3187
20630476125456,TSLA,14438289,14438300,11,39485,10,1310,2,8050
20641971979728,AAPL,3227289,3227300,11,7544,186,385,68,3217
20641971979728,AMZN,18542189,18542200,11,384269,20,473,291,5865
20641971979728,GOOGL,14419989,14420000,11,311109,80,357,71,4516
20641971979728,MSFT,1756989,1757000,11,200,957,198,77,3191
20641971979728,TSLA,14438289,14438300,11,44359,10,1309,2,8095
20650333424114,AAPL,3227289,3227300,11,7914,186,385,68,3220
20650333424114,AMZN,18542189,18542200,11,384369,20,474,291,5867
20650333424114,GOOGL,14419989,14420000,11,312229,80,356,71,4530
20650333424114,MSFT,1756989,1757000,11,1200,957,198,79,3199
20650333424114,TSLA,14438289,14438300,11,46670,10,1307,2,8112
20660095209101,AAPL,3227289,3227300,11,8054,186,385,68,3221
20660095209101,AMZN,18542189,18542200,11,384669,20,474,291,5867
20660095209101,GOOGL,14419989,14420000,11,312329,80,356,71,4532
20660095209101,MSFT,1756989,1757000,11,1700,957,198,79,3201
20660095209101,TSLA,14438289,14438300,11,49367,10,1306,2,8148
20670140288963,AAPL,3227289,3227300,11,8194,186,385,68,3222
20670140288963,AMZN,18542189,18542200,11,384869,20,475,291,5868
20670140288963,GOOGL,14419989,14420000,11,313044,80,357,71,4542
20670140288963,MSFT,1756989,1757000,11,2100,957,198,79,3201
20670140288963,TSLA,14438289,14438300,11,51580,10,1308,2,8168
20680917056198,AAPL,3227289,3227300,11,9123,186,385,68,3234
20680917056198,AMZN,18542189,18542200,11,385254,20,476,291,5872
20680917056198,GOOGL,14419989,14420000,11,314559,80,359,70,4565
20680917056198,MSFT,1756989,1757000,11,2900,942,198,79,3204
20680917056198,TSLA,14438289,14438300,11,55914,10,1314,2,8205
20690339346876,AAPL,3227289,3227300,11,9983,186,385,68,3241
20690339346876,AMZN,18542189,18542200,11,385354,20,476,290,5872
20690339346876,GOOGL,14419989,14420000,11,317389,80,359,70,4603
20690339346876,MSFT,1756989,1757000,11,3100,942,197,79,3204
20690339346876,TSLA,14438289,14438300,11,60675,10,1323,2,8242
20700927144182,AAPL,3227289,3227300,11,10393,186,385,68,3245
20700927144182,AMZN,18542189,18542200,11,385554,20,478,290,5876
20700927144182,GOOGL,14419989,14420000,11,318449,80,360,70,4623
20700927144182,MSFT,1756989,1757000,11,3300,942,197,80,3206
20700927144182,TSLA,14438289,14438300,11,64444,10,1326,2,8266
20710116646971,AAPL,3227289,3227300,11,11503,186,385,68,3266
20710116646971,AMZN,18542189,18542200,11,385654,20,478,290,5876
20710116646971,GOOGL,14419989,14420000,11,318619,80,360,69,4624
20710116646971,MSFT,1756989,1757000,11,3500,942,197,80,3210
20710116646971,TSLA,14438289,14438300,11,65918,10,1326,2,8272
20720696115495,AAPL,3227289,3227300,11,11603,186,385,68,3268
20720696115495,AMZN,18542189,18542200,11,385654,20,478,290,5876
20720696115495,GOOGL,14419989,14420000,11,318889,80,360,69,4626
20720696115495,MSFT,1756989,1757000,11,3500,942,197,80,3210
20720696115495,TSLA,14438289,14438300,11,66418,10,1326,2,8274
20730236063721,AAPL,3227289,3227300,11,11913,186,385,68,3272
20730236063721,AMZN,18542189,18542200,11,386539,20,479,289,5885
20730236063721,GOOGL,14419989,14420000,11,319585,80,361,69,4634
20730236063721,MSFT,1756989,1757000,11,4000,942,197,80,3214
20730236063721,TSLA,14438289,14438300,11,68428,10,1327,2,8285
20740182186040,AAPL,3227289,3227300,11,11983,186,385,68,3272
20740182186040,AMZN,18542189,18542200,11,387119,20,479,290,5896
20740182186040,GOOGL,14419989,14420000,11,320125,80,362,68,4640
20740182186040,MSFT,1756989,1757000,11,4500,927,197,81,3217
20740182186040,TSLA,14438289,14438300,11,70697,10,1327,2,8293
20750183555222,AAPL,3227289,3227300,11,12123,186,385,68,3274
20750183555222,AMZN,18542189,18542200,11,388099,20,479,291,5910
20750183555222,GOOGL,14419989,14420000,11,321523,80,362,68,4663
20750183555222,MSFT,1756989,1757000,11,5500,901,196,82,3225
20750183555222,TSLA,14438289,14438300,11,73409,10,1327,2,8304
20760189835523,AAPL,3227289,3227300,11,12603,186,385,68,3281
20760189835523,AMZN,18542189,18542200,11,388589,40,479,291,5917
20760189835523,GOOGL,14419989,14420000,11,322326,80,363,68,4673
20760189835523,MSFT,1756989,1757000,11,6700,840,196,83,3229
20760189835523,TSLA,14438289,14438300,11,75734,10,1328,2,8323
20770033556933,AAPL,3227289,3227300,11,12843,186,385,68,3284
20770033556933,AMZN,18542189,18542200,11,389669,40,480,291,5930
20770033556933,GOOGL,14419989,14420000,11,322900,80,363,66,4679
20770033556933,MSFT,1756989,1757000,11,6800,840,196,83,3230
20770033556933,TSLA,14438289,14438300,11,77117,10,1330,2,8337
20780060971945,AAPL,3227289,3227300,11,13603,186,385,68,3294
20780060971945,AMZN,18542189,18542200,11,392669,40,483,292,5980
20780060971945,GOOGL,14419989,14420000,11,323885,80,363,65,4694
20780060971945,MSFT,1756989,1757000,11,7000,840,196,83,3230
20780060971945,TSLA,14438289,14438300,11,79974,10,1331,2,8349
20790469069475,AAPL,3227289,3227300,11,13703,186,385,68,3296
20790469069475,AMZN,18542189,18542200,11,393569,40,483,293,5996
20790469069475,GOOGL,14419989,14420000,11,324700,80,363,65,4704
20790469069475,MSFT,1756989,1757000,11,7200,825,196,83,3231
20790469069475,TSLA,14438289,14438300,11,80832,10,1332,2,8351
20800262889584,AAPL,3227289,3227300,11,14103,186,385,68,3302
20800262889584,AMZN,18542189,18542200,11,394549,40,484,293,6013
20800262889584,GOOGL,14419989,14420000,11,327400,80,366,62,4729
20800262889584,MSFT,1756989,1757000,11,7800,825,196,83,3237
20800262889584,TSLA,14438289,14438300,11,82643,10,1336,2,8368
20810794017296,AAPL,3227289,3227300,11,14803,186,385,68,3316
20810794017296,AMZN,18542189,18542200,11,395149,40,485,293,6025
20810794017296,GOOGL,14419989,14420000,11,327970,80,365,61,4732
20810794017296,MSFT,1756989,1757000,11,8400,825,196,83,3241
20810794017296,TSLA,597208633,636060000,38851367,100,50,1342,1,8379
20820289326893,AAPL,3227289,3227300,11,14903,186,385,68,3318
20820289326893,AMZN,18542189,18542200,11,395749,40,488,293,6036
20820289326893,GOOGL,14419989,14420000,11,328790,80,366,61,4742
20820289326893,MSFT,1756989,1757000,11,9400,825,196,83,3246
20820289326893,TSLA,636059985,636060000,15,100,50,1366,1,8402
20830759554650,AAPL,3227289,3227300,11,15043,186,385,68,3319
20830759554650,AMZN,18542189,18542200,11,396349,40,491,293,6047
20830759554650,GOOGL,14419989,14420000,11,330089,80,368,61,4763
20830759554650,MSFT,1756989,1757000,11,10600,810,196,84,3249
20830759554650,TSLA,636059989,636060000,11,1000,50,1370,1,8405
20841201593259,AAPL,3227289,3227300,11,15143,186,384,68,3319
20841201593259,AMZN,18542189,18542200,11,396649,40,491,293,6052
20841201593259,GOOGL,14419989,14420000,11,330548,80,368,61,4769
20841201593259,MSFT,1756989,1757000,11,11000,795,196,84,3251
20841201593259,TSLA,636059989,636060000,11,2195,50,1373,1,8415
20850358696342,AAPL,3227289,3227300,11,15243,186,384,68,3321
20850358696342,AMZN,18542189,18542200,11,397049,40,493,293,6059
20850358696342,GOOGL,14419989,14420000,11,331288,80,369,61,4780
20850358696342,MSFT,1756989,1757000,11,11300,795,196,84,3251
20850358696342,TSLA,636059989,636060000,11,4335,50,1378,1,8434
20860121845828,AAPL,3227289,3227300,11,15743,186,385,68,3331
20860121845828,AMZN,18542189,18542200,11,397549,40,495,293,6069
20860121845828,GOOGL,14419989,14420000,11,332038,80,367,61,4788
20860121845828,MSFT,1756989,1757000,11,11500,795,196,84,3251
20860121845828,TSLA,636059989,636060000,11,5545,50,1379,1,8446
20870483058587,AAPL,3227289,3227300,11,16043,186,385,68,3335
20870483058587,AMZN,18542189,18542200,11,397749,40,496,293,6071
20870483058587,GOOGL,14419989,14420000,11,332138,80,366,61,4788
20870483058587,MSFT,1756989,1757000,11,11800,795,196,84,3254
20870483058587,TSLA,636059989,636060000,11,6694,50,1379,1,8456
20880303494676,AAPL,3227289,3227300,11,16043,186,385,68,3335
20880303494676,AMZN,18542189,18542200,11,398549,40,498,294,6085
20880303494676,GOOGL,14419989,14420000,11,332495,80,366,61,4792
20880303494676,MSFT,1756989,1757000,11,12300,795,196,84,3257
20880303494676,TSLA,636059989,636060000,11,8179,50,1379,1,8465
20891462729805,AAPL,3227289,3227300,11,16043,186,384,68,3334
20891462729805,AMZN,18542189,18542200,11,398849,40,499,294,6087
20891462729805,GOOGL,14419989,14420000,11,333318,80,366,61,4806
20891462729805,MSFT,1756989,1757000,11,12600,795,196,84,3263
20891462729805,TSLA,636059989,636060000,11,9479,50,1379,1,8478
20900134928456,AAPL,3227289,3227300,11,16443,136,383,68,3338
20900134928456,AMZN,18542189,18542200,11,400749,40,499,299,6123
20900134928456,GOOGL,14419989,14420000,11,334775,80,367,61,4827
20900134928456,MSFT,1756989,1757000,11,13000,795,196,84,3263
20900134928456,TSLA,636059989,636060000,11,12864,50,1386,1,8501
20910054531455,AAPL,3227289,3227300,11,17253,121,382,68,3346
20910054531455,AMZN,18542189,18542200,11,401749,40,501,299,6143
20910054531455,GOOGL,14419989,14420000,11,335539,80,368,61,4840
20910054531455,MSFT,1756989,1757000,11,13600,795,196,84,3265
20910054531455,TSLA,636059989,636060000,11,14906,50,1385,1,8516
20920190359257,AAPL,3227289,3227300,11,17953,106,382,68,3358
20920190359257,AMZN,18542189,18542200,11,402549,40,503,299,6159
20920190359257,GOOGL,14419989,14420000,11,336485,80,368,61,4851
20920190359257,MSFT,1756989,1757000,11,14400,780,196,84,3270
20920190359257,TSLA,636059989,636060000,11,16166,50,1387,1,8528
20930018487315,AAPL,3227289,3227300,11,18253,91,382,68,3360
20930018487315,AMZN,18542189,18542200,11,402949,40,504,299,6167
20930018487315,GOOGL,14419989,14420000,11,337261,80,368,61,4866
20930018487315,MSFT,1756989,1757000,11,14480,780,196,84,3271
20930018487315,TSLA,636059989,636060000,11,17166,50,1389,1,8535
20940421977492,AAPL,3227289,3227300,11,18653,91,382,69,3368
20940421977492,AMZN,18542189,18542200,11,403549,40,503,299,6175
20940421977492,GOOGL,14419989,14420000,11,338031,80,368,60,4877
20940421977492,MSFT,1756989,1757000,11,14680,780,196,84,3273
20940421977492,TSLA,636059989,636060000,11,17966,50,1390,1,8538
20950155173181,AAPL,3227289,3227300,11,19293,50,382,70,3374
20950155173181,AMZN,18542189,18542200,11,404449,40,507,299,6194
20950155173181,GOOGL,14419989,14420000,11,339348,80,368,59,4898
20950155173181,MSFT,1756989,1757000,11,15580,765,196,84,3276
20950155173181,TSLA,636059989,636060000,11,19737,50,1392,1,8549
20960173190223,AAPL,3227289,3227300,11,19793,50,383,71,3380
20960173190223,AMZN,18542189,18542200,11,404549,40,507,299,6195
20960173190223,GOOGL,14419989,14420000,11,339874,80,368,59,4907
20960173190223,MSFT,1756989,1757000,11,15680,765,196,84,3278
20960173190223,TSLA,636059989,636060000,11,20402,50,1392,1,8558
20971535667310,AAPL,3227289,3227300,11,20193,50,382,72,3386
20971535667310,AMZN,18542189,18542200,11,404949,40,509,299,6203
20971535667310,GOOGL,14419989,14420000,11,341156,80,368,58,4923
20971535667310,MSFT,1756989,1757000,11,16380,750,196,85,3283
20971535667310,TSLA,636059989,636060000,11,21602,50,1393,1,8566
20981359128737,AAPL,3227289,3227300,11,20393,50,382,72,3390
20981359128737,AMZN,18542189,18542200,11,405249,40,509,299,6210
20981359128737,GOOGL,14419989,14420000,11,342456,80,368,57,4940
20981359128737,MSFT,1756989,1757000,11,17480,738,196,85,3284
20981359128737,TSLA,636059989,636060000,11,22902,50,1395,1,8575
20990871709995,AAPL,3227289,3227300,11,20493,50,382,72,3392
20990871709995,AMZN,18542189,18542200,11,405734,40,511,299,6218
20990871709995,GOOGL,14419989,14420000,11,344885,80,370,57,4970
20990871709995,MSFT,1756989,1757000,11,17880,738,196,86,3285
20990871709995,TSLA,636059989,636060000,11,24402,50,1396,1,8586
21000012725020,AAPL,3227289,3227300,11,20593,50,382,72,3394
21000012725020,AMZN,18542189,18542200,11,406034,40,511,299,6221
21000012725020,GOOGL,14419989,14420000,11,346214,80,368,56,4981
21000012725020,MSFT,1756989,1757000,11,18680,738,196,86,3293
21000012725020,TSLA,636059989,636060000,11,25702,50,1397,1,8597
21011678731667,AAPL,3227289,3227300,11,20963,50,382,72,3398
21011678731667,AMZN,18542189,18542200,11,406834,40,513,299,6232
21011678731667,GOOGL,14419989,14420000,11,349496,80,372,51,5009
21011678731667,MSFT,1756989,1757000,11,19480,738,196,86,3302
21011678731667,TSLA,636059989,636060000,11,28164,50,1398,1,8618
21020165421200,AAPL,3227289,3227300,11,20963,50,382,72,3398
21020165421200,AMZN,18542189,18542200,11,406834,40,513,299,6232
21020165421200,GOOGL,14419989,14420000,11,350470,80,372,50,5018
21020165421200,MSFT,1756989,1757000,11,20380,708,196,86,3308
21020165421200,TSLA,636059989,636060000,11,29350,50,1400,1,8634
21030132089175,AAPL,3227289,3227300,11,21063,50,382,72,3398
21030132089175,AMZN,18542189,18542200,11,407034,40,513,299,6236
21030132089175,GOOGL,14419989,14420000,11,351846,80,374,50,5034
21030132089175,MSFT,1756989,1757000,11,21721,708,195,86,3320
21030132089175,TSLA,636059989,636060000,11,30734,50,1401,1,8654
21040199797906,AAPL,3227289,3227300,11,22173,35,382,72,3410
21040199797906,AMZN,18542189,18542200,11,407234,40,513,299,6240
21040199797906,GOOGL,14419989,14420000,11,353346,80,373,49,5049
21040199797906,MSFT,1756989,1757000,11,22721,708,195,86,3330
21040199797906,TSLA,636059989,636060000,11,32295,50,1403,1,8666
21050895931069,AAPL,3227289,3227300,11,22373,35,381,72,3412
21050895931069,AMZN,18542189,18542200,11,407334,40,514,299,6242
21050895931069,GOOGL,14419989,14420000,11,354460,80,372,48,5063
21050895931069,MSFT,1756989,1757000,11,22821,708,195,86,3332
21050895931069,TSLA,636059989,636060000,11,33381,50,1403,1,8675
21061539133596,AAPL,3227289,3227300,11,22373,35,380,72,3411
21061539133596,AMZN,18542189,18542200,11,407334,40,514,299,6242
21061539133596,GOOGL,14419989,14420000,11,354630,80,372,48,5065
21061539133596,MSFT,1756989,1757000,11,23021,708,195,86,3334
21061539133596,TSLA,636059989,636060000,11,33781,50,1403,1,8680
21070338614781,AAPL,3227289,3227300,11,22743,20,379,72,3414
21070338614781,AMZN,18542189,18542200,11,407334,40,514,299,6242
21070338614781,GOOGL,14419989,14420000,11,355368,80,372,48,5073
21070338614781,MSFT,1758489,1759000,511,100,80,197,85,3336
21070338614781,TSLA,636059989,636060000,11,34165,50,1404,1,8687
21086644404891,AAPL,3227289,3227300,11,23153,20,378,72,3418
21086644404891,AMZN,18542189,18542200,11,407534,40,514,299,6246
21086644404891,GOOGL,14419989,14420000,11,356378,80,372,46,5078
21086644404891,MSFT,1758986,1759000,14,100,80,204,85,3351
21086644404891,TSLA,636059989,636060000,11,34835,50,1404,1,8693
21090247755623,AAPL,3227289,3227300,11,23153,20,378,72,3418
21090247755623,AMZN,18542189,18542200,11,407534,40,514,299,6246
21090247755623,GOOGL,14419989,14420000,11,356478,80,372,45,5079
21090247755623,MSFT,1758988,1759000,12,100,80,205,85,3352
21090247755623,TSLA,636059989,636060000,11,34835,50,1404,1,8693
21102731773417,AAPL,3227289,3227300,11,23153,20,378,72,3418
21102731773417,AMZN,18542189,18542200,11,407534,40,514,299,6246
21102731773417,GOOGL,14419989,14420000,11,356724,80,372,44,5080
21102731773417,MSFT,1758989,1759000,11,200,80,206,85,3356
21102731773417,TSLA,636059989,636060000,11,35104,50,1404,1,8698
21110049873672,AAPL,3227289,3227300,11,23323,20,378,72,3420
21110049873672,AMZN,18542189,18542200,11,407933,40,514,299,6249
21110049873672,GOOGL,14419989,14420000,11,358029,80,375,44,5098
21110049873672,MSFT,1758989,1759000,11,300,80,206,85,3356
21110049873672,TSLA,636059989,636060000,11,35689,50,1404,1,8704
21120051182120,AAPL,3227289,3227300,11,23733,20,378,72,3424
21120051182120,AMZN,18542189,18542200,11,408133,40,515,299,6252
21120051182120,GOOGL,14419989,14420000,11,359304,80,375,44,5112
21120051182120,MSFT,1758989,1759000,11,900,50,206,85,3358
21120051182120,TSLA,636059989,636060000,11,36958,50,1405,1,8721
21130086242006,AAPL,3227289,3227300,11,24133,20,378,72,3430
21130086242006,AMZN,18542189,18542200,11,408233,40,515,299,6254
21130086242006,GOOGL,14419989,14420000,11,360574,80,377,43,5125
21130086242006,MSFT,1758989,1759000,11,1300,50,206,85,3364
21130086242006,TSLA,636059989,636060000,11,38658,50,1404,1,8737
21140712794057,AAPL,3227289,3227300,11,24903,20,378,72,3436
21140712794057,AMZN,18542189,18542200,11,408433,40,515,299,6257
21140712794057,GOOGL,14419989,14420000,11,362414,80,380,43,5148
21140712794057,MSFT,1758989,1759000,11,1800,35,206,85,3367
21140712794057,TSLA,636059989,636060000,11,40728,50,1406,1,8766
21150033957980,AAPL,3227289,3227300,11,25243,20,377,72,3437
21150033957980,AMZN,18542189,18542200,11,408533,40,514,299,6257
21150033957980,GOOGL,14419989,14420000,11,363270,80,381,43,5158
21150033957980,MSFT,1759739,1760000,261,100,1159,208,84,3369
21150033957980,TSLA,636059989,636060000,11,42315,50,1408,1,8784
21160221999919,AAPL,3227289,3227300,11,25743,20,377,72,3437
21160221999919,AMZN,18542189,18542200,11,408633,40,514,299,6257
21160221999919,GOOGL,14419989,14420000,11,363755,80,382,43,5165
21160221999919,MSFT,1759982,1760000,18,100,1159,213,84,3371
21160221999919,TSLA,636059989,636060000,11,43898,50,1411,1,8807
21170289718971,AAPL,3227289,3227300,11,26113,20,377,72,3442
21170289718971,AMZN,18542189,18542200,11,408833,40,515,299,6261
21170289718971,GOOGL,14419989,14420000,11,364710,80,383,42,5175
21170289718971,MSFT,1759989,1760000,11,500,1109,216,84,3374
21170289718971,TSLA,636059989,636060000,11,45799,50,1411,1,8828
21181056480929,AAPL,3227289,3227300,11,26213,20,376,72,3441
21181056480929,AMZN,18542189,18542200,11,408833,40,515,299,6261
21181056480929,GOOGL,14419989,14420000,11,364995,80,383,42,5179
21181056480929,MSFT,1759989,1760000,11,994,1094,216,84,3378
21181056480929,TSLA,636059989,636060000,11,46699,50,1411,1,8837
21190784988979,AAPL,3227289,3227300,11,26413,20,376,72,3442
21190784988979,AMZN,18542189,18542200,11,408833,40,515,299,6261
21190784988979,GOOGL,14419989,14420000,11,365550,80,384,42,5188
21190784988979,MSFT,1759989,1760000,11,1194,1094,216,85,3380
21190784988979,TSLA,636059989,636060000,11,47065,50,1410,1,8838
21200124790604,AAPL,3227289,3227300,11,26713,20,376,72,3444
21200124790604,AMZN,18542189,18542200,11,409033,40,515,299,6263
21200124790604,GOOGL,14419989,14420000,11,367428,80,384,39,5204
21200124790604,MSFT,1759989,1760000,11,1194,1094,216,85,3380
21200124790604,TSLA,636059989,636060000,11,48350,50,1412,1,8857
21210077847496,AAPL,3227289,3227300,11,27013,20,376,72,3443
21210077847496,AMZN,18542189,18542200,11,409133,40,515,299,6263
21210077847496,GOOGL,14419989,14420000,11,368536,80,384,39,5220
21210077847496,MSFT,1759989,1760000,11,1394,1079,216,85,3381
21210077847496,TSLA,636059989,636060000,11,49935,50,1415,1,8875
21220489181822,AAPL,3227289,3227300,11,28653,5,375,73,3457
21220489181822,AMZN,18542189,18542200,11,409833,40,517,299,6271
21220489181822,GOOGL,14419989,14420000,11,369891,80,385,39,5241
21220489181822,MSFT,1759989,1760000,11,1894,1079,216,85,3385
21220489181822,TSLA,636059989,636060000,11,52177,50,1417,1,8896
21230227855985,AAPL,3227289,3227300,11,29223,5,374,73,3462
21230227855985,AMZN,18542189,18542200,11,410033,40,516,299,6271
21230227855985,GOOGL,14419989,14420000,11,370191,80,385,39,5247
21230227855985,MSFT,1759989,1760000,11,2094,1069,216,85,3386
21230227855985,TSLA,636059989,636060000,11,53045,50,1418,1,8904
21240130331095,AAPL,3227383,3227400,17,100,280,377,71,3465
21240130331095,AMZN,18542189,18542200,11,410433,40,516,299,6275
21240130331095,GOOGL,14419989,14420000,11,370875,80,385,39,5256
21240130331095,MSFT,1759989,1760000,11,2194,1069,216,85,3387
21240130331095,TSLA,636059989,636060000,11,55245,50,1423,1,8926
21250176137377,AAPL,3227389,3227400,11,600,280,378,71,3470
21250176137377,AMZN,18542189,18542200,11,410733,40,517,299,6279
21250176137377,GOOGL,14419989,14420000,11,371500,80,385,39,5266
21250176137377,MSFT,1759989,1760000,11,2494,1069,216,85,3388
21250176137377,TSLA,636059989,636060000,11,56613,50,1426,1,8947
21260356595240,AAPL,3227389,3227400,11,800,280,377,71,3470
21260356595240,AMZN,18542189,18542200,11,410833,40,517,299,6281
21260356595240,GOOGL,14419989,14420000,11,371690,80,385,39,5269
21260356595240,MSFT,1759989,1760000,11,2694,1069,216,85,3388
21260356595240,TSLA,636059989,636060000,11,58556,50,1428,1,8970
21270199701414,AAPL,3227389,3227400,11,800,280,377,71,3470
21270199701414,AMZN,18542189,18542200,11,410833,40,517,299,6281
21270199701414,GOOGL,14419989,14420000,11,371690,80,385,39,5270
21270199701414,MSFT,1759989,1760000,11,2794,1069,216,85,3388
21270199701414,TSLA,636059989,636060000,11,59271,50,1428,1,8975
21280138527837,AAPL,3227389,3227400,11,1700,230,375,71,3477
21280138527837,AMZN,18542189,18542200,11,411433,40,517,299,6287
21280138527837,GOOGL,14419989,14420000,11,372100,80,385,38,5273
21280138527837,MSFT,1759989,1760000,11,3094,1069,216,85,3390
21280138527837,TSLA,636059989,636060000,11,60816,50,1429,1,8991
21290021048229,AAPL,3227389,3227400,11,1800,230,374,71,3476
21290021048229,AMZN,18542189,18542200,11,411433,40,517,299,6287
21290021048229,GOOGL,14419989,14420000,11,372590,80,385,37,5275
21290021048229,MSFT,1759989,1760000,11,3194,1069,216,85,3390
21290021048229,TSLA,636059989,636060000,11,62299,50,1428,1,9007
21300057830265,AAPL,3227389,3227400,11,2410,230,373,71,3480
21300057830265,AMZN,18542189,18542200,11,411533,40,517,299,6287
21300057830265,GOOGL,14419989,14420000,11,373338,80,385,35,5282
21300057830265,MSFT,1759989,1760000,11,3194,1069,216,85,3390
21300057830265,TSLA,636059989,636060000,11,64053,50,1428,1,9026
21310364903273,AAPL,3227389,3227400,11,2810,230,372,71,3481
21310364903273,AMZN,18542189,18542200,11,411533,40,517,299,6287
21310364903273,GOOGL,14419989,14420000,11,374697,80,386,35,5301
21310364903273,MSFT,1759989,1760000,11,3194,1069,216,85,3390
21310364903273,TSLA,636059989,636060000,11,64752,50,1429,1,9035
21320625550129,AAPL,3227389,3227400,11,2810,230,372,71,3481
21320625550129,AMZN,18542189,18542200,11,411533,40,517,299,6287
21320625550129,GOOGL,14419989,14420000,11,375097,80,386,35,5305
21320625550129,MSFT,1759989,1760000,11,3194,1069,216,85,3389
21320625550129,TSLA,636059989,636060000,11,65147,50,1430,1,9040
21331452372845,AAPL,3227389,3227400,11,2910,230,372,71,3481
21331452372845,AMZN,18542189,18542200,11,411633,40,518,299,6289
21331452372845,GOOGL,14419989,14420000,11,375942,80,386,35,5315
21331452372845,MSFT,1759989,1760000,11,3394,1069,216,85,3390
21331452372845,TSLA,636059989,636060000,11,66047,50,1432,1,9049
21341201755858,AAPL,3227389,3227400,11,3110,230,371,71,3481
21341201755858,AMZN,18542189,18542200,11,411633,40,518,299,6289
21341201755858,GOOGL,14419989,14420000,11,376527,80,386,35,5326
21341201755858,MSFT,1759989,1760000,11,3394,1069,216,85,3390
21341201755858,TSLA,636059989,636060000,11,66737,50,1434,1,9058
21350429126125,AAPL,3227389,3227400,11,4510,105,370,71,3491
21350429126125,AMZN,18542189,18542200,11,411933,40,518,299,6295
21350429126125,GOOGL,14419989,14420000,11,377387,80,386,34,5334
21350429126125,MSFT,1759989,1760000,11,3494,1069,216,85,3390
21350429126125,TSLA,636059989,636060000,11,68326,50,1437,1,9077
21360044318978,AAPL,3227389,3227400,11,4910,105,370,71,3492
21360044318978,AMZN,18542189,18542200,11,412733,40,517,299,6301
21360044318978,GOOGL,14419989,14420000,11,380570,80,386,31,5377
21360044318978,MSFT,1759989,1760000,11,4094,1039,216,85,3392
21360044318978,TSLA,636059989,636060000,11,71781,50,1439,1,9097
21370141565311,AAPL,3227389,3227400,11,5210,105,370,71,3492
21370141565311,AMZN,18542189,18542200,11,413318,40,517,298,6304
21370141565311,GOOGL,14419989,14420000,11,381545,80,386,31,5394
21370141565311,MSFT,1759989,1760000,11,4594,1039,216,85,3396
21370141565311,TSLA,636059989,636060000,11,72330,50,1440,1,9103
21380487767152,AAPL,3227389,3227400,11,5650,105,369,71,3495
21380487767152,AMZN,18542189,18542200,11,414018,40,519,298,6309
21380487767152,GOOGL,14419989,14420000,11,382200,80,387,31,5404
21380487767152,MSFT,1759989,1760000,11,4594,1039,216,85,3396
21380487767152,TSLA,636059989,636060000,11,73100,50,1440,1,9107
21390079119268,AAPL,3227389,3227400,11,6500,105,368,72,3500
21390079119268,AMZN,18542189,18542200,11,414903,40,519,297,6316
21390079119268,GOOGL,14419989,14420000,11,382585,80,387,31,5411
21390079119268,MSFT,1759989,1760000,11,4894,1039,216,85,3401
21390079119268,TSLA,636059989,636060000,11,72269,50,1440,1,9096
21401359466950,AAPL,3227389,3227400,11,8040,50,366,72,3506
21401359466950,AMZN,18542189,18542200,11,415003,40,519,296,6316
21401359466950,GOOGL,14419989,14420000,11,383570,80,388,31,5430
21401359466950,MSFT,1759989,1760000,11,5294,1039,216,85,3404
21401359466950,TSLA,636059989,636060000,11,72759,50,1440,1,9100
21411673303814,AAPL,3227389,3227400,11,8960,50,365,72,3513
21411673303814,AMZN,18542189,18542200,11,415203,40,519,296,6316
21411673303814,GOOGL,14419989,14420000,11,383840,80,388,31,5434
21411673303814,MSFT,1759989,1760000,11,5694,1024,216,85,3405
21411673303814,TSLA,636059989,636060000,11,73535,50,1441,1,9103
21420642096680,AAPL,3227389,3227400,11,9800,35,366,73,3521
21420642096680,AMZN,18542189,18542200,11,416203,40,517,295,6329
21420642096680,GOOGL,14419989,14420000,11,384922,80,389,31,5450
21420642096680,MSFT,1759989,1760000,11,6794,979,216,85,3408
21420642096680,TSLA,636059989,636060000,11,74625,50,1441,1,9109
21430229766627,AAPL,3227389,3227400,11,10600,20,366,74,3524
21430229766627,AMZN,18542189,18542200,11,416403,40,517,295,6330
21430229766627,GOOGL,14419989,14420000,11,386077,80,389,31,5466
21430229766627,MSFT,1759989,1760000,11,7994,934,216,85,3416
21430229766627,TSLA,636059989,636060000,11,74825,50,1441,1,9110
21440172274252,AAPL,3227839,3228300,461,100,190,367,73,3525
21440172274252,AMZN,18542189,18542200,11,417703,40,521,294,6342
21440172274252,GOOGL,14419989,14420000,11,386861,80,389,31,5478
21440172274252,MSFT,1759989,1760000,11,8294,934,216,85,3421
21440172274252,TSLA,636059989,636060000,11,76302,50,1441,1,9125
21450600736868,AAPL,3228177,3228300,123,100,175,369,73,3526
21450600736868,AMZN,18542189,18542200,11,419003,40,524,294,6359
21450600736868,GOOGL,14419989,14420000,11,387600,80,390,31,5489
21450600736868,MSFT,1759989,1760000,11,8758,919,216,85,3422
21450600736868,TSLA,636059989,636060000,11,77655,50,1441,1,9135
21460406158730,AAPL,3228233,3228300,67,100,175,370,72,3526
21460406158730,AMZN,18542189,18542200,11,419403,40,524,293,6360
21460406158730,GOOGL,14419989,14420000,11,387985,80,390,31,5495
21460406158730,MSFT,1759989,1760000,11,8958,919,216,85,3424
21460406158730,TSLA,636059989,636060000,11,78809,50,1442,1,9153
21470739002774,AAPL,3228282,3228300,18,100,175,373,72,3527
21470739002774,AMZN,18542189,18542200,11,420003,40,526,293,6368
21470739002774,GOOGL,14419989,14420000,11,388700,80,390,31,5508
21470739002774,MSFT,1759989,1760000,11,9358,919,216,85,3426
21470739002774,TSLA,636059989,636060000,11,80784,50,1442,1,9172
21480187264903,AAPL,3228289,3228300,11,200,175,374,72,3527
21480187264903,AMZN,18542189,18542200,11,421288,40,527,293,6378
21480187264903,GOOGL,14419989,14420000,11,389968,80,390,31,5528
21480187264903,MSFT,1759989,1760000,11,10158,904,216,87,3435
21480187264903,TSLA,636059989,636060000,11,83148,50,1443,1,9193
21490752089130,AAPL,3228289,3228300,11,1000,175,374,72,3527
21490752089130,AMZN,18542189,18542200,11,422714,40,530,293,6391
21490752089130,GOOGL,14419989,14420000,11,391103,80,390,31,5544
21490752089130,MSFT,1759989,1760000,11,10558,889,216,87,3438
21490752089130,TSLA,636059989,636060000,11,85189,50,1443,1,9212
21500091114299,AAPL,3228289,3228300,11,1000,175,374,72,3527
21500091114299,AMZN,18542189,18542200,11,422893,40,530,293,6393
21500091114299,GOOGL,14419989,14420000,11,391598,80,390,31,5548
21500091114299,MSFT,1759989,1760000,11,11958,814,216,88,3445
21500091114299,TSLA,636059989,636060000,11,86629,50,1443,1,9223
21511953895761,AAPL,3228289,3228300,11,2300,115,374,74,3535
21511953895761,AMZN,18542189,18542200,11,423293,40,530,293,6397
21511953895761,GOOGL,14419989,14420000,11,392758,80,390,31,5563
21511953895761,MSFT,1759989,1760000,11,12558,734,216,88,3448
21511953895761,TSLA,636059989,636060000,11,88998,50,1447,1,9243
21520761859704,AAPL,3228289,3228300,11,3000,85,374,76,3540
21520761859704,AMZN,18542189,18542200,11,423393,40,530,293,6399
21520761859704,GOOGL,14419989,14420000,11,393770,80,390,31,5579
21520761859704,MSFT,1759989,1760000,11,12758,719,216,88,3448
21520761859704,TSLA,636059989,636060000,11,90607,50,1447,1,9256
21530079666963,AAPL,3228289,3228300,11,3300,85,374,76,3540
21530079666963,AMZN,18542189,18542200,11,423593,40,531,293,6401
21530079666963,GOOGL,14419989,14420000,11,395140,80,391,30,5597
21530079666963,MSFT,1759989,1760000,11,13353,719,216,88,3450
21530079666963,TSLA,636059989,636060000,11,92086,50,1446,1,9266
21540589106209,AAPL,3228289,3228300,11,4610,25,374,76,3547
21540589106209,AMZN,18542189,18542200,11,423893,40,531,292,6405
21540589106209,GOOGL,14419989,14420000,11,396115,80,391,30,5611
21540589106209,MSFT,1759989,1760000,11,13753,719,216,88,3452
21540589106209,TSLA,636059989,636060000,11,94627,50,1445,1,9288
21550086015585,AAPL,3228289,3228300,11,4710,25,374,76,3547
21550086015585,AMZN,18542189,18542200,11,424093,40,530,292,6407
21550086015585,GOOGL,14419989,14420000,11,396455,80,391,30,5614
21550086015585,MSFT,1759989,1760000,11,13953,719,216,88,3454
21550086015585,TSLA,636059989,636060000,11,95597,50,1446,1,9296
21560311477349,AAPL,3228289,3228300,11,4910,25,374,76,3549
21560311477349,AMZN,18542189,18542200,11,424193,40,530,292,6409
21560311477349,GOOGL,14419989,14420000,11,397575,80,391,30,5626
21560311477349,MSFT,1759989,1760000,11,14053,719,216,88,3455
21560311477349,TSLA,636059989,636060000,11,96282,50,1447,1,9301
21570487212859,AAPL,3228389,3228400,11,100,475,381,75,3549
21570487212859,AMZN,18542189,18542200,11,424393,40,530,292,6413
21570487212859,GOOGL,14419989,14420000,11,398970,80,391,30,5644
21570487212859,MSFT,1759989,1760000,11,15453,564,216,88,3462
21570487212859,TSLA,636059989,636060000,11,97047,50,1447,1,9311
21580189108335,AAPL,3228389,3228400,11,400,460,381,75,3550
21580189108335,AMZN,18542189,18542200,11,424793,40,531,292,6421
21580189108335,GOOGL,14419989,14420000,11,399625,80,391,30,5656
21580189108335,MSFT,1759989,1760000,11,16253,549,216,88,3462
21580189108335,TSLA,636059989,636060000,11,99096,50,1449,1,9331
21590024879531,AAPL,3228389,3228400,11,2200,385,381,75,3559
21590024879531,AMZN,18542189,18542200,11,424893,40,531,292,6423
21590024879531,GOOGL,14419989,14420000,11,400440,80,391,30,5667
21590024879531,MSFT,1759989,1760000,11,16453,549,216,88,3463
21590024879531,TSLA,636059989,636060000,11,99896,50,1450,1,9341
21600016986133,AAPL,3228389,3228400,11,3900,245,381,76,3569
21600016986133,AMZN,18542189,18542200,11,425893,40,535,292,6435
21600016986133,GOOGL,14419989,14420000,11,401290,80,391,30,5677
21600016986133,MSFT,1759989,1760000,11,16853,519,216,88,3466
21600016986133,TSLA,636059989,636060000,11,100961,50,1451,1,9353
21610413838625,AAPL,3228389,3228400,11,4600,215,381,76,3574
21610413838625,AMZN,18542189,18542200,11,425893,40,535,292,6435
21610413838625,GOOGL,14419989,14420000,11,402430,80,392,30,5691
21610413838625,MSFT,1759989,1760000,11,17153,519,216,89,3470
21610413838625,TSLA,636059989,636060000,11,102061,50,1452,1,9362
21620153592539,AAPL,3228389,3228400,11,6000,150,381,79,3583
21620153592539,AMZN,18542189,18542200,11,426193,40,536,292,6441
21620153592539,GOOGL,14419989,14420000,11,403645,80,392,29,5706
21620153592539,MSFT,1759989,1760000,11,17933,504,216,89,3477
21620153592539,TSLA,636059989,636060000,11,103444,50,1454,1,9370
21630517127200,AAPL,3228389,3228400,11,6500,150,381,79,3586
21630517127200,AMZN,18542189,18542200,11,426293,40,537,292,6443
21630517127200,GOOGL,14419989,14420000,11,403915,80,392,29,5710
21630517127200,MSFT,1759989,1760000,11,18533,504,216,89,3482
21630517127200,TSLA,636059989,636060000,11,104309,50,1454,1,9376
21640537367294,AAPL,3228389,3228400,11,7800,85,381,81,3591
21640537367294,AMZN,18542189,18542200,11,426393,40,538,292,6445
21640537367294,GOOGL,14419989,14420000,11,404875,80,392,29,5727
21640537367294,MSFT,1759989,1760000,11,19113,504,216,89,3492
21640537367294,TSLA,636059989,636060000,11,106043,50,1455,1,9387
21650696508542,AAPL,3228389,3228400,11,7800,85,381,81,3591
21650696508542,AMZN,18542189,18542200,11,426593,40,538,292,6449
21650696508542,GOOGL,14419989,14420000,11,405100,80,392,29,5731
21650696508542,MSFT,1759989,1760000,11,19913,489,216,90,3499
21650696508542,TSLA,636059989,636060000,11,106893,50,1454,1,9393
21660047264645,AAPL,3228389,3228400,11,8200,85,380,81,3591
21660047264645,AMZN,18542189,18542200,11,426693,40,539,292,6451
21660047264645,GOOGL,14419989,14420000,11,405700,80,392,29,5740
21660047264645,MSFT,1759989,1760000,11,20613,489,216,90,3508
21660047264645,TSLA,636059989,636060000,11,107988,50,1455,1,9400
21670780133510,AAPL,3228389,3228400,11,8600,70,379,82,3594
21670780133510,AMZN,18542189,18542200,11,427093,40,539,292,6453
21670780133510,GOOGL,14419989,14420000,11,406160,80,391,29,5745
21670780133510,MSFT,1759989,1760000,11,21713,424,215,90,3517
21670780133510,TSLA,636059989,636060000,11,110654,50,1456,1,9423
21680901155192,AAPL,3228389,3228400,11,9300,20,379,82,3596
21680901155192,AMZN,18542189,18542200,11,427193,40,539,292,6453
21680901155192,GOOGL,14419989,14420000,11,406260,80,391,29,5747
21680901155192,MSFT,1759989,1760000,11,23213,424,215,90,3534
21680901155192,TSLA,636059989,636060000,11,111334,50,1456,1,9426
21690548418151,AAPL,3228389,3228400,11,9500,20,379,82,3596
21690548418151,AMZN,18542189,18542200,11,427493,40,539,292,6459
21690548418151,GOOGL,14419989,14420000,11,406335,80,391,29,5748
21690548418151,MSFT,1759989,1760000,11,24113,424,215,90,3546
21690548418151,TSLA,636059989,636060000,11,112014,50,1455,1,9428
21700182490785,AAPL,3228389,3228400,11,9600,20,379,82,3595
21700182490785,AMZN,18542189,18542200,11,427793,40,539,292,6465
21700182490785,GOOGL,14419989,14420000,11,406485,80,391,29,5749
21700182490785,MSFT,1759989,1760000,11,25093,374,215,90,3557
21700182490785,TSLA,636059989,636060000,11,113066,50,1457,1,9436
21710781848256,AAPL,3228389,3228400,11,9900,20,379,82,3596
21710781848256,AMZN,18542189,18542200,11,428193,40,540,292,6471
21710781848256,GOOGL,14419989,14420000,11,406660,80,391,29,5752
21710781848256,MSFT,1759989,1760000,11,25993,349,215,91,3566
21710781848256,TSLA,636059989,636060000,11,113565,50,1457,1,9437
21720107044199,AAPL,3228389,3228400,11,9900,20,379,82,3596
21720107044199,AMZN,18542189,18542200,11,428193,40,540,292,6471
21720107044199,GOOGL,14419989,14420000,11,407220,80,392,29,5763
21720107044199,MSFT,1759989,1760000,11,26593,334,215,91,3569
21720107044199,TSLA,636059989,636060000,11,114903,50,1455,1,9450
21730313770598,AAPL,3228483,3228500,17,100,290,381,79,3597
21730313770598,AMZN,18542189,18542200,11,429093,40,540,292,6481
21730313770598,GOOGL,14419989,14420000,11,408050,80,392,29,5775
21730313770598,MSFT,1759989,1760000,11,26993,269,215,91,3571
21730313770598,TSLA,636059989,636060000,11,116976,50,1456,1,9465
21740368371760,AAPL,3228483,3228500,17,100,290,381,79,3597
21740368371760,AMZN,18542189,18542200,11,429493,40,540,292,6487
21740368371760,GOOGL,14419989,14420000,11,408435,80,392,29,5782
21740368371760,MSFT,1759989,1760000,11,27993,269,214,91,3581
21740368371760,TSLA,636059989,636060000,11,120256,50,1454,1,9497
21750224937519,AAPL,3228489,3228500,11,100,275,384,79,3598
21750224937519,AMZN,18542189,18542200,11,430303,40,540,291,6498
21750224937519,GOOGL,14419989,14420000,11,408620,80,392,29,5785
21750224937519,MSFT,1759989,1760000,11,28293,269,214,91,3587
21750224937519,TSLA,636059989,636060000,11,121416,50,1453,1,9502
21760979369472,AAPL,3228489,3228500,11,1163,275,383,81,3606
21760979369472,AMZN,18542189,18542200,11,431543,40,541,291,6515
21760979369472,GOOGL,14419989,14420000,11,409385,80,393,29,5798
21760979369472,MSFT,1759989,1760000,11,28593,269,214,91,3593
21760979369472,TSLA,636059989,636060000,11,123466,50,1451,1,9513
21770323226512,AAPL,3228489,3228500,11,2163,245,382,81,3607
21770323226512,AMZN,18542189,18542200,11,432223,40,541,291,6525
21770323226512,GOOGL,14419989,14420000,11,409655,80,393,29,5802
21770323226512,MSFT,1759989,1760000,11,28993,269,214,91,3601
21770323226512,TSLA,636059989,636060000,11,124366,50,1452,1,9516
21780059203480,AAPL,3228489,3228500,11,2833,245,382,82,3611
21780059203480,AMZN,18542189,18542200,11,432823,40,541,292,6537
21780059203480,GOOGL,14419989,14420000,11,410140,80,393,29,5811
21780059203480,MSFT,1759989,1760000,11,29187,269,214,91,3604
21780059203480,TSLA,636059989,636060000,11,125761,50,1452,1,9522
21790268433443,AAPL,3228489,3228500,11,3403,245,382,82,3615
21790268433443,AMZN,18542189,18542200,11,433523,40,541,292,6545
21790268433443,GOOGL,14419989,14420000,11,410820,80,393,29,5821
21790268433443,MSFT,1759989,1760000,11,29387,269,214,91,3610
21790268433443,TSLA,636059989,636060000,11,128500,50,1451,1,9537
21801277834706,AAPL,3228489,3228500,11,4273,245,383,83,3626
21801277834706,AMZN,18542189,18542200,11,433623,40,541,292,6547
21801277834706,GOOGL,14419989,14420000,11,411095,80,392,28,5821
21801277834706,MSFT,1759989,1760000,11,29587,269,214,91,3613
21801277834706,TSLA,636059989,636060000,11,130059,50,1451,1,9554
21810090856237,AAPL,3228489,3228500,11,4643,245,383,83,3629
21810090856237,AMZN,18542189,18542200,11,433923,40,541,292,6553
21810090856237,GOOGL,14419989,14420000,11,411145,80,392,28,5822
21810090856237,MSFT,1759989,1760000,11,30137,269,214,91,3617
21810090856237,TSLA,636059989,636060000,11,130759,50,1452,1,9557
21821277734833,AAPL,3228489,3228500,11,5603,245,383,83,3638
21821277734833,AMZN,18542189,18542200,11,433923,40,541,292,6553
21821277734833,GOOGL,14419989,14420000,11,412148,80,394,28,5838
21821277734833,MSFT,1759989,1760000,11,31331,269,214,93,3633
21821277734833,TSLA,636059989,636060000,11,132832,50,1453,1,9567
21831753301151,AAPL,3228489,3228500,11,5603,245,383,83,3638
21831753301151,AMZN,18542189,18542200,11,434083,40,541,292,6556
21831753301151,GOOGL,14419989,14420000,11,412318,80,394,28,5840
21831753301151,MSFT,1759989,1760000,11,31731,227,214,93,3637
21831753301151,TSLA,636059989,636060000,11,135707,50,1456,1,9590
21840111105275,AAPL,3228489,3228500,11,5703,245,383,84,3640
21840111105275,AMZN,18542189,18542200,11,434883,40,541,293,6571
21840111105275,GOOGL,14419989,14420000,11,412823,80,395,28,5847
21840111105275,MSFT,1759989,1760000,11,31931,227,214,93,3637
21840111105275,TSLA,636059989,636060000,11,137307,50,1457,1,9595
21850040457092,AAPL,3228489,3228500,11,6703,230,382,82,3645
21850040457092,AMZN,18542189,18542200,11,435843,40,542,293,6583
21850040457092,GOOGL,14419989,14420000,11,414418,80,395,28,5871
21850040457092,MSFT,1759989,1760000,11,32431,195,214,93,3640
21850040457092,TSLA,636059989,636060000,11,140477,50,1459,1,9617
21860648229075,AAPL,3228489,3228500,11,8203,186,384,85,3657
21860648229075,AMZN,18542189,18542200,11,437588,40,543,293,6599
21860648229075,GOOGL,14419989,14420000,11,417376,80,403,28,5917
21860648229075,MSFT,1759989,1760000,11,32831,195,214,93,3640
21860648229075,TSLA,636059989,636060000,11,145146,50,1471,1,9655
21870055247582,AAPL,3228489,3228500,11,9603,161,382,83,3660
21870055247582,AMZN,18542189,18542200,11,438188,40,546,293,6607
21870055247582,GOOGL,14419989,14420000,11,418913,80,408,28,5941
21870055247582,MSFT,1759989,1760000,11,33019,195,214,93,3642
21870055247582,TSLA,636059989,636060000,11,149282,50,1478,1,9696
21880076118627,AAPL,3228489,3228500,11,10003,161,382,83,3662
21880076118627,AMZN,18542189,18542200,11,438688,40,546,295,6615
21880076118627,GOOGL,14419989,14420000,11,419733,80,410,28,5954
21880076118627,MSFT,1759989,1760000,11,33719,173,214,93,3645
21880076118627,TSLA,636059989,636060000,11,151630,50,1482,1,9715
21890079935349,AAPL,3228489,3228500,11,10903,146,382,84,3665
21890079935349,AMZN,18542189,18542200,11,441168,40,554,296,6644
21890079935349,GOOGL,14419989,14420000,11,423919,80,417,27,6014
21890079935349,MSFT,1759989,1760000,11,34219,158,214,93,3645
21890079935349,TSLA,636059989,636060000,11,155270,50,1490,1,9737
21900561320621,AAPL,3228489,3228500,11,11906,97,382,84,3670
21900561320621,AMZN,18542189,18542200,11,441568,40,554,296,6649
21900561320621,GOOGL,14419989,14420000,11,425051,80,419,27,6030
21900561320621,MSFT,1759989,1760000,11,34619,143,214,94,3648
21900561320621,TSLA,636059989,636060000,11,158642,50,1496,1,9764
21910382973676,AAPL,3228489,3228500,11,13106,45,382,84,3674
21910382973676,AMZN,18542189,18542200,11,442168,40,556,296,6657
21910382973676,GOOGL,14419989,14420000,11,426163,80,420,27,6047
21910382973676,MSFT,1759989,1760000,11,34819,143,214,94,3649
21910382973676,TSLA,636059989,636060000,11,162138,50,1504,1,9797
21920044119567,AAPL,3228489,3228500,11,14006,1,382,84,3678
21920044119567,AMZN,18542189,18542200,11,443668,40,559,296,6680
21920044119567,GOOGL,14419989,14420000,11,429284,80,423,27,6092
21920044119567,MSFT,1759989,1760000,11,35819,113,214,95,3653
21920044119567,TSLA,636059989,636060000,11,168008,50,1510,1,9844
21930121045986,AAPL,3228589,3228600,11,670,57,390,84,3690
21930121045986,AMZN,18542189,18542200,11,444718,40,564,296,6694
21930121045986,GOOGL,14419989,14420000,11,431392,80,428,27,6120
21930121045986,MSFT,1759989,1760000,11,37019,98,215,97,3660
21930121045986,TSLA,636059989,636060000,11,171848,50,1516,1,9869
21940051212209,AAPL,3228589,3228600,11,1470,57,391,85,3694
21940051212209,AMZN,18542189,18542200,11,444918,40,565,296,6698
21940051212209,GOOGL,14419989,14420000,11,433187,80,431,27,6147
21940051212209,MSFT,1759989,1760000,11,38219,38,215,99,3668
21940051212209,TSLA,636059989,636060000,11,173048,50,1519,1,9879
21950054336232,AAPL,3228589,3228600,11,2040,42,391,85,3698
21950054336232,AMZN,18542189,18542200,11,445018,40,565,296,6698
21950054336232,GOOGL,14419989,14420000,11,434163,80,433,27,6160
21950054336232,MSFT,1759989,1760000,11,38719,17,215,99,3673
21950054336232,TSLA,636059989,636060000,11,173458,50,1518,1,9878
21960014961409,AAPL,3228589,3228600,11,2880,42,391,85,3703
21960014961409,AMZN,18542189,18542200,11,445918,40,570,296,6710
21960014961409,GOOGL,14419989,14420000,11,435257,80,438,27,6179
21960014961409,MSFT,1764089,1765400,1311,100,44,225,97,3684
21960014961409,TSLA,636059989,636060000,11,175812,50,1519,1,9898
21970819413042,AAPL,3228589,3228600,11,3690,42,391,85,3707
21970819413042,AMZN,18542189,18542200,11,446193,40,571,296,6714
21970819413042,GOOGL,14419989,14420000,11,439155,80,444,27,6235
21970819413042,MSFT,1765388,1765400,12,100,28,234,97,3689
21970819413042,TSLA,636059989,636060000,11,179549,50,1519,1,9925
21980530539694,AAPL,3228589,3228600,11,4490,27,391,86,3710
21980530539694,AMZN,18542189,18542200,11,446893,40,574,296,6725
21980530539694,GOOGL,14419989,14420000,11,441264,80,450,27,6264
21980530539694,MSFT,1765389,1765400,11,200,28,235,97,3693
21980530539694,TSLA,636059989,636060000,11,180834,50,1520,1,9933
21991185509707,AAPL,3228589,3228600,11,5100,12,390,86,3713
21991185509707,AMZN,18542189,18542200,11,447493,40,576,297,6731
21991185509707,GOOGL,14419989,14420000,11,442322,80,452,27,6282
21991185509707,MSFT,1765389,1765400,11,700,28,235,97,3699
21991185509707,TSLA,636059989,636060000,11,182104,50,1524,1,9945
22000583364895,AAPL,3228686,3228700,14,100,77,395,85,3717
22000583364895,AMZN,18542189,18542200,11,447587,40,576,297,6733
22000583364895,GOOGL,14419989,14420000,11,443240,80,455,27,6298
22000583364895,MSFT,1765389,1765400,11,800,28,235,97,3699
22000583364895,TSLA,636059989,636060000,11,184467,50,1525,1,9963
22010269822859,AAPL,3228689,3228700,11,170,77,397,85,3720
22010269822859,AMZN,18542189,18542200,11,447787,40,576,297,6734
22010269822859,GOOGL,14419989,14420000,11,445670,80,460,26,6333
22010269822859,MSFT,1765389,1765400,11,900,28,235,97,3699
22010269822859,TSLA,636059989,636060000,11,185217,50,1525,1,9968
22020972905697,AAPL,3228689,3228700,11,240,77,397,85,3721
22020972905697,AMZN,18542189,18542200,11,447787,40,576,297,6734
22020972905697,GOOGL,14419989,14420000,11,447185,80,464,26,6353
22020972905697,MSFT,1765389,1765400,11,1200,28,235,97,3703
22020972905697,TSLA,636059989,636060000,11,186601,50,1528,1,9979
22030412899072,AAPL,3228689,3228700,11,1250,47,397,85,3725
22030412899072,AMZN,18542189,18542200,11,447787,40,576,297,6734
22030412899072,GOOGL,14419989,14420000,11,447985,80,464,26,6366
22030412899072,MSFT,1765389,1765400,11,1200,28,235,97,3703
22030412899072,TSLA,636059989,636060000,11,187579,50,1528,1,9985
22040247233438,AAPL,3228689,3228700,11,1560,47,397,85,3727
22040247233438,AMZN,18542189,18542200,11,447887,40,576,297,6734
22040247233438,GOOGL,14419989,14420000,11,448647,80,466,26,6377
22040247233438,MSFT,1778514,1780400,1886,100,77,238,95,3702
22040247233438,TSLA,636059989,636060000,11,188746,50,1528,1,9996
22050175179682,AAPL,3228689,3228700,11,1830,32,397,85,3729
22050175179682,AMZN,18542189,18542200,11,448087,40,578,297,6738
22050175179682,GOOGL,14419989,14420000,11,449470,80,466,26,6388
22050175179682,MSFT,1779452,1780400,948,100,77,239,95,3702
22050175179682,TSLA,636059989,636060000,11,189646,50,1528,1,10002
22060194412864,AAPL,3228689,3228700,11,1830,32,397,85,3729
22060194412864,AMZN,18542189,18542200,11,448667,40,578,300,6749
22060194412864,GOOGL,14419989,14420000,11,451485,80,470,26,6417
22060194412864,MSFT,1780155,1780400,245,100,62,241,95,3703
22060194412864,TSLA,636059989,636060000,11,191456,50,1529,1,10011
22070034153887,AAPL,3228689,3228700,11,2270,17,397,85,3731
22070034153887,AMZN,18542189,18542200,11,448767,40,579,300,6751
22070034153887,GOOGL,14419989,14420000,11,452250,80,471,26,6428
22070034153887,MSFT,1780388,1780400,12,100,32,248,97,3709
22070034153887,TSLA,636059989,636060000,11,194226,50,1535,1,10038
22080313337319,AAPL,3228689,3228700,11,2570,17,397,85,3737
22080313337319,AMZN,18542189,18542200,11,449852,40,583,300,6768
22080313337319,GOOGL,14419989,14420000,11,454900,80,482,26,6463
22080313337319,MSFT,1789089,1792000,2911,100,187,251,99,3716
22080313337319,TSLA,636059989,636060000,11,199381,50,1549,1,10087
22091472292138,AAPL,3228689,3228700,11,3050,17,397,85,3740
22091472292138,AMZN,18542189,18542200,11,449952,40,583,300,6770
22091472292138,GOOGL,14419989,14420000,11,455635,80,482,26,6475
22091472292138,MSFT,1790539,1792000,1461,100,187,252,99,3717
22091472292138,TSLA,636059989,636060000,11,200370,50,1549,1,10099
22100155924630,AAPL,3228689,3228700,11,3190,17,397,85,3741
22100155924630,AMZN,18542189,18542200,11,449952,40,583,300,6770
22100155924630,GOOGL,14419989,14420000,11,457055,80,483,26,6490
22100155924630,MSFT,1791944,1792000,56,100,172,257,100,3724
22100155924630,TSLA,636059989,636060000,11,201501,50,1549,1,10111
22110077733818,AAPL,3228689,3228700,11,3630,2,397,85,3744
22110077733818,AMZN,18542189,18542200,11,450452,40,588,300,6780
22110077733818,GOOGL,14419989,14420000,11,458685,80,487,26,6515
22110077733818,MSFT,1791988,1792000,12,100,157,262,102,3730
22110077733818,TSLA,636059989,636060000,11,202477,50,1550,1,10117
22120248791402,AAPL,3228689,3228700,11,4100,2,399,86,3750
22120248791402,AMZN,18542189,18542200,11,450852,40,588,300,6784
22120248791402,GOOGL,14419989,14420000,11,461275,80,489,26,6553
22120248791402,MSFT,1791989,1792000,11,200,157,263,103,3732
22120248791402,TSLA,636059989,636060000,11,204162,50,1552,1,10128
22130150435801,AAPL,3229302,3229400,98,100,299,402,85,3753
22130150435801,AMZN,18542189,18542200,11,451032,40,589,300,6787
22130150435801,GOOGL,14419989,14420000,11,463029,80,490,26,6573
22130150435801,MSFT,1791989,1792000,11,300,142,262,103,3731
22130150435801,TSLA,636059989,636060000,11,205910,50,1552,1,10146
22141275205977,AAPL,3229379,3229400,21,100,299,407,85,3757
22141275205977,AMZN,18542189,18542200,11,451032,40,589,300,6787
22141275205977,GOOGL,14419989,14420000,11,463129,80,490,26,6573
22141275205977,MSFT,1791989,1792000,11,500,142,261,103,3731
22141275205977,TSLA,636059989,636060000,11,206851,50,1553,1,10156
22152499669270,AAPL,3229379,3229400,21,100,299,407,85,3757
22152499669270,AMZN,18542189,18542200,11,451672,40,591,300,6792
22152499669270,GOOGL,14419989,14420000,11,463279,80,490,26,6573
22152499669270,MSFT,1791989,1792000,11,900,92,261,102,3732
22152499669270,TSLA,636059989,636060000,11,207821,50,1554,1,10170
22160765944614,AAPL,3229389,3229400,11,100,299,412,86,3764
22160765944614,AMZN,18542189,18542200,11,451772,40,591,300,6792
22160765944614,GOOGL,14419989,14420000,11,464254,80,490,26,6579
22160765944614,MSFT,1791989,1792000,11,1200,92,261,102,3732
22160765944614,TSLA,636059989,636060000,11,209939,50,1554,1,10198
22170273004135,AAPL,3229389,3229400,11,600,284,411,86,3767
22170273004135,AMZN,18542189,18542200,11,452372,40,592,300,6800
22170273004135,GOOGL,14419989,14420000,11,466104,80,493,26,6603
22170273004135,MSFT,1791989,1792000,11,1800,77,261,104,3737
22170273004135,TSLA,636059989,636060000,11,212093,50,1557,1,10216
22180123731040,AAPL,3229389,3229400,11,1800,254,411,85,3771
22180123731040,AMZN,18542189,18542200,11,452647,40,594,300,6805
22180123731040,GOOGL,14419989,14420000,11,468284,80,496,26,6637
22180123731040,MSFT,1791989,1792000,11,2300,77,260,105,3739
22180123731040,TSLA,636059989,636060000,11,214498,50,1558,1,10235
22190088615190,AAPL,3229389,3229400,11,2470,204,410,86,3773
22190088615190,AMZN,18542189,18542200,11,453767,40,595,300,6814
22190088615190,GOOGL,14419989,14420000,11,469594,80,495,26,6650
22190088615190,MSFT,1791989,1792000,11,2600,77,260,106,3741
22190088615190,TSLA,636059989,636060000,11,217177,50,1558,1,10257
22200163538542,AAPL,3229389,3229400,11,3770,159,410,86,3780
22200163538542,AMZN,18542189,18542200,11,454047,40,595,300,6819
22200163538542,GOOGL,14419989,14420000,11,470704,80,495,26,6666
22200163538542,MSFT,1791989,1792000,11,3300,77,260,108,3745
22200163538542,TSLA,636059989,636060000,11,218647,50,1559,1,10268
22210728399148,AAPL,3229389,3229400,11,4170,159,409,86,3784
22210728399148,AMZN,18542189,18542200,11,454127,40,595,300,6819
22210728399148,GOOGL,14419989,14420000,11,472364,80,497,26,6684
22210728399148,MSFT,1791989,1792000,11,4100,12,259,108,3748
22210728399148,TSLA,636059989,636060000,11,220318,50,1562,1,10284
22221114242976,AAPL,3229389,3229400,11,4370,159,409,87,3786
22221114242976,AMZN,18542189,18542200,11,454297,40,595,300,6822
22221114242976,GOOGL,14419989,14420000,11,473969,80,499,26,6704
22221114242976,MSFT,1795989,1800000,4011,100,147,260,107,3748
22221114242976,TSLA,636059989,636060000,11,220618,50,1563,1,10287
22230780639002,AAPL,3229389,3229400,11,4750,159,409,87,3788
22230780639002,AMZN,18542189,18542200,11,454677,40,596,300,6827
22230780639002,GOOGL,14419989,14420000,11,474824,80,499,26,6717
22230780639002,MSFT,1799739,1800000,261,100,147,264,108,3749
22230780639002,TSLA,636059989,636060000,11,221418,50,1563,1,10292
22240595807484,AAPL,3229389,3229400,11,5120,159,409,87,3794
22240595807484,AMZN,18542189,18542200,11,454837,40,596,300,6829
22240595807484,GOOGL,14419989,14420000,11,475400,80,499,26,6723
22240595807484,MSFT,1799988,1800000,12,100,117,271,108,3752
22240595807484,TSLA,636059989,636060000,11,221918,50,1563,1,10296
22250080751953,AAPL,3229389,3229400,11,5320,159,410,87,3798
22250080751953,AMZN,18542189,18542200,11,455157,40,596,300,6831
22250080751953,GOOGL,14419989,14420000,11,477200,80,502,26,6745
22250080751953,MSFT,1799989,1800000,11,400,102,272,108,3755
22250080751953,TSLA,636059989,636060000,11,222524,50,1563,1,10299
22260058550085,AAPL,3229389,3229400,11,5483,159,410,87,3799
22260058550085,AMZN,18542189,18542200,11,455777,40,598,300,6840
22260058550085,GOOGL,14419989,14420000,11,478755,80,507,26,6769
22260058550085,MSFT,1799989,1800000,11,1700,57,272,110,3762
22260058550085,TSLA,636059989,636060000,11,224424,50,1568,1,10314
22270562715579,AAPL,3229389,3229400,11,5683,159,410,87,3799
22270562715579,AMZN,18542189,18542200,11,457017,40,601,300,6857
22270562715579,GOOGL,14419989,14420000,11,479300,80,508,26,6776
22270562715579,MSFT,1799989,1800000,11,2800,42,272,111,3764
22270562715579,TSLA,636059989,636060000,11,226058,50,1573,1,10327
22281208556865,AAPL,3229389,3229400,11,6303,159,410,87,3804
22281208556865,AMZN,18542189,18542200,11,458277,40,602,300,6872
22281208556865,GOOGL,14419989,14420000,11,480240,80,508,26,6787
22281208556865,MSFT,1799989,1800000,11,3600,27,272,112,3768
22281208556865,TSLA,636059989,636060000,11,227979,50,1573,1,10334
22290045021459,AAPL,3229389,3229400,11,7043,159,410,87,3807
22290045021459,AMZN,18542189,18542200,11,458892,40,603,300,6879
22290045021459,GOOGL,14419989,14420000,11,481125,80,509,26,6803
22290045021459,MSFT,1899989,2000000,100011,100,138,273,113,3772
22290045021459,TSLA,636059989,636060000,11,230878,50,1579,1,10358
22300225247013,AAPL,3229389,3229400,11,9063,159,410,87,3820
22300225247013,AMZN,18542189,18542200,11,459512,40,605,300,6889
22300225247013,GOOGL,14419989,14420000,11,481460,80,510,26,6806
22300225247013,MSFT,1993739,2000000,6261,100,123,277,113,3774
22300225247013,TSLA,636059989,636060000,11,232989,50,1580,1,10374
22310040940064,AAPL,3229439,3229500,61,100,394,413,87,3839
22310040940064,AMZN,18542189,18542200,11,460302,40,610,301,6903
22310040940064,GOOGL,14419989,14420000,11,482780,80,512,26,6828
22310040940064,MSFT,1999989,2000000,11,200,78,290,116,3783
22310040940064,TSLA,636059989,636060000,11,236445,50,1587,1,10405
22320425349977,AAPL,3229489,3229500,11,1300,304,418,88,3849
22320425349977,AMZN,18542189,18542200,11,460867,40,612,300,6909
22320425349977,GOOGL,14419989,14420000,11,483650,80,515,26,6844
22320425349977,MSFT,1999989,2000000,11,1200,48,290,120,3794
22320425349977,TSLA,636059989,636060000,11,239605,50,1589,1,10428
22330014600298,AAPL,3229489,3229500,11,2070,289,418,89,3852
22330014600298,AMZN,18542189,18542200,11,461472,40,613,300,6915
22330014600298,GOOGL,14419989,14420000,11,484570,80,515,26,6857
22330014600298,MSFT,1999989,2000000,11,1900,33,290,121,3799
22330014600298,TSLA,636059989,636060000,11,241686,50,1592,1,10443
22340180214220,AAPL,3229489,3229500,11,3370,244,418,94,3867
22340180214220,AMZN,18542189,18542200,11,461652,40,613,300,6917
22340180214220,GOOGL,14419989,14420000,11,485040,80,515,26,6865
22340180214220,MSFT,1999989,2000000,11,2200,18,290,122,3802
22340180214220,TSLA,636059989,636060000,11,242619,50,1593,1,10452
22350069670119,AAPL,3229489,3229500,11,3770,244,418,94,3867
22350069670119,AMZN,18542189,18542200,11,462421,40,615,300,6925
22350069670119,GOOGL,14419989,14420000,11,485395,80,515,26,6869
22350069670119,MSFT,1999989,2000000,11,2500,18,290,122,3802
22350069670119,TSLA,636059989,636060000,11,244044,50,1595,1,10467
22360468876518,AAPL,3229489,3229500,11,3970,244,418,94,3868
22360468876518,AMZN,18542189,18542200,11,463181,40,617,300,6932
22360468876518,GOOGL,14419989,14420000,11,485650,80,515,26,6872
22360468876518,MSFT,1999989,2000000,11,2600,18,290,122,3802
22360468876518,TSLA,636059989,636060000,11,245637,50,1596,1,10481
22370106050021,AAPL,3229489,3229500,11,6210,199,420,96,3885
22370106050021,AMZN,18542189,18542200,11,464141,40,619,300,6940
22370106050021,GOOGL,14419989,14420000,11,486490,80,515,26,6883
22370106050021,MSFT,1999989,2000000,11,2700,18,290,122,3801
22370106050021,TSLA,636059989,636060000,11,246737,50,1597,1,10491
22380172079857,AAPL,3229489,3229500,11,7080,184,420,96,3887
22380172079857,AMZN,18542189,18542200,11,465399,40,620,300,6949
22380172079857,GOOGL,14419989,14420000,11,488300,80,515,26,6907
22380172079857,MSFT,1999989,2000000,11,3000,3,290,122,3803
22380172079857,TSLA,636059989,636060000,11,249118,50,1600,1,10514
22390826107403,AAPL,3229489,3229500,11,7990,139,420,96,3893
22390826107403,AMZN,18542189,18542200,11,465739,40,621,300,6954
22390826107403,GOOGL,14419989,14420000,11,490785,80,517,26,6940
22390826107403,MSFT,2847114,3129500,282386,100,38,292,121,3803
22390826107403,TSLA,636059989,636060000,11,250018,50,1601,1,10522
22400485207798,AAPL,3229489,3229500,11,8090,139,420,96,3895
22400485207798,AMZN,18542189,18542200,11,466199,40,624,300,6961
22400485207798,GOOGL,14419989,14420000,11,492800,80,518,26,6967
22400485207798,MSFT,2847114,3129500,282386,100,38,292,121,3803
22400485207798,TSLA,636059989,636060000,11,251418,50,1604,1,10534
22410221313260,AAPL,3229489,3229500,11,8190,139,420,96,3895
22410221313260,AMZN,18542189,18542200,11,466779,40,627,300,6973
22410221313260,GOOGL,14419989,14420000,11,495036,80,519,26,6994
22410221313260,MSFT,2988302,3129500,141198,100,38,293,121,3805
22410221313260,TSLA,636059989,636060000,11,252711,50,1605,1,10545
22420199232997,AAPL,3229489,3229500,11,8590,124,420,97,3898
22420199232997,AMZN,18542189,18542200,11,467464,40,628,300,6982
22420199232997,GOOGL,14419989,14420000,11,496651,80,518,26,7015
22420199232997,MSFT,2988302,3129500,141198,100,38,293,121,3805
22420199232997,TSLA,636059989,636060000,11,254401,50,1605,1,10558
22430029220754,AAPL,3229489,3229500,11,9760,79,420,97,3902
22430029220754,AMZN,18542189,18542200,11,467664,40,629,300,6985
22430029220754,GOOGL,14419989,14420000,11,497800,80,518,26,7033
22430029220754,MSFT,3058896,3129500,70604,100,38,295,121,3807
22430029220754,TSLA,636059989,636060000,11,254687,50,1605,1,10561
22440094170914,AAPL,3229539,3229600,61,100,239,422,97,3916
22440094170914,AMZN,18542189,18542200,11,468049,40,629,299,6988
22440094170914,GOOGL,14419989,14420000,11,500185,80,517,26,7065
22440094170914,MSFT,3125077,3129500,4423,100,23,299,121,3811
22440094170914,TSLA,636059989,636060000,11,257554,50,1607,1,10588
22450251470911,AAPL,3229589,3229600,11,170,224,428,97,3918
22450251470911,AMZN,18542189,18542200,11,468049,40,629,299,6988
22450251470911,GOOGL,14419989,14420000,11,501676,80,517,26,7087
22450251470911,MSFT,3128386,3129500,1114,100,23,301,121,3814
22450251470911,TSLA,636059989,636060000,11,258934,50,1607,1,10600
22460400270487,AAPL,3229589,3229600,11,870,209,428,97,3920
22460400270487,AMZN,18542189,18542200,11,468299,40,629,297,6987
22460400270487,GOOGL,14419989,14420000,11,503428,80,519,26,7109
22460400270487,MSFT,3129455,3129500,45,100,8,306,122,3819
22460400270487,TSLA,636059989,636060000,11,262333,50,1610,1,10633
22470030758780,AAPL,3229589,3229600,11,2170,164,428,98,3928
22470030758780,AMZN,18542189,18542200,11,468884,40,631,297,6994
22470030758780,GOOGL,14419989,14420000,11,505785,80,524,26,7140
22470030758780,MSFT,3129485,3129500,15,100,8,309,123,3823
22470030758780,TSLA,636059989,636060000,11,264794,50,1610,1,10647
22480767816430,AAPL,3229589,3229600,11,4650,79,430,100,3942
22480767816430,AMZN,18542189,18542200,11,469624,40,633,297,7003
22480767816430,GOOGL,14419989,14420000,11,511800,80,533,26,7218
22480767816430,MSFT,3129487,3129500,13,100,8,310,123,3825
22480767816430,TSLA,636059989,636060000,11,266669,50,1612,1,10662
22490058390445,AAPL,3229589,3229600,11,6060,34,430,101,3949
22490058390445,AMZN,18542189,18542200,11,469724,40,633,297,7003
22490058390445,GOOGL,14419989,14420000,11,514402,80,536,26,7253
22490058390445,MSFT,3129488,3129500,12,100,8,311,123,3825
22490058390445,TSLA,636059989,636060000,11,268554,50,1611,1,10667
22500009817842,AAPL,3229971,3230000,29,100,91,442,101,3963
22500009817842,AMZN,18542189,18542200,11,470159,40,635,297,7009
22500009817842,GOOGL,14419989,14420000,11,515767,80,538,26,7267
22500009817842,MSFT,3129489,3129500,11,300,8,312,123,3829
22500009817842,TSLA,636059989,636060000,11,271378,50,1614,1,10690
22510047194640,AAPL,3230089,3230100,11,2010,20,456,102,3996
22510047194640,AMZN,18542189,18542200,11,472550,40,643,297,7040
22510047194640,GOOGL,14419989,14420000,11,519356,80,549,26,7323
22510047194640,MSFT,14324430,14324500,70,100,12,321,120,3836
22510047194640,TSLA,636059989,636060000,11,278090,50,1628,1,10746
22520123133978,AAPL,3230239,3230400,161,100,87,457,101,3996
22520123133978,AMZN,18542189,18542200,11,473657,40,645,296,7050
22520123133978,GOOGL,14419989,14420000,11,520137,80,549,26,7334
22520123133978,MSFT,14324460,14324500,40,100,12,322,120,3837
22520123133978,TSLA,636059989,636060000,11,279759,50,1630,1,10756
22530255252360,AAPL,3230388,3230400,12,100,87,464,101,4002
22530255252360,AMZN,18542189,18542200,11,474142,40,646,295,7053
22530255252360,GOOGL,14419989,14420000,11,520877,80,549,26,7345
22530255252360,MSFT,14324486,14324500,14,100,12,325,120,3843
22530255252360,TSLA,636059989,636060000,11,281728,50,1633,1,10767
22540435687796,AAPL,3230389,3230400,11,1300,57,466,101,4008
22540435687796,AMZN,18542189,18542200,11,475598,40,651,295,7072
22540435687796,GOOGL,14419989,14420000,11,521966,80,551,26,7359
22540435687796,MSFT,14324489,14324500,11,500,12,327,120,3855
22540435687796,TSLA,636059989,636060000,11,283992,50,1634,1,10783
22550137671228,AAPL,3230489,3230500,11,370,66,473,100,4018
22550137671228,AMZN,18542189,18542200,11,477658,40,656,294,7101
22550137671228,GOOGL,14419989,14420000,11,524240,80,554,26,7390
22550137671228,MSFT,14324489,14324500,11,900,12,327,120,3859
22550137671228,TSLA,636059989,636060000,11,287830,50,1637,1,10810
22560064541588,AAPL,3230589,3230600,11,1300,113,478,98,4031
22560064541588,AMZN,18542189,18542200,11,478522,40,656,294,7113
22560064541588,GOOGL,14419989,14420000,11,529100,80,558,26,7455
22560064541588,MSFT,14324489,14324500,11,1200,12,327,120,3864
22560064541588,TSLA,636059989,636060000,11,291488,50,1640,1,10833
22570095874336,AAPL,3230589,3230600,11,2900,61,478,98,4037
22570095874336,AMZN,18542189,18542200,11,479272,40,657,293,7122
22570095874336,GOOGL,14419989,14420000,11,532065,80,559,26,7491
22570095874336,MSFT,14325738,14325900,162,100,6,340,119,3875
22570095874336,TSLA,636059989,636060000,11,296493,50,1652,1,10871
22580075256223,AAPL,3230589,3230600,11,3400,46,478,98,4038
22580075256223,AMZN,18542189,18542200,11,479672,40,659,293,7128
22580075256223,GOOGL,14419989,14420000,11,534160,80,560,26,7521
22580075256223,MSFT,14325887,14325900,13,100,6,346,119,3876
22580075256223,TSLA,636059989,636060000,11,299578,50,1655,1,10890
22590780215645,AAPL,3230589,3230600,11,4300,31,478,98,4043
22590780215645,AMZN,18542189,18542200,11,481927,40,665,292,7155
22590780215645,GOOGL,14419989,14420000,11,536070,80,561,26,7548
22590780215645,MSFT,14326414,14326600,186,100,6,350,118,3880
22590780215645,TSLA,636059989,636060000,11,304332,50,1659,1,10925
22600026964785,AAPL,3230589,3230600,11,4510,31,478,98,4046
22600026964785,AMZN,18542189,18542200,11,483740,40,670,291,7173
22600026964785,GOOGL,14419989,14420000,11,537203,80,561,26,7569
22600026964785,MSFT,14326568,14326600,32,100,6,353,118,3884
22600026964785,TSLA,636059989,636060000,11,309436,50,1660,1,10965
22610029469287,AAPL,3230589,3230600,11,5420,1,478,98,4050
22610029469287,AMZN,18542189,18542200,11,485495,40,673,290,7187
22610029469287,GOOGL,14419989,14420000,11,538136,80,561,26,7583
22610029469287,MSFT,14326989,14327000,11,100,6,360,117,3885
22610029469287,TSLA,636059989,636060000,11,311916,50,1660,1,10987
22620053741289,AAPL,3230789,3231000,211,100,86,479,96,4050
22620053741289,AMZN,18542189,18542200,11,486495,40,677,290,7199
22620053741289,GOOGL,14419989,14420000,11,539071,80,561,26,7592
22620053741289,MSFT,14327077,14327100,23,100,6,363,117,3893
22620053741289,TSLA,636059989,636060000,11,316686,50,1663,1,11028
22630652212576,AAPL,3230989,3231000,11,400,56,486,99,4057
22630652212576,AMZN,18542189,18542200,11,486675,40,677,290,7202
22630652212576,GOOGL,14419989,14420000,11,539796,80,561,26,7602
22630652212576,MSFT,14327136,14327200,64,100,6,365,116,3893
22630652212576,TSLA,636059989,636060000,11,320711,50,1663,1,11067
22640050668226,AAPL,3230989,3231000,11,1140,41,486,99,4062
22640050668226,AMZN,18542189,18542200,11,488030,40,678,290,7217
22640050668226,GOOGL,14419989,14420000,11,540266,80,561,26,7610
22640050668226,MSFT,14327176,14327200,24,100,6,367,116,3895
22640050668226,TSLA,636059989,636060000,11,323095,50,1663,1,11088
22651055828337,AAPL,3230989,3231000,11,1510,26,486,99,4065
22651055828337,AMZN,18542189,18542200,11,488715,40,679,290,7224
22651055828337,GOOGL,14419989,14420000,11,540521,80,561,26,7613
22651055828337,MSFT,14327183,14327200,17,100,6,368,116,3896
22651055828337,TSLA,636059989,636060000,11,324079,50,1663,1,11098
22660070041699,AAPL,3230989,3231000,11,1810,26,486,99,4069
22660070041699,AMZN,18542189,18542200,11,489115,40,679,289,7224
22660070041699,GOOGL,14419989,14420000,11,541162,80,561,26,7623
22660070041699,MSFT,14327186,14327200,14,100,6,369,116,3896
22660070041699,TSLA,636059989,636060000,11,325135,50,1663,1,11109
22670102892962,AAPL,3231064,3231100,36,100,96,488,100,4076
22670102892962,AMZN,18542189,18542200,11,489884,40,680,289,7230
22670102892962,GOOGL,14419989,14420000,11,542002,80,561,26,7638
22670102892962,MSFT,14327364,14327400,36,100,6,375,115,3902
22670102892962,TSLA,636059989,636060000,11,328304,50,1664,1,11138
22680209876491,AAPL,3231089,3231100,11,1740,36,494,101,4094
22680209876491,AMZN,18542189,18542200,11,490959,40,683,289,7244
22680209876491,GOOGL,14419989,14420000,11,543158,80,562,26,7653
22680209876491,MSFT,14327389,14327400,11,500,6,381,115,3908
22680209876491,TSLA,636059989,636060000,11,332190,50,1665,1,11169
22691670463387,AAPL,3231089,3231100,11,2710,21,495,102,4102
22691670463387,AMZN,18542189,18542200,11,491878,40,685,288,7251
22691670463387,GOOGL,14419989,14420000,11,543883,80,562,26,7663
22691670463387,MSFT,14327477,14327500,23,100,6,385,114,3920
22691670463387,TSLA,636059989,636060000,11,333590,50,1666,1,11178
22700068302150,AAPL,3231339,3231600,261,100,91,496,102,4105
22700068302150,AMZN,18542189,18542200,11,492528,40,685,288,7255
22700068302150,GOOGL,14419989,14420000,11,544644,80,562,26,7674
22700068302150,MSFT,14327486,14327500,14,100,6,387,114,3920
22700068302150,TSLA,636059989,636060000,11,335790,50,1668,1,11198
22710010573674,AAPL,3231339,3231600,261,100,91,496,102,4105
22710010573674,AMZN,18542189,18542200,11,492728,40,685,288,7256
22710010573674,GOOGL,14419989,14420000,11,545675,80,562,26,7689
22710010573674,MSFT,14327488,14327500,12,100,6,388,114,3920
22710010573674,TSLA,636059989,636060000,11,337790,50,1671,1,11213
22720420891075,AAPL,3231586,3231600,14,100,66,502,102,4110
22720420891075,AMZN,18542189,18542200,11,493413,40,684,286,7259
22720420891075,GOOGL,14419989,14420000,11,547251,80,563,26,7712
22720420891075,MSFT,14327489,14327500,11,100,6,389,114,3921
22720420891075,TSLA,636059989,636060000,11,344144,50,1672,1,11266
22730067365577,AAPL,3231589,3231600,11,700,13,503,102,4113
22730067365577,AMZN,18542189,18542200,11,493613,40,684,286,7261
22730067365577,GOOGL,14419989,14420000,11,549112,80,563,26,7735
22730067365577,MSFT,14327489,14327500,11,200,6,389,114,3921
22730067365577,TSLA,636059989,636060000,11,349230,50,1675,1,11300
22740038087514,AAPL,3231964,3232100,136,100,98,506,101,4122
22740038087514,AMZN,18542189,18542200,11,494998,40,687,286,7273
22740038087514,GOOGL,14419989,14420000,11,550979,80,563,25,7755
22740038087514,MSFT,14327489,14327500,11,300,6,389,114,3921
22740038087514,TSLA,636059989,636060000,11,353116,50,1674,1,11328
22750078077342,AAPL,3232089,3232100,11,200,68,513,101,4124
22750078077342,AMZN,18542189,18542200,11,496283,40,688,286,7288
22750078077342,GOOGL,14419989,14420000,11,553448,80,563,25,7788
22750078077342,MSFT,14327489,14327500,11,885,6,390,115,3927
22750078077342,TSLA,636059989,636060000,11,358309,50,1676,1,11369
22760115910392,AAPL,3232089,3232100,11,400,68,513,101,4126
22760115910392,AMZN,18542189,18542200,11,496738,40,687,286,7292
22760115910392,GOOGL,14419989,14420000,11,555520,80,563,25,7807
22760115910392,MSFT,14327489,14327500,11,1385,6,390,116,3929
22760115910392,TSLA,636059989,636060000,11,361093,50,1677,1,11387
22770091769367,AAPL,3232089,3232100,11,800,53,513,101,4127
22770091769367,AMZN,18542189,18542200,11,498053,40,691,285,7304
22770091769367,GOOGL,14419989,14420000,11,557331,80,562,25,7824
22770091769367,MSFT,14327489,14327500,11,1485,6,390,116,3929
22770091769367,TSLA,636059989,636060000,11,362449,50,1679,1,11397
22781629281007,AAPL,3232288,3232300,12,100,75,520,102,4134
22781629281007,AMZN,18542189,18542200,11,499233,40,696,285,7316
22781629281007,GOOGL,14419989,14420000,11,559550,80,562,25,7846
22781629281007,MSFT,14327489,14327500,11,1685,6,390,116,3929
22781629281007,TSLA,636059989,636060000,11,364133,50,1681,1,11415
22790635379080,AAPL,3232289,3232300,11,1200,1,521,102,4140
22790635379080,AMZN,18542189,18542200,11,500478,40,696,285,7321
22790635379080,GOOGL,14419989,14420000,11,563624,80,567,25,7900
22790635379080,MSFT,14327489,14327500,11,1685,6,390,116,3929
22790635379080,TSLA,636059989,636060000,11,365903,50,1682,1,11432
22800363052980,AAPL,3233039,3233100,61,100,186,525,101,4140
22800363052980,AMZN,18542189,18542200,11,502038,40,700,285,7344
22800363052980,GOOGL,14419989,14420000,11,566936,80,570,25,7948
22800363052980,MSFT,14327489,14327500,11,1685,6,390,116,3929
22800363052980,TSLA,636059989,636060000,11,368859,50,1685,1,11453
22810050403105,AAPL,3233089,3233100,11,1300,103,531,104,4150
22810050403105,AMZN,18542189,18542200,11,505043,40,708,285,7380
22810050403105,GOOGL,14419989,14420000,11,570553,80,573,25,8001
22810050403105,MSFT,14327489,14327500,11,1685,6,390,116,3929
22810050403105,TSLA,636059989,636060000,11,371559,50,1688,1,11470
22820141237610,AAPL,3233089,3233100,11,3300,24,532,105,4157
22820141237610,AMZN,18542189,18542200,11,508878,40,719,285,7424
22820141237610,GOOGL,14419989,14420000,11,574221,80,576,25,8052
22820141237610,MSFT,14327489,14327500,11,1685,6,390,116,3929
22820141237610,TSLA,636059989,636060000,11,375084,50,1694,1,11506
22830035897832,AAPL,3233089,3233100,11,3700,24,532,107,4161
22830035897832,AMZN,18542189,18542200,11,512600,40,727,283,7459
22830035897832,GOOGL,14419989,14420000,11,577129,80,576,25,8098
22830035897832,MSFT,14327489,14327500,11,1775,6,390,116,3930
22830035897832,TSLA,636059989,636060000,11,378984,50,1699,1,11534
22840057074409,AAPL,3233277,3233300,23,100,194,536,108,4167
22840057074409,AMZN,18542189,18542200,11,515905,40,732,283,7501
22840057074409,GOOGL,14419989,14420000,11,580509,80,578,25,8155
22840057074409,MSFT,14327489,14327500,11,1775,6,390,116,3931
22840057074409,TSLA,636059989,636060000,11,382324,50,1700,1,11558
22850034091759,AAPL,3233289,3233300,11,2000,119,540,108,4176
22850034091759,AMZN,18542189,18542200,11,517325,40,736,283,7519
22850034091759,GOOGL,14419989,14420000,11,586380,80,584,25,8244
22850034091759,MSFT,14327589,14327600,11,100,6,397,115,3931
22850034091759,TSLA,636059989,636060000,11,384824,50,1700,1,11568
22860411034704,AAPL,3233289,3233300,11,4240,59,541,109,4189
22860411034704,AMZN,18542189,18542200,11,521543,40,742,279,7560
22860411034704,GOOGL,14419989,14420000,11,592910,80,589,25,8335
22860411034704,MSFT,14327989,14328000,11,390,6,408,116,3943
22860411034704,TSLA,636059989,636060000,11,387009,50,1701,1,11582
22870037354628,AAPL,3233289,3233300,11,5940,14,541,110,4202
22870037354628,AMZN,18542189,18542200,11,523015,40,740,276,7569
22870037354628,GOOGL,14419989,14420000,11,597521,80,592,25,8408
22870037354628,MSFT,14328289,14328600,311,100,21,409,115,3943
22870037354628,TSLA,636059989,636060000,11,391109,50,1708,1,11611
22880541844205,AAPL,3233389,3233400,11,1100,154,548,109,4208
22880541844205,AMZN,18542189,18542200,11,525885,40,746,277,7609
22880541844205,GOOGL,14419989,14420000,11,600305,80,595,25,8454
22880541844205,MSFT,14328585,14328600,15,100,6,415,115,3944
22880541844205,TSLA,636059989,636060000,11,395095,50,1711,1,11641
22890022089704,AAPL,3233389,3233400,11,2000,139,548,111,4218
22890022089704,AMZN,18542189,18542200,11,527770,40,750,276,7626
22890022089704,GOOGL,14419989,14420000,11,603657,80,595,25,8504
22890022089704,MSFT,14329332,14329600,268,100,6,427,112,3946
22890022089704,TSLA,636059989,636060000,11,398544,50,1712,1,11669
22900124129352,AAPL,3233389,3233400,11,3040,124,550,112,4229
22900124129352,AMZN,18542189,18542200,11,532300,40,756,274,7678
22900124129352,GOOGL,14419989,14420000,11,605870,80,595,25,8531
22900124129352,MSFT,14329573,14329600,27,100,6,431,112,3946
22900124129352,TSLA,636059989,636060000,11,402729,50,1711,1,11690
22910024943375,AAPL,3233389,3233400,11,3740,109,549,112,4234
22910024943375,AMZN,18542189,18542200,11,537100,40,761,272,7737
22910024943375,GOOGL,14419989,14420000,11,607481,80,595,25,8557
22910024943375,MSFT,14331560,14331600,40,100,6,441,110,3949
22910024943375,TSLA,636059989,636060000,11,405328,50,1711,1,11701
22920136938206,AAPL,3233389,3233400,11,4340,109,549,112,4236
22920136938206,AMZN,18542189,18542200,11,540800,40,765,270,7783
22920136938206,GOOGL,14419989,14420000,11,609652,80,596,25,8591
22920136938206,MSFT,14332939,14333400,461,100,6,449,108,3949
22920136938206,TSLA,636059989,636060000,11,407312,50,1712,1,11708
22930073748209,AAPL,3233389,3233400,11,5440,64,549,112,4238
22930073748209,AMZN,18542189,18542200,11,544640,40,767,270,7831
22930073748209,GOOGL,14419989,14420000,11,612705,80,596,25,8635
22930073748209,MSFT,14334175,14334200,25,100,6,458,107,3953
22930073748209,TSLA,636059989,636060000,11,409802,50,1712,1,11723
22940182788941,AAPL,3233739,3234100,361,100,89,550,110,4250
22940182788941,AMZN,18542189,18542200,11,548740,40,769,267,7879
22940182788941,GOOGL,14419989,14420000,11,614884,80,596,25,8661
22940182788941,MSFT,14335039,14335100,61,100,17,472,105,3956
22940182788941,TSLA,636059989,636060000,11,412756,50,1714,1,11747
22950369955401,AAPL,3234164,3234200,36,100,99,561,111,4262
22950369955401,AMZN,18542189,18542200,11,550200,40,769,266,7893
22950369955401,GOOGL,14419989,14420000,11,617036,80,599,25,8694
22950369955401,MSFT,14335083,14335100,17,100,2,475,105,3957
22950369955401,TSLA,636059989,636060000,11,414641,50,1714,1,11757
22960117274484,AAPL,3234189,3234200,11,1040,69,567,111,4271
22960117274484,AMZN,18542189,18542200,11,553900,40,773,263,7930
22960117274484,GOOGL,14419989,14420000,11,618993,80,599,25,8723
22960117274484,MSFT,14335086,14335100,14,100,2,476,105,3957
22960117274484,TSLA,636059989,636060000,11,416126,50,1713,1,11759
22970411290540,AAPL,3234189,3234200,11,1380,69,568,111,4274
22970411290540,AMZN,18542189,18542200,11,558200,40,777,263,7964
22970411290540,GOOGL,14419989,14420000,11,620693,80,599,25,8748
22970411290540,MSFT,14335086,14335100,14,100,2,476,105,3957
22970411290540,TSLA,636059989,636060000,11,417220,50,1713,1,11763
22980075993192,AAPL,3234189,3234200,11,2280,39,568,111,4277
22980075993192,AMZN,18542189,18542200,11,559700,40,776,262,7981
22980075993192,GOOGL,14419989,14420000,11,622219,80,599,25,8774
22980075993192,MSFT,14335089,14335100,11,400,2,478,106,3959
22980075993192,TSLA,636059989,636060000,11,419595,50,1714,1,11779
22990041948713,AAPL,3234277,3234300,23,100,394,572,110,4282
22990041948713,AMZN,18542189,18542200,11,563230,40,777,258,8016
22990041948713,GOOGL,14419989,14420000,11,623560,80,599,25,8794
22990041948713,MSFT,14335089,14335100,11,1200,2,479,106,3961
22990041948713,TSLA,636059989,636060000,11,420695,50,1713,1,11785
23000151385288,AAPL,3234289,3234300,11,1670,379,578,110,4288
23000151385288,AMZN,18542189,18542200,11,567089,40,782,256,8059
23000151385288,GOOGL,14419989,14420000,11,625170,80,599,25,8821
23000151385288,MSFT,14335089,14335100,11,3770,2,485,106,3977
23000151385288,TSLA,636059989,636060000,11,423590,50,1714,1,11804
23010106067595,AAPL,3234289,3234300,11,2120,364,578,110,4291
23010106067595,AMZN,18542189,18542200,11,569354,40,783,253,8087
23010106067595,GOOGL,14419989,14420000,11,626478,80,598,25,8834
23010106067595,MSFT,14335089,14335100,11,4870,2,487,106,3985
23010106067595,TSLA,636059989,636060000,11,425690,50,1715,1,11829
23020204131370,AAPL,3234289,3234300,11,2560,349,578,110,4293
23020204131370,AMZN,18542189,18542200,11,572064,40,789,253,8122
23020204131370,GOOGL,14419989,14420000,11,627403,80,599,25,8849
23020204131370,MSFT,14335089,14335100,11,5955,2,488,107,3990
23020204131370,TSLA,636059989,636060000,11,426590,50,1715,1,11836
23030196281953,AAPL,3234289,3234300,11,2960,334,579,110,4296
23030196281953,AMZN,18542189,18542200,11,574260,40,790,253,8139
23030196281953,GOOGL,14419989,14420000,11,628785,80,600,25,8873
23030196281953,MSFT,14335489,14335500,11,500,2,498,107,4006
23030196281953,TSLA,636059989,636060000,11,427776,50,1715,1,11843
23040038645921,AAPL,3234289,3234300,11,3073,334,579,110,4297
23040038645921,AMZN,18542189,18542200,11,574805,40,791,253,8146
23040038645921,GOOGL,14419989,14420000,11,630055,80,600,24,8892
23040038645921,MSFT,14335489,14335500,11,1400,2,500,107,4016
23040038645921,TSLA,636059989,636060000,11,429061,50,1716,1,11854
23050839065705,AAPL,3234289,3234300,11,3473,319,579,110,4302
23050839065705,AMZN,18542189,18542200,11,576715,40,791,253,8168
23050839065705,GOOGL,14419989,14420000,11,630510,80,600,24,8899
23050839065705,MSFT,14346717,14349600,2883,100,2,507,105,4024
23050839065705,TSLA,636059989,636060000,11,431346,50,1717,1,11871
23060841830245,AAPL,3234289,3234300,11,4543,319,580,110,4311
23060841830245,AMZN,18542189,18542200,11,578915,40,793,253,8202
23060841830245,GOOGL,14419989,14420000,11,630710,80,600,24,8901
23060841830245,MSFT,14349587,14349600,13,100,2,517,105,4024
23060841830245,TSLA,636059989,636060000,11,432975,50,1717,1,11880
23070630106427,AAPL,3234289,3234300,11,4543,319,580,110,4311
23070630106427,AMZN,18542189,18542200,11,579015,40,793,253,8202
23070630106427,GOOGL,14419989,14420000,11,630810,80,600,23,8901
23070630106427,MSFT,14349578,14349600,22,100,2,515,105,4022
23070630106427,TSLA,636059989,636060000,11,433170,50,1718,1,11883
23080210032887,AAPL,3234289,3234300,11,4943,289,580,110,4312
23080210032887,AMZN,18542189,18542200,11,581650,40,795,252,8227
23080210032887,GOOGL,14419989,14420000,11,631828,80,600,23,8916
23080210032887,MSFT,14349589,14349600,11,200,2,519,105,4024
23080210032887,TSLA,636059989,636060000,11,433965,50,1720,1,11887
23090267014968,AAPL,3234289,3234300,11,6363,274,581,110,4321
23090267014968,AMZN,18542189,18542200,11,586045,40,797,251,8271
23090267014968,GOOGL,14419989,14420000,11,633124,80,600,23,8935
23090267014968,MSFT,14349589,14349600,11,1085,2,519,105,4031
23090267014968,TSLA,636059989,636060000,11,435599,50,1720,1,11895
23100438288311,AAPL,3234289,3234300,11,7363,244,581,110,4325
23100438288311,AMZN,18542189,18542200,11,588570,40,799,251,8298
23100438288311,GOOGL,14419989,14420000,11,633764,80,600,23,8945
23100438288311,MSFT,14358087,14358100,13,100,2,534,104,4047
23100438288311,TSLA,636059989,636060000,11,437211,50,1721,1,11908
23110254348503,AAPL,3234289,3234300,11,8709,229,581,110,4336
23110254348503,AMZN,18542189,18542200,11,592930,40,801,251,8348
23110254348503,GOOGL,14419989,14420000,11,635212,80,600,23,8970
23110254348503,MSFT,14358089,14358100,11,1765,2,539,104,4065
23110254348503,TSLA,636059989,636060000,11,439606,50,1720,1,11923
23120034247758,AAPL,3234289,3234300,11,9609,214,581,110,4338
23120034247758,AMZN,18542189,18542200,11,597000,40,802,250,8391
23120034247758,GOOGL,14419989,14420000,11,636385,80,600,22,8981
23120034247758,MSFT,14358089,14358100,11,2965,2,539,104,4081
23120034247758,TSLA,636059989,636060000,11,441827,50,1719,1,11944
23130034377673,AAPL,3234289,3234300,11,10782,214,581,110,4342
23130034377673,AMZN,18542189,18542200,11,601740,40,804,249,8449
23130034377673,GOOGL,14419989,14420000,11,638310,80,600,21,9013
23130034377673,MSFT,14358189,14358200,11,500,2,550,103,4104
23130034377673,TSLA,636059989,636060000,11,444592,50,1720,1,11954
23140407587872,AAPL,3234289,3234300,11,13308,154,581,110,4351
23140407587872,AMZN,18542189,18542200,11,606000,40,803,248,8508
23140407587872,GOOGL,14419989,14420000,11,639750,80,602,19,9034
23140407587872,MSFT,14358189,14358200,11,4060,2,553,103,4144
23140407587872,TSLA,636059989,636060000,11,448149,50,1724,1,11971
23150323353740,AAPL,3234289,3234300,11,14374,139,581,110,4353
23150323353740,AMZN,18542189,18542200,11,610660,40,803,245,8558
23150323353740,GOOGL,14419989,14420000,11,640320,80,602,18,9042
23150323353740,MSFT,14358189,14358200,11,5560,2,554,103,4174
23150323353740,TSLA,636059989,636060000,11,450170,50,1724,1,11981
23160035868268,AAPL,3234289,3234300,11,15584,109,581,112,4362
23160035868268,AMZN,18542189,18542200,11,612800,40,803,245,8583
23160035868268,GOOGL,14419989,14420000,11,640890,80,602,18,9051
23160035868268,MSFT,14358189,14358200,11,7640,2,554,103,4203
23160035868268,TSLA,636059989,636060000,11,451935,50,1725,1,11986
23170016929577,AAPL,3234289,3234300,11,18394,49,581,114,4376
23170016929577,AMZN,18542189,18542200,11,615985,40,802,243,8622
23170016929577,GOOGL,14419989,14420000,11,642115,80,602,17,9070
23170016929577,MSFT,14358189,14358200,11,8317,2,554,103,4214
23170016929577,TSLA,636059989,636060000,11,452721,50,1724,1,11987
23180403062771,AAPL,3234289,3234300,11,19834,19,581,114,4382
23180403062771,AMZN,18542189,18542200,11,618705,40,801,243,8653
23180403062771,GOOGL,14419989,14420000,11,642585,80,602,17,9077
23180403062771,MSFT,14358189,14358200,11,9312,2,555,103,4230
23180403062771,TSLA,636059989,636060000,11,453486,50,1725,1,11990
23190659777779,AAPL,3234289,3234300,11,20274,4,581,114,4384
23190659777779,AMZN,18542189,18542200,11,621350,40,802,242,8674
23190659777779,GOOGL,14419989,14420000,11,643726,80,602,17,9093
23190659777779,MSFT,14358189,14358200,11,9478,2,555,103,4232
23190659777779,TSLA,636059989,636060000,11,454086,50,1725,1,11992
23201111825964,AAPL,3234364,3234400,36,100,289,583,114,4393
23201111825964,AMZN,18542189,18542200,11,623000,40,804,241,8690
23201111825964,GOOGL,14419989,14420000,11,644726,80,603,17,9106
23201111825964,MSFT,14358189,14358200,11,10210,2,555,103,4239
23201111825964,TSLA,636059989,636060000,11,455610,50,1727,1,12006
23210023449763,AAPL,3234377,3234400,23,100,289,584,114,4393
23210023449763,AMZN,18542189,18542200,11,624080,40,804,241,8696
23210023449763,GOOGL,14419989,14420000,11,645289,80,603,17,9114
23210023449763,MSFT,14358189,14358200,11,11477,2,557,104,4263
23210023449763,TSLA,636059989,636060000,11,457081,50,1730,1,12012
23220273384135,AAPL,3234389,3234400,11,530,274,588,114,4402
23220273384135,AMZN,18542189,18542200,11,625425,40,805,241,8703
23220273384135,GOOGL,14419989,14420000,11,646218,80,603,17,9126
23220273384135,MSFT,14358189,14358200,11,11977,2,557,104,4271
23220273384135,TSLA,636059989,636060000,11,458548,50,1731,1,12027
23230903783834,AAPL,3234389,3234400,11,1072,274,589,114,4407
23230903783834,AMZN,18542189,18542200,11,626025,40,807,241,8707
23230903783834,GOOGL,14419989,14420000,11,646558,80,603,17,9129
23230903783834,MSFT,14358189,14358200,11,12377,2,557,105,4277
23230903783834,TSLA,636059989,636060000,11,459208,50,1731,1,12032
23240068039612,AAPL,3234389,3234400,11,1852,274,590,114,4418
23240068039612,AMZN,18542189,18542200,11,628860,40,809,240,8729
23240068039612,GOOGL,14419989,14420000,11,647485,80,603,17,9143
23240068039612,MSFT,14358489,14358800,311,100,2,558,104,4301
23240068039612,TSLA,636059989,636060000,11,461315,50,1733,1,12044
23250229499803,AAPL,3234389,3234400,11,2522,274,591,114,4427
23250229499803,AMZN,18542189,18542200,11,631145,40,812,240,8742
23250229499803,GOOGL,14419989,14420000,11,648847,80,603,17,9164
23250229499803,MSFT,14358789,14358800,11,700,2,568,104,4319
23250229499803,TSLA,636059989,636060000,11,462682,50,1733,1,12055
23260284183764,AAPL,3234389,3234400,11,3422,259,592,114,4436
23260284183764,AMZN,18542189,18542200,11,634955,40,814,240,8769
23260284183764,GOOGL,14419989,14420000,11,650361,80,604,17,9189
23260284183764,MSFT,14358789,14358800,11,1600,2,569,104,4331
23260284183764,TSLA,636059989,636060000,11,465252,50,1737,1,12080
23271629363410,AAPL,3234389,3234400,11,4022,229,592,114,4441
23271629363410,AMZN,18542189,18542200,11,635940,40,814,240,8781
23271629363410,GOOGL,14419989,14420000,11,651090,80,605,17,9199
23271629363410,MSFT,14358789,14358800,11,2085,2,569,104,4336
23271629363410,TSLA,636059989,636060000,11,466537,50,1737,1,12093
23280200769447,AAPL,3234389,3234400,11,4222,229,592,114,4444
23280200769447,AMZN,18542189,18542200,11,636825,40,814,240,8785
23280200769447,GOOGL,14419989,14420000,11,651789,80,605,17,9211
23280200769447,MSFT,14358789,14358800,11,2485,2,569,104,4342
23280200769447,TSLA,636059989,636060000,11,467421,50,1739,1,12098
23290735212856,AAPL,3234389,3234400,11,4532,229,592,114,4446
23290735212856,AMZN,18542189,18542200,11,638499,40,815,239,8794
23290735212856,GOOGL,14419989,14420000,11,652544,80,606,17,9224
23290735212856,MSFT,14358789,14358800,11,2985,2,569,104,4352
23290735212856,TSLA,636059989,636060000,11,468405,50,1739,1,12105
23300882044819,AAPL,3234389,3234400,11,5092,214,594,114,4451
23300882044819,AMZN,18542189,18542200,11,640123,40,817,238,8807
23300882044819,GOOGL,14419989,14420000,11,653729,80,606,17,9242
23300882044819,MSFT,14359487,14359500,13,100,17,577,103,4356
23300882044819,TSLA,636059989,636060000,11,469073,50,1739,1,12109
23310068257957,AAPL,3234389,3234400,11,5332,214,594,114,4455
23310068257957,AMZN,18542189,18542200,11,641398,40,820,238,8821
23310068257957,GOOGL,14419989,14420000,11,654239,80,606,17,9247
23310068257957,MSFT,14359489,14359500,11,455,17,578,103,4360
23310068257957,TSLA,636059989,636060000,11,470407,50,1739,1,12120
23320330728242,AAPL,3234389,3234400,11,6132,184,593,114,4459
23320330728242,AMZN,18542189,18542200,11,642097,40,820,238,8828
23320330728242,GOOGL,14419989,14420000,11,655642,80,607,17,9269
23320330728242,MSFT,14359489,14359500,11,1555,17,578,103,4371
23320330728242,TSLA,636059989,636060000,11,473192,50,1739,1,12145
23330130199863,AAPL,3234389,3234400,11,8102,184,593,116,4479
23330130199863,AMZN,18542189,18542200,11,643798,40,822,237,8844
23330130199863,GOOGL,14419989,14420000,11,656516,80,608,17,9285
23330130199863,MSFT,14359489,14359500,11,1955,17,580,103,4376
23330130199863,TSLA,636059989,636060000,11,475477,50,1745,1,12170
23340376602372,AAPL,3234389,3234400,11,9842,109,594,115,4491
23340376602372,AMZN,18542189,18542200,11,644838,40,822,236,8856
23340376602372,GOOGL,14419989,14420000,11,658123,80,608,17,9311
23340376602372,MSFT,14359489,14359500,11,2755,17,581,103,4381
23340376602372,TSLA,636059989,636060000,11,477762,50,1747,1,12186
23350977881487,AAPL,3234389,3234400,11,10752,109,595,115,4499
23350977881487,AMZN,18542189,18542200,11,646333,40,827,236,8877
23350977881487,GOOGL,14419989,14420000,11,658767,80,609,17,9320
23350977881487,MSFT,14359489,14359500,11,2955,17,581,103,4381
23350977881487,TSLA,636059989,636060000,11,480395,50,1750,1,12206
23360391925772,AAPL,3234389,3234400,11,11452,109,597,116,4509
23360391925772,AMZN,18542189,18542200,11,647158,40,828,236,8887
23360391925772,GOOGL,14419989,14420000,11,659292,80,610,17,9326
23360391925772,MSFT,14359489,14359500,11,3055,17,581,103,4380
23360391925772,TSLA,636059989,636060000,11,482619,50,1751,1,12225
23370823655967,AAPL,3234389,3234400,11,12322,109,597,116,4521
23370823655967,AMZN,18542189,18542200,11,647798,40,829,236,8898
23370823655967,GOOGL,14419989,14420000,11,660391,80,610,17,9342
23370823655967,MSFT,14360288,14360300,12,100,60,595,101,4381
23370823655967,TSLA,636059989,636060000,11,484542,50,1752,1,12241
23380251433094,AAPL,3234389,3234400,11,14162,79,599,116,4542
23380251433094,AMZN,18542189,18542200,11,648488,40,830,235,8905
23380251433094,GOOGL,14419989,14420000,11,661252,80,610,17,9353
23380251433094,MSFT,14360289,14360300,11,1300,30,596,102,4384
23380251433094,TSLA,636059989,636060000,11,487627,50,1753,1,12263
23390051505738,AAPL,3234389,3234400,11,14734,64,599,116,4549
23390051505738,AMZN,18542189,18542200,11,648788,40,830,236,8910
23390051505738,GOOGL,14419989,14420000,11,662155,80,610,17,9363
23390051505738,MSFT,14360289,14360300,11,2400,30,598,102,4388
23390051505738,TSLA,636059989,636060000,11,490770,50,1756,1,12290
23400151072807,AAPL,3234389,3234400,11,16204,25,599,116,4560
23400151072807,AMZN,18542189,18542200,11,648988,40,831,236,8914
23400151072807,GOOGL,14419989,14420000,11,663114,80,611,17,9377
23400151072807,MSFT,14360289,14360300,11,2500,30,598,102,4388
23400151072807,TSLA,636059989,636060000,11,492136,50,1755,1,12303
23410026091267,AAPL,3235289,3235300,11,860,380,612,115,4587
23410026091267,AMZN,18542189,18542200,11,650624,40,831,236,8926
23410026091267,GOOGL,14419989,14420000,11,665413,80,615,17,9413
23410026091267,MSFT,14360289,14360300,11,3200,14,598,102,4391
23410026091267,TSLA,636059989,636060000,11,496372,50,1758,1,12342
23420047319870,AAPL,3235289,3235300,11,2283,365,611,115,4598
23420047319870,AMZN,18542189,18542200,11,651724,40,831,235,8931
23420047319870,GOOGL,14419989,14420000,11,666453,80,615,17,9430
23420047319870,MSFT,14361077,14361100,23,100,29,606,101,4397
23420047319870,TSLA,636059989,636060000,11,498809,50,1764,1,12366
23430183748886,AAPL,3235289,3235300,11,4883,290,609,115,4620
23430183748886,AMZN,18542189,18542200,11,652964,40,832,234,8941
23430183748886,GOOGL,14419989,14420000,11,668500,80,617,17,9469
23430183748886,MSFT,14361089,14361100,11,100,29,610,101,4398
23430183748886,TSLA,636059989,636060000,11,502665,50,1767,1,12401
23440018502746,AAPL,3235289,3235300,11,5943,275,608,115,4632
23440018502746,AMZN,18542189,18542200,11,654219,40,832,234,8951
23440018502746,GOOGL,14419989,14420000,11,671285,80,620,17,9520
23440018502746,MSFT,14361089,14361100,11,600,29,612,101,4406
23440018502746,TSLA,636059989,636060000,11,505907,50,1771,1,12427
23450139581919,AAPL,3235289,3235300,11,7743,275,608,116,4646
23450139581919,AMZN,18542189,18542200,11,655719,40,836,234,8972
23450139581919,GOOGL,14419989,14420000,11,673000,80,623,17,9548
23450139581919,MSFT,14361089,14361100,11,1380,29,613,101,4409
23450139581919,TSLA,636059989,636060000,11,509818,50,1777,1,12463
23460098585019,AAPL,3235289,3235300,11,8713,260,608,116,4652
23460098585019,AMZN,18542189,18542200,11,656789,40,838,234,8980
23460098585019,GOOGL,14419989,14420000,11,675181,80,627,17,9585
23460098585019,MSFT,14361089,14361100,11,1850,29,614,101,4413
23460098585019,TSLA,636059989,636060000,11,512673,50,1779,1,12486
23470322334995,AAPL,3235289,3235300,11,9453,216,609,116,4656
23470322334995,AMZN,18542189,18542200,11,658679,40,837,234,8998
23470322334995,GOOGL,14419989,14420000,11,677041,80,630,17,9616
23470322334995,MSFT,14361089,14361100,11,2050,29,614,101,4413
23470322334995,TSLA,636059989,636060000,11,516837,50,1780,1,12514
23480216476206,AAPL,3235289,3235300,11,10353,201,609,116,4658
23480216476206,AMZN,18542189,18542200,11,660159,40,841,234,9016
23480216476206,GOOGL,14419989,14420000,11,678719,80,633,17,9645
23480216476206,MSFT,14361089,14361100,11,2050,29,614,101,4413
23480216476206,TSLA,636059989,636060000,11,521138,50,1779,1,12542
23490518498963,AAPL,3235289,3235300,11,11393,186,609,116,4663
23490518498963,AMZN,18542189,18542200,11,661539,40,843,233,9034
23490518498963,GOOGL,14419989,14420000,11,679426,80,634,17,9655
23490518498963,MSFT,14361089,14361100,11,2950,29,615,101,4425
23490518498963,TSLA,636059989,636060000,11,523093,50,1778,1,12550
23500113776747,AAPL,3235289,3235300,11,12163,171,611,116,4669
23500113776747,AMZN,18542189,18542200,11,662364,40,843,233,9043
23500113776747,GOOGL,14419989,14420000,11,679951,80,635,17,9661
23500113776747,MSFT,14361089,14361100,11,3150,29,615,101,4429
23500113776747,TSLA,636059989,636060000,11,525243,50,1778,1,12560
23510601253004,AAPL,3235289,3235300,11,14493,171,613,117,4697
23510601253004,AMZN,18542189,18542200,11,664073,40,844,232,9057
23510601253004,GOOGL,14419989,14420000,11,680985,80,636,17,9678
23510601253004,MSFT,14361089,14361100,11,3635,29,616,101,4433
23510601253004,TSLA,636059989,636060000,11,529267,50,1784,1,12590
23522510366837,AAPL,3235289,3235300,11,15993,156,612,118,4705
23522510366837,AMZN,18542189,18542200,11,664473,40,846,232,9064
23522510366837,GOOGL,14419989,14420000,11,682310,80,636,17,9697
23522510366837,MSFT,14361089,14361100,11,3635,29,616,101,4433
23522510366837,TSLA,636059989,636060000,11,531026,50,1787,1,12610
23530329642258,AAPL,3235289,3235300,11,16693,141,612,118,4707
23530329642258,AMZN,18542189,18542200,11,665313,40,847,232,9075
23530329642258,GOOGL,14419989,14420000,11,682937,80,637,17,9704
23530329642258,MSFT,14361089,14361100,11,3935,29,617,101,4440
23530329642258,TSLA,636059989,636060000,11,533921,50,1788,1,12628
23540025325924,AAPL,3235289,3235300,11,17463,110,612,118,4709
23540025325924,AMZN,18542189,18542200,11,666618,40,851,232,9095
23540025325924,GOOGL,14419989,14420000,11,684350,80,639,17,9723
23540025325924,MSFT,14361089,14361100,11,4635,29,617,101,4444
23540025325924,TSLA,636059989,636060000,11,536750,50,1787,1,12637
23550265088520,AAPL,3235289,3235300,11,18163,110,612,117,4709
23550265088520,AMZN,18542189,18542200,11,667578,40,853,231,9106
23550265088520,GOOGL,14419989,14420000,11,687050,80,645,17,9768
23550265088520,MSFT,14361089,14361100,11,5435,29,618,102,4451
23550265088520,TSLA,636059989,636060000,11,541339,50,1789,1,12666
23560481220078,AAPL,3235289,3235300,11,18663,110,612,117,4710
23560481220078,AMZN,18542189,18542200,11,668378,40,853,231,9116
23560481220078,GOOGL,14419989,14420000,11,688485,80,646,17,9790
23560481220078,MSFT,14361089,14361100,11,5735,29,618,102,4455
23560481220078,TSLA,636059989,636060000,11,543495,50,1788,1,12676
23570245835310,AAPL,3235289,3235300,11,19403,110,612,116,4714
23570245835310,AMZN,18542189,18542200,11,668878,40,852,231,9120
23570245835310,GOOGL,14419989,14420000,11,689286,80,646,17,9801
23570245835310,MSFT,14361089,14361100,11,5935,29,618,102,4458
23570245835310,TSLA,636059989,636060000,11,544690,50,1789,1,12682
23580154575073,AAPL,3235289,3235300,11,19903,110,612,117,4718
23580154575073,AMZN,18542189,18542200,11,670433,40,853,228,9130
23580154575073,GOOGL,14419989,14420000,11,692813,80,648,17,9857
23580154575073,MSFT,14361089,14361100,11,6110,29,618,102,4460
23580154575073,TSLA,636059989,636060000,11,546790,50,1788,1,12690
23590207764872,AAPL,3235289,3235300,11,20073,110,612,117,4718
23590207764872,AMZN,18542189,18542200,11,670913,40,852,228,9134
23590207764872,GOOGL,14419989,14420000,11,693606,80,649,17,9869
23590207764872,MSFT,14361089,14361100,11,6440,29,618,102,4463
23590207764872,TSLA,636059989,636060000,11,547865,50,1790,1,12699
23600991114126,AAPL,3235289,3235300,11,20373,110,613,118,4723
23600991114126,AMZN,18542189,18542200,11,671113,40,852,228,9137
23600991114126,GOOGL,14419989,14420000,11,693985,80,649,17,9872
23600991114126,MSFT,14361089,14361100,11,6440,29,618,102,4463
23600991114126,TSLA,636059989,636060000,11,548523,50,1790,1,12704
23610136824623,AAPL,3235289,3235300,11,20573,110,613,118,4725
23610136824623,AMZN,18542189,18542200,11,671813,40,854,228,9143
23610136824623,GOOGL,14419989,14420000,11,694455,80,649,17,9880
23610136824623,MSFT,14361089,14361100,11,6640,29,618,103,4465
23610136824623,TSLA,636059989,636060000,11,548737,50,1790,1,12707
23620090541437,AAPL,3235289,3235300,11,21433,80,613,118,4729
23620090541437,AMZN,18542189,18542200,11,672313,40,854,228,9150
23620090541437,GOOGL,14419989,14420000,11,694740,80,649,17,9885
23620090541437,MSFT,14361089,14361100,11,6740,29,618,103,4467
23620090541437,TSLA,636059989,636060000,11,549060,50,1791,1,12712
23630069364469,AAPL,3235289,3235300,11,22233,20,613,118,4733
23630069364469,AMZN,18542189,18542200,11,672552,40,854,227,9151
23630069364469,GOOGL,14419989,14420000,11,695495,80,649,17,9897
23630069364469,MSFT,14361089,14361100,11,6940,29,618,103,4468
23630069364469,TSLA,636059989,636060000,11,551427,50,1794,1,12735
23640196197781,AAPL,3235289,3235300,11,23073,20,613,118,4741
23640196197781,AMZN,18542189,18542200,11,673124,40,855,227,9159
23640196197781,GOOGL,14419989,14420000,11,695970,80,649,17,9902
23640196197781,MSFT,14361089,14361100,11,7240,29,618,103,4471
23640196197781,TSLA,636059989,636060000,11,552250,50,1795,1,12745
23650152404288,AAPL,3235289,3235300,11,23503,20,613,118,4743
23650152404288,AMZN,18542189,18542200,11,673252,40,855,227,9159
23650152404288,GOOGL,14419989,14420000,11,696603,80,649,17,9913
23650152404288,MSFT,14361089,14361100,11,7440,29,618,103,4471
23650152404288,TSLA,636059989,636060000,11,553990,50,1796,1,12762
23660261598452,AAPL,3235289,3235300,11,24473,5,613,118,4750
23660261598452,AMZN,18542189,18542200,11,673752,40,854,227,9164
23660261598452,GOOGL,14419989,14420000,11,697600,80,649,17,9928
23660261598452,MSFT,14361089,14361100,11,7840,29,618,103,4479
23660261598452,TSLA,636059989,636060000,11,557175,50,1798,1,12797
23670393196249,AAPL,3235389,3235400,11,632,475,620,117,4760
23670393196249,AMZN,18542189,18542200,11,674142,40,854,227,9169
23670393196249,GOOGL,14419989,14420000,11,698185,80,649,17,9938
23670393196249,MSFT,14361089,14361100,11,8376,29,620,103,4483
23670393196249,TSLA,636059989,636060000,11,558877,50,1799,1,12815
23681086980899,AAPL,3235389,3235400,11,702,475,620,117,4761
23681086980899,AMZN,18542189,18542200,11,674592,40,852,227,9171
23681086980899,GOOGL,14419989,14420000,11,698740,80,649,17,9947
23681086980899,MSFT,14361089,14361100,11,8576,29,620,103,4482
23681086980899,TSLA,636059989,636060000,11,560646,50,1800,1,12834
23690287508078,AAPL,3235389,3235400,11,1602,460,620,117,4770
23690287508078,AMZN,18542189,18542200,11,674772,40,852,227,9172
23690287508078,GOOGL,14419989,14420000,11,699058,80,649,17,9950
23690287508078,MSFT,14361089,14361100,11,9407,29,620,104,4493
23690287508078,TSLA,636059989,636060000,11,561852,50,1801,1,12844
23701176993619,AAPL,3235389,3235400,11,1972,460,620,117,4770
23701176993619,AMZN,18542189,18542200,11,675032,40,851,227,9173
23701176993619,GOOGL,14419989,14420000,11,699813,80,649,17,9963
23701176993619,MSFT,14361389,14361400,11,100,7,629,104,4500
23701176993619,TSLA,636059989,636060000,11,565296,50,1803,1,12876
23710320119145,AAPL,3235389,3235400,11,3342,393,621,118,4781
23710320119145,AMZN,18542189,18542200,11,675292,40,851,227,9177
23710320119145,GOOGL,14419989,14420000,11,700800,80,649,17,9979
23710320119145,MSFT,14361389,14361400,11,885,7,630,104,4506
23710320119145,TSLA,636059989,636060000,11,566849,50,1804,1,12895
23720773781544,AAPL,3235389,3235400,11,4244,356,621,117,4783
23720773781544,AMZN,18542189,18542200,11,676941,40,852,227,9196
23720773781544,GOOGL,14419989,14420000,11,701185,80,648,17,9984
23720773781544,MSFT,14361389,14361400,11,1285,7,632,104,4512
23720773781544,TSLA,636059989,636060000,11,569435,50,1807,1,12927
23730321913267,AAPL,3235389,3235400,11,4744,356,621,117,4785
23730321913267,AMZN,18542189,18542200,11,678081,40,852,227,9204
23730321913267,GOOGL,14419989,14420000,11,701518,80,649,17,9989
23730321913267,MSFT,14361389,14361400,11,1185,7,631,104,4513
23730321913267,TSLA,636059989,636060000,11,570375,50,1810,1,12942
23740118683377,AAPL,3235389,3235400,11,5144,341,621,117,4788
23740118683377,AMZN,18542189,18542200,11,679556,40,855,227,9222
23740118683377,GOOGL,14419989,14420000,11,702121,80,649,17,9997
23740118683377,MSFT,14361536,14361600,64,100,7,636,102,4518
23740118683377,TSLA,636059989,636060000,11,574159,50,1814,1,12981
23750387717513,AAPL,3235389,3235400,11,5844,326,621,117,4792
23750387717513,AMZN,18542189,18542200,11,680756,40,859,227,9243
23750387717513,GOOGL,14419989,14420000,11,702598,80,649,17,10001
23750387717513,MSFT,14361588,14361600,12,100,7,641,102,4519
23750387717513,TSLA,636059989,636060000,11,576245,50,1813,1,13007
23760027122468,AAPL,3235389,3235400,11,6544,326,620,117,4793
23760027122468,AMZN,18542189,18542200,11,681816,40,858,228,9257
23760027122468,GOOGL,14419989,14420000,11,703068,80,649,17,10008
23760027122468,MSFT,14361589,14361600,11,852,7,643,102,4523
23760027122468,TSLA,636059989,636060000,11,578770,50,1813,1,13040
23770856009154,AAPL,3235389,3235400,11,6744,326,621,117,4795
23770856009154,AMZN,18542189,18542200,11,682196,40,858,228,9262
23770856009154,GOOGL,14419989,14420000,11,703153,80,649,17,10009
23770856009154,MSFT,14361589,14361600,11,1252,7,643,102,4529
23770856009154,TSLA,636059989,636060000,11,578970,50,1813,1,13044
23781053050253,AAPL,3235389,3235400,11,6944,326,621,117,4795
23781053050253,AMZN,18542189,18542200,11,683281,40,859,228,9272
23781053050253,GOOGL,14419989,14420000,11,703992,80,649,17,10022
23781053050253,MSFT,14361589,14361600,11,1717,7,643,102,4533
23781053050253,TSLA,636059989,636060000,11,580188,50,1815,1,13052
23791141227977,AAPL,3235389,3235400,11,7744,281,621,117,4799
23791141227977,AMZN,18542189,18542200,11,685611,40,865,227,9300
23791141227977,GOOGL,14419989,14420000,11,704516,80,649,17,10029
23791141227977,MSFT,14361589,14361600,11,2117,7,643,102,4534
23791141227977,TSLA,636059989,636060000,11,581200,50,1817,1,13057
23800149834550,AAPL,3235389,3235400,11,7844,281,621,117,4799
23800149834550,AMZN,18542189,18542200,11,686296,40,867,227,9311
23800149834550,GOOGL,14419989,14420000,11,704901,80,649,17,10036
23800149834550,MSFT,14362077,14362200,123,100,7,647,100,4537
23800149834550,TSLA,636059989,636060000,11,582155,50,1817,1,13068
23811163946701,AAPL,3235389,3235400,11,8044,281,621,117,4799
23811163946701,AMZN,18542189,18542200,11,687576,40,869,227,9325
23811163946701,GOOGL,14419989,14420000,11,705541,80,649,17,10046
23811163946701,MSFT,14362133,14362200,67,100,7,648,100,4537
23811163946701,TSLA,636059989,636060000,11,583976,50,1821,1,13083
23820143582322,AAPL,3235389,3235400,11,9844,206,621,118,4812
23820143582322,AMZN,18542189,18542200,11,688348,40,869,227,9335
23820143582322,GOOGL,14419989,14420000,11,706180,80,649,17,10054
23820143582322,MSFT,14362508,14362600,92,100,7,656,99,4538
23820143582322,TSLA,636059989,636060000,11,585536,50,1823,1,13097
23831167633841,AAPL,3235389,3235400,11,10514,176,622,118,4816
23831167633841,AMZN,18542189,18542200,11,689548,40,875,227,9353
23831167633841,GOOGL,14419989,14420000,11,706850,80,649,17,10066
23831167633841,MSFT,14362589,14362600,11,1000,7,665,99,4548
23831167633841,TSLA,636059989,636060000,11,588280,50,1824,1,13118
23840397623781,AAPL,3235389,3235400,11,11314,146,622,119,4821
23840397623781,AMZN,18542189,18542200,11,690248,40,876,227,9367
23840397623781,GOOGL,14419989,14420000,11,707105,80,649,17,10070
23840397623781,MSFT,14362589,14362600,11,1500,7,665,99,4551
23840397623781,TSLA,636059989,636060000,11,590319,50,1826,1,13139
23850043087285,AAPL,3235389,3235400,11,12514,86,622,120,4826
23850043087285,AMZN,18542189,18542200,11,690893,40,878,226,9376
23850043087285,GOOGL,14419989,14420000,11,708515,80,648,16,10086
23850043087285,MSFT,14362589,14362600,11,1690,7,665,100,4553
23850043087285,TSLA,636059989,636060000,11,593061,50,1831,1,13158
23860019948083,AAPL,3235389,3235400,11,12514,86,622,120,4826
23860019948083,AMZN,18542189,18542200,11,691933,40,881,226,9394
23860019948083,GOOGL,14419989,14420000,11,709185,80,648,16,10097
23860019948083,MSFT,14362911,14363000,89,100,7,670,98,4554
23860019948083,TSLA,636059989,636060000,11,595317,50,1832,1,13174
23870095887346,AAPL,3235389,3235400,11,12914,56,622,120,4828
23870095887346,AMZN,18542189,18542200,11,692893,40,883,226,9406
23870095887346,GOOGL,14419989,14420000,11,709810,80,648,16,10106
23870095887346,MSFT,14363189,14363300,111,100,7,682,96,4559
23870095887346,TSLA,636059989,636060000,11,597017,50,1837,1,13189
23880126865191,AAPL,3236261,3236300,39,100,81,628,120,4836
23880126865191,AMZN,18542189,18542200,11,693553,40,883,226,9415
23880126865191,GOOGL,14419989,14420000,11,710365,80,648,16,10114
23880126865191,MSFT,14363283,14363300,17,100,7,686,96,4560
23880126865191,TSLA,636059989,636060000,11,599771,50,1843,1,13217
23890123691515,AAPL,3236289,3236300,11,1200,6,633,122,4845
23890123691515,AMZN,18542189,18542200,11,693745,40,883,226,9417
23890123691515,GOOGL,14419989,14420000,11,711158,80,648,16,10124
23890123691515,MSFT,14363483,14363600,117,100,5,693,94,4560
23890123691515,TSLA,636059989,636060000,11,600854,50,1844,1,13225
23900326640881,AAPL,3236389,3236400,11,900,131,640,123,4852
23900326640881,AMZN,18542189,18542200,11,694885,40,884,226,9430
23900326640881,GOOGL,14419989,14420000,11,711613,80,648,16,10131
23900326640881,MSFT,14363583,14363600,17,100,5,697,94,4561
23900326640881,TSLA,636059989,636060000,11,601496,50,1844,1,13232
23910754996354,AAPL,3236389,3236400,11,2100,86,640,123,4857
23910754996354,AMZN,18542189,18542200,11,695325,40,884,226,9436
23910754996354,GOOGL,14419989,14420000,11,712138,80,648,16,10137
23910754996354,MSFT,14363832,14363900,68,100,5,707,91,4566
23910754996354,TSLA,636059989,636060000,11,602164,50,1845,1,13241
23920743895319,AAPL,3236389,3236400,11,3100,41,639,123,4859
23920743895319,AMZN,18542189,18542200,11,695825,40,884,226,9442
23920743895319,GOOGL,14419989,14420000,11,713163,80,648,16,10153
23920743895319,MSFT,14364189,14364200,11,100,5,720,90,4569
23920743895319,TSLA,636059989,636060000,11,602851,50,1846,1,13252
23930518378913,AAPL,3236389,3236400,11,3500,41,639,123,4860
23930518378913,AMZN,18542189,18542200,11,696865,40,884,226,9457
23930518378913,GOOGL,14419989,14420000,11,713433,80,648,16,10157
23930518378913,MSFT,14364189,14364200,11,200,5,720,90,4568
23930518378913,TSLA,636059989,636060000,11,603423,50,1846,1,13256
23940601734831,AAPL,3236389,3236400,11,3500,41,639,123,4860
23940601734831,AMZN,18542189,18542200,11,698205,40,886,226,9477
23940601734831,GOOGL,14419989,14420000,11,713903,80,648,16,10165
23940601734831,MSFT,14364189,14364200,11,1285,5,720,90,4574
23940601734831,TSLA,636059989,636060000,11,605182,50,1846,1,13269
23950337831933,AAPL,3236439,3236500,61,100,296,640,123,4864
23950337831933,AMZN,18542189,18542200,11,698905,40,888,226,9489
23950337831933,GOOGL,14419989,14420000,11,714728,80,648,16,10178
23950337831933,MSFT,14364189,14364200,11,1685,5,720,90,4576
23950337831933,TSLA,636059989,636060000,11,606952,50,1846,1,13286
23960244575000,AAPL,3236489,3236500,11,1100,221,646,124,4875
23960244575000,AMZN,18542189,18542200,11,699565,40,889,225,9496
23960244575000,GOOGL,14419989,14420000,11,715423,80,648,16,10185
23960244575000,MSFT,14364189,14364200,11,1885,5,720,91,4578
23960244575000,TSLA,636059989,636060000,11,609372,50,1849,1,13305
23972068651531,AAPL,3236489,3236500,11,2000,191,646,126,4880
23972068651531,AMZN,18542189,18542200,11,702405,40,895,223,9531
23972068651531,GOOGL,14419989,14420000,11,716303,80,648,16,10195
23972068651531,MSFT,14364286,14364300,14,100,5,726,90,4580
23972068651531,TSLA,636059989,636060000,11,610158,50,1851,1,13313
23980212201229,AAPL,3236489,3236500,11,3800,131,646,128,4890
23980212201229,AMZN,18542189,18542200,11,703720,40,893,223,9547
23980212201229,GOOGL,14419989,14420000,11,716828,80,648,16,10200
23980212201229,MSFT,14364289,14364300,11,200,5,728,90,4581
23980212201229,TSLA,636059989,636060000,11,611730,50,1855,1,13329
23990487217206,AAPL,3236489,3236500,11,5468,101,646,128,4903
23990487217206,AMZN,18542189,18542200,11,706000,40,894,225,9573
23990487217206,GOOGL,14419989,14420000,11,717583,80,648,16,10212
23990487217206,MSFT,14364289,14364300,11,1500,5,729,91,4591
23990487217206,TSLA,636059989,636060000,11,614137,50,1855,1,13345
24000032909463,AAPL,3236489,3236500,11,6068,86,646,128,4904
24000032909463,AMZN,18542189,18542200,11,708295,40,896,220,9596
24000032909463,GOOGL,14419989,14420000,11,718408,80,648,16,10225
24000032909463,MSFT,14364289,14364300,11,1700,5,729,91,4591
24000032909463,TSLA,636059989,636060000,11,615423,50,1855,1,13359
24010392229732,AAPL,3236489,3236500,11,6608,71,646,128,4910
24010392229732,AMZN,18542189,18542200,11,712000,40,897,218,9640
24010392229732,GOOGL,14419989,14420000,11,719561,80,648,16,10245
24010392229732,MSFT,14364289,14364300,11,2200,5,729,91,4595
24010392229732,TSLA,636059989,636060000,11,617077,50,1857,1,13373
24020079745460,AAPL,3236989,3237500,511,100,96,647,127,4917
24020079745460,AMZN,18542189,18542200,11,713345,40,896,218,9654
24020079745460,GOOGL,14419989,14420000,11,720301,80,648,16,10257
24020079745460,MSFT,14364289,14364300,11,2200,5,729,91,4595
24020079745460,TSLA,636059989,636060000,11,617877,50,1858,1,13381
24030540507314,AAPL,3237458,3237500,42,100,66,651,127,4920
24030540507314,AMZN,18542189,18542200,11,714875,40,897,219,9673
24030540507314,GOOGL,14419989,14420000,11,721001,80,649,16,10271
24030540507314,MSFT,14364289,14364300,11,2485,5,730,91,4598
24030540507314,TSLA,636059989,636060000,11,619747,50,1859,1,13392
24040053943667,AAPL,3237489,3237500,11,670,36,656,128,4930
24040053943667,AMZN,18542189,18542200,11,717535,40,898,218,9703
24040053943667,GOOGL,14419989,14420000,11,721712,80,649,16,10281
24040053943667,MSFT,14364289,14364300,11,2585,5,730,91,4598
24040053943667,TSLA,636059989,636060000,11,620547,50,1859,1,13395
24050377072003,AAPL,3237489,3237500,11,1780,6,656,127,4933
24050377072003,AMZN,18542189,18542200,11,720300,40,900,217,9729
24050377072003,GOOGL,14419989,14420000,11,722568,80,650,16,10296
24050377072003,MSFT,14364289,14364300,11,2585,5,730,91,4598
24050377072003,TSLA,636059989,636060000,11,622589,50,1860,1,13410
24060083155546,AAPL,3239677,3240000,323,100,468,660,126,4937
24060083155546,AMZN,18542189,18542200,11,721200,40,900,217,9737
24060083155546,GOOGL,14419989,14420000,11,723157,80,650,16,10303
24060083155546,MSFT,14364289,14364300,11,2685,5,730,91,4598
24060083155546,TSLA,636059989,636060000,11,623009,50,1860,1,13411
24070187413767,AAPL,3239989,3240000,11,100,453,669,127,4945
24070187413767,AMZN,18542189,18542200,11,722431,40,900,217,9749
24070187413767,GOOGL,14419989,14420000,11,724139,80,650,16,10319
24070187413767,MSFT,14364289,14364300,11,2883,5,730,91,4600
24070187413767,TSLA,636059989,636060000,11,624509,50,1861,1,13422
24081023968199,AAPL,3239989,3240000,11,500,453,669,127,4947
24081023968199,AMZN,18542189,18542200,11,725641,40,901,217,9781
24081023968199,GOOGL,14419989,14420000,11,724844,80,650,16,10329
24081023968199,MSFT,14364289,14364300,11,3181,5,730,91,4602
24081023968199,TSLA,636059989,636060000,11,625659,50,1861,1,13425
24090028372547,AAPL,3239989,3240000,11,861,438,669,127,4949
24090028372547,AMZN,18542189,18542200,11,727446,40,900,217,9797
24090028372547,GOOGL,14419989,14420000,11,725384,80,650,16,10336
24090028372547,MSFT,14364289,14364300,11,3281,5,730,91,4602
24090028372547,TSLA,636059989,636060000,11,626359,50,1861,1,13430
24100080954422,AAPL,3239989,3240000,11,1861,408,669,127,4952
24100080954422,AMZN,18542189,18542200,11,729181,40,900,217,9816
24100080954422,GOOGL,14419989,14420000,11,726194,80,650,16,10347
24100080954422,MSFT,14364386,14364400,14,100,5,735,90,4602
24100080954422,TSLA,636059989,636060000,11,627659,50,1863,1,13438
24110487250778,AAPL,3239989,3240000,11,3571,361,669,127,4966
24110487250778,AMZN,18542189,18542200,11,731382,40,902,217,9836
24110487250778,GOOGL,14419989,14420000,11,727335,80,652,16,10368
24110487250778,MSFT,14364389,14364400,11,100,5,737,90,4602
24110487250778,TSLA,636059989,636060000,11,629028,50,1864,1,13443
24120559252452,AAPL,3239989,3240000,11,4131,361,669,127,4970
24120559252452,AMZN,18542189,18542200,11,731862,40,901,217,9843
24120559252452,GOOGL,14419989,14420000,11,728781,80,650,16,10383
24120559252452,MSFT,14364389,14364400,11,400,5,737,90,4602
24120559252452,TSLA,636059989,636060000,11,630469,50,1863,1,13454
24130185491376,AAPL,3239989,3240000,11,5091,346,669,127,4973
24130185491376,AMZN,18542189,18542200,11,732062,40,901,217,9845
24130185491376,GOOGL,14419989,14420000,11,729389,80,650,16,10390
24130185491376,MSFT,14365423,14365600,177,100,5,744,88,4603
24130185491376,TSLA,636059989,636060000,11,632524,50,1865,1,13469
24140016048780,AAPL,3239989,3240000,11,5531,346,669,127,4979
24140016048780,AMZN,18542189,18542200,11,732562,40,901,217,9849
24140016048780,GOOGL,14419989,14420000,11,730396,80,650,16,10407
24140016048780,MSFT,14366386,14366400,14,100,5,754,86,4606
24140016048780,TSLA,636059989,636060000,11,633724,50,1867,1,13477
24150102463188,AAPL,3239989,3240000,11,5991,346,669,127,4984
24150102463188,AMZN,18542189,18542200,11,732822,40,900,217,9850
24150102463188,GOOGL,14419989,14420000,11,730858,80,650,16,10414
24150102463188,MSFT,14367247,14367300,53,100,5,765,84,4612
24150102463188,TSLA,636059989,636060000,11,634524,50,1867,1,13487
24160220335792,AAPL,3239989,3240000,11,6191,346,669,127,4987
24160220335792,AMZN,18542189,18542200,11,733522,40,899,218,9856
24160220335792,GOOGL,14419989,14420000,11,731653,80,650,16,10424
24160220335792,MSFT,14367589,14367700,111,100,5,771,83,4613
24160220335792,TSLA,636059989,636060000,11,635809,50,1870,1,13501
24170096651983,AAPL,3239989,3240000,11,6551,331,669,127,4989
24170096651983,AMZN,18542189,18542200,11,734242,40,899,216,9864
24170096651983,GOOGL,14419989,14420000,11,732538,80,650,16,10439
24170096651983,MSFT,14367689,14367700,11,300,5,778,83,4621
24170096651983,TSLA,636059989,636060000,11,637866,50,1871,1,13514
24180745152366,AAPL,3239989,3240000,11,7411,295,669,127,4992
24180745152366,AMZN,18542189,18542200,11,734702,40,899,216,9870
24180745152366,GOOGL,14419989,14420000,11,733355,80,649,16,10449
24180745152366,MSFT,14367889,14368100,211,100,5,779,82,4621
24180745152366,TSLA,636059989,636060000,11,639690,50,1872,1,13531
24190288669101,AAPL,3239989,3240000,11,8881,250,669,129,4999
24190288669101,AMZN,18542189,18542200,11,735082,40,899,216,9875
24190288669101,GOOGL,14419989,14420000,11,734387,80,649,16,10466
24190288669101,MSFT,14370384,14370400,16,100,4,799,78,4629
24190288669101,TSLA,636059989,636060000,11,641846,50,1874,1,13553
24200693389541,AAPL,3239989,3240000,11,9181,250,669,129,5000
24200693389541,AMZN,18542189,18542200,11,735082,40,899,216,9875
24200693389541,GOOGL,14419989,14420000,11,735438,80,652,16,10485
24200693389541,MSFT,14370439,14370500,61,100,4,803,77,4633
24200693389541,TSLA,636059989,636060000,11,643165,50,1873,1,13563
24210168309409,AAPL,3239989,3240000,11,9581,235,669,130,5002
24210168309409,AMZN,18542189,18542200,11,736022,40,902,216,9890
24210168309409,GOOGL,14419989,14420000,11,736621,80,653,16,10504
24210168309409,MSFT,14370489,14370500,11,300,4,810,77,4637
24210168309409,TSLA,636059989,636060000,11,646262,50,1875,1,13590
24220039080992,AAPL,3239989,3240000,11,9981,220,669,130,5004
24220039080992,AMZN,18542189,18542200,11,737325,40,904,216,9906
24220039080992,GOOGL,14419989,14420000,11,737440,80,653,16,10516
24220039080992,MSFT,14370489,14370500,11,1280,4,811,77,4643
24220039080992,TSLA,636059989,636060000,11,647147,50,1875,1,13596
24230136115200,AAPL,3239989,3240000,11,10281,205,669,130,5005
24230136115200,AMZN,18542189,18542200,11,737705,40,904,216,9909
24230136115200,GOOGL,14419989,14420000,11,738008,80,653,16,10526
24230136115200,MSFT,14370489,14370500,11,1380,4,811,77,4643
24230136115200,TSLA,636059989,636060000,11,648447,50,1875,1,13607
24240317146506,AAPL,3239989,3240000,11,10441,205,669,130,5006
24240317146506,AMZN,18542189,18542200,11,738096,40,905,216,9911
24240317146506,GOOGL,14419989,14420000,11,738408,80,654,16,10534
24240317146506,MSFT,14370489,14370500,11,1480,4,811,77,4643
24240317146506,TSLA,636059989,636060000,11,648986,50,1875,1,13613
24251194966239,AAPL,3239989,3240000,11,11041,175,669,130,5010
24251194966239,AMZN,18542189,18542200,11,739526,40,905,216,9928
24251194966239,GOOGL,14419989,14420000,11,739300,80,653,15,10546
24251194966239,MSFT,14370489,14370500,11,1765,4,812,77,4646
24251194966239,TSLA,636059989,636060000,11,649939,50,1876,1,13621
24260839371587,AAPL,3239989,3240000,11,11041,175,669,130,5010
24260839371587,AMZN,18542189,18542200,11,739726,40,906,216,9930
24260839371587,GOOGL,14419989,14420000,11,739670,80,653,15,10552
24260839371587,MSFT,14372089,14373700,1611,100,4,813,76,4645
24260839371587,TSLA,636059989,636060000,11,650739,50,1876,1,13624
24271441200265,AAPL,3239989,3240000,11,11541,160,669,130,5015
24271441200265,AMZN,18542189,18542200,11,740326,40,908,216,9938
24271441200265,GOOGL,14419989,14420000,11,740125,80,653,15,10560
24271441200265,MSFT,14376332,14376400,68,100,20,830,74,4652
24271441200265,TSLA,636059989,636060000,11,651908,50,1877,1,13634
24280063380205,AAPL,3239989,3240000,11,12541,115,669,131,5020
24280063380205,AMZN,18542189,18542200,11,741096,40,908,215,9947
24280063380205,GOOGL,14419989,14420000,11,740900,80,653,15,10573
24280063380205,MSFT,14376375,14376400,25,100,20,832,74,4654
24280063380205,TSLA,636059989,636060000,11,653358,50,1878,1,13647
24290745979643,AAPL,3239989,3240000,11,13411,100,670,131,5027
24290745979643,AMZN,18542189,18542200,11,742261,40,909,214,9961
24290745979643,GOOGL,14419989,14420000,11,742055,80,652,14,10590
24290745979643,MSFT,14376389,14376400,11,2755,20,839,74,4676
24290745979643,TSLA,636059989,636060000,11,655850,50,1879,1,13674
24300233202037,AAPL,3239989,3240000,11,13811,70,670,131,5029
24300233202037,AMZN,18542189,18542200,11,742600,40,909,214,9963
24300233202037,GOOGL,14419989,14420000,11,742510,80,652,14,10597
24300233202037,MSFT,14376389,14376400,11,3540,5,839,74,4683
24300233202037,TSLA,636059989,636060000,11,656976,50,1880,1,13681
24310032838024,AAPL,3239989,3240000,11,15011,10,670,131,5035
24310032838024,AMZN,18542189,18542200,11,743700,40,910,213,9971
24310032838024,GOOGL,14419989,14420000,11,743690,80,653,14,10613
24310032838024,MSFT,14379202,14380900,1698,100,27,857,73,4701
24310032838024,TSLA,636059989,636060000,11,658145,50,1883,1,13693
24320104026227,AAPL,3243383,3243400,17,100,98,679,130,5041
24320104026227,AMZN,18542189,18542200,11,746485,40,914,210,10004
24320104026227,GOOGL,14419989,14420000,11,745555,80,655,14,10641
24320104026227,MSFT,14381542,14381600,58,100,27,866,72,4707
24320104026227,TSLA,636059989,636060000,11,660969,50,1879,1,13713
24330095546230,AAPL,3243389,3243400,11,400,83,682,130,5044
24330095546230,AMZN,18542189,18542200,11,746785,40,914,210,10004
24330095546230,GOOGL,14419989,14420000,11,746280,80,655,14,10651
24330095546230,MSFT,14381676,14381700,24,100,12,872,71,4707
24330095546230,TSLA,636059989,636060000,11,662739,50,1881,1,13722
24342308065041,AAPL,3243389,3243400,11,900,53,682,130,5047
24342308065041,AMZN,18542189,18542200,11,747940,40,914,210,10014
24342308065041,GOOGL,14419989,14420000,11,746865,80,656,14,10662
24342308065041,MSFT,14381689,14381700,11,900,12,875,71,4722
24342308065041,TSLA,636059989,636060000,11,663324,50,1881,1,13725
24350279617019,AAPL,3243389,3243400,11,1000,53,682,130,5049
24350279617019,AMZN,18542189,18542200,11,748725,40,914,209,10023
24350279617019,GOOGL,14419989,14420000,11,747420,80,656,14,10671
24350279617019,MSFT,14383502,14383900,398,100,12,879,69,4730
24350279617019,TSLA,636059989,636060000,11,664480,50,1881,1,13733
24360071240726,AAPL,3243389,3243400,11,1840,53,681,130,5057
24360071240726,AMZN,18542189,18542200,11,750740,40,915,208,10048
24360071240726,GOOGL,14419989,14420000,11,748270,80,657,14,10681
24360071240726,MSFT,14384500,14384900,400,100,12,887,67,4733
24360071240726,TSLA,636059989,636060000,11,666034,50,1882,1,13744
24370170447874,AAPL,3243389,3243400,11,2140,38,681,131,5060
24370170447874,AMZN,18542189,18542200,11,751225,40,915,207,10053
24370170447874,GOOGL,14419989,14420000,11,749025,80,662,14,10694
24370170447874,MSFT,14385465,14385500,35,100,12,895,65,4735
24370170447874,TSLA,636059989,636060000,11,666534,50,1883,1,13748
24383185239112,AAPL,3256689,3270000,13311,100,6,682,130,5062
24383185239112,AMZN,18542189,18542200,11,751995,40,916,207,10062
24383185239112,GOOGL,14419989,14420000,11,749310,80,662,14,10699
24383185239112,MSFT,14385489,14385500,11,200,12,902,65,4740
24383185239112,TSLA,636059989,636060000,11,666819,50,1884,1,13752
24390921223922,AAPL,3275949,3278500,2551,100,1,687,129,5063
24390921223922,AMZN,18542189,18542200,11,752280,40,916,207,10066
24390921223922,GOOGL,14419989,14420000,11,749865,80,662,14,10707
24390921223922,MSFT,14385639,14385700,61,100,27,904,64,4740
24390921223922,TSLA,636059989,636060000,11,667484,50,1884,1,13756
24402435410209,AAPL,3279535,3280000,465,100,303,693,128,5065
24402435410209,AMZN,18542189,18542200,11,752950,40,917,207,10074
24402435410209,GOOGL,14419989,14420000,11,750460,80,662,14,10714
24402435410209,MSFT,14386651,14386700,49,100,12,914,62,4742
24402435410209,TSLA,636059989,636060000,11,668384,50,1886,1,13765
24410042388079,AAPL,3279933,3280000,67,100,288,696,128,5066
24410042388079,AMZN,18542189,18542200,11,753135,40,917,207,10075
24410042388079,GOOGL,14419989,14420000,11,750730,80,662,14,10718
24410042388079,MSFT,14386680,14386700,20,100,12,916,62,4743
24410042388079,TSLA,636059989,636060000,11,668683,50,1886,1,13768
24420033202100,AAPL,3279961,3280000,39,100,288,697,128,5066
24420033202100,AMZN,18542189,18542200,11,753719,40,916,207,10079
24420033202100,GOOGL,14419989,14420000,11,751115,80,662,14,10724
24420033202100,MSFT,14386689,14386700,11,300,12,920,62,4744
24420033202100,TSLA,636059989,636060000,11,669953,50,1887,1,13779
24430517547720,AAPL,3279982,3280000,18,100,288,699,128,5067
24430517547720,AMZN,18542189,18542200,11,755724,40,916,204,10089
24430517547720,GOOGL,14419989,14420000,11,751985,80,662,14,10740
24430517547720,MSFT,14386689,14386700,11,1000,12,921,62,4749
24430517547720,TSLA,636059989,636060000,11,671722,50,1886,1,13795
24440283473971,AAPL,3279988,3280000,12,100,288,701,128,5069
24440283473971,AMZN,18542189,18542200,11,756694,40,919,203,10098
24440283473971,GOOGL,14419989,14420000,11,752963,80,662,14,10752
24440283473971,MSFT,14386789,14386800,11,500,12,930,61,4759
24440283473971,TSLA,636059989,636060000,11,672322,50,1885,1,13796
24450049705718,AAPL,3279989,3280000,11,2670,123,702,129,5083
24450049705718,AMZN,18542189,18542200,11,757079,40,920,203,10103
24450049705718,GOOGL,14419989,14420000,11,754221,80,662,14,10769
24450049705718,MSFT,14387083,14387100,17,100,12,943,59,4762
24450049705718,TSLA,636059989,636060000,11,677167,50,1886,1,13842
24460482614965,AAPL,3279989,3280000,11,4040,63,702,130,5089
24460482614965,AMZN,18542189,18542200,11,757964,40,920,201,10110
24460482614965,GOOGL,14419989,14420000,11,754976,80,663,14,10781
24460482614965,MSFT,14387687,14387700,13,100,12,958,56,4774
24460482614965,TSLA,636059989,636060000,11,679566,50,1887,1,13872
24470039624120,AAPL,3279989,3280000,11,4750,63,702,130,5091
24470039624120,AMZN,18542189,18542200,11,758644,40,919,201,10117
24470039624120,GOOGL,14419989,14420000,11,756071,80,664,14,10797
24470039624120,MSFT,14387827,14387900,73,100,12,962,54,4770
24470039624120,TSLA,636059989,636060000,11,682137,50,1888,1,13897
24480442651057,AAPL,3289911,3290000,89,100,6,709,128,5102
24480442651057,AMZN,18542189,18542200,11,760509,40,918,200,10133
24480442651057,GOOGL,14419989,14420000,11,756826,80,665,14,10810
24480442651057,MSFT,14388277,14388300,23,100,49,968,54,4774
24480442651057,TSLA,636059989,636060000,11,685476,50,1893,1,13929
24490186383823,AAPL,3299989,3300000,11,100,1003,724,127,5107
24490186383823,AMZN,18542189,18542200,11,761109,40,919,200,10139
24490186383823,GOOGL,14419989,14420000,11,757666,80,665,14,10823
24490186383823,MSFT,14388289,14388300,11,100,49,972,54,4776
24490186383823,TSLA,636059989,636060000,11,688031,50,1900,1,13956
24500318454044,AAPL,3299989,3300000,11,470,1003,724,127,5110
24500318454044,AMZN,18542189,18542200,11,761694,40,919,198,10141
24500318454044,GOOGL,14419989,14420000,11,758091,80,665,14,10828
24500318454044,MSFT,14388289,14388300,11,200,49,972,54,4776
24500318454044,TSLA,636059989,636060000,11,691254,50,1906,1,13986
24511048182069,AAPL,3299989,3300000,11,1170,973,724,128,5114
24511048182069,AMZN,18542189,18542200,11,763279,40,921,197,10157
24511048182069,GOOGL,14419989,14420000,11,758861,80,665,14,10841
24511048182069,MSFT,14388289,14388300,11,600,49,972,54,4780
24511048182069,TSLA,636059989,636060000,11,693554,50,1904,1,14005
24520678123620,AAPL,3299989,3300000,11,2330,913,723,129,5121
24520678123620,AMZN,18542189,18542200,11,763779,40,921,197,10162
24520678123620,GOOGL,14419989,14420000,11,759446,80,665,14,10852
24520678123620,MSFT,14388289,14388300,11,1000,49,973,54,4783
24520678123620,TSLA,636059989,636060000,11,695239,50,1906,1,14024
24530229834097,AAPL,3299989,3300000,11,4030,823,723,129,5126
24530229834097,AMZN,18542189,18542200,11,764834,40,922,197,10178
24530229834097,GOOGL,14419989,14420000,11,759886,80,665,14,10857
24530229834097,MSFT,14388289,14388300,11,1700,34,973,55,4786
24530229834097,TSLA,636059989,636060000,11,698399,50,1909,1,14055
24540306198283,AAPL,3299989,3300000,11,4830,808,723,129,5127
24540306198283,AMZN,18542189,18542200,11,766324,40,922,196,10193
24540306198283,GOOGL,14419989,14420000,11,760796,80,665,14,10870
24540306198283,MSFT,14388289,14388300,11,2100,34,975,55,4790
24540306198283,TSLA,636059989,636060000,11,699689,50,1910,1,14066
24550169480250,AAPL,3299989,3300000,11,6530,748,721,129,5134
24550169480250,AMZN,18542189,18542200,11,767204,40,922,196,10202
24550169480250,GOOGL,14419989,14420000,11,761766,80,665,14,10888
24550169480250,MSFT,14388289,14388300,11,3995,34,976,55,4801
24550169480250,TSLA,636059989,636060000,11,702169,50,1912,1,14089
24560660027763,AAPL,3299989,3300000,11,7330,703,721,129,5138
24560660027763,AMZN,18542189,18542200,11,768709,40,923,196,10220
24560660027763,GOOGL,14419989,14420000,11,762336,80,665,14,10898
24560660027763,MSFT,14388289,14388300,11,6108,34,977,55,4818
24560660027763,TSLA,636059989,636060000,11,703469,50,1913,1,14099
24570098143144,AAPL,3299989,3300000,11,7616,703,721,129,5141
24570098143144,AMZN,18542189,18542200,11,770709,40,925,196,10244
24570098143144,GOOGL,14419989,14420000,11,762846,80,665,14,10903
24570098143144,MSFT,14388814,14388900,86,100,21,980,55,4822
24570098143144,TSLA,636059989,636060000,11,705689,50,1913,1,14117
24580258919754,AAPL,3299989,3300000,11,8016,673,721,129,5142
24580258919754,AMZN,18542189,18542200,11,773000,40,926,195,10268
24580258919754,GOOGL,14419989,14420000,11,763301,80,665,14,10910
24580258919754,MSFT,14388852,14388900,48,100,6,981,55,4820
24580258919754,TSLA,636059989,636060000,11,707550,50,1914,1,14136
24590416208352,AAPL,3299989,3300000,11,8576,658,721,129,5144
24590416208352,AMZN,18542189,18542200,11,774100,40,927,194,10282
24590416208352,GOOGL,14419989,14420000,11,764141,80,665,14,10923
24590416208352,MSFT,14388887,14388900,13,85,6,986,56,4825
24590416208352,TSLA,636059989,636060000,11,708150,50,1915,1,14140
24600033578661,AAPL,3299989,3300000,11,9146,643,721,129,5148
24600033578661,AMZN,18542189,18542200,11,774700,40,927,194,10288
24600033578661,GOOGL,14419989,14420000,11,764596,80,665,14,10929
24600033578661,MSFT,14389452,14389600,148,100,6,992,54,4828
24600033578661,TSLA,636059989,636060000,11,709319,50,1915,1,14151
24610093584911,AAPL,3299989,3300000,11,9296,643,721,129,5148
24610093584911,AMZN,18542189,18542200,11,775585,40,929,194,10295
24610093584911,GOOGL,14419989,14420000,11,765384,80,665,14,10939
24610093584911,MSFT,14389585,14389600,15,100,6,997,54,4832
24610093584911,TSLA,636059989,636060000,11,710761,50,1915,1,14165
24620602149704,AAPL,3299989,3300000,11,9636,643,721,129,5152
24620602149704,AMZN,18542189,18542200,11,776670,40,929,193,10302
24620602149704,GOOGL,14419989,14420000,11,766381,80,665,14,10952
24620602149704,MSFT,14389964,14390000,36,100,6,1003,53,4834
24620602149704,TSLA,636059989,636060000,11,712570,50,1916,1,14181
24630211390284,AAPL,3299989,3300000,11,9736,643,721,129,5152
24630211390284,AMZN,18542189,18542200,11,776955,40,929,192,10302
24630211390284,GOOGL,14419989,14420000,11,766666,80,665,14,10957
24630211390284,MSFT,14389977,14390000,23,100,6,1004,53,4836
24630211390284,TSLA,636059989,636060000,11,712970,50,1916,1,14184
24640599466364,AAPL,3299989,3300000,11,10236,613,721,129,5154
24640599466364,AMZN,18542189,18542200,11,778425,40,932,190,10318
24640599466364,GOOGL,14419989,14420000,11,767270,80,665,14,10963
24640599466364,MSFT,14392139,14392500,361,100,6,1016,50,4837
24640599466364,TSLA,636059989,636060000,11,713960,50,1919,1,14195
24650509489871,AAPL,3299989,3300000,11,10636,598,721,130,5157
24650509489871,AMZN,18542189,18542200,11,779175,40,933,190,10326
24650509489871,GOOGL,14419989,14420000,11,767695,80,665,14,10967
24650509489871,MSFT,14395413,14396400,987,100,6,1024,50,4841
24650509489871,TSLA,636059989,636060000,11,715025,50,1921,1,14206
24660057196117,AAPL,3299989,3300000,11,11636,568,721,131,5169
24660057196117,AMZN,18542189,18542200,11,780445,40,934,190,10342
24660057196117,GOOGL,14419989,14420000,11,768572,80,665,14,10983
24660057196117,MSFT,14396328,14396400,72,100,6,1029,50,4845
24660057196117,TSLA,636059989,636060000,11,718115,50,1922,1,14234
24670018627663,AAPL,3299989,3300000,11,12506,523,721,131,5175
24670018627663,AMZN,18542189,18542200,11,781430,40,934,187,10353
24670018627663,GOOGL,14419989,14420000,11,769482,80,665,14,10996
24670018627663,MSFT,14396636,14396900,264,100,21,1033,49,4845
24670018627663,TSLA,636059989,636060000,11,720201,50,1925,1,14257
24680474768288,AAPL,3299989,3300000,11,14106,463,721,131,5182
24680474768288,AMZN,18542189,18542200,11,783001,37,934,186,10370
24680474768288,GOOGL,14419989,14420000,11,770492,80,665,14,11010
24680474768288,MSFT,14396882,14396900,18,100,21,1038,50,4848
24680474768288,TSLA,636059989,636060000,11,725210,50,1938,1,14311
24690371398218,AAPL,3299989,3300000,11,14606,448,721,131,5183
24690371398218,AMZN,18542189,18542200,11,783926,37,934,184,10379
24690371398218,GOOGL,14419989,14420000,11,771262,80,665,13,11022
24690371398218,MSFT,14396889,14396900,11,300,21,1041,50,4851
24690371398218,TSLA,636059989,636060000,11,727083,50,1942,1,14332
24700561834521,AAPL,3299989,3300000,11,15006,433,721,131,5184
24700561834521,AMZN,18542189,18542200,11,784826,37,934,184,10389
24700561834521,GOOGL,14419989,14420000,11,773047,80,666,13,11048
24700561834521,MSFT,14396889,14396900,11,885,21,1041,50,4856
24700561834521,TSLA,636059989,636060000,11,730043,50,1946,1,14356
24710661783895,AAPL,3299989,3300000,11,16306,410,721,132,5192
24710661783895,AMZN,18542189,18542200,11,786135,37,935,183,10405
24710661783895,GOOGL,14419989,14420000,11,774342,80,667,13,11064
24710661783895,MSFT,14396889,14396900,11,1185,6,1041,50,4855
24710661783895,TSLA,636059989,636060000,11,731492,50,1952,1,14374
24720014642313,AAPL,3299989,3300000,11,17476,395,721,132,5204
24720014642313,AMZN,18542189,18542200,11,787612,37,934,182,10421
24720014642313,GOOGL,14419989,14420000,11,775155,80,667,13,11075
24720014642313,MSFT,14396889,14396900,11,1585,6,1041,50,4858
24720014642313,TSLA,636059989,636060000,11,733392,50,1954,1,14394
24730459728176,AAPL,3299989,3300000,11,17946,380,721,132,5208
24730459728176,AMZN,18542189,18542200,11,787812,37,934,182,10424
24730459728176,GOOGL,14419989,14420000,11,776882,80,667,13,11096
24730459728176,MSFT,14396889,14396900,11,1885,6,1043,50,4862
24730459728176,TSLA,636059989,636060000,11,734842,50,1956,1,14413
24740176979779,AAPL,3299989,3300000,11,18746,350,721,133,5214
24740176979779,AMZN,18542189,18542200,11,788597,37,936,182,10436
24740176979779,GOOGL,14419989,14420000,11,777600,80,667,13,11109
24740176979779,MSFT,14396889,14396900,11,1985,6,1043,50,4862
24740176979779,TSLA,636059989,636060000,11,736555,50,1963,1,14435
24750040517347,AAPL,3299989,3300000,11,21246,245,721,133,5227
24750040517347,AMZN,18542189,18542200,11,790652,37,937,179,10460
24750040517347,GOOGL,14419989,14420000,11,779789,80,669,13,11145
24750040517347,MSFT,14396889,14396900,11,3570,6,1044,50,4877
24750040517347,TSLA,636059989,636060000,11,739879,50,1966,1,14464
24760062448026,AAPL,3299989,3300000,11,24346,65,720,134,5244
24760062448026,AMZN,18542189,18542200,11,790852,37,937,179,10464
24760062448026,GOOGL,14419989,14420000,11,781029,80,668,13,11165
24760062448026,MSFT,14396889,14396900,11,4025,6,1043,50,4880
24760062448026,TSLA,636059989,636060000,11,741479,50,1968,1,14482
24771209872555,AAPL,3299989,3300000,11,24846,50,720,134,5247
24771209872555,AMZN,18542189,18542200,11,791637,37,936,178,10473
24771209872555,GOOGL,14419989,14420000,11,781669,80,669,13,11173
24771209872555,MSFT,14396889,14396900,11,4580,6,1043,50,4888
24771209872555,TSLA,636059989,636060000,11,742228,50,1967,1,14485
24780034103769,AAPL,3299989,3300000,11,25546,20,720,134,5249
24780034103769,AMZN,18542189,18542200,11,792122,37,937,177,10478
24780034103769,GOOGL,14419989,14420000,11,782449,80,669,13,11180
24780034103769,MSFT,14396889,14396900,11,5080,6,1043,50,4893
24780034103769,TSLA,636059989,636060000,11,744803,50,1974,1,14510
24791382638660,AAPL,3299989,3300000,11,26046,5,720,134,5250
24791382638660,AMZN,18542189,18542200,11,792852,37,938,176,10485
24791382638660,GOOGL,14419989,14420000,11,783100,80,669,13,11188
24791382638660,MSFT,14396889,14396900,11,5565,6,1045,50,4901
24791382638660,TSLA,636059989,636060000,11,746303,50,1976,1,14523
24800032913160,AAPL,3374239,3379200,4961,100,10,724,132,5250
24800032913160,AMZN,18542189,18542200,11,792952,37,938,176,10487
24800032913160,GOOGL,14419989,14420000,11,784585,80,671,13,11207
24800032913160,MSFT,14396889,14396900,11,6535,6,1048,50,4913
24800032913160,TSLA,636059989,636060000,11,747603,50,1977,1,14531
24810114320329,AAPL,3379185,3379200,15,100,10,734,132,5254
24810114320329,AMZN,18542189,18542200,11,793632,37,938,174,10492
24810114320329,GOOGL,14419989,14420000,11,785700,80,671,13,11224
24810114320329,MSFT,14396889,14396900,11,7220,6,1048,50,4921
24810114320329,TSLA,636059989,636060000,11,751162,50,1977,1,14562
24822007639723,AAPL,13640033,14324300,684267,100,12,739,129,5255
24822007639723,AMZN,18542189,18542200,11,794832,37,938,172,10503
24822007639723,GOOGL,14419989,14420000,11,788213,80,672,12,11263
24822007639723,MSFT,14397189,14397300,111,100,6,1051,49,4923
24822007639723,TSLA,636059989,636060000,11,753221,50,1979,1,14580
24830424991439,AAPL,14323152,14324500,1348,100,42,748,128,5261
24830424991439,AMZN,18542189,18542200,11,795472,37,938,171,10509
24830424991439,GOOGL,14419989,14420000,11,789473,80,672,12,11280
24830424991439,MSFT,14397571,14397600,29,100,6,1064,48,4932
24830424991439,TSLA,636059989,636060000,11,753997,50,1978,1,14585
24840177640307,AAPL,14324484,14324500,16,100,27,756,128,5267
24840177640307,AMZN,18542189,18542200,11,796072,37,937,171,10517
24840177640307,GOOGL,14419989,14420000,11,790970,80,672,12,11299
24840177640307,MSFT,14398189,14398200,11,1200,6,1082,47,4944
24840177640307,TSLA,636059989,636060000,11,756963,50,1981,1,14610
24850317912624,AAPL,14324489,14324500,11,400,12,759,128,5271
24850317912624,AMZN,18542189,18542200,11,797412,37,938,171,10538
24850317912624,GOOGL,14419989,14420000,11,791940,80,673,12,11312
24850317912624,MSFT,14398239,14398300,61,100,6,1083,46,4946
24850317912624,TSLA,636059989,636060000,11,759014,50,1980,1,14618
24860354134244,AAPL,14324639,14324700,61,100,12,761,127,5271
24860354134244,AMZN,18542189,18542200,11,797672,37,938,171,10541
24860354134244,GOOGL,14419989,14420000,11,792895,80,673,12,11324
24860354134244,MSFT,14398239,14398300,61,100,6,1083,46,4946
24860354134244,TSLA,636059989,636060000,11,760302,50,1981,1,14630
24870071905971,AAPL,14325330,14325400,70,100,12,771,125,5275
24870071905971,AMZN,18542189,18542200,11,798217,37,938,170,10546
24870071905971,GOOGL,14419989,14420000,11,793600,80,673,12,11332
24870071905971,MSFT,14398239,14398300,61,100,6,1083,46,4946
24870071905971,TSLA,636059989,636060000,11,762383,50,1981,1,14646
24880084678793,AAPL,14327311,14327400,89,100,12,782,125,5281
24880084678793,AMZN,18542189,18542200,11,798877,37,938,170,10555
24880084678793,GOOGL,14419989,14420000,11,794525,80,674,12,11347
24880084678793,MSFT,14398264,14398300,36,100,6,1084,46,4946
24880084678793,TSLA,636059989,636060000,11,764136,50,1982,1,14660
24891238869814,AAPL,14327589,14327600,11,100,12,791,124,5283
24891238869814,AMZN,18542189,18542200,11,799782,37,937,169,10562
24891238869814,GOOGL,14419989,14420000,11,795235,80,674,12,11355
24891238869814,MSFT,14398264,14398300,36,100,6,1084,46,4946
24891238869814,TSLA,636059989,636060000,11,766861,50,1983,1,14680
24900055360222,AAPL,14327589,14327600,11,570,12,791,124,5288
24900055360222,AMZN,18542189,18542200,11,800342,37,936,169,10569
24900055360222,GOOGL,14419989,14420000,11,795975,80,675,12,11367
24900055360222,MSFT,14398277,14398300,23,100,6,1085,46,4946
24900055360222,TSLA,636059989,636060000,11,770971,50,1984,1,14707
24910551775485,AAPL,14327736,14327800,64,100,12,796,122,5292
24910551775485,AMZN,18542189,18542200,11,801127,37,937,168,10578
24910551775485,GOOGL,14419989,14420000,11,796730,80,675,12,11379
24910551775485,MSFT,14398286,14398300,14,100,6,1087,46,4948
24910551775485,TSLA,636059989,636060000,11,772056,50,1985,1,14711
24920262269771,AAPL,14330419,14330500,81,100,12,814,117,5301
24920262269771,AMZN,18542189,18542200,11,802407,37,940,167,10590
24920262269771,GOOGL,14419989,14420000,11,797500,80,676,12,11392
24920262269771,MSFT,14398289,14398300,11,200,6,1089,46,4950
24920262269771,TSLA,636059989,636060000,11,772941,50,1985,1,14714
24930110954881,AAPL,14331482,14331500,18,100,12,823,116,5307
24930110954881,AMZN,18542189,18542200,11,803207,37,940,167,10602
24930110954881,GOOGL,14419989,14420000,11,798540,80,676,12,11410
24930110954881,MSFT,14398289,14398300,11,200,6,1089,46,4950
24930110954881,TSLA,636059989,636060000,11,776411,50,1988,1,14742
24940163811177,AAPL,14331752,14331800,48,100,12,827,115,5308
24940163811177,AMZN,18542189,18542200,11,804177,37,942,164,10611
24940163811177,GOOGL,14419989,14420000,11,799595,80,676,12,11428
24940163811177,MSFT,14398277,14398300,23,100,6,1085,46,4945
24940163811177,TSLA,636059989,636060000,11,778909,50,1987,1,14761
24951651349344,AAPL,14331780,14331800,20,100,12,829,115,5309
24951651349344,AMZN,18542189,18542200,11,804777,37,944,163,10617
24951651349344,GOOGL,14419989,14420000,11,800385,80,677,12,11441
24951651349344,MSFT,14398277,14398300,23,100,6,1085,46,4945
24951651349344,TSLA,636059989,636060000,11,780399,50,1989,1,14776
24960026252032,AAPL,14332064,14332100,36,100,12,840,113,5314
24960026252032,AMZN,18542189,18542200,11,805257,37,945,163,10624
24960026252032,GOOGL,14419989,14420000,11,802200,80,681,12,11465
24960026252032,MSFT,14398283,14398300,17,100,6,1086,46,4947
24960026252032,TSLA,636059989,636060000,11,782957,50,1991,1,14795
24970520678036,AAPL,14333485,14333500,15,100,12,850,110,5320
24970520678036,AMZN,18542189,18542200,11,805537,37,945,162,10628
24970520678036,GOOGL,14419989,14420000,11,803640,80,681,12,11485
24970520678036,MSFT,14398288,14398300,12,100,6,1088,46,4948
24970520678036,TSLA,636059989,636060000,11,785179,50,1992,1,14819
24980591629696,AAPL,14333676,14333700,24,100,12,856,108,5326
24980591629696,AMZN,18542189,18542200,11,806522,37,946,161,10638
24980591629696,GOOGL,14419989,14420000,11,805085,80,682,12,11504
24980591629696,MSFT,14398289,14398300,11,100,6,1089,46,4948
24980591629696,TSLA,636059989,636060000,11,788112,50,1993,1,14854
24990026825449,AAPL,14333689,14333700,11,100,12,861,108,5333
24990026825449,AMZN,18542189,18542200,11,806722,37,946,161,10640
24990026825449,GOOGL,14419989,14420000,11,806310,80,682,12,11521
24990026825449,MSFT,14398464,14398500,36,100,36,1092,45,4947
24990026825449,TSLA,636059989,636060000,11,790871,50,1987,1,14874
25000199899190,AAPL,14333739,14333800,61,100,12,862,107,5334
25000199899190,AMZN,18542189,18542200,11,806722,37,946,161,10641
25000199899190,GOOGL,14419989,14420000,11,807280,80,682,12,11536
25000199899190,MSFT,14398383,14398500,117,100,36,1087,45,4942
25000199899190,TSLA,636059989,636060000,11,792561,50,1977,1,14887
25010225792564,AAPL,14333764,14333800,36,100,12,864,107,5336
25010225792564,AMZN,18542189,18542200,11,807022,37,946,160,10643
25010225792564,GOOGL,14419989,14420000,11,808690,80,684,12,11555
25010225792564,MSFT,14398339,14398500,161,100,36,1084,45,4934
25010225792564,TSLA,636059989,636060000,11,793851,50,1972,1,14898
25020023394951,AAPL,14334429,14334600,171,100,12,874,104,5340
25020023394951,AMZN,18542189,18542200,11,807300,37,946,160,10646
25020023394951,GOOGL,14419989,14420000,11,809555,80,685,12,11567
25020023394951,MSFT,14398487,14398500,13,100,21,1090,45,4938
25020023394951,TSLA,636059989,636060000,11,796441,50,1973,1,14925
25030038897216,AAPL,14335186,14335200,14,100,12,882,102,5343
25030038897216,AMZN,18542189,18542200,11,807400,37,946,160,10648
25030038897216,GOOGL,14419989,14420000,11,809940,80,685,12,11573
25030038897216,MSFT,14398489,14398500,11,785,21,1094,45,4946
25030038897216,TSLA,636059989,636060000,11,797126,50,1973,1,14930
25040046992594,AAPL,14335189,14335200,11,1000,12,884,102,5355
25040046992594,AMZN,18542189,18542200,11,807680,37,946,160,10651
25040046992594,GOOGL,14419989,14420000,11,810538,80,685,12,11574
25040046992594,MSFT,14398489,14398500,11,1285,21,1094,45,4957
25040046992594,TSLA,636059989,636060000,11,798496,50,1973,1,14940
25050263710229,AAPL,14335189,14335200,11,2560,12,884,102,5360
25050263710229,AMZN,18542189,18542200,11,807979,37,946,160,10652
25050263710229,GOOGL,14419989,14420000,11,810938,80,685,12,11573
25050263710229,MSFT,14398489,14398500,11,1685,21,1094,45,4968
25050263710229,TSLA,636059989,636060000,11,799637,50,1973,1,14949
