elapsed_sec,cumulative,interval_rate
0.016875,243665,14439442.49
0.017231,247501,10787917.31
0.017306,248917,18765405.92
0.017509,250327,6961519.09
0.017573,251532,18597975.06
0.017683,253737,20068259.39
0.017874,255032,6803864.81
0.017935,256159,18288032.45
0.017997,257335,19070167.19
0.018199,259088,8653243.36
0.018239,259743,16670060.06
0.018313,260927,15857284.44
0.018373,261895,16211961.35
0.018571,263534,8284765.43
0.018631,264718,19774530.27
0.018668,265364,17479300.83
0.018710,266057,16434652.69
0.018909,268189,10727044.03
0.018988,269896,21494138.53
0.019067,271630,21937981.55
0.019241,272669,5987023.31
0.019276,273047,10672840.73
0.019328,274195,22219641.54
0.019393,275582,21324682.51
0.019583,277284,8944148.99
0.019617,277826,15980658.10
0.019665,278876,22047244.09
0.019696,279435,17863990.80
0.019745,280492,21626598.47
0.019939,282339,9508365.51
0.019999,283688,22561546.70
0.020055,284933,22281879.19
0.020229,286159,7034212.90
0.020296,287714,23122676.58
0.020342,288678,21147771.15
0.020508,289740,6399209.44
0.020543,290422,19166455.89
0.020588,291147,16140882.07
0.020621,291724,17396810.08
0.020675,292838,20645687.39
0.020856,294306,8142346.86
0.020947,296327,22027247.96
0.021038,298376,22672199.17
0.021242,300198,8920440.64
0.021303,301392,19722171.75
0.021351,302497,22941017.71
0.021542,303779,6707652.06
0.021573,304305,16967741.94
0.021599,304723,15748624.82
0.021643,305480,17369157.70
0.021690,306422,20024658.82
0.021728,307060,16808051.00
0.022016,308333,4425255.59
0.022107,310117,19595566.83
0.022162,311385,23142064.53
0.022344,312315,5099383.14
0.022407,313698,21808032.55
0.022439,314225,16730158.73
0.022482,315028,18728862.97
0.022670,316675,8760638.30
0.022704,317384,20402877.70
0.022786,319310,23499841.38
0.022837,320392,21302567.33
0.022995,321215,5202012.54
0.023103,323972,25517854.17
0.023274,325283,7696688.25
0.023421,329067,25785349.23
0.023594,330301,7102158.27
0.023652,331652,23393939.39
0.023692,332482,20836994.45
0.023742,333556,21605745.44
0.023930,335195,8681557.91
0.023976,336090,19724517.91
0.024039,337403,20758893.28
0.024093,338500,20472529.11
0.024287,340416,9834063.02
0.024328,341182,18720825.08
0.024367,341923,19351805.91
0.024564,343180,6375306.21
0.024602,343652,12475880.84
0.024657,344665,18390095.13
0.024705,345611,19471831.71
0.024767,346728,18052525.25
0.024949,347728,5486968.45
0.025041,349643,20976646.37
0.025079,350330,17805769.38
0.025121,351109,18865639.83
0.025312,352745,8535681.86
0.025367,353896,21216589.86
0.025451,355749,21800000.00
0.025636,357249,8142924.61
0.025678,358034,18362573.10
0.025701,358404,16174863.39
0.025755,359445,19322505.80
0.025787,359987,16893682.01
0.025958,361158,6876424.02
0.025997,361943,19686520.38
0.026040,362735,18764215.31
0.026098,363895,19758806.30
0.026170,365261,19149353.74
0.026317,365814,3754472.44
0.026426,368313,22830466.20
0.026475,369274,19629069.81
0.026668,370206,4830066.65
0.026696,370640,15781818.18
0.026741,371500,19128539.34
0.026791,372564,21280000.00
0.026833,373468,21545354.88
0.027084,376933,13804780.88
0.027146,378218,20725806.45
0.027356,380465,10676714.59
0.027433,382212,22886263.00
0.027610,383601,7849320.18
0.027659,384674,21586062.61
0.027722,385939,20079365.08
0.027785,387331,22197770.65
0.027961,388873,8755145.49
0.028019,390193,22956521.74
0.028099,392166,24408348.08
0.028294,394108,9978163.13
0.028337,395039,21546935.75
0.028373,395801,21142001.00
0.028413,396674,21916501.39
0.028624,399076,11383886.26
0.028693,400646,22919708.03
0.028868,401965,7510320.28
0.028929,403252,21316770.19
0.028985,404425,20977520.25
0.029174,405901,7811259.65
0.029208,406433,15494844.76
0.029256,407351,19108678.00
0.029300,408275,20764044.94
0.029366,409711,21923664.12
0.029539,410704,5739884.39
0.029620,412489,21924168.17
0.029668,413435,19640002.49
0.029715,414346,19750677.51
0.029874,414795,2815788.48
0.029952,416481,21534767.28
0.029986,417009,15780979.14
0.030199,419133,9965982.40
0.030262,420280,18134387.35
0.030342,421991,21332036.70
0.030384,422893,21910753.76
0.030557,424186,7472174.39
0.030616,425401,20607890.36
0.030662,426305,19406221.15
0.030883,428969,12063359.81
0.031166,433350,15464663.54
0.031235,435016,24232727.27
0.031314,436918,24229299.36
0.031524,439369,11636795.25
0.031583,440742,23287369.19
0.031750,441835,6543303.74
0.031811,443197,22206280.37
0.031865,444292,20388024.13
0.031895,444833,18312910.43
0.031934,445591,19435897.44
0.032091,446395,5108816.52
0.032181,448636,24819749.48
0.032242,449847,20057971.01
0.032471,452618,12107045.33
0.032525,453766,21112643.68
0.032700,455086,7523125.06
0.032753,456147,20145824.63
0.032806,457245,20700576.90
0.032871,458665,22015503.88
0.033146,462689,14592928.38
0.033336,464245,8225536.17
0.033389,465403,21814893.66
0.033454,466826,21697696.05
0.033645,468507,8829940.91
0.033696,469577,20759768.73
0.033827,472801,24579353.04
0.034093,476531,14062205.47
0.034846,487729,14867075.23
0.035185,492321,13519123.14
0.035554,497733,14668336.23
0.035852,501488,12630679.60
0.036101,504643,12657973.92
0.036213,507103,21997084.94
0.036471,510451,12953748.77
0.036726,513559,12224188.79
0.036883,517266,23480601.74
0.037341,522528,11496387.44
0.037642,526784,14135637.02
0.037820,530935,23369458.13
0.038017,532696,8908922.58
0.038108,534577,20842105.26
0.038301,536217,8469980.63
0.038395,538479,24138814.19
0.038446,539568,21370540.45
0.038674,542107,11123767.80
0.038722,543064,20024271.84
0.038961,546076,12595922.63
0.039024,547493,22462470.08
0.039094,548974,21245463.28
0.039314,551615,12011370.10
0.039365,552733,21673807.26
0.039556,554573,9677843.52
0.039638,556553,23951516.32
0.039833,558301,8966033.71
0.039916,559955,20078907.44
0.039974,561040,18626609.44
0.040009,561521,13501754.39
0.040252,564132,10781815.85
0.040328,565548,18570491.80
0.040378,566290,14889731.70
0.040573,567710,7275820.20
0.040628,568794,19575620.77
0.040680,569817,19815980.63
0.040748,571218,20440320.39
0.040941,572612,7222797.93
0.041039,574838,22704555.19
0.041087,575765,19430703.45
0.041314,578152,10507688.18
0.041392,579823,21538223.58
0.041592,581405,7918234.96
0.041659,582813,20795179.30
0.041739,584406,20016586.25
0.041954,586262,8632558.14
0.042243,589824,12307543.47
0.042310,591018,17909910.45
0.042367,591994,17274336.28
0.042412,592744,16544239.30
0.042457,593610,19050133.09
0.042684,595810,9693423.45
0.042776,597817,21934426.23
0.042998,599835,9067951.22
0.043075,601267,18780327.87
0.043113,601797,13932336.16
0.043162,602704,18277078.09
0.043349,603880,6311247.54
0.043422,605375,20374787.05
0.043496,606706,17916032.90
0.043676,607616,5069637.88
0.043730,608579,17874709.98
0.043779,609460,17753148.61
0.043853,610903,19599320.88
0.044067,612595,7912679.93
0.044116,613401,16269352.66
0.044233,615609,18891978.61
0.044648,619360,9046728.97
0.044921,622327,10874744.35
0.045042,624176,15280991.74
0.045245,625255,5294640.10
0.045342,626899,16970322.58
0.045419,628260,17665688.85
0.045491,629327,14923076.92
0.045689,630439,5623261.69
0.045771,631972,18647820.16
0.045852,633287,16284829.72
0.046052,634310,5106472.19
0.046103,635149,16304559.06
0.046145,635753,14395347.73
0.046184,636397,16477330.88
0.046265,637852,17935285.05
0.046465,639191,6699186.99
0.046517,640094,17605427.85
0.046616,641873,17984775.11
0.046676,642778,15000082.87
0.046852,643567,4469191.47
0.046991,646349,20122965.64
0.047189,647738,6994556.43
0.047322,650465,20594032.49
0.047617,653912,11674851.82
0.047667,654694,15705334.19
0.047706,655305,15387327.49
0.047927,656758,6574660.63
0.047991,657767,15745205.44
0.048056,658887,17263969.17
0.048118,659867,15806451.61
0.048348,661291,6208174.39
0.048434,662850,17971181.56
0.048532,664603,18002567.39
0.048779,666666,8349387.25
0.048836,667610,16477282.64
0.048895,668651,17644067.80
0.048959,669759,17312500.00
0.049140,670734,5396669.01
0.049201,671951,19896349.34
0.049246,672777,18527241.33
0.049277,673256,15410352.93
0.049476,675041,8960438.53
0.049522,675787,16306010.93
0.049571,676692,18548502.80
0.049623,677499,15482014.39
0.049680,678662,20418195.54
0.049942,680567,7251396.99
0.049996,681502,17558685.45
0.050073,683098,20704954.40
0.050293,684283,5385335.53
0.050374,686036,21476263.40
0.050684,687861,5891049.48
0.050746,689029,18979217.11
0.050895,691131,14068011.00
0.050944,692130,20405245.31
0.051101,692944,5179204.29
0.051164,694222,20502783.44
0.051219,695328,20109090.91
0.051262,696215,20197190.15
0.051471,697250,4964028.78
0.051679,699418,10395987.38
0.051758,700699,16266666.67
0.051961,702454,8663115.86
0.052035,704047,21502908.90
0.052285,706578,10130726.80
0.052332,707492,19343915.34
0.052433,709650,21331277.31
0.052623,711224,8311551.16
0.052690,712721,22095940.96
0.052770,714452,21773584.91
0.052965,716490,10428980.08
0.053013,717522,21556135.77
0.053058,718431,20051618.03
0.053270,720554,10051655.00
0.053318,721612,21721277.82
0.053394,723383,23353948.81
0.053561,724390,6041987.92
0.053639,725907,19469435.42
0.053689,726746,16822055.14
0.053886,728620,9498659.34
0.053950,729929,20255319.15
0.054017,731407,22393939.39
0.054050,732079,19813073.09
0.054219,733046,5740303.22
0.054267,734017,20159030.04
0.054300,734617,18437711.27
0.054378,736294,21465600.00
0.054426,737157,17717828.69
0.054591,738109,5784315.51
0.054631,738877,19159764.49
0.054704,740412,21027397.26
0.054754,741342,18803833.56
0.054950,742551,6143542.42
0.055058,744973,22425925.93
0.055267,746864,9049665.48
0.055335,748219,20136123.16
0.055595,750947,10468833.35
0.055637,751652,16653674.44
0.055697,752935,21563025.21
0.055932,755548,11097473.45
0.056019,757327,20616286.75
0.056094,758916,21198255.05
0.056262,759863,5636904.76
0.056312,760822,19132169.58
0.056406,762953,22530475.88
0.056592,764472,8172158.71
0.056664,766021,21651617.23
0.056714,767043,20221206.55
0.056761,767970,19776000.00
0.056939,768981,5703808.18
0.056993,770067,19972413.79
0.057040,770901,17744680.85
0.057067,771345,16393442.62
0.057107,772123,19289415.62
0.057154,772970,18085537.98
0.057320,773829,5190332.33
0.057382,775311,23664670.66
0.057419,776020,19468929.35
0.057457,776779,19778501.63
0.057642,778141,7365466.67
0.057707,779453,20301740.81
0.057733,779890,16311447.87
0.057772,780640,19586336.57
0.057810,781339,18374428.26
0.057965,782108,4961290.32
0.058021,783274,20837056.36
0.058047,783651,14115620.79
0.058116,785096,21018181.82
0.058156,785862,19392405.06
0.058325,787016,6804887.25
0.058383,788177,20046273.91
0.058431,789161,20482078.18
0.058462,789698,17229762.25
0.058683,792150,11088750.71
0.058779,794259,21959371.52
0.058831,795322,20458438.38
0.058995,796237,5586387.53
0.059051,797336,19846501.13
0.059085,797949,17577060.93
0.059144,798943,17088727.29
0.059196,799776,15993702.36
0.059360,800707,5665291.42
0.059476,803335,22761523.67
0.059670,804840,7747747.75
0.059739,806024,17077005.18
0.059813,807525,20398456.19
0.059873,808677,19253589.16
0.060060,809685,5380792.49
0.060110,810356,13342082.24
0.060169,811517,19594936.71
0.060215,812376,18861710.07
0.060257,813152,18421364.99
0.060415,813711,3541718.15
0.060478,814948,19752495.01
0.060567,816696,19530726.26
0.060604,817326,16837266.48
0.060760,818023,4493150.68
0.060856,820184,22307096.77
0.060910,821181,18534699.11
0.061122,823203,9565937.32
0.061181,824335,19091951.70
0.061224,824877,12580368.13
0.061261,825535,17823766.83
0.061305,826351,18633540.37
0.061496,827872,7952941.18
0.061536,828548,17059936.91
0.061642,830758,20800000.00
0.061823,832092,7348202.33
0.061861,832756,17706666.67
0.061928,834170,20960879.94
0.061962,834759,17647940.07
0.062006,835636,19950862.19
0.062163,836393,4808883.41
0.062223,837617,20301537.54
0.062293,839013,20098187.42
0.062360,840422,21095656.60
0.062508,840891,3156463.68
0.062549,841682,19292682.93
0.062595,842537,18722901.06
0.062641,843458,20021739.13
0.062682,844217,18625766.87
0.062845,845058,5134560.91
0.062916,846537,21053380.78
0.062961,847463,20240437.16
0.063025,848809,21238658.78
0.063184,849481,4230858.83
0.063217,850029,16501550.78
0.063253,850647,16970562.39
0.063321,851936,19131725.42
0.063362,852699,18348403.23
0.063549,854224,8173306.25
0.063645,856259,21069960.55
0.063743,858319,21083011.80
0.063904,859127,5034267.91
0.063966,860167,16763108.27
0.064020,861242,19876488.43
0.064078,862265,17663512.67
0.064298,864030,7990945.10
0.064349,864823,15638249.62
0.064403,865823,18504468.83
0.064439,866399,16074119.55
0.064487,867284,18485639.69
0.064655,868312,6116026.01
0.064688,868729,12798084.89
0.064745,869804,18763527.19
0.064823,871439,20972831.52
0.065001,872461,5726805.60
0.065079,874099,20977677.60
0.065138,875231,19336544.70
0.065193,876262,18802545.91
0.065361,877109,5021729.21
0.065425,878154,16392156.86
0.065487,879478,21455889.03
0.065539,880500,19513126.49
0.065702,881428,5709293.60
0.065742,882201,19165447.65
0.065774,882710,15803527.07
0.065818,883505,18102329.39
0.065864,884380,19021739.13
0.066085,886543,9815087.92
0.066148,887790,19650792.65
0.066237,889707,21549253.03
0.066431,891291,8175483.87
0.066548,893926,22473347.55
0.066720,894951,5979605.17
0.066783,896200,19515625.00
0.066834,897261,20820659.75
0.066868,897807,16278584.42
0.067095,900306,11020948.18
0.067154,901427,19053608.46
0.067208,902451,18948576.08
0.067251,903205,17534883.72
0.067430,904329,6260373.62
0.067465,904864,15432543.92
0.067530,905999,17484133.34
0.067612,907335,16234870.95
0.067767,908003,4305039.09
0.067832,909332,20671633.67
0.067916,911183,21991992.11
0.067961,912038,18722491.08
0.068118,912668,4014886.95
0.068154,913219,15430283.68
0.068194,914003,19478260.87
0.068238,914818,18470254.96
0.068290,915533,13917274.94
0.068325,916082,15629893.24
0.068494,916976,5284749.89
0.068543,917779,16499886.99
0.068588,918582,17827805.16
0.068674,920414,21169156.82
0.068866,922039,8461690.67
0.068916,922972,18832505.75
0.068971,924011,18720720.72
0.069024,925030,19409523.81
0.069330,929380,14223448.74
0.069521,930905,7953063.89
0.069590,932279,20168807.34
0.069670,934095,22617446.32
0.069839,935097,5936335.47
0.070166,939153,12383144.76
0.070298,941533,18081671.42
0.070402,943501,18945848.38
0.070605,945248,8602394.10
0.070656,946156,17645115.53
0.070696,946646,12237456.61
0.070891,948221,8097686.38
0.070942,949056,16239765.06
0.071005,950191,18051689.86
0.071079,951765,21378607.81
0.071290,953801,9628389.56
0.071585,957267,11737534.37
0.071716,959582,17750753.35
0.071795,961195,20396292.50
0.072028,963111,8221693.94
0.072463,969894,15603577.57
0.072892,973892,9306699.75
0.073152,976936,11722706.39
0.073247,978892,20508519.00
0.073555,982783,12653658.54
0.073788,985243,10546623.79
0.073855,986267,15255121.04
0.074097,989012,11354705.27
0.074187,990795,19692518.39
0.074261,992265,20045545.66
0.074481,994374,9568227.50
0.074531,995227,17131610.13
0.074608,996626,18188436.89
0.074787,997889,7046025.10
0.074846,998991,18651727.23
0.074901,1000000,18527699.74
0.074919,1000137,7646796.16
0.075166,1002434,9291732.91
0.075264,1004561,21621346.89
0.075329,1005860,19984615.38
0.075639,1010418,14693367.03
0.075902,1013404,11364414.84
0.076124,1015813,10865643.10
0.076257,1018889,23127819.55
0.076474,1021188,10602580.78
0.076547,1022335,15596741.95
0.076637,1023537,13386493.23
0.076860,1025213,7526934.84
0.076970,1027628,21921463.97
0.077160,1028914,6766925.21
0.077239,1030588,21156398.10
0.077299,1031840,20794578.79
0.077483,1033031,6490463.22
0.077528,1033665,14141053.66
0.077581,1034710,19396751.74
0.077699,1036633,16400852.88
0.077858,1037435,5028213.17
0.077921,1038786,21645091.00
0.077956,1039438,18496453.90
0.078014,1040562,19449058.69
0.078064,1041640,21311507.82
0.078228,1042717,6580434.66
0.078299,1044317,22416812.61
0.078343,1045222,20490411.39
0.078380,1045920,19101830.82
0.078539,1046713,4975686.27
0.078649,1049135,22144000.00
0.078867,1051386,10302059.50
0.078939,1052998,22427826.09
0.079156,1055465,11368663.59
0.079203,1056389,19572539.13
0.079306,1058910,24595121.95
0.079482,1060107,6778681.98
0.079554,1061772,23382204.25
0.079620,1063036,19019244.95
0.079671,1064130,21468660.47
0.079855,1065681,8442746.10
0.079898,1066616,21618497.11
0.079986,1068176,17794609.15
0.080196,1070073,9017231.13
0.080264,1071283,17805114.92
0.080323,1072283,16949152.54
0.080357,1072807,15430371.92
0.080504,1073199,2671209.54
0.080559,1074344,20770975.06
0.080614,1075557,22054545.45
0.080842,1078260,11861766.32
0.080912,1079809,21893992.93
0.080964,1080919,21466697.61
0.081012,1081815,18780917.25
0.081192,1083079,7014078.10
0.081223,1083553,15394108.67
0.081270,1084187,13573401.27
0.081314,1084874,15323534.00
0.081506,1086096,6385369.04
0.081724,1087752,7584744.40
0.081801,1089263,19528271.41
0.081846,1089995,16636363.64
0.081888,1090713,16960362.83
0.082055,1091644,5573481.96
0.082108,1092651,19029801.39
0.082164,1093517,15316048.25
0.082204,1094234,17887882.64
0.082258,1095156,17328221.32
0.082448,1096377,6420672.36
0.082531,1097936,18726726.73
0.082571,1098572,16118404.38
0.082636,1099711,17422562.14
0.082804,1100447,4371195.25
0.082874,1101919,21053534.91
0.082929,1102847,16924115.04
0.083148,1104673,8342661.34
0.083243,1106632,20548807.35
0.083342,1108816,22163363.47
0.083597,1111349,9921971.70
0.083685,1112923,17860992.91
0.083931,1115506,10487551.36
0.084004,1116899,19082191.78
0.084333,1119312,7347388.68
0.084452,1121045,14512171.63
0.084712,1123835,10749705.25
0.085149,1127645,8718535.47
0.085300,1129828,14449011.47
0.085661,1134985,14290266.71
0.085879,1137468,11398640.24
0.085956,1139131,21504124.96
0.086204,1142066,11856621.73
0.086273,1143363,18763110.31
0.086519,1146181,11437848.81
0.086580,1147515,21928526.81
0.086793,1149572,9659181.62
0.086939,1153128,24335329.34
0.087241,1156073,9757051.08
0.087296,1157186,20205504.32
0.087500,1158938,8562003.67
0.087584,1160440,18051148.93
0.087668,1161854,16717307.26
0.087902,1163900,8770124.99
0.088028,1166296,18990702.80
0.088232,1167927,7970678.07
0.088303,1169313,19475592.28
0.088359,1170371,18892857.14
0.088399,1170960,14771159.87
0.088606,1172762,8717569.14
0.088709,1174847,20234663.87
0.088910,1176471,8076226.85
0.088990,1178058,19899686.52
0.089254,1180784,10342093.38
0.089292,1181436,17064489.11
0.089338,1182106,14421317.72
0.089422,1183762,19694825.35
0.089484,1184857,17853357.90
0.089719,1187240,10133224.47
0.089833,1189621,20787134.85
0.090043,1190894,6083632.02
0.090158,1192840,16866738.89
0.090374,1194341,6961159.42
0.090422,1195219,18149870.80
0.090466,1196039,18426966.29
0.090536,1197314,18268831.22
0.090607,1198471,16324514.99
0.090771,1199136,4046636.73
0.090829,1199928,13684665.23
0.090894,1200782,13257575.76
0.090989,1202395,16993794.58
0.091038,1203190,16087581.20
0.091222,1204011,4466009.91
0.091263,1204621,14878048.78
0.091315,1205636,19519230.77
0.091373,1206815,20430442.92
0.091550,1208238,8041410.72
0.091617,1209486,18443531.46
0.091703,1211269,20762736.54
0.091886,1212658,7588422.33
0.091967,1213600,11695761.22
0.092013,1214516,19681571.09
0.092099,1216393,21835991.58
0.092268,1217195,4764365.87
0.092356,1219025,20609964.86
0.092427,1220505,20955752.21
0.092589,1221340,5153016.83
0.092617,1221806,16919613.68
0.092667,1222805,19880597.01
0.092735,1223951,16740191.07
0.092950,1225990,9509507.18
0.093008,1227084,18607973.87
0.093072,1228419,20927717.08
0.093111,1229142,18518518.52
0.093313,1230263,5560984.81
0.093358,1230932,14663013.70
0.093474,1233169,19409978.31
0.093513,1233838,16865404.49
0.093721,1236107,10915213.47
0.093775,1237309,22362790.70
0.093822,1238284,20726159.60
0.094005,1239824,8403819.92
0.094069,1241214,21803921.57
0.094129,1242394,19666666.67
0.094162,1242951,17160638.36
0.094325,1243755,4911183.33
0.094380,1244880,20516467.88
0.094433,1245799,17353374.37
0.094470,1246350,14775286.92
0.094695,1248815,10984065.31
0.094779,1250721,22611873.01
0.094977,1252623,9602035.51
0.095068,1254830,24308309.10
0.095112,1255784,21518958.79
0.095299,1256990,6452061.61
0.095354,1257920,16986301.37
0.095396,1258723,19099947.67
0.095455,1259872,19529855.69
0.095651,1261605,8826840.11
0.095691,1262209,15006211.18
0.095726,1262665,13122302.16
0.095772,1263583,20138645.14
0.095830,1264816,21304535.64
0.096014,1266272,7889845.62
0.096056,1266942,15826522.42
0.096134,1268547,20788001.24
0.096182,1269448,18545581.79
0.096227,1270259,18088950.35
0.096395,1271187,5525190.82
0.096445,1272081,17732114.17
0.096484,1272759,17459377.33
0.096527,1273519,17935103.24
0.096705,1274840,7386779.84
0.096756,1275815,19195936.37
0.096833,1277449,21278258.15
0.096868,1278032,16500155.66
0.097063,1279697,8543938.42
0.097107,1280386,15900122.31
0.097155,1281249,17687325.79
0.097205,1282200,19131729.30
0.097263,1283124,16011367.38
0.097421,1283735,3850856.52
0.097483,1284931,19526530.61
0.097527,1285663,16480176.51
0.097569,1286311,15614457.83
0.097622,1287366,19936882.29
0.097654,1287842,14740949.49
0.097840,1289131,6916163.65
0.097881,1289784,15926829.27
0.097950,1291250,21297614.55
0.097999,1292119,17886915.18
0.098168,1293013,5273029.69
0.098216,1293892,18424582.88
0.098246,1294336,14657335.27
0.098331,1296274,22856199.36
0.098512,1297402,6236351.07
0.098619,1300018,24496216.95
0.098679,1301356,22207468.88
0.098836,1302088,4667385.05
0.098886,1302890,15854815.75
0.098939,1304053,22135094.50
0.098979,1304769,18012578.62
0.099021,1305584,19270784.07
0.099222,1307461,9326708.07
0.099277,1308481,18758620.69
0.099503,1311136,11704646.15
0.099597,1313161,21706041.25
0.099660,1314455,20404623.37
0.099877,1316746,10577930.86
0.100195,1321199,14010502.37
0.100269,1322512,17555353.51
0.100340,1323958,20450302.65
0.100529,1325250,6819417.39
0.100619,1326755,16807942.73
0.100698,1328400,20778859.88
0.100975,1329186,2834557.07
0.101026,1330174,19727252.76
0.101105,1331702,19169970.39
0.101321,1332938,5736590.26
0.101361,1333543,15046756.86
0.101412,1334498,18664373.52
0.101469,1335607,19628318.58
0.101713,1337559,7989096.85
0.101765,1338398,15993747.38
0.101825,1339467,17966386.55
0.101905,1340461,12399116.84
0.101974,1341775,19066413.22
0.102172,1343197,7190897.60
0.102235,1344520,21055814.62
0.102291,1345781,22139120.05
0.102459,1346835,6281586.73
0.102672,1347776,4414379.34
0.102720,1348478,14778947.37
0.102773,1349160,12747663.55
0.102826,1349832,12912895.60
0.103165,1351573,5124356.14
0.103206,1352215,15674210.80
0.103264,1353189,16927060.70
0.103507,1354309,4610628.32
0.103557,1355169,17185564.13
0.103763,1356768,7762135.92
0.103871,1359185,22242467.75
0.104047,1360017,4727272.73
0.104084,1360601,15891156.46
0.104124,1361233,15750778.82
0.104194,1362662,20573287.84
0.104252,1363830,19994522.05
0.104420,1364809,5843310.93
0.104458,1365478,17509422.11
0.104500,1366132,15648928.02
0.104604,1367232,10522086.82
0.104642,1367889,17500865.72
0.104678,1368309,11666666.67
0.104856,1369378,6012643.99
0.104914,1370445,18265231.01
0.104952,1371144,18516556.29
0.105017,1372188,16082321.77
0.105195,1373142,5333333.33
0.105254,1373984,14423982.87
0.105284,1374298,10480990.69
0.105320,1374641,9451379.13
0.105357,1375195,15040451.76
0.105402,1375878,15248599.05
0.105473,1377498,22670342.43
0.105644,1378394,5246178.08
0.105680,1379008,17214792.39
0.105784,1381271,21794612.50
0.105954,1382067,4672046.96
0.106060,1384367,21715116.55
0.106132,1385945,21853534.23
0.106411,1389432,12496326.72
0.106642,1391846,10459634.65
0.106728,1393703,21645627.16
0.106802,1395224,20324985.97
0.106988,1396745,8192129.95
0.107091,1398803,20069825.05
0.107277,1400023,6547417.80
0.107331,1400982,17731676.65
0.107377,1401873,19299917.69
0.107420,1402684,18823693.25
0.107497,1404321,21248426.16
0.107657,1405117,4997112.22
0.107732,1406715,21294741.61
0.107805,1408242,20740237.69
0.107962,1409061,5237410.07
0.108032,1410644,22440850.00
0.108088,1411785,20314419.50
0.108145,1412920,20162722.94
0.108332,1414319,7453065.40
0.108402,1415777,20878381.28
0.108490,1417702,22041816.47
0.108667,1419068,7686767.06
0.108735,1420458,20428558.83
0.108785,1421522,21567713.30
0.108980,1423235,8771480.65
0.109046,1424712,22506666.67
0.109123,1426476,22822838.36
0.109300,1427724,7047502.88
0.109352,1428826,21346246.97
0.109398,1429825,21522750.78
0.109454,1430988,20721603.56
0.109616,1431918,5757016.75
0.109696,1433588,20885965.13
0.109755,1434725,19002573.79
0.109803,1435311,12413150.31
0.109988,1436238,4989450.57
0.110033,1436885,14391209.57
0.110070,1437449,15225959.72
0.110128,1438592,19821038.39
0.110194,1439822,18754574.29
0.110366,1440719,5196234.61
0.110425,1441851,19268085.11
0.110452,1442211,13271889.40
0.110497,1443021,17884347.88
0.110539,1443782,18136752.54
0.110565,1444120,13211898.53
0.110768,1445982,9189389.27
0.110810,1446774,18764215.31
0.110846,1447283,14188153.31
0.110875,1447713,14617398.10
0.110918,1448390,15774634.76
0.110951,1448943,16757575.76
0.111124,1449876,5391785.76
0.111188,1451247,21576280.26
0.111234,1452134,19300230.65
0.111278,1453023,20223389.98
0.111432,1453878,5529506.87
0.111504,1455537,23189499.73
0.111590,1457514,22965940.24
0.111760,1458587,6316409.12
0.111873,1461149,22539721.64
0.111927,1462185,19334129.59
0.112090,1463272,6682404.44
0.112176,1465381,24428382.79
0.112463,1469805,15421350.76
0.112495,1470373,17612403.10
0.112669,1471676,7508312.16
0.112797,1474915,25222517.27
0.112835,1475534,16271489.41
0.112987,1476161,4120499.98
0.113031,1477031,19885714.29
0.113079,1477952,19038759.69
0.113149,1479284,19188383.25
0.113325,1480463,6706789.84
0.113414,1482313,20796330.85
0.113655,1484779,10209404.58
0.113718,1485900,17782078.33
0.113757,1486461,14539705.58
0.113817,1487702,20683333.33
0.113880,1488945,19782598.32
0.114089,1490827,8963697.50
0.114125,1491483,18264331.65
0.114178,1492571,20625592.42
0.114215,1493196,17045299.59
0.114436,1495549,10661145.04
0.114481,1496383,18346605.66
0.114536,1497404,18521541.95
0.114712,1498630,6989060.35
0.114822,1501018,21700805.15
0.115034,1503007,9343511.45
0.115072,1503581,15255813.95
0.115152,1505177,19970969.52
0.115205,1506144,18259408.22
0.115238,1506736,18099547.51
0.115382,1507245,3531656.55
0.115416,1507869,18443531.46
0.115464,1508786,18874526.59
0.115541,1509583,10350649.35
0.115590,1510470,18288659.79
0.115623,1510978,15413556.65
0.115778,1511759,5018473.90
0.115868,1513643,20923569.00
0.115900,1514126,15252952.69
0.116110,1516268,10200000.00
0.116205,1518405,22593673.35
0.116494,1522106,12778593.01
0.116547,1523043,17791364.45
0.116588,1523797,18390243.90
0.116641,1524871,20312056.74
0.116823,1526109,6774281.81
0.116879,1527131,18345330.20
0.116965,1528365,14369723.44
0.117147,1529791,7819054.15
0.117223,1531274,19566967.05
0.117323,1533357,20882205.51
0.117500,1534458,6223257.23
0.117541,1535115,16155605.28
0.117592,1536114,19304347.83
0.117632,1536790,17006289.31
0.117845,1538720,9046889.14
0.117889,1539447,16648727.87
0.117930,1540103,15951367.78
0.117987,1541214,19577092.51
0.118023,1541723,14254508.79
0.118069,1542611,19339242.55
0.118237,1543556,5600000.00
0.118295,1544301,13022654.17
0.118352,1545415,19401919.29
0.118412,1546510,18377725.19
0.118584,1547524,5872575.54
0.118696,1550073,22699949.24
0.118737,1550742,16484328.80
0.118788,1551730,19452265.17
0.118951,1552820,6664954.57
0.119000,1553763,19561068.70
0.119032,1554290,16153256.70
0.119075,1554977,16101436.71
0.119117,1555781,18954664.40
0.119153,1556402,17534447.71
0.119303,1556899,3305972.04
0.119378,1558503,21363024.92
0.119432,1559436,17398601.40
0.119486,1560362,17055919.84
0.119985,1566573,12442754.51
0.120033,1567431,17813025.52
0.120145,1569731,20604703.25
0.120302,1570408,4315537.85
0.120367,1571739,20476923.08
0.120450,1573446,20617934.10
0.120671,1575672,10053474.00
0.120777,1578113,23155658.01
0.120979,1580003,9329509.39
0.121049,1581408,20023657.84
0.121094,1582188,17430167.60
0.121291,1583981,9109244.89
0.121365,1585439,19691526.43
0.121432,1586880,21507462.69
0.121667,1588867,8438872.33
0.121759,1590460,17409836.07
0.121833,1591834,18525759.43
0.122025,1593184,7046554.23
0.122095,1594446,18017760.77
0.122179,1596105,19623382.46
0.122360,1597352,6895865.25
0.122463,1599691,22699481.76
0.122516,1600769,20307819.83
0.122695,1602112,7511521.77
0.122765,1603366,17957126.29
0.122811,1604161,17377049.18
0.122868,1605088,16109971.85
0.123107,1607894,11730376.91
0.123148,1608584,17054723.42
0.123190,1609341,17864306.78
0.123243,1610081,14039348.12
0.123446,1611665,7806185.81
0.123528,1612979,15903177.00
0.123584,1613926,16973759.68
0.123762,1615108,6651360.66
0.123811,1615981,17636363.64
0.123895,1617738,20989379.88
0.123953,1618866,19546683.30
0.124114,1619643,4832329.97
0.124144,1620154,16663405.73
0.124196,1621138,18953329.35
0.124247,1622054,18093827.16
0.124440,1623783,8939234.92
0.124485,1624544,16911111.11
0.124629,1627613,21393020.95
0.124870,1630319,11210771.62
0.124927,1631235,16188607.89
0.125152,1633436,9767722.58
0.125189,1634104,17913169.40
0.125249,1635330,20648421.05
0.125331,1636923,19456488.55
0.125550,1638889,8975447.63
0.125603,1639845,17938902.65
0.125867,1642939,11706792.89
0.125965,1644882,19936588.72
0.126002,1645569,18484636.50
0.126172,1646579,5933881.29
0.126232,1647808,20483333.33
0.126321,1649623,20431596.37
0.126537,1651830,10203798.57
0.126663,1654170,18516320.47
0.126916,1656876,10734559.65
0.126994,1658557,21414012.74
0.127187,1660168,8350741.51
0.127245,1661335,20034334.76
0.127311,1662815,22609917.81
0.127542,1665410,11221621.62
0.127587,1666277,19020248.78
0.127631,1667092,18934993.73
0.127827,1668620,7777743.84
0.127877,1669569,19059286.63
0.127953,1671289,22606889.84
0.128204,1674884,14303675.59
0.128281,1676690,23378640.78
0.128484,1678599,9403940.89
0.128532,1679513,19259134.39
0.128583,1680574,20719418.84
0.128649,1681917,20246027.68
0.128900,1682673,3017964.07
0.128947,1683448,16621983.91
0.129061,1685772,20245489.63
0.129244,1686956,6484686.50
0.129302,1688034,18533163.70
0.129358,1688959,16493117.47
0.129605,1691562,10552731.22
0.129688,1693303,20891832.87
0.129760,1694868,21939354.86
0.129940,1696343,8179312.72
0.130109,1699977,21487065.78
0.130358,1702531,10267336.68
0.130577,1704775,10215462.50
0.130682,1706794,19289747.48
0.130915,1709308,10797438.51
0.130981,1710490,18011428.57
0.131093,1712865,21197408.11
0.131250,1713442,3676142.66
0.131299,1714182,15063613.23
0.131363,1715404,18958081.23
0.131411,1716385,20296271.78
0.131458,1717278,19067751.37
0.131617,1718102,5176952.51
0.131732,1720715,22804429.98
0.131803,1722317,22643109.54
0.131966,1723199,5409649.05
0.132031,1724630,21931034.48
0.132120,1726559,21796610.17
0.132312,1728187,8457142.86
0.132360,1729018,17433810.26
0.132412,1730114,20809994.87
0.132467,1731137,18770642.20
0.132660,1732642,7806340.51
0.132731,1734026,19436018.42
0.132778,1735021,20928862.90
0.132934,1735810,5076697.38
0.132975,1736630,19898565.85
0.133045,1738186,22202245.91
0.133109,1739506,20732875.74
0.133272,1740557,6449514.60
0.133310,1741208,17094241.53
0.133362,1742367,22111147.15
0.133397,1742927,16192927.16
0.133624,1744941,8870605.44
0.133681,1746113,20651982.38
0.133754,1747765,22604436.05
0.133781,1748210,16181818.18
0.133818,1748791,15827181.35
0.133847,1749198,13875157.67
0.133998,1749728,3511864.14
0.134052,1750829,20531468.53
0.134132,1752519,20972165.35
0.134166,1753114,17542825.13
0.134324,1753784,4243863.82
0.134398,1755200,19320243.96
0.134472,1756733,20623133.42
0.134667,1758386,8487804.88
0.134722,1759411,18331068.03
0.134773,1760378,19164073.80
0.134803,1760831,15100000.00
0.134843,1761476,16158933.76
0.134899,1762244,13806741.57
0.135092,1763127,4564274.60
0.135146,1764050,17000976.22
0.135177,1764502,14639676.11
0.135207,1764937,14500000.00
0.135286,1766545,20311493.43
0.135457,1767790,7298499.85
0.135568,1770373,23200459.88
0.135793,1772941,11406996.11
0.135869,1774347,18581661.51
0.136101,1776756,10396661.33
0.136202,1778961,21724137.93
0.136437,1781560,11077250.93
0.136492,1782571,18381818.18
0.136536,1783187,13829954.42
0.136584,1783972,16497141.90
0.136847,1787375,12922801.17
0.136934,1789323,22585507.25
0.137145,1791441,10020106.45
0.137225,1793049,19975155.28
0.137406,1794205,6407378.46
0.137465,1795335,19139242.22
0.137510,1796101,17022222.22
0.137567,1797167,18756378.22
0.137640,1798501,18305317.32
0.137819,1799847,7495141.52
0.137859,1800528,17204355.41
0.137940,1802131,19628491.31
0.138133,1803612,7691828.28
0.138218,1805168,18270201.72
0.138302,1807006,22022789.63
0.138488,1808299,6953182.98
0.138572,1809622,15602887.06
0.138612,1810300,17039028.93
0.138647,1810765,13445523.94
0.138691,1811591,18492813.33
0.138858,1812638,6291424.55
0.138931,1814127,20455544.57
0.138990,1815303,19820336.07
0.139195,1817321,9833924.60
0.139259,1818556,19347056.43
0.139357,1820777,22615265.56
0.139558,1822453,8326212.67
0.139603,1823237,17617977.53
0.139638,1823793,16019361.53
0.139700,1824969,18816000.00
0.139858,1825826,5429789.71
0.139929,1827404,22199088.40
0.139974,1828290,19707282.35
0.140213,1831141,11949719.80
0.140259,1831791,13941018.77
0.140305,1832625,18081300.81
0.140339,1833158,15890525.31
0.140403,1834282,17596868.88
0.140574,1835356,6279159.50
0.140702,1838393,23703414.63
0.140882,1839659,7026853.01
0.140955,1841220,21531034.48
0.141171,1843448,10320787.49
0.141214,1844149,16114942.53
0.141320,1846380,21113498.06
0.141539,1848642,10320896.85
0.141655,1851313,22918972.72
0.141838,1852634,7215267.31
0.141893,1853623,18091684.04
0.141939,1854472,18373044.21
0.142153,1856760,10725016.76
0.142216,1858007,19637795.28
0.142258,1858750,17939493.44
0.142508,1861364,10438630.12
0.142553,1862101,16317222.75
0.142606,1862817,13627193.48
0.142659,1863891,20027972.03
0.142689,1864324,14393511.29
0.142886,1865988,8462809.92
0.142937,1866916,18240786.24
0.143035,1868832,19443486.03
0.143088,1869787,18161763.31
0.143252,1870506,4376354.30
0.143334,1871895,17086762.37
0.143434,1874157,22601015.15
0.143631,1875956,9118510.22
0.143682,1876813,16735339.49
0.143721,1877438,16008811.25
0.143753,1877799,11208047.44
0.143784,1878286,15752361.24
0.143955,1879489,7060895.08
0.144008,1880532,19510278.91
0.144115,1882987,23051643.19
0.144297,1884325,7319835.22
0.144337,1884913,14823404.85
0.144421,1886776,22123788.71
0.144483,1888086,21171717.17
0.144657,1889313,7075430.90
0.144704,1890278,20191663.88
0.144754,1891196,18687022.90
0.144960,1892666,7111480.93
0.145023,1893722,16828685.26
0.145133,1896076,21375709.42
0.145328,1897662,8143774.07
0.145370,1898452,18698224.85
0.145429,1899650,20247773.25
0.145484,1900703,19380487.00
0.145517,1901165,14053231.94
0.145548,1901568,12878691.04
0.145693,1901979,2841026.92
0.145727,1902555,16575539.57
0.145819,1904557,21800204.72
0.145853,1905135,17232640.65
0.146094,1908051,12078685.43
0.146154,1909230,19677220.15
0.146223,1910499,18514465.79
0.146478,1913350,11142159.26
0.146524,1913779,9385460.19
0.146751,1915382,7065564.74
0.146817,1916400,15492786.27
0.146891,1917541,15392917.37
0.146936,1918317,16992576.70
0.146989,1918987,12641509.43
0.147025,1919603,17413427.56
0.147193,1920071,2787107.84
0.147259,1921304,18517962.27
0.147341,1922825,18653192.87
0.147395,1923811,18077811.59
0.147590,1925355,7921320.36
0.147627,1925877,14188252.56
0.147660,1926392,15785440.61
0.147697,1927003,16550640.63
0.147720,1927307,12959331.57
0.147753,1927886,17413533.83
0.147927,1928983,6334925.25
0.147990,1930169,18738545.16
0.148031,1930917,18115327.80
0.148062,1931405,15574136.72
0.148108,1932210,17855954.57
0.148142,1932762,15884892.09
0.148290,1933169,2746900.46
0.148328,1933769,16107382.55
0.148383,1934732,17416939.47
0.148433,1935605,17373134.33
0.148521,1937476,21241088.05
0.148713,1938822,7018056.11
0.148833,1941341,20962493.86
0.149009,1942289,5394025.60
0.149105,1944086,18734947.92
0.149349,1946697,10693544.56
0.149472,1949245,20771682.69
0.149703,1951681,10543537.54
0.149769,1952813,17173372.17
0.149808,1953353,13714285.71
0.149866,1954272,15810752.69
0.150065,1955924,8294546.79
0.150118,1956754,15923261.39
0.150163,1957485,15949206.90
0.150224,1958611,18701523.03
0.150284,1959668,17604636.83
0.150491,1961361,8145924.15
0.150546,1962118,13975556.62
0.150607,1963271,18672064.78
0.150812,1965093,8893227.58
0.150863,1966093,19543846.62
0.150920,1967232,20085349.51
0.151012,1969056,19952525.24
0.151253,1971762,11193381.59
0.151327,1973207,19548953.56
0.151481,1973787,3778501.63
0.151551,1975112,18816746.19
0.151636,1976536,16810492.39
0.151861,1978453,8527921.49
0.151905,1979255,18227272.73
0.151955,1980121,17176745.94
0.151981,1980481,14048780.49
0.152051,1981932,20532922.01
0.152221,1982824,5249652.77
0.152277,1983897,19260801.67
0.152357,1985522,20386912.23
0.152409,1986234,13659472.42
0.152458,1987064,16795839.49
0.152690,1989538,10673408.37
0.152725,1990095,15990124.59
0.152770,1990861,17022222.22
0.152972,1992503,8135438.70
0.153023,1993430,17913043.48
0.153087,1994669,19448106.99
0.153137,1995468,15966588.07
0.153318,1996652,6558030.82
0.153367,1997469,16588832.49
0.153402,1997951,13854157.68
0.153484,1999535,19141993.96
0.153517,2000000,14436958.61
0.153553,2000498,13722410.52
0.153743,2001552,5540078.84
0.153858,2003881,20347897.50
0.154050,2005622,9071677.19
0.154154,2006946,12634552.26
0.154226,2008261,18445267.35
0.154272,2008943,14679925.95
0.154442,2009850,5356309.76
0.154491,2010654,16380083.12
0.154537,2011411,16294287.31
0.154663,2014067,21065488.61
0.154858,2015353,6611825.19
0.154954,2016820,15234910.48
0.155032,2018098,16306220.10
0.155189,2018800,4474900.40
0.155235,2019563,16497297.30
0.155296,2020779,20071637.26
0.155524,2023309,11092404.55
0.155592,2024643,19702250.84
0.155691,2026697,20747474.75
0.155883,2028227,7979139.50
0.155968,2030119,22193548.39
0.156031,2031408,20339250.49
0.156243,2033472,9743524.38
0.156327,2035317,21909772.11
0.156372,2036087,17048222.11
0.156645,2037590,5520661.16
0.156681,2038245,18110432.16
0.156796,2040756,21890365.10
0.156966,2041722,5679546.58
0.157026,2042982,21014710.30
0.157060,2043556,16657960.42
0.157099,2044144,15223300.97
0.157137,2044773,16355079.44
0.157299,2045523,4623693.04
0.157386,2047468,22345534.34
0.157435,2048369,18482051.28
0.157469,2048938,17006396.08
0.157644,2050176,7067541.26
0.157712,2051632,21229750.81
0.157759,2052555,19725594.12
0.157796,2053187,17275783.83
0.157995,2054803,8112124.01
0.158079,2056442,19415520.57
0.158153,2057541,14851351.35
0.158215,2058557,16376003.35
0.158425,2059803,5929803.69
0.158471,2060591,17366391.18
0.158524,2061585,18565211.71
0.158568,2062259,15553606.87
0.158623,2063294,18804164.17
0.158784,2063893,3715673.44
0.158830,2064692,17401341.58
0.158866,2065314,17277777.78
0.158918,2066207,17242045.10
0.158970,2067052,16263135.61
0.159188,2069324,10427997.71
0.159301,2071932,23011629.34
0.159456,2072664,4730210.02
0.159490,2073199,15774265.83
0.159555,2074480,19520000.00
0.159600,2075292,17911501.30
0.159641,2075998,17558694.79
0.159669,2076393,14128335.36
0.159831,2077246,5268131.20
0.159882,2077610,7039529.67
0.159926,2077881,6229885.06
0.160055,2078454,4428985.51
0.160256,2080596,10667755.69
0.160456,2081739,5719776.01
0.160500,2082479,16551477.33
0.160541,2083124,15959026.13
0.160613,2084466,18552824.40
0.160671,2085530,18477675.70
0.160829,2086218,4362492.71
0.160891,2087509,20546201.10
0.161241,2091468,11320873.41
0.161329,2093017,17652421.65
0.161391,2094002,15812624.41
0.161571,2094980,5429562.80
0.161608,2095517,14481029.04
0.161689,2097117,19793896.06
0.161931,2099340,9179615.72
0.162006,2100528,15937323.92
0.162052,2101301,16579088.47
0.162394,2105712,12897660.82
0.162495,2107574,18512074.61
0.162723,2109708,9356243.12
0.162811,2111499,20448940.45
0.162865,2112350,15795823.67
0.162893,2112661,10849089.51
0.163064,2113081,2459131.58
0.163130,2113924,12829488.04
0.163206,2115058,14823529.41
0.163279,2115959,12384879.73
0.163516,2118189,9412579.09
0.163546,2118557,12232822.52
0.163653,2120466,17917816.45
0.163689,2120708,6722222.22
0.163730,2121257,13097311.35
0.163920,2122569,6906789.92
0.163956,2123132,15971631.21
0.164023,2124638,22269870.61
0.164090,2126029,20943433.16
0.164268,2127061,5800490.12
0.164317,2127954,17979745.10
0.164357,2128694,18714278.49
0.164382,2129017,13028921.79
0.164456,2130694,22623946.04
0.164614,2131324,3974763.41
0.164649,2131885,16241097.79
0.164707,2132897,17348670.56
0.164742,2133447,15658362.99
0.164801,2134590,19608179.51
0.164957,2135193,3856115.11
0.165000,2136020,19364053.57
0.165125,2138840,22567402.11
0.165155,2139329,16121056.28
0.165346,2140884,8143151.90
0.165382,2141374,13548262.23
0.165431,2142326,19346447.73
0.165462,2142874,17677419.35
0.165510,2143704,17276549.69
0.165544,2144176,13899522.94
0.165681,2144384,1516864.18
0.165717,2145016,17823401.68
0.165769,2146023,19381038.53
0.165840,2147463,20175131.35
0.165894,2148491,19155160.53
0.166086,2149258,3995665.72
0.166161,2150636,18322518.88
0.166203,2151366,17467457.89
0.166237,2151805,13007407.41
0.166308,2153035,17313701.75
0.166503,2154444,7222566.80
0.166560,2155563,19560201.37
0.166617,2156688,19650655.02
0.166658,2157390,17104429.61
0.166826,2158346,5708894.17
0.166860,2158922,16735915.39
0.166899,2159611,17799938.00
0.166934,2160212,16969252.05
0.166978,2161042,18845647.34
0.167162,2162213,6362712.66
0.167202,2162897,17046728.97
0.167301,2165053,21750315.26
0.167363,2166381,21593495.93
0.167646,2167427,3697197.41
0.167694,2168203,16152533.20
0.167761,2169560,20116220.46
0.167804,2170259,16287252.14
0.168003,2171902,8258024.31
0.168049,2172773,19248618.78
0.168112,2174161,21815324.17
0.168310,2175524,6873701.41
0.168370,2176641,18865693.83
0.168450,2178048,17505443.23
0.168482,2178439,12429270.77
0.168713,2179209,3330925.26
0.169095,2180184,2548466.61
0.169184,2181672,16789844.85
0.169253,2182851,17138620.77
0.169300,2183651,16739203.21
0.169480,2184561,5077898.31
0.169510,2184973,13810210.17
0.169553,2185661,15755604.92
0.169606,2186674,19341288.78
0.169641,2187220,15507839.13
0.169683,2187864,15363694.92
0.169881,2189492,8220478.48
0.169932,2190474,19067961.17
0.169968,2190877,11259813.92
0.170067,2193091,22467577.28
0.170238,2194124,6039452.30
0.170287,2195034,18492927.98
0.170412,2195889,6801476.44
0.170705,2199692,13009092.34
0.171142,2202917,7370737.83
0.171204,2204092,19144602.85
0.171275,2205485,19642680.88
0.171554,2208045,9168791.73
0.172111,2209148,1980991.11
0.172150,2209629,12254777.07
0.172370,2211480,8397718.87
0.172405,2211779,8532861.51
0.172451,2212378,13237569.06
0.172521,2213794,20240426.54
0.172754,2216480,11509373.33
0.172818,2217701,19028769.13
0.172871,2218830,21218214.96
0.172916,2219470,14209275.99
0.173088,2220250,4539264.64
0.173213,2223251,24056112.22
0.173436,2225544,10276750.70
0.173960,2229126,6842406.88
0.174043,2230867,20808930.75
0.174114,2232494,22875219.68
0.174165,2233525,20432430.29
0.174389,2235006,6606711.10
0.174533,2237871,19832616.87
0.174790,2240921,11898585.04
0.175111,2243934,9389949.36
0.175167,2245099,20865796.21
0.175212,2245993,19811634.35
0.175421,2247570,7530429.72
0.175475,2248578,18523623.13
0.175508,2249122,16695822.98
0.175561,2249799,12723650.58
0.175606,2250681,19636217.91
0.175816,2252341,7917316.51
0.175905,2254131,20065464.98
0.175962,2255337,21142316.19
0.176159,2256408,5446916.72
0.176354,2258878,12647792.27
0.176415,2260070,19501022.49
0.176634,2261125,4827447.36
0.176733,2263045,19410212.60
0.176780,2263848,16994708.99
0.176809,2264306,15459915.61
0.176990,2265549,6865848.07
0.177102,2267881,20985376.83
0.177151,2268802,18466165.41
0.177353,2270149,6676579.93
0.177394,2270845,17185185.19
0.177463,2272294,20774193.55
0.177514,2273218,18266645.58
0.177705,2274406,6206377.73
0.177752,2275283,18876859.17
0.177799,2276163,18773333.33
0.177878,2277720,19667534.04
0.178097,2278753,4706150.34
0.178241,2281028,15835230.08
0.178299,2282201,20166073.55
0.178500,2283640,7174087.53
0.178627,2285903,17818897.64
0.178667,2286558,16206051.91
0.178851,2287540,5339394.07
0.178901,2288340,16229814.17
0.178981,2290095,21756108.45
0.179026,2290913,18110968.43
0.179223,2292452,7833695.58
0.179264,2293022,13818181.82
0.179305,2293677,15991991.80
0.179395,2295676,22335195.53
0.179563,2296619,5614498.86
0.179602,2297376,19044025.16
0.179693,2299383,22054945.05
0.179749,2300531,20699976.56
0.179904,2301146,3957121.53
0.179953,2302104,19402531.65
0.180001,2303009,18952879.58
0.180040,2303661,17027055.26
0.180233,2305221,8058558.86
0.180282,2306224,20486529.55
0.180367,2308057,21501466.28
0.180432,2309244,18343945.11
0.180627,2311152,9776242.91
0.180667,2311822,16785249.02
0.180900,2314271,10522019.33
0.181248,2319569,15200463.65
0.181602,2325130,15725698.13
0.181840,2327794,11173699.86
0.181938,2329960,22111517.18
0.182029,2331923,21591121.57
0.182198,2333059,6716925.35
0.182266,2334381,19585185.19
0.182309,2335111,17126099.71
0.182566,2338301,12392392.08
0.182616,2339211,18291457.29
0.182672,2340271,18761061.95
0.182857,2341524,6776013.02
0.182958,2343805,22640198.51
0.183166,2345718,9189737.09
0.183215,2346571,17438057.08
0.183282,2347976,20957012.02
0.183357,2349558,21246877.43
0.183516,2350342,4916624.34
0.183550,2350960,17956764.30
0.183606,2352005,18842748.70
0.183664,2352958,16419427.65
0.183716,2354027,20508393.29
0.183908,2355629,8336498.98
0.183954,2356376,16166031.86
0.183999,2357125,16878873.24
0.184061,2358333,19353701.72
0.184223,2359171,5166206.35
0.184264,2359910,18265404.48
0.184295,2360355,14412955.47
0.184342,2361211,18021052.63
0.184380,2361808,15973244.15
0.184462,2363446,19894817.39
0.184702,2365685,9332394.12
0.184800,2367748,21033206.57
0.184981,2368435,3799946.90
0.185052,2369688,17699990.11
0.185102,2370586,17767401.37
0.185155,2371628,19552653.31
0.185330,2372686,6061613.03
0.185406,2374266,20834981.67
0.185456,2375236,19416309.70
0.185509,2376261,19114219.11
0.185547,2376924,17504950.50
0.185744,2378541,8208121.83
0.186063,2383693,16152596.89
0.186284,2386046,10659116.65
0.186341,2387305,21848156.18
0.186418,2388852,20299439.70
0.186478,2390050,19760824.74
0.186746,2390779,2723543.52
0.186807,2392092,21480572.60
0.186989,2393896,9927961.74
0.187051,2394870,15720326.67
0.187358,2395518,2109890.11
0.187420,2396543,16554419.63
0.187487,2397837,19361692.58
0.187534,2398670,17660652.57
0.187805,2399913,4576869.69
0.187974,2400998,6443949.52
0.188076,2403096,20610657.03
0.188303,2405385,10048684.98
0.188369,2406647,19145288.77
0.188412,2407321,15905604.72
0.188459,2408130,17061391.48
0.188673,2408882,3507871.72
0.188716,2409540,15302325.58
0.188773,2410648,19567328.92
0.188858,2412314,19619388.57
0.189086,2414123,7925520.26
0.189142,2415097,17496901.22
0.189219,2416190,14110872.99
0.189290,2416780,8403481.04
0.189529,2417829,4388368.52
0.189592,2418685,13569209.31
0.189664,2419986,18048638.38
0.189984,2422751,8635012.24
0.190066,2424316,19124080.46
0.190197,2425610,9881030.56
0.190349,2426292,4484393.39
0.190411,2427398,17874747.47
0.190476,2428663,19374502.24
0.190762,2431953,11493449.78
0.190815,2432954,19127510.37
0.190875,2434086,18827442.83
0.190926,2434970,17123486.68
0.191079,2435571,3939898.52
0.191145,2436630,15995045.92
0.191205,2437767,18950000.00
0.191255,2438732,19203980.10
0.191293,2439344,16392564.42
0.191449,2440087,4761569.07
0.191501,2441060,18666666.67
0.191591,2443063,22265698.82
0.191766,2444181,6367359.03
0.191843,2445821,21344994.99
0.191912,2447024,17562043.80
0.192124,2449271,10601106.82
0.192194,2450676,20000000.00
0.192256,2451970,20773466.47
0.192302,2452748,17067392.07
0.192517,2454859,9805333.25
0.192593,2456322,19176322.55
0.192638,2457146,18482381.18
0.192795,2457796,4132441.57
0.192831,2458392,16555555.56
0.192885,2459300,17025106.41
0.192975,2461235,21479952.04
0.193163,2462598,7219623.82
0.193255,2464440,20213991.77
0.193300,2464957,11499366.09
0.193365,2465927,14799896.25
0.193544,2466967,5818181.82
0.193582,2467591,16438789.22
0.193666,2469290,20146324.69
0.193740,2470713,19262267.34
0.193949,2472810,10027495.52
0.194068,2475299,20923351.10
0.194294,2477698,10624822.85
0.194381,2479435,19946487.83
0.194606,2481595,9600000.00
0.194657,2482542,18736892.09
0.194733,2483865,17350819.67
0.194894,2484475,3787831.75
0.194957,2485601,17956241.63
0.195000,2486161,12861145.56
0.195076,2487615,19237130.04
0.195148,2488956,18517751.36
0.195327,2489963,5616567.48
0.195406,2491063,13982991.60
0.195498,2493008,21227830.83
0.195710,2495045,9600927.57
0.195746,2495395,9578281.93
0.195799,2496272,16811394.18
0.195848,2497137,17518987.34
0.195888,2497754,15297647.09
0.196036,2498238,3283203.43
0.196060,2498523,11772967.61
0.196087,2498851,12185607.61
0.196173,2500648,20885149.11
0.196226,2501667,19181176.47
0.196401,2502642,5555555.56
0.196456,2503589,17310082.62
0.196554,2505304,17567221.51
0.196781,2507474,9568238.74
0.196817,2507978,13761092.15
0.196882,2509295,20431909.15
0.196938,2510324,18334075.72
0.197157,2512465,9776255.71
0.197197,2513080,15439459.74
0.197239,2513797,16837309.79
0.197270,2514184,12740740.74
0.197294,2514500,12811157.06
0.197323,2514806,10815778.31
0.197531,2516364,7481392.56
0.197585,2516975,11279930.59
0.197634,2517534,11408163.27
0.197704,2518547,14454289.91
0.197769,2519663,17103448.28
0.197947,2520532,4878596.49
0.198016,2521846,19055077.00
0.198069,2522608,14618705.04
0.198113,2523077,10431726.68
0.198354,2525617,10568669.30
0.198483,2528019,18572212.81
0.198527,2528600,13368922.43
0.198770,2529997,5744054.47
0.198819,2530609,12521739.13
0.198875,2531601,17544480.21
0.198931,2532557,17173858.37
0.199208,2536140,12950586.81
0.199769,2542671,11622712.96
0.199928,2543429,4791161.00
0.200016,2545472,23030617.31
0.200060,2546192,16410256.41
0.200266,2547817,7894711.27
0.200384,2550324,21230829.16
0.200436,2551128,15511353.77
0.200470,2551564,12982372.56
0.200641,2552391,4828041.17
0.200683,2552964,13683582.09
0.200740,2553885,15959382.42
0.201012,2557653,13886994.95
0.201052,2558224,14171547.70
0.201081,2558608,13109828.96
0.201176,2560532,20350743.58
0.201356,2561663,6283333.33
0.201404,2562427,16000000.00
0.201445,2563065,15608562.69
0.201479,2563676,17582733.81
0.201522,2564474,18776470.59
0.201557,2564975,14382912.76
0.201729,2565531,3227866.47
0.201805,2566832,16987882.59
0.201864,2567930,18822964.70
0.201906,2568627,16497041.42
0.202084,2569840,6830608.79
0.202146,2571028,19109817.11
0.202209,2572228,18984938.62
0.202298,2574130,21281118.88
0.202490,2575579,7571521.88
0.202559,2576953,19973252.70
0.202588,2577283,11123470.52
0.202646,2578367,18649462.37
0.202924,2582032,13193372.00
0.203204,2585699,13112022.51
0.203271,2586976,18895284.32
0.203448,2588099,6374633.16
0.203525,2589658,20127036.59
0.203589,2590897,19460631.10
0.203820,2593543,11429805.62
0.203879,2594684,19393877.59
0.204115,2597383,11424338.62
0.204401,2601629,14848282.45
0.204447,2602497,19094548.81
0.204520,2604149,22643164.56
0.204733,2606334,10242155.49
0.204783,2607281,18861536.01
0.204819,2607830,15110230.37
0.204858,2608338,13039349.06
0.204894,2608741,11405767.98
0.204963,2610224,21351032.28
0.205168,2611788,7654134.90
0.205282,2614568,24217926.49
0.205504,2617042,11152483.39
0.205568,2618333,20250980.39
0.205736,2619357,6077151.34
0.205774,2619964,15973684.21
0.205810,2620516,15476924.80
0.205887,2622163,21389610.39
0.205923,2622752,16436903.50
0.206394,2628574,12357654.55
0.206461,2629926,20216822.43
0.206582,2632438,20703353.58
0.206827,2635286,11650263.03
0.206910,2637068,21415952.60
0.207134,2639478,10758928.57
0.207404,2643126,13515315.88
0.207466,2644350,19610042.14
0.207747,2648039,13145657.02
0.207805,2649037,17281385.28
0.208008,2650400,6719813.84
0.208182,2651408,5786153.41
0.208221,2651975,14569842.74
0.208253,2652397,12852530.91
0.208300,2653215,17481994.40
0.208406,2654238,9662337.66
0.208602,2655728,7618210.08
0.208668,2657012,19516347.22
0.208736,2658373,19856438.39
0.208925,2660013,8660066.01
0.208983,2660875,15078629.28
0.209047,2662165,19897274.54
0.209105,2663206,18012873.75
0.209150,2663961,16669978.58
0.209322,2665095,6615446.54
0.209371,2665881,16095673.01
0.209399,2666259,13399978.73
0.209654,2669329,12031383.49
0.209763,2671453,19463917.53
0.209845,2673127,20466549.30
0.210020,2673824,3976222.53
0.210100,2675500,21026747.63
0.210143,2676248,17244956.77
0.210225,2677614,16743684.35
0.210372,2678140,3567093.23
0.210432,2679333,20064583.40
0.210462,2679656,10902953.59
0.210504,2680367,16811690.15
0.210580,2681980,21270423.17
0.210746,2682709,4376196.85
0.210864,2685548,24161702.13
0.211031,2686096,3280612.06
0.211231,2687127,5140016.85
0.211319,2688603,16836437.88
0.211380,2689703,18106995.88
0.211420,2690353,15983475.55
0.211618,2691394,5282038.53
0.211665,2692070,14132502.67
0.211735,2693454,19865933.66
0.211831,2695131,17400778.21
0.212056,2696751,7218704.47
0.212193,2698947,16068371.07
0.212387,2700361,7263686.19
0.212452,2701473,17218153.38
0.212534,2702232,9274873.52
0.212610,2703513,16855263.16
0.212793,2704626,6079209.98
0.212839,2705464,17909044.28
0.212905,2706614,17635872.90
0.212933,2706981,12746596.28
0.213001,2708242,18693112.75
0.213367,2709180,2565470.09
0.213475,2711356,20155986.59
0.213541,2712652,19537492.09
0.213574,2713118,13980139.80
0.213736,2713962,5212547.17
0.213804,2715295,19579043.23
0.213849,2715994,15707865.17
0.213883,2716430,12854910.52
0.213919,2716945,14158075.60
0.214136,2718969,9323622.76
0.214183,2719761,16880874.74
0.214216,2720247,14935005.07
0.214260,2720886,14265940.35
0.214295,2721353,13358887.81
0.214326,2721711,11610559.77
0.214503,2722509,4511660.78
0.214576,2723715,16464163.82
0.214632,2724548,14875000.00
0.214681,2725402,17414000.53
0.214936,2728195,10972648.91
0.214994,2729293,18809421.84
0.215036,2729952,15847822.43
0.215075,2730538,14977635.78
0.215238,2731391,5241167.43
0.215283,2732163,17108033.24
0.215411,2734943,21746953.08
0.215576,2735898,5768963.58
0.215642,2737176,19388018.27
0.215708,2738455,19317907.20
0.215754,2739287,18152463.24
0.215805,2740185,17479318.73
0.216028,2742285,9424097.87
0.216072,2742986,16038253.87
0.216132,2744010,17114015.44
0.216183,2744724,13943133.89
0.216420,2745105,1610993.66
0.216529,2747525,22134213.82
0.216568,2748151,16102893.89
0.216631,2749299,18150197.63
0.216820,2750661,7211118.46
0.216898,2752299,20943881.14
0.216971,2753796,20589206.14
0.217156,2755068,6860212.39
0.217248,2757049,21640576.35
0.217294,2757920,18849141.94
0.217483,2759325,7440436.79
0.217522,2759983,16693304.92
0.217606,2761898,22729970.33
0.217650,2762644,16986975.13
0.217808,2763241,3788455.68
0.217847,2763897,16731279.33
0.217883,2764420,14527777.78
0.217928,2765234,18258080.43
0.217969,2765945,17306007.20
0.218183,2767911,9186915.89
0.218241,2768985,18504160.85
0.218309,2769876,13167422.82
0.218354,2770581,15452054.79
0.218395,2771115,13171525.83
0.218424,2771510,13601460.00
0.218599,2772340,4724848.72
0.218646,2773098,16156190.72
0.218686,2773779,17277247.82
0.218755,2774863,15710144.93
0.218814,2775868,16914351.11
0.219000,2777040,6319490.13
0.219053,2777893,15981264.64
0.219081,2778223,11664074.65
0.219131,2779051,16587535.31
0.219177,2779854,17520127.42
0.219222,2780584,16389026.09
0.219383,2781242,4073269.32
0.219430,2781734,10458739.00
0.219470,2782281,13848101.27
0.219503,2782723,13276462.81
0.219550,2783398,14387415.81
0.219590,2783953,13889236.47
0.219620,2784263,10276470.20
0.219799,2785347,6053025.40
0.219860,2786503,19015972.76
0.219886,2786817,12038030.98
0.219931,2787622,17988826.82
0.220004,2789257,22320819.11
0.220167,2789995,4524137.93
0.220208,2790590,14676500.33
0.220280,2792025,19747615.84
0.220508,2794321,10072030.81
0.220557,2795182,17631158.62
0.220594,2795764,15624161.07
0.220645,2796658,17601543.58
0.220731,2798299,19183558.95
0.220917,2799543,6676219.46
0.220958,2800173,15460122.70
0.221004,2800907,15941966.03
0.221032,2801247,12070863.07
0.221080,2802115,17974363.75
0.221305,2804467,10470784.64
0.221331,2804812,13121862.16
0.221353,2805011,9202312.14
0.221390,2805609,15893687.71
0.221429,2806227,15982620.84
0.221653,2808616,10669179.51
0.221709,2809580,17201384.68
0.221795,2811373,20929879.65
0.221972,2812455,6088639.79
0.222020,2813094,13535841.38
0.222071,2813731,12408929.75
0.222104,2814136,12226415.09
0.222144,2814773,15974921.63
0.222181,2815401,16784263.42
0.222433,2817964,10173985.88
0.222485,2818886,17975512.75
0.222521,2819310,11669831.83
0.222552,2819738,13551594.21
0.222582,2820041,10213368.39
0.222630,2820813,16041558.44
0.222802,2821343,3088128.19
0.222852,2822180,16629249.20
0.222893,2822611,10652759.58
0.222927,2823086,14022140.22
0.222984,2824028,16430328.08
0.223020,2824501,13154235.50
0.223055,2825025,14988987.10
0.223235,2826208,6579862.17
0.223283,2826946,15112421.67
0.223327,2827598,14860398.86
0.223444,2829433,15711827.11
0.223610,2830198,4607268.04
0.223702,2831936,19011781.18
0.223785,2833517,18981642.67
0.223831,2834209,15125683.06
0.224000,2834897,4052016.58
0.224042,2835470,13642857.14
0.224110,2836606,16881650.12
0.224179,2837824,17493716.34
0.224240,2838868,17244511.98
0.224420,2839995,6258190.62
0.224458,2840517,13588088.30
0.224499,2841115,14765432.10
0.224576,2842758,21303079.42
0.224796,2844851,9526236.98
0.224852,2845709,15287305.12
0.224908,2846656,16898342.29
0.224951,2847389,17029877.79
0.225114,2848194,4929818.97
0.225164,2848929,14773869.35
0.225214,2849763,16735897.90
0.225266,2850706,18105715.88
0.225314,2851530,16989690.72
0.225524,2853453,9166221.78
0.225654,2856165,20874866.26
0.225881,2858069,8406181.02
0.225929,2858905,17296671.01
0.225963,2859316,11927563.99
0.226003,2859938,15501557.63
0.226045,2860698,18221486.97
0.226252,2862729,9819516.23
0.226312,2863910,19574693.78
0.226348,2864401,13607138.90
0.226422,2865842,19583327.67
0.226603,2866476,3499533.58
0.226657,2867325,15857006.78
0.226718,2868493,19173629.69
0.226806,2870105,18197622.57
0.227009,2871847,8574227.11
0.227071,2872999,18593240.58
0.227157,2874870,21840381.94
0.227330,2875832,5564714.39
0.227364,2876343,14919708.03
0.227426,2877436,17712452.19
0.227464,2877942,13418547.30
0.227682,2879681,7963365.77
0.227732,2880211,10512535.70
0.227780,2880747,11323784.17
0.227826,2881366,13252547.74
0.227894,2882342,14388277.09
0.227942,2882884,11460712.17
0.227981,2883449,14273804.41
0.228152,2884108,3851909.00
0.228196,2884736,14492419.17
0.228240,2885338,13553369.21
0.228278,2885678,8898659.97
0.228324,2886359,14724324.32
0.228362,2886766,10817275.75
0.228603,2888387,6715691.35
0.228665,2889271,14315789.47
0.228713,2889926,13551817.60
0.228781,2891065,16894848.48
0.228832,2891723,12870415.65
0.228894,2892760,16770979.90
0.229089,2893602,4313325.72
0.229174,2894869,14913251.25
0.229248,2896136,17035294.12
0.229306,2896963,14330768.70
0.229493,2897722,4051587.01
0.229542,2898356,12971867.01
0.229630,2899805,16489331.44
0.229684,2900574,14229936.53
0.229755,2901519,13317549.57
0.229948,2901903,1994380.42
0.229982,2902166,7623188.41
0.230058,2903151,13010342.23
0.230115,2903851,12362030.91
0.230172,2904559,12286334.06
0.230246,2905742,16131891.51
0.230298,2906199,8691021.81
0.230504,2906967,3726635.74
0.230582,2907992,13218813.27
0.230651,2909082,15806493.71
0.230700,2909574,10032421.85
0.230744,2910175,13684905.62
0.230949,2910836,3227019.08
0.230980,2911219,12305220.88
0.231047,2912222,14979315.70
0.231089,2912761,12707468.88
0.231126,2913082,8695181.08
0.231188,2913808,11765087.18
0.231256,2914825,14828531.44
0.231473,2915879,4864630.35
0.231560,2917021,13151530.51
0.231637,2918281,16399203.47
0.231691,2919069,14536599.76
0.231726,2919422,9978798.59
0.231924,2920074,3302653.77
0.231983,2920906,13934481.14
0.232038,2921459,10154428.10
0.232089,2922110,12579710.14
0.232129,2922530,10511036.59
0.232367,2924161,6863755.92
0.232413,2924706,11956211.75
0.232495,2926066,16526515.34
0.232563,2926946,12965009.21
0.232631,2927867,13552488.30
0.232674,2928250,8821429.39
0.232899,2929277,4571209.84
0.232966,2930109,12394785.85
0.233007,2930541,10451697.19
0.233095,2931739,13633001.42
0.233145,2932151,8330300.46
0.233198,2932889,13913502.51
0.233402,2933161,1331160.41
0.233548,2933884,4946396.93
0.233587,2934336,11627009.65
0.233648,2935182,13944978.32
0.233688,2935588,10076692.07
0.233786,2937036,14800580.58
0.234064,2939052,7246376.81
0.234109,2939506,9996256.91
0.234146,2939898,10666666.67
0.234215,2940627,10597316.51
0.234300,2941788,13712544.44
0.234515,2942563,3603260.14
0.234949,2947429,11196914.75
0.235024,2948234,10781346.26
0.235340,2951115,9113483.59
0.235381,2951473,8821210.33
0.235460,2952751,16083968.89
0.235551,2953907,12697436.35
0.235617,2954683,11877611.62
0.235675,2955339,11253688.33
0.235885,2956214,4160069.98
0.235994,2957864,15195748.87
0.236063,2958711,12282660.71
0.236117,2959486,14220183.49
0.236313,2960045,2852040.82
0.236365,2960608,10958637.47
0.236467,2962415,17701282.29
0.236512,2963115,15555555.56
0.236562,2963979,17151364.76
0.236726,2964555,3503287.37
0.236770,2965232,15578259.47
0.236809,2965724,12575079.87
0.236861,2966644,17692307.69
0.236913,2967599,18219280.00
0.236962,2968192,12300862.93
0.237227,2970446,8505660.38
0.237534,2973818,10961397.81
0.237616,2975107,15695586.00
0.237665,2975809,14499039.59
0.237751,2977290,17154506.39
0.237927,2978393,6274460.73
0.237980,2979412,19196352.88
0.238042,2980595,18991202.72
0.238078,2981154,15783826.52
0.238139,2982383,20147540.98
0.238342,2983851,7235982.75
0.238422,2985298,18068528.05
0.238474,2986168,16664112.78
0.238662,2987487,7012861.34
0.238751,2989222,19530810.28
0.238848,2991137,19666238.77
0.239005,2991797,4215016.96
0.239057,2992532,14202898.55
0.239097,2993144,15049056.97
0.239131,2993533,11455327.17
0.239408,2996214,9687443.54
0.239523,2998077,16205918.68
0.239565,2998436,8513766.69
0.239617,2999209,14794258.37
0.239656,2999734,13533718.29
0.239687,3000000,8674101.61
0.239895,3001261,6060052.67
0.239938,3001801,12485549.13
0.240015,3003214,18470588.24
0.240070,3004202,17761797.75
0.240250,3005069,4813324.08
0.240285,3005546,13628571.43
0.240331,3006134,12829184.21
0.240388,3007055,16205373.64
0.240449,3008138,17717791.41
0.240507,3009067,16098008.98
0.240676,3009626,3302806.50
0.240774,3011546,19541984.73
0.240809,3011895,10202291.86
0.240857,3012751,17588920.62
0.241024,3013847,6569443.70
0.241055,3014215,12048981.73
0.241136,3015885,20438635.14
0.241201,3017109,19013592.23
0.241413,3018574,6895480.52
0.241603,3022147,18825872.53
0.241860,3023615,5712995.90
0.241927,3024593,14524608.67
0.242023,3026099,15680802.99
0.242084,3026868,12745715.52
0.242267,3027812,5138589.50
0.242329,3028787,15683562.02
0.242408,3029902,14121431.65
0.242462,3030778,16476385.73
0.242671,3032249,7031279.87
0.242768,3033959,17530909.76
0.242862,3035612,17600834.79
0.243045,3036907,7099119.05
0.243109,3037928,15778574.52
0.243177,3039023,16232081.71
0.243241,3039796,11976882.91
0.243454,3040935,5362094.37
0.243509,3041705,14010699.08
0.243579,3043082,19706618.96
0.243636,3044110,18008548.81
0.243811,3044994,5052641.21
0.243922,3047578,23209650.33
0.243967,3048151,12604764.73
0.243998,3048517,11838530.21
0.244045,3049378,18582466.44
0.244214,3050310,5516163.78
0.244254,3050914,15084161.63
0.244295,3051485,13745456.30
0.244341,3052228,16255004.48
0.244431,3053938,19044224.92
0.244601,3054755,4810579.74
0.244636,3055119,10181818.18
0.244665,3055467,12087110.56
0.244727,3056419,15448275.86
0.244765,3056881,12144471.90
0.244813,3057684,16743817.51
0.244975,3058486,4939183.99
0.245057,3059969,18103690.32
0.245131,3061421,19699354.21
0.245198,3062687,18743892.69
0.245377,3063620,5211067.79
0.245429,3064323,13661626.96
0.245471,3064771,10666666.67
0.245513,3065303,12579211.20
0.245572,3066401,18610169.49
0.245611,3066911,13049151.81
0.245776,3067621,4295428.70
0.245816,3068191,14568690.10
0.245862,3068996,17173333.33
0.245898,3069427,12126839.42
0.245944,3070203,16884614.55
0.246294,3072160,5588107.64
0.246385,3073280,12290809.33
0.246454,3074072,11471278.35
0.246508,3074765,12873144.73
0.246559,3075484,14017780.55
0.246590,3075772,9302926.55
0.246786,3076930,5911933.63
0.246847,3077802,14423235.97
0.246950,3079638,17717732.21
0.247011,3080676,17216214.42
0.247167,3081153,3044674.37
0.247212,3081680,11798683.56
0.247240,3081992,11226252.16
0.247318,3083524,19515923.57
0.247376,3084483,16690452.16
0.247406,3084875,12782469.76
0.247688,3088195,11790484.51
0.247916,3090139,8524745.44
0.248238,3094421,13306732.30
0.248297,3095488,17907792.49
0.248342,3096240,16726722.72
0.248370,3096585,12469729.28
0.248434,3097678,16989725.34
0.248487,3098403,13842482.10
0.248780,3099384,3346695.10
0.248851,3100568,16627111.74
0.248915,3101600,16230753.50
0.249432,3104423,5461224.92
0.249529,3105855,14630906.77
0.249635,3107391,14576512.46
0.249806,3107954,3282798.83
0.249852,3108480,11645928.35
0.249945,3110337,19905243.75
0.250234,3112478,7413640.27
0.250306,3113833,18646960.06
0.250351,3114610,17411764.71
0.250499,3116339,11665958.21
0.250681,3117176,4601024.65
0.250721,3117600,10577786.65
0.250800,3119161,19822222.22
0.250882,3120903,21115151.52
0.250909,3121203,11214953.27
0.251067,3121599,2505013.19
0.251117,3122364,15249068.11
0.251167,3123220,17162907.27
0.251222,3124173,17406392.69
0.251293,3125572,19566433.57
0.251460,3126564,5956491.19
0.251501,3127113,13472392.64
0.251534,3127466,10669810.18
0.251586,3128187,13810144.04
0.251975,3130705,6466076.21
0.252071,3131597,9295733.55
0.252147,3132691,14442244.22
0.252197,3133574,17689364.34
0.252223,3133821,9469769.58
0.252265,3134466,15511146.38
0.252414,3134894,2864466.56
0.252501,3136797,22010687.27
0.252564,3138062,19986728.18
0.252795,3140693,11399875.21
0.252829,3141198,14744525.55
0.252907,3142880,21438221.72
0.252968,3143637,12460905.35
0.253129,3144165,3273565.95
0.253156,3144435,10351569.99
0.253267,3146850,21756756.76
0.253330,3147873,16238095.24
0.253514,3149148,6910569.11
0.253546,3149541,12329411.76
0.253579,3150077,16099963.96
0.253630,3150731,12908064.58
0.253675,3151279,12144044.32
0.253712,3151698,11210702.34
0.253752,3152220,13341853.04
0.253931,3153324,6157553.04
0.253966,3153738,11634769.41
0.253995,3154002,9116336.89
0.254054,3155017,17301332.97
0.254114,3156029,16761904.76
0.254167,3157011,18601303.23
0.254322,3157468,2953150.24
0.254349,3157695,8459732.42
0.254397,3158442,15535313.20
0.254438,3159008,13679758.31
0.254519,3160524,18803100.78
0.254767,3163363,11430296.93
0.254819,3164139,14947222.44
0.254870,3164873,14510517.16
0.255086,3166753,8710438.16
0.255147,3167776,16645514.01
0.255180,3168289,15370786.52
0.255217,3168738,12217687.07
0.255258,3169243,12430769.23
0.255306,3169881,13087179.49
0.255484,3170851,5471200.05
0.255525,3171376,12663418.40
0.255570,3172050,15089439.63
0.255656,3173720,19465684.45
0.255740,3175021,15518948.39
0.255890,3175584,3745019.39
0.255959,3176803,17592218.44
0.256021,3177928,18231023.53
0.256081,3178890,16100418.41
0.256116,3179261,10426034.17
0.256318,3180163,4461680.01
0.256376,3180988,14431402.73
0.256422,3181584,12760126.74
0.256504,3182757,14312034.07
0.256579,3184045,17230769.23
0.256755,3184940,5093678.15
0.256790,3185342,11218709.01
0.256842,3186046,13581818.88
0.256872,3186402,12153903.93
0.256910,3186993,15400651.47
0.256945,3187341,10038365.02
0.256985,3187872,13004187.79
0.257019,3188232,10867924.53
0.257180,3188844,3804195.80
0.257247,3189976,16677716.39
0.257343,3191725,18338138.93
0.257421,3193082,17341853.04
0.257592,3193521,2567867.15
0.257667,3195002,19746666.67
0.257723,3195722,12963396.41
0.257764,3196118,9542168.67
0.257822,3197021,15446723.34
0.257975,3197748,4775041.05
0.258026,3198559,15889187.12
0.258076,3199262,14083378.41
0.258114,3199819,14358630.65
0.258185,3201231,19992920.35
0.258229,3202083,19254237.29
0.258381,3202496,2729080.90
0.258412,3202909,13394739.40
0.258457,3203716,17703580.20
0.258490,3204200,14835249.04
0.258523,3204650,13466602.82
0.258586,3205987,21334992.90
0.258743,3206720,4662612.59
0.258788,3207580,19307619.77
0.258863,3209115,20319822.09
0.258950,3211021,21971181.56
0.259221,3212175,4256998.78
0.259279,3212825,11279826.46
0.259314,3213230,11368421.05
0.259356,3213842,14456806.75
0.259404,3214551,14848167.54
0.259601,3215856,6636999.36
0.259654,3216763,17099656.88
0.259697,3217531,17655172.41
0.259756,3218490,16381401.39
0.259815,3219320,13978947.37
0.259848,3219723,12447876.45
0.260035,3220140,2227468.91
0.260103,3220867,10671559.63
0.260145,3221180,7534543.35
0.260207,3222338,18677419.35
0.260259,3223014,12979283.07
0.260297,3223537,13525745.47
0.260332,3223883,9945100.74
0.260515,3225250,7492094.11
0.260555,3225822,14051292.13
0.260592,3226354,14313772.97
0.260622,3226705,11848101.27
0.260674,3227531,16000000.00
0.260699,3227764,9335683.95
0.260743,3228389,14164305.95
0.260917,3229222,4793085.99
0.260977,3230137,15061728.40
0.261013,3230453,8891139.81
0.261047,3230848,11732557.10
0.261078,3231188,10638963.64
0.261125,3231896,15198351.37
0.261348,3233905,9032623.55
0.261390,3234592,15991992.36
0.261445,3235515,16910026.93
0.261494,3236351,16931645.57
0.261549,3237325,17709090.91
0.261576,3237664,12934981.68
0.261721,3238013,2404127.66
0.261761,3238651,16033373.54
0.261867,3240757,19736102.26
0.261911,3241490,16722560.63
0.262125,3243356,8736609.48
0.262158,3243783,12746268.66
0.262233,3245158,18415342.99
0.262257,3245412,10528497.41
0.262290,3245862,13499730.01
0.262340,3246673,16206710.50
0.262479,3247028,2557784.31
0.262519,3247568,13528070.75
0.262593,3249039,19856107.34
0.262655,3250238,19274048.35
0.262709,3251083,15672236.96
0.262885,3252082,5682852.46
0.262934,3252823,15265445.71
0.262973,3253412,14786363.41
0.263007,3253856,13303370.79
0.263044,3254411,15034131.54
0.263088,3255082,15177904.95
0.263139,3255726,12689655.17
0.263322,3256790,5812905.31
0.263482,3257257,2914942.36
0.263556,3258721,19806266.57
0.263627,3260118,19607017.54
0.263783,3260702,3738581.00
0.263896,3262885,19318584.07
0.263938,3263469,13988023.95
0.264004,3264454,15000152.29
0.264183,3265446,5535436.28
0.264226,3266159,16375370.34
0.264256,3266565,13743145.35
0.264297,3267260,17125397.33
0.264356,3268361,18504201.68
0.264526,3269533,6900856.13
0.264621,3271436,19970406.44
0.264664,3272091,15381363.89
0.264711,3272825,15548212.17
0.264742,3273124,9697402.13
0.264918,3273954,4703642.21
0.264955,3274357,11066564.15
0.264998,3274884,12149855.91
0.265060,3275951,17175050.30
0.265100,3276395,11205047.32
0.265127,3276649,9278538.81
0.265342,3278487,8568764.57
0.265391,3279358,17670210.18
0.265433,3279961,14515430.17
0.265466,3280404,13340159.00
0.265499,3280804,11955287.23
0.265552,3281707,17213442.88
0.265600,3282452,15453866.58
0.265758,3283052,3788476.72
0.265809,3283955,17851847.46
0.265850,3284623,16210051.20
0.265914,3285724,17192111.30
0.265977,3286509,12460317.46
0.266150,3287406,5177489.18
0.266290,3288722,9391614.63
0.266368,3290070,17421647.82
0.266433,3291059,15166618.10
0.266603,3292195,6684004.28
0.266683,3293710,18888390.19
0.266738,3294592,16097240.47
0.266796,3295410,14123659.72
0.266979,3296680,6919434.89
0.267024,3297333,14633053.22
0.267067,3297930,13951205.83
0.267117,3298815,17744360.90
0.267157,3299419,15021886.19
0.267196,3300021,15321184.97
0.267394,3301367,6815189.87
0.267432,3301961,15378640.78
0.267473,3302572,15243370.01
0.267525,3303497,17646946.60
0.267583,3304254,13014252.07
0.267766,3305443,6507651.55
0.267812,3306233,17236488.99
0.267841,3306588,11915950.59
0.267896,3307531,17263157.89
0.267959,3308652,17758415.84
0.268145,3309940,6923167.89
0.268233,3311590,18884120.17
0.268290,3312236,11259259.26
0.268328,3312723,12943521.59
0.268380,3313552,15728162.71
0.268527,3314010,3122720.18
0.268603,3315077,13963044.39
0.268632,3315407,11646784.78
0.268678,3316018,13222818.56
0.268750,3317337,18330137.02
0.268804,3318315,18138991.41
0.268948,3318561,1705869.30
0.269009,3319448,14491332.97
0.269046,3319754,8383561.64
0.269080,3320128,10775613.69
0.269134,3320910,14481481.48
0.269181,3321668,16185168.58
0.269362,3322923,6936882.66
0.269398,3323399,13330346.14
0.269444,3324043,13874227.12
0.269558,3326437,21030808.29
0.269771,3327768,6243930.81
0.269859,3329471,19306638.85
0.269909,3330240,15548231.87
0.269977,3330989,11028329.11
0.270158,3331781,4368642.85
0.270187,3332027,8446351.93
0.270216,3332315,9888412.02
0.270270,3333164,15722222.22
0.270325,3334025,15702223.11
0.270356,3334389,11901647.92
0.270422,3335546,17486322.28
0.270587,3336263,4334500.08
0.270622,3336767,14417300.76
0.270678,3337743,17454441.40
0.270715,3338168,11657249.44
0.270759,3338842,15245764.44
0.270800,3339309,11507281.37
0.270867,3340587,18991856.39
0.271027,3341340,4712405.58
0.271113,3343050,19692747.08
0.271156,3343668,14386144.61
0.271183,3343913,9362938.05
0.271212,3344290,12816154.47
0.271489,3347265,10746512.35
0.271538,3348064,16292489.96
0.271584,3348808,16247379.45
0.271639,3349629,14904780.06
0.271795,3350148,3316293.93
0.271865,3351368,17366548.04
0.271932,3352331,14417894.36
0.271973,3352803,11594772.53
0.272030,3353577,13480328.13
0.272062,3353971,12377092.95
0.272210,3354329,2422323.27
0.272312,3356385,20231242.31
0.272344,3356742,10970438.20
0.272404,3357700,16134736.84
0.272675,3360569,10568854.11
0.272739,3361524,14990268.10
0.272799,3362552,17050354.94
0.273022,3364496,8715847.24
0.273072,3365234,14662348.76
0.273106,3365621,11509293.68
0.273186,3367101,18500000.00
0.273460,3370274,11590867.58
0.273509,3371139,17608142.49
0.273554,3371756,13813329.75
0.273732,3372959,6741081.94
0.273814,3374496,18743902.44
0.273863,3375357,17571428.57
0.273916,3376265,17025106.41
0.274103,3377489,6576225.65
0.274145,3378080,14015699.48
0.274193,3378879,16502468.14
0.274233,3379309,10886075.95
0.274299,3380507,18094490.09
0.274478,3381546,5800418.70
0.274514,3382020,13015899.17
0.274568,3382832,15048741.61
0.274628,3383867,17370726.55
0.274666,3384499,16379846.57
0.274717,3385324,16350231.88
0.274867,3385794,3123795.34
0.274913,3386362,12415300.55
0.274952,3386900,13736053.31
0.274984,3387223,10253968.25
0.275016,3387670,14078740.16
0.275046,3388081,13586776.86
0.275082,3388583,13880056.41
0.275316,3391019,10408432.71
0.275367,3391920,17680880.71
0.275410,3392544,14610845.74
0.275458,3393274,14948907.50
0.275521,3394239,15398854.26
0.275699,3394766,2962754.74
0.275751,3395455,13346246.97
0.275779,3395821,12711864.41
0.275818,3396430,15615384.62
0.275863,3397085,14650621.81
0.275927,3398143,16445681.07
0.276144,3399958,8394655.17
0.276183,3400405,11316455.70
0.276240,3401238,14689285.46
0.276283,3401799,13161290.32
0.276511,3403917,9281006.80
0.276576,3405006,16700148.75
0.276673,3406732,17809236.86
0.276720,3407376,13787492.77
0.276898,3408277,5045273.07
0.276950,3408986,13755771.99
0.276995,3409558,12722985.90
0.277028,3409932,11347775.96
0.277076,3410623,14186290.01
0.277114,3411095,12393981.57
0.277153,3411430,8580503.05
0.277213,3412120,11588653.20
0.277435,3414061,8761318.40
0.277479,3414707,14543980.91
0.277524,3415381,14895027.62
0.277552,3415679,10674881.79
0.277579,3415937,9750935.41
0.277608,3416302,12550287.11
0.277799,3417465,6075740.40
0.277873,3418714,16849915.68
0.277951,3420335,20737916.74
0.278170,3422221,8608570.23
0.278231,3423204,16203474.76
0.278294,3424335,17999809.02
0.278498,3426109,8690753.21
0.278610,3428545,21839502.96
0.278663,3429432,16722597.19
0.278827,3430162,4439930.18
0.278892,3431453,19899807.32
0.278937,3432185,16117667.78
0.278964,3432507,11962700.15
0.279026,3433387,14318721.73
0.279069,3433919,12218088.28
0.279104,3434366,12847781.10
0.279256,3434968,3951868.60
0.279309,3435721,14423076.92
0.279359,3436569,16750617.28
0.279388,3436913,11862068.97
0.279449,3437898,16147540.98
0.279484,3438380,13771428.57
0.279657,3439189,4686459.09
0.279714,3440082,15564270.15
0.279758,3440788,16229885.06
0.279799,3441409,14948726.59
0.279848,3441838,8883458.96
0.279899,3442519,13363946.78
0.279959,3443292,12724279.84
0.280165,3444839,7512735.71
0.280203,3445366,13792922.95
0.280264,3446439,17747858.02
0.280323,3447357,15428571.43
0.280351,3447664,11231433.38
0.280517,3448350,4133575.97
0.280591,3449610,17027027.03
0.280657,3450763,17381996.89
0.280699,3451436,16135606.22
0.280731,3451863,13257575.76
0.281023,3453299,4910795.20
0.281123,3455196,19001732.89
0.281350,3457454,9970943.84
0.281459,3459566,19221843.00
0.281527,3460791,18036721.29
0.281572,3461274,10783175.57
0.281753,3462208,5173340.13
0.281795,3462824,14550951.95
0.281828,3463227,12321144.67
0.281875,3463977,15943199.69
0.281908,3464404,12826289.39
0.281996,3465888,16967950.70
0.282161,3466531,3876412.96
0.282208,3467261,15769804.07
0.282280,3468566,18125000.00
0.282328,3469412,17533678.76
0.282550,3471244,8264649.23
0.282605,3471993,13587301.59
0.282662,3473040,18354896.39
0.282716,3473899,15919789.47
0.282930,3475498,7450203.84
0.282962,3475912,13195219.12
0.283025,3476880,15436626.91
0.283070,3477530,14246575.34
0.283123,3478454,17324783.44
0.283158,3478970,14920625.74
0.283311,3479493,3411789.26
0.283466,3482448,19095315.02
0.283679,3484390,9117370.89
0.283724,3485100,15910364.15
0.283819,3487060,20478956.83
0.283851,3487522,14513240.98
0.284088,3489691,9158313.42
0.284171,3491144,17488535.56
0.284212,3491681,13164345.95
0.284261,3492491,16644063.62
0.284440,3493301,4525139.66
0.284477,3493747,11866751.81
0.284527,3494474,14588726.35
0.284571,3495141,15030985.92
0.284615,3495774,14678260.87
0.284656,3496400,15023879.81
0.284678,3496580,8197467.89
0.284720,3497143,13485029.94
0.284881,3497586,2757255.69
0.284936,3498360,13988036.07
0.284985,3499067,14355329.95
0.285019,3499433,10725274.73
0.285045,3499730,11368421.05
0.285081,3500256,14975088.97
0.285125,3501012,16893854.75
0.285150,3501271,10517766.50
0.285306,3501894,3996792.30
0.285347,3502485,14198198.20
0.285407,3503488,16774819.37
0.285446,3503977,12701298.70
0.285494,3504782,16498944.48
0.285530,3505262,13473684.21
0.285584,3506083,15133640.55
0.285755,3507048,5646015.32
0.285800,3507813,16968702.17
0.285882,3509240,17563076.92
0.286089,3510765,7367149.76
0.286139,3511668,17793103.45
0.286222,3513387,20773413.90
0.286316,3515052,17760000.00
0.286564,3517503,9858220.21
0.286617,3518306,15380489.95
0.286682,3519422,17092708.03
0.286857,3520173,4296535.31
0.286899,3520706,12492089.91
0.286962,3521670,15383142.37
0.287014,3522414,14307692.31
0.287078,3523626,19073998.30
0.287102,3523891,11041666.67
0.287254,3524622,4794763.15
0.287317,3525828,19244578.49
0.287346,3526201,12626091.67
0.287402,3526954,13506726.46
0.287442,3527507,13825000.00
0.287660,3529396,8673452.99
0.287696,3529940,15163763.07
0.287753,3530946,17661826.93
0.287803,3531642,13770997.80
0.287857,3532416,14523755.91
0.288032,3533221,4598896.26
0.288074,3533880,15460410.56
0.288138,3535180,20246698.23
0.288505,3539975,13065395.10
0.288609,3542070,20152369.23
0.288793,3543177,6020394.29
0.288847,3544048,16331045.86
0.288930,3545633,18887935.55
0.288970,3546186,14134185.30
0.289127,3546909,4598973.34
0.289224,3548878,20255534.52
0.289292,3550042,17212569.32
0.289352,3550994,15703092.78
0.289534,3551920,5099596.33
0.289588,3552727,15037173.68
0.289630,3553384,15474115.60
0.289659,3553624,8275862.07
0.289700,3554226,14535094.28
0.289733,3554629,12242914.00
0.289767,3555066,13044776.12
0.289796,3555389,10933956.20
0.289986,3555848,2426966.29
0.290086,3557335,14826706.02
0.290126,3557751,10454362.69
0.290151,3557986,9368895.27
0.290193,3558667,16166172.11
0.290236,3559189,12139534.88
0.290266,3559525,11153526.97
0.290295,3559806,9511881.39
0.290519,3561293,6666935.68
0.290565,3561958,14404228.13
0.290614,3562802,17253715.48
0.290691,3563247,5769854.13
0.290753,3564157,14727063.81
0.290780,3564489,12146045.22
0.291604,3564802,379796.75
0.291640,3565212,11441966.90
0.291666,3565519,11864734.30
0.291734,3566896,20188247.71
0.291796,3567763,14059383.46
0.291862,3568905,17216166.92
0.292049,3569388,2578282.64
0.292084,3569863,13587733.85
0.292114,3570218,11932773.11
0.292166,3571127,17383156.12
0.292218,3571980,16616991.02
0.292306,3573086,12508906.66
0.292338,3573461,11811023.62
0.292481,3573965,3516287.25
0.292566,3575517,18169685.19
0.292609,3576160,15174041.30
0.292648,3576739,14830562.74
0.292679,3577111,11935701.22
0.292892,3578207,5151586.37
0.292927,3578664,13119742.77
0.292961,3579256,16974910.39
0.292995,3579759,14830321.08
0.293035,3580381,15647798.74
0.293070,3580928,15554354.94
0.293164,3581911,10536922.10
0.293353,3582905,5240764.08
0.293396,3583493,13740886.15
0.293426,3583869,12533333.33
0.293450,3584064,8181932.61
0.293486,3584475,11390405.45
0.293509,3584719,10824239.20
0.293562,3585587,16148837.21
0.293784,3587996,10871772.65
0.293874,3589833,20486912.69
0.293910,3590411,15835616.44
0.293947,3590961,14732274.40
0.294109,3591817,5281212.21
0.294313,3593351,7533456.11
0.294374,3594251,14784394.25
0.294423,3594914,13553847.41
0.294457,3595390,13813517.51
0.294608,3596051,4399334.44
0.294648,3596590,13349845.20
0.294719,3598071,20957744.88
0.294751,3598563,15177221.83
0.294956,3600429,9102439.02
0.295050,3602569,22836897.60
0.295091,3603273,16895864.83
0.295154,3604434,18588491.47
0.295314,3605158,4521467.60
0.295406,3607204,22239130.43
0.295453,3607984,16566137.12
0.295485,3608405,13003861.00
0.295661,3609755,7685038.65
0.295712,3610670,17941176.47
0.295799,3612458,20650466.60
0.295969,3613836,8115860.09
0.296028,3614889,17623430.96
0.296107,3616581,21417721.52
0.296274,3617621,6236881.56
0.296356,3619239,19731707.32
0.296421,3620500,19288718.93
0.296646,3622411,8491748.21
0.296701,3623296,16251055.86
0.296755,3624158,16049451.67
0.296838,3625405,14897022.98
0.297035,3627227,9258506.44
0.297102,3628482,18801498.13
0.297166,3629635,17980506.82
0.297317,3630237,3974699.26
0.297359,3630858,14800514.80
0.297392,3631313,14017683.85
0.297436,3631919,13799070.95
0.297476,3632559,15818482.91
0.297516,3633152,14763730.52
0.297551,3633644,14226231.78
0.297599,3634414,16013975.83
0.297742,3634688,1917196.69
0.297776,3635188,14688170.15
0.297811,3635541,10146010.58
0.297849,3636178,16635328.53
0.297902,3636963,14707259.95
0.297938,3637293,9306785.49
0.298134,3639039,8923323.81
0.298168,3639604,16258992.81
0.298233,3640981,21225433.53
0.298294,3642100,18445257.64
0.298333,3642789,17388012.62
0.298475,3643554,5419113.53
0.298534,3644731,19726146.78
0.298580,3645495,16822265.28
0.298625,3646233,16430304.78
0.298661,3646769,14701848.70
0.298836,3648006,7058487.87
0.298889,3648892,16916467.78
0.298984,3650901,21184385.35
0.299130,3651634,4996319.22
0.299192,3652842,19431531.20
0.299277,3654641,21164705.88
0.299449,3655696,6150133.20
0.299570,3658397,22337636.56
0.299811,3661640,13463414.63
0.299884,3663112,19981810.04
0.300079,3664921,9284874.74
0.300142,3666159,19676716.94
0.300217,3667808,21950083.19
0.300406,3669547,9225464.19
0.300451,3670331,17438498.15
0.300516,3671530,18340344.17
0.300716,3673369,9185447.13
0.300819,3675461,20401396.50
0.300972,3676247,5140043.29
0.301024,3677179,17752380.95
0.301131,3679467,21441691.34
0.301336,3681278,8819819.51
0.301395,3682494,20653927.81
0.301484,3684189,19125528.91
0.301673,3685246,5575365.01
0.301831,3688510,20762302.17
0.302103,3691752,11889961.01
0.302294,3693157,7378581.63
0.302405,3695514,21170531.91
0.302466,3696572,17238289.21
0.302520,3697389,15378823.53
0.302680,3698168,4858637.96
0.302722,3698769,14182890.86
0.302772,3699569,16202531.65
0.302809,3699974,10958385.19
0.302862,3700978,18898823.53
0.302896,3701435,13214203.10
0.303070,3702545,6393088.55
0.303216,3705764,22111098.14
0.303247,3706176,12942543.90
0.303414,3707020,5051351.42
0.303448,3707454,13003745.32
0.303506,3708467,17503239.74
0.303558,3709115,12333225.48
0.303601,3709746,14788946.96
0.303791,3711096,7108368.39
0.303834,3711737,14906976.74
0.303886,3712401,12687978.90
0.303935,3712941,11134020.62
0.303990,3713776,14977578.48
0.304031,3714380,15037219.61
0.304076,3714992,13352824.38
0.304237,3715584,3682737.17
0.304355,3717736,18205197.62
0.304625,3718410,2500537.95
0.304663,3718873,12065146.58
0.304689,3719100,8931030.41
0.304730,3719745,15668269.93
0.304871,3720079,2362511.05
0.304908,3720455,10231292.52
0.304969,3720887,7115913.62
0.305024,3721678,14360147.41
0.305069,3722314,13952570.04
0.305104,3722624,9028950.89
0.305158,3723322,12906088.79
0.305200,3723895,13615949.43
0.305368,3724832,5570451.05
0.305409,3725368,13007183.07
0.305444,3725822,13017921.15
0.305484,3726292,11836405.76
0.305537,3727181,16813238.77
0.305604,3728282,16402234.64
0.305772,3729164,5231813.22
0.305922,3732230,20508361.20
0.306122,3733660,7158948.69
0.306182,3734507,14116666.67
0.306253,3735668,16266199.65
0.306296,3736261,13925745.02
0.306347,3736921,12857226.35
0.306515,3737716,4736823.29
0.306560,3738343,13755128.01
0.306602,3738869,12573805.37
0.306646,3739479,14022988.51
0.306691,3740211,16221606.65
0.306726,3740677,13095773.38
0.306801,3741970,17240000.00
0.306966,3743021,6397185.48
0.307002,3743480,12779463.76
0.307037,3743933,12912236.70
0.307075,3744461,13879396.46
0.307120,3745153,15278636.40
0.307167,3745982,17560582.95
0.307374,3747802,8806437.41
0.307446,3749093,17827551.92
0.307529,3750433,16242424.24
0.307697,3751305,5175074.18
0.307757,3752332,17176210.86
0.307806,3753106,15729149.73
0.307874,3754163,15707662.13
0.307920,3754837,14678659.32
0.308199,3758557,13301581.17
0.308399,3760093,7697627.57
0.308433,3760499,11753806.96
0.308487,3761245,13825568.03
0.308529,3761903,15620178.04
0.308598,3763173,18439201.45
0.308652,3764144,18206363.79
0.308863,3766108,9282365.40
0.308908,3766732,13918319.10
0.308949,3767292,13617021.28
0.309025,3768760,19273438.63
0.309046,3768899,6632312.24
0.309206,3769548,4060488.13
0.309237,3769845,9777777.78
0.309289,3770649,15436602.41
0.309344,3771662,18279919.16
0.309394,3772364,14146095.72
0.309585,3773569,6296538.21
0.309630,3774318,16461538.46
0.309659,3774575,8862068.97
0.309691,3775000,13350505.75
0.309725,3775372,10995182.22
0.309760,3775827,13252555.85
0.309820,3776983,19054840.36
0.309848,3777251,9716129.50
0.309887,3777815,14188679.25
0.310117,3779780,8562091.50
0.310162,3780269,10816430.36
0.310234,3781565,18094240.84
0.310484,3784644,12313980.51
0.310517,3785079,12952596.47
0.310576,3786159,18540772.53
0.310626,3786982,16243634.78
0.310786,3787575,3707199.97
0.310833,3788302,15550802.14
0.310976,3789836,10768086.03
0.311020,3790413,13039548.02
0.311203,3791582,6380725.73
0.311255,3792454,16891041.16
0.311422,3795962,20974588.94
0.311613,3797239,6687299.37
0.311692,3798492,15885895.40
0.311741,3799193,14257820.45
0.311940,3800609,7124528.30
0.311992,3801363,14293838.86
0.312030,3801877,13783117.02
0.312084,3802846,17739130.43
0.312135,3803578,14554998.81
0.312186,3804316,14447076.33
0.312380,3805721,7234511.45
0.312495,3808066,20295650.07
0.312552,3809014,16754148.77
0.312727,3810185,6701001.43
0.312829,3812192,19628361.86
0.313150,3814110,5970428.02
0.313248,3815743,16642038.22
0.313376,3817775,15921645.45
0.313605,3818921,5006181.28
0.313671,3819752,12582901.79
0.313739,3820700,13966850.83
0.313804,3821781,16630769.23
0.313998,3823165,7121796.09
0.314055,3824015,15066380.70
0.314151,3825925,19801364.32
0.314386,3828426,10663335.35
0.314447,3829423,16167742.35
0.314493,3830204,16916845.37
0.314556,3831287,17432595.57
0.314748,3832948,8634178.04
0.314809,3833909,15636694.98
0.314862,3834847,17952153.11
0.314898,3835302,12465753.42
0.314946,3836116,17166838.90
0.315142,3837671,7913486.01
0.315199,3838565,15615720.52
0.315258,3839532,16401506.16
0.315304,3840211,14733964.07
0.315502,3841634,7182334.38
0.315570,3842674,15388485.27
0.315623,3843471,14943843.40
0.315677,3844398,17367681.50
0.315852,3845457,6032744.30
0.315904,3846022,10865384.62
0.315965,3847131,18230236.88
0.316018,3847920,14910142.30
0.316095,3849469,20040883.92
0.316281,3850755,6913978.49
0.316313,3851141,12189730.31
0.316382,3852449,18831252.97
0.316450,3853542,16172706.15
0.316485,3854017,13701791.33
0.316635,3854580,3739844.96
0.316673,3855017,11487303.51
0.316739,3856277,19127134.72
0.316786,3857060,16763723.56
0.316832,3857705,14047084.96
0.317021,3858900,6312997.91
0.317061,3859516,15320334.26
0.317152,3861396,20631001.37
0.317365,3863272,8835178.71
0.317401,3863727,12580529.21
0.317445,3864419,15877750.50
0.317477,3864835,12800000.00
0.317503,3864983,5728884.42
0.317541,3865576,15369463.24
0.317584,3866100,12233558.24
0.317610,3866380,10891127.62
0.317680,3867620,17640949.77
0.317839,3868269,4090327.54
0.317900,3869335,17392155.58
0.317933,3869668,10052830.19
0.317979,3870381,15472082.98
0.318049,3871603,17656918.28
0.318100,3872201,11592741.94
0.318280,3872867,3712043.52
0.318347,3873722,12627567.97
0.318409,3874567,13684210.53
0.318479,3875735,16675946.95
0.318652,3876778,6040528.88
0.318704,3877563,15036009.81
0.318744,3878101,13311230.42
0.318799,3879115,18506351.29
0.318857,3880032,15753848.27
0.318891,3880459,12890566.04
0.319087,3881859,7129217.06
0.319140,3882628,14407494.15
0.319184,3883240,14015160.19
0.319250,3884266,15516068.05
0.319293,3884948,15738582.60
0.319461,3885717,4591044.78
0.319785,3890334,14237168.97
0.319860,3891601,16912275.08
0.320002,3894214,18444662.48
0.320188,3895370,6213650.68
0.320265,3896613,16213184.46
0.320324,3897586,16387368.42
0.320372,3898214,12959408.98
0.320418,3898928,15808351.41
0.320593,3899966,5913114.81
0.320640,3900661,14748010.61
0.320689,3901366,14548681.33
0.320733,3902037,15036414.57
0.320935,3903979,9625774.47
0.320980,3904609,14091122.59
0.321026,3905398,17121281.17
0.321065,3905949,14219354.84
0.321105,3906497,13572755.42
0.321149,3907187,15505617.98
0.321384,3909612,10330138.45
0.321419,3910003,11197983.79
0.321481,3910972,15576774.69
0.321529,3911777,17021906.45
0.321788,3914596,10887701.03
0.321864,3915989,18209150.33
0.322080,3917904,8860613.07
0.322144,3918977,16842204.40
0.322227,3920324,16228915.66
0.322283,3921156,14857142.86
0.322435,3921683,3451980.14
0.322495,3922787,18698553.57
0.322529,3923127,9987662.30
0.322570,3923683,13424763.38
0.322623,3924462,14686474.87
0.322667,3925112,14620540.74
0.322848,3926259,6360420.11
0.322923,3927687,18882644.63
0.322964,3928256,14210434.30
0.323020,3929282,18079295.15
0.323063,3929958,15828045.61
0.323228,3930640,4134385.72
0.323279,3931322,13328903.39
0.323364,3933012,19843599.56
0.323409,3933682,14888888.89
0.323444,3934150,13292056.01
0.323489,3934802,14762486.98
0.323638,3935148,2319547.89
0.323677,3935636,12315457.41
0.323739,3936704,17214145.26
0.323802,3937784,17257082.59
0.323843,3938360,13949433.30
0.323877,3938796,12950751.50
0.324045,3939501,4191214.50
0.324109,3940567,16667187.84
0.324154,3941253,15415730.34
0.324212,3942111,14740241.89
0.324250,3942563,11752775.68
0.324291,3943174,15195980.90
0.324460,3943964,4674556.21
0.324514,3944891,17009174.31
0.324572,3945851,16516129.03
0.324633,3946995,18883185.05
0.324691,3947982,16931997.53
0.324872,3949221,6834278.40
0.324924,3949957,14233774.27
0.325057,3952723,20764518.65
0.325267,3954490,8429338.10
0.325320,3955357,16358490.57
0.325388,3956575,17867883.29
0.325572,3957958,7524810.66
0.325647,3959244,17223368.07
0.325697,3959950,14038017.98
0.325755,3960903,16407554.71
0.325939,3961693,4293478.26
0.325988,3962205,10511404.46
0.326049,3963112,14889355.83
0.326093,3963741,14147866.57
0.326146,3964525,14700091.88
0.326191,3965132,13501490.28
0.326240,3965851,14761132.44
0.326391,3966185,2215588.72
0.326426,3966645,13018990.75
0.326529,3968549,18448182.31
0.326603,3969529,13356047.70
0.326834,3971630,9085405.41
0.326902,3972496,12774368.66
0.326984,3973765,15413017.87
0.327293,3977960,13581545.93
0.327518,3979703,7758148.73
0.327638,3981818,17485408.16
0.327693,3982723,16733229.79
0.327886,3984242,7872179.44
0.327956,3985522,18209753.60
0.328035,3986921,17718280.60
0.328238,3988561,8063921.33
0.328291,3989368,15383735.56
0.328344,3990271,17010775.37
0.328382,3990765,12985988.80
0.328425,3991393,14647230.32
0.328474,3992149,15337174.39
0.328515,3992652,12330849.19
0.328675,3993175,3271305.71
0.328716,3993677,12096385.54
0.328751,3994075,11385090.68
0.328817,3995219,17476855.39
0.328905,3996990,20048905.29
0.329111,3998395,6820388.35
0.329167,3999249,15318385.65
0.329217,4000000,14810286.35
0.329230,4000044,3352380.95
0.329284,4000506,8542425.53
0.329336,4000907,7723866.94
0.329372,4001193,7944444.44
0.329565,4002419,6359185.03
0.329700,4005142,20164246.41
0.329747,4005765,13196636.23
0.329954,4007122,6559516.62
0.329997,4007607,11445427.73
0.330055,4008477,14861379.20
0.330103,4009110,13384927.68
0.330152,4009921,16452974.11
0.330322,4010706,4625592.19
0.330448,4013228,19963113.36
0.330514,4014275,15823597.87
0.330688,4015522,7176978.42
0.330779,4017258,19033418.12
0.330858,4018798,19503793.11
0.331045,4019783,5269746.84
0.331095,4020448,13288837.38
0.331136,4020951,12206367.70
0.331194,4021912,16700844.60
0.331282,4022562,7389890.63
0.331322,4022953,9734359.05
0.331371,4023765,16362720.40
0.331572,4025292,7608067.44
0.331622,4026028,14707645.58
0.331682,4027044,16874833.91
0.331721,4027538,12928891.10
0.331760,4028138,15189873.42
0.331933,4028976,4832310.74
0.331989,4029796,14741573.03
0.332026,4030317,14306505.20
0.332086,4031441,18476813.57
0.332139,4032284,16121012.77
0.332318,4033265,5480446.93
0.332355,4033710,11879972.24
0.332391,4034213,13972222.22
0.332440,4034950,15143731.89
0.332476,4035411,12746426.30
0.332521,4036083,14850828.73
0.332702,4037488,7757073.84
0.332757,4038490,18163361.49
0.332788,4038852,12032974.34
0.332839,4039796,18479729.07
0.333078,4042302,10458007.30
0.333157,4043698,17821352.43
0.333191,4044208,14693595.32
0.333247,4045112,16191141.44
0.333476,4047391,9979200.88
0.333517,4047972,14084848.48
0.333560,4048692,16647398.84
0.333630,4049927,17632277.78
0.333664,4050364,12805860.81
0.333847,4051361,5454316.68
0.333891,4051841,11023839.05
0.333933,4052438,13924198.25
0.333983,4053180,15078848.97
0.334041,4054108,16000000.00
0.334080,4054692,14769106.27
0.334249,4055508,4843937.36
0.334279,4055841,11038552.06
0.334333,4056697,15694327.31
0.334393,4057658,16219409.28
0.334439,4058381,15437832.30
0.334473,4058864,14328942.68
0.334508,4059334,13412476.46
0.334669,4059976,3991718.12
0.334771,4061936,19207777.19
0.334857,4063681,20310299.48
0.335187,4065065,4199245.71
0.335266,4065783,8998395.83
0.335337,4066814,14676156.58
0.335431,4068577,18656084.66
0.335638,4070147,7601396.33
0.335697,4071001,14393096.71
0.335762,4072167,17835564.05
0.335815,4072926,14400091.07
0.335989,4073573,3716617.94
0.336032,4074039,10986161.21
0.336108,4075219,15424836.60
0.336197,4076769,17415730.34
0.336399,4078090,6554465.07
0.336535,4080639,18634266.87
0.336621,4082096,17007715.92
0.336831,4083511,6732741.11
0.336873,4084009,11775555.08
0.336920,4084721,15298010.40
0.337002,4086163,17558599.70
0.337181,4086883,4016736.40
0.337248,4087949,16030075.19
0.337288,4088436,12012234.23
0.337337,4089185,15470092.53
0.337410,4090316,15493150.68
0.337599,4091363,5537221.55
0.337638,4091809,11387427.87
0.337708,4093027,17514595.50
0.337756,4093552,10787597.35
0.337794,4093950,10660809.47
0.337832,4094240,7548741.44
0.338088,4095566,5189823.87
0.338177,4096631,11966292.13
0.338237,4097448,13420944.56
0.338284,4097931,10387096.77
0.338341,4098611,11921249.63
0.338410,4099834,17810593.15
0.338608,4100521,3458779.11
0.338664,4101127,10935272.57
0.338713,4101839,14359760.40
0.338777,4102729,13915381.97
0.338841,4103614,13864084.97
0.338900,4104353,12543281.96
0.339247,4106917,7380180.01
0.339317,4107891,14022862.74
0.339505,4108937,5571238.35
0.339633,4111396,19154819.86
0.339729,4112259,8970054.78
0.339788,4113135,14795297.93
0.339961,4113741,3515591.01
0.340016,4114470,13304862.02
0.340338,4117965,10838620.84
0.340421,4119293,16040197.12
0.340483,4120099,12887545.77
0.340586,4120956,8340632.60
0.340644,4121875,15799336.39
0.341023,4122560,1809574.63
0.341085,4123376,13108433.73
0.341163,4124695,16901372.36
0.341243,4125939,15525741.03
0.341300,4126748,14350332.59
0.341639,4127443,2047882.14
0.341726,4128596,13208541.45
0.341779,4129109,9794749.40
0.341854,4130237,15040000.00
0.341915,4131121,14296573.03
0.342160,4131568,1831651.93
0.342261,4132384,8026203.19
0.342316,4133054,12209567.20
0.342387,4134078,14533480.94
0.342439,4134794,13541371.16
0.342623,4135843,5728327.65
0.342686,4136702,13572015.42
0.342742,4137423,12932735.43
0.342891,4137839,2777202.90
0.342949,4138635,13763530.10
0.343013,4139477,13242533.38
0.343048,4139833,10040047.38
0.343353,4140685,2791529.74
0.343467,4142323,14373716.63
0.343596,4144066,13533449.28
0.344093,4145303,2488933.60
0.344152,4146033,12399150.74
0.344195,4146529,11534883.72
0.344237,4146920,9431231.61
0.344301,4148046,17412281.38
0.344365,4149098,16437500.00
0.344621,4151835,10708849.96
0.344684,4152643,12783192.00
0.344743,4153280,10751054.85
0.344906,4153760,2953846.15
0.344973,4154729,14355555.56
0.345023,4155390,13230849.30
0.345062,4155765,9554140.13
0.345113,4156459,13731425.97
0.345169,4157347,15964044.94
0.345220,4158029,13285541.75
0.345446,4160121,9246408.84
0.345539,4161733,17317877.59
0.345740,4163051,6580392.63
0.345815,4164349,17297210.86
0.345888,4165388,14168053.02
0.345980,4166977,17217280.12
0.346272,4167958,3363909.13
0.346348,4168800,11121531.13
0.346397,4169320,10576414.60
0.346438,4169772,11058103.98
0.346532,4171483,18185876.45
0.346718,4172484,5369710.75
0.346783,4173272,12068859.89
0.346874,4174066,8814093.67
0.346928,4174810,13578624.62
0.346999,4175900,15370080.52
0.347177,4176884,5537173.34
0.347216,4177333,11500435.43
0.347274,4178088,13026674.49
0.347322,4178740,13420332.21
0.347377,4179480,13588203.97
0.347567,4180519,5472021.07
0.347636,4181655,16345323.74
0.347709,4182858,16574128.93
0.347770,4183821,15808395.03
0.347966,4184895,5479591.84
0.348034,4186020,16483516.48
0.348158,4188226,17772406.85
0.348361,4189322,5415688.70
0.348434,4190368,14312494.01
0.348581,4192994,17838704.42
0.349378,4193789,997594.48
0.349476,4194854,10885897.40
0.349552,4195447,7781233.19
0.349637,4196504,12435294.12
0.349730,4198115,17260775.93
0.349893,4198672,3417177.91
0.349954,4199576,14973084.89
0.350009,4200297,13059701.49
0.350058,4200894,12091139.24
0.350275,4202780,8702914.97
0.350343,4203898,16281711.47
0.350418,4205220,17844608.82
0.350477,4206156,15742204.58
0.350523,4206769,13242028.86
0.350555,4207072,9631890.14
0.350713,4207644,3611681.14
0.350760,4208308,14065412.64
0.350808,4209026,15208964.39
0.350845,4209458,11571531.89
0.350932,4211175,19669614.63
0.351101,4211849,3998030.64
0.351154,4212642,14868842.93
0.351220,4213809,17615094.34
0.351271,4214598,15572265.97
0.351323,4215494,17134552.13
0.351555,4217754,9760690.33
0.351667,4219522,15738779.00
0.351991,4223527,12383431.86
0.352037,4224136,13084955.52
0.352207,4224978,4957811.50
0.352260,4225846,16454976.30
0.352334,4227308,19790186.13
0.352385,4228207,17371980.68
0.352645,4231387,12232698.23
0.352747,4233236,18246770.55
0.352949,4234807,7777227.72
0.353016,4235852,15424354.24
0.353110,4237522,17829118.05
0.353152,4237974,10751409.34
0.353330,4238882,5096342.20
0.353408,4240196,16882299.28
0.353467,4241085,15174791.75
0.353519,4241792,13434679.33
0.353575,4242603,14656714.80
0.353768,4243889,6648846.79
0.353896,4246581,21058725.06
0.354126,4248606,8796392.83
0.354212,4250012,16348837.21
0.354274,4250936,14893136.91
0.354333,4251647,11991499.70
0.354525,4253033,7220329.45
0.354588,4254049,16137742.62
0.354641,4254798,14277816.96
0.354700,4255569,12967136.47
0.354880,4256407,4660941.53
0.354940,4257143,12378485.65
0.355020,4258442,16070169.36
0.355093,4259449,13802272.51
0.355301,4260938,7183138.68
0.355359,4261714,13199074.70
0.355423,4262428,11229416.67
0.355483,4263209,13016666.67
0.355567,4264681,17437246.05
0.355740,4265309,3644974.81
0.355819,4266525,15335914.54
0.355876,4267307,13749450.55
0.355968,4268938,17776566.76
0.356153,4269770,4486166.75
0.356213,4270575,13416666.67
0.356281,4271675,16196478.00
0.356326,4272238,12487800.55
0.356375,4272858,12685421.99
0.356427,4273554,13320574.16
0.356628,4274878,6599376.95
0.356686,4275694,13988651.36
0.356758,4276818,15548055.11
0.356810,4277465,12512570.59
0.356866,4278304,15037998.28
0.357046,4279268,5354335.96
0.357112,4280380,16923100.34
0.357183,4281740,18987783.60
0.357248,4282581,12963391.14
0.357407,4283189,3819911.29
0.357447,4283508,8008234.17
0.357488,4283960,10990881.46
0.357526,4284415,12146937.90
0.357570,4285018,13717639.57
0.357608,4285473,11754372.37
0.357697,4286789,14884183.86
0.357921,4288549,7854197.53
0.357969,4289248,14437376.07
0.358032,4290374,17955955.29
0.358087,4291167,14440236.00
0.358262,4292002,4760085.97
0.358327,4293044,16051265.46
0.358432,4294739,16149316.87
0.358474,4295258,12581818.18
0.358527,4296082,15378011.68
0.358736,4297846,8450299.40
0.358844,4299941,19420625.72
0.359005,4300658,4435042.40
0.359052,4301289,13692684.94
0.359113,4302334,16945854.35
0.359175,4303185,13688934.64
0.359245,4304068,12689881.15
0.359431,4305028,5167068.55
0.359479,4305628,12360684.78
0.359558,4306921,16488771.57
0.359612,4307657,13587608.69
0.359666,4308449,14678082.95
0.359726,4309332,14716666.67
0.359901,4310089,4328806.29
0.359977,4310965,11438569.92
0.360062,4311835,10280649.93
0.360139,4312995,15064935.06
0.360184,4313594,13140575.64
0.360355,4314372,4564174.17
0.360436,4315700,16437271.02
0.360474,4316130,11315789.47
0.360549,4317496,18112867.30
0.360727,4318463,5440225.04
0.360761,4318897,12733247.27
0.360809,4319551,13589610.39
0.360899,4321069,16953127.62
0.360980,4322454,17002418.39
0.361161,4323531,5955771.35
0.361205,4324222,15674976.75
0.361264,4325155,15724542.42
0.361313,4325722,11571428.57
0.361350,4326151,11848210.34
0.361393,4326820,15276762.88
0.361548,4327175,2292171.11
0.361633,4328337,13677346.45
0.361686,4328998,12432523.93
0.361752,4330130,17249523.81
0.361957,4331656,7434835.57
0.362026,4332692,15078302.38
0.362069,4333274,13587654.38
0.362143,4334581,17602693.60
0.362209,4335734,17403773.58
0.362366,4336304,3639265.76
0.362413,4336951,13609019.39
0.362471,4337846,15520141.50
0.362518,4338437,12619306.90
0.362574,4339192,13442056.72
0.362643,4340221,14868223.33
0.362832,4341332,5880889.49
0.362876,4342011,15388101.98
0.362919,4342526,12094028.13
0.362955,4342860,9256436.55
0.363015,4343857,16593435.86
0.363186,4344922,6241758.24
0.363257,4345903,13808927.24
0.363293,4346281,10511971.97
0.363344,4346877,11686274.51
0.363385,4347375,12196017.93
0.363435,4348214,16696517.41
0.363504,4349195,14217391.30
0.363721,4350627,6597801.35
0.363860,4353476,20429089.76
0.364050,4354580,5810526.32
0.364117,4355688,16703601.53
0.364183,4356897,18157515.32
0.364253,4358021,16057142.86
0.364476,4360017,8957380.64
0.364528,4360806,15246376.81
0.364617,4362357,17321480.42
0.364808,4363631,6696452.04
0.364871,4364586,15108846.98
0.364920,4365196,12459659.30
0.365006,4366891,19680696.66
0.365204,4368208,6643127.36
0.365277,4369381,16151462.99
0.365331,4370318,17271889.40
0.365376,4371038,15838447.83
0.365412,4371490,12599303.14
0.365584,4372134,3753285.58
0.365687,4373871,16932630.16
0.365746,4374694,13802935.01
0.365956,4376495,8600065.90
0.366045,4378040,17270674.51
0.366147,4379912,18435721.18
0.366317,4380727,4775381.30
0.366382,4381877,17841074.81
0.366434,4382588,13575179.00
0.366497,4383526,14830039.53
0.366584,4384940,16307607.14
0.366750,4385700,4577155.18
0.366848,4387546,18893028.21
0.366913,4388570,15643379.83
0.366953,4389099,13294463.57
0.367133,4390115,5632709.63
0.367215,4391360,15167389.50
0.367281,4392499,17411642.41
0.367351,4393613,15961714.81
0.367573,4395694,9340550.83
0.367633,4396332,10730263.38
0.367708,4397573,16509904.61
0.367924,4399344,8218097.45
0.367987,4400422,16876712.33
0.368034,4401083,14089010.15
0.368086,4401799,13791243.72
0.368132,4402352,12109400.66
0.368342,4403400,4980609.84
0.368391,4404103,14432651.05
0.368461,4405223,16019223.07
0.368518,4406030,14106172.11
0.368590,4407212,16407323.61
0.368776,4408294,5828956.23
0.368825,4408937,13011716.62
0.368864,4409274,8595184.66
0.368950,4410772,17452291.63
0.369160,4412459,8041336.38
0.369220,4413337,14562462.68
0.369265,4413862,11775788.98
0.369323,4414752,15246252.68
0.369385,4415635,14289875.71
0.369554,4416380,4406120.07
0.369615,4417399,16796611.01
0.369655,4417914,12996845.43
0.369730,4419136,16176431.65
0.369784,4420079,17517136.33
0.369941,4420627,3477532.47
0.370000,4421634,17128180.70
0.370047,4422245,13022998.06
0.370109,4423130,14390243.90
0.370345,4425324,9265554.86
0.370410,4426296,14953846.15
0.370478,4427345,15559873.62
0.370524,4427982,13711309.14
0.370582,4428810,14389489.42
0.370754,4429608,4639534.88
0.370828,4430902,17388499.94
0.370904,4432136,16344370.86
0.370966,4433001,14008097.17
0.371165,4434215,6072550.47
0.371215,4434695,9762645.68
0.371285,4435805,15866662.85
0.371355,4437049,17739750.45
0.371396,4437480,10469550.85
0.371661,4439949,9315504.71
0.371744,4441041,13183151.64
0.371818,4442145,14910456.23
0.371876,4442861,12344827.59
0.372055,4443850,5523874.42
0.372140,4445308,17035894.56
0.372202,4446229,14874991.92
0.372259,4447106,15453744.49
0.372415,4447679,3674042.54
0.372453,4448053,9896536.21
0.372498,4448606,12334389.08
0.372549,4449445,16518674.57
0.372592,4450143,15908831.91
0.372632,4450700,13997788.50
0.372668,4451040,9521675.81
0.372703,4451429,11127320.58
0.372887,4452669,6739130.43
0.372928,4453167,12220858.90
0.372966,4453598,11086816.72
0.373026,4454558,16179866.18
0.373104,4456158,20338896.87
0.373260,4456633,3050581.86
0.373314,4457436,15009345.79
0.373351,4457848,11147789.38
0.373383,4458278,13096180.79
0.373439,4459188,16421250.18
0.373533,4460706,16098926.74
0.373698,4461295,3562507.18
0.373730,4461580,9144287.23
0.373771,4462209,15264026.40
0.373851,4463714,18871473.35
0.373904,4464515,14925373.13
0.374106,4466354,9109597.52
0.374143,4466830,12981700.17
0.374216,4468134,17792089.07
0.374292,4469455,17438943.89
0.374523,4471780,10079465.20
0.374565,4472303,12233918.13
0.374616,4473101,15737161.79
0.374660,4473742,14472139.44
0.374845,4475180,7783491.20
0.374901,4476074,16023802.70
0.374952,4476816,14573022.23
0.375011,4477824,17084745.76
0.375247,4480168,9932203.39
0.375318,4481436,17796491.23
0.375533,4483390,9069010.81
0.375600,4484468,16231028.67
0.375668,4485582,16392236.50
0.375714,4486123,11782385.23
0.375779,4487158,15933127.05
0.375950,4488164,5871606.75
0.376064,4490396,19571736.73
0.376108,4491048,14762486.98
0.376156,4491758,14804312.02
0.376311,4492150,2526326.64
0.376351,4492679,13406320.48
0.376392,4493252,13975609.76
0.376445,4494074,15376557.30
0.376489,4494631,12804597.70
0.376538,4495266,13003501.73
0.376854,4496090,2608280.02
0.377051,4497234,5800981.70
0.377113,4498248,16169927.76
0.377186,4499435,16325576.28
0.377422,4501983,10823347.51
0.377489,4503074,16123311.56
0.377528,4503551,12402818.59
0.377577,4504285,14878478.91
0.377623,4504913,13751724.44
0.377665,4505372,10928571.43
0.377826,4506096,4489922.48
0.377872,4506718,13436737.16
0.377922,4507401,13717062.98
0.377973,4508287,17358253.99
0.378019,4508819,11586375.12
0.378063,4509440,14180672.27
0.378222,4510061,3891391.94
0.378272,4510781,14631469.85
0.378561,4514591,13175822.88
0.378657,4516514,19944615.58
0.378734,4517966,18918566.78
0.379065,4520207,6764425.34
0.379118,4520931,13649818.07
0.379196,4522299,17708737.86
0.379246,4522903,12029715.79
0.379408,4523431,3261776.06
0.379470,4524332,14512829.60
0.379516,4524931,12904754.72
0.379566,4525742,16356412.48
0.379639,4527130,19024644.32
0.379823,4528110,5312833.75
0.379875,4528938,16064880.39
0.379927,4529717,14968679.14
0.379959,4530029,9575545.53
0.379999,4530560,13261075.87
0.380055,4531534,17575834.13
0.380095,4532073,13545776.68
0.380260,4532731,3976816.01
0.380309,4533357,12775510.20
0.380361,4534168,15633734.94
0.380395,4534583,12058344.96
0.380429,4535045,13825298.50
0.380479,4535852,15966918.60
0.380509,4536177,10939814.19
0.380696,4537320,6104138.85
0.380798,4539331,19804612.87
0.380865,4540392,15660516.61
0.380912,4541043,13900454.81
0.381077,4541636,3609427.12
0.381114,4541975,9152020.73
0.381174,4542836,14310170.03
0.381232,4543753,15867248.06
0.381292,4544809,17600000.00
0.381499,4546398,7651709.96
0.381538,4546965,14460965.59
0.381604,4548158,18156084.50
0.381691,4549553,16080691.64
0.381735,4550137,13135993.52
0.381904,4550895,4491851.85
0.381964,4551922,17092736.84
0.382001,4552352,11807996.49
0.382032,4552657,9631477.56
0.382090,4553609,16425687.57
0.382143,4554500,17038935.21
0.382309,4555315,4882666.24
0.382353,4555848,12136806.63
0.382385,4556170,10290170.01
0.382418,4556533,10876404.49
0.382491,4557284,10364625.02
0.382553,4558422,18244488.98
0.382721,4559076,3881305.64
0.382771,4559795,14427900.63
0.382804,4560087,8837504.92
0.382866,4561026,15268292.68
0.382915,4561820,16259163.70
0.383153,4564032,9258484.15
0.383202,4564614,12103818.32
0.383252,4565242,12384633.59
0.383282,4565498,8641350.21
0.383327,4566119,13736506.81
0.383380,4567029,17251184.83
0.383437,4567771,12998388.34
0.383599,4568309,3328692.96
0.383640,4568924,14745372.59
0.383697,4569766,14869757.17
0.383763,4570835,16268947.46
0.383829,4572112,19190886.96
0.383993,4572825,4342053.98
0.384036,4573446,14540260.83
0.384077,4573926,11851851.85
0.384117,4574455,12981595.09
0.384162,4574935,10666666.67
0.384202,4575502,14294357.89
0.384240,4576035,13995378.64
0.384280,4576643,15074504.75
0.384427,4577070,2909710.39
0.384470,4577763,16023121.39
0.384507,4578230,12678847.77
0.384552,4578854,14074976.32
0.384603,4579632,15143552.31
0.384645,4580157,12512512.51
0.384836,4581541,7252414.41
0.384939,4583107,15185454.55
0.384977,4583574,12235701.00
0.385023,4584233,14391160.03
0.385082,4585361,19011342.76
0.385261,4586334,5450980.39
0.385305,4586902,12812126.41
0.385346,4587414,12362073.54
0.385402,4588237,14941088.90
0.385437,4588620,10638888.89
0.385490,4589273,12359465.50
0.385700,4591161,8992274.65
0.385792,4592776,17706780.11
0.385838,4593522,15872340.43
0.385880,4594089,13815116.22
0.386110,4596290,9536725.71
0.386170,4597155,14578733.59
0.386218,4597656,10320959.17
0.386266,4598298,13386713.37
0.386435,4599009,4218533.07
0.386479,4599522,11549891.93
0.386523,4600036,11759591.85
0.386574,4600705,13107109.97
0.386627,4601281,10791569.09
0.386657,4601531,8264462.81
0.386693,4601833,8557180.10
0.386738,4602286,10076071.00
0.386792,4602868,10819452.71
0.386977,4603836,5227713.36
0.387040,4604712,13923326.34
0.387171,4607179,18784168.61
0.387382,4608877,8058545.48
0.387437,4609529,11783203.51
0.387490,4610359,15722079.10
0.387524,4610771,11884501.11
0.387724,4612313,7718065.38
0.387779,4613252,17229357.80
0.387815,4613576,8979048.89
0.387847,4613901,10116731.52
0.387893,4614528,13655370.68
0.387964,4615773,17514489.90
0.387998,4616141,10783882.78
0.388180,4617134,5459793.81
0.388231,4617819,13311827.12
0.388303,4619034,16983030.95
0.388366,4620051,16079051.38
0.388424,4620955,15699077.85
0.388571,4621494,3669787.23
0.388641,4622812,18650855.42
0.388740,4624744,19597699.40
0.388788,4625458,14900765.91
0.388984,4626554,5597805.82
0.389041,4627467,15901213.93
0.389093,4628320,16403846.15
0.389134,4628892,13852562.24
0.389167,4629220,10041021.25
0.389347,4630206,5479025.78
0.389411,4631235,15994901.53
0.389467,4631846,10967904.07
0.389498,4632127,9175510.20
0.389545,4632755,13326259.95
0.389602,4633727,16990333.69
0.389825,4635721,8946719.01
0.389927,4637881,21237267.47
0.390107,4638979,6078892.73
0.390170,4640010,16496000.00
0.390226,4640890,15483961.78
0.390271,4641516,14001655.15
0.390313,4642064,13008902.08
0.390374,4642855,13092558.26
0.390551,4643549,3918136.91
0.390596,4644035,10789929.40
0.390646,4644709,13547738.69
0.390695,4645408,14097573.77
0.390742,4646171,16190981.43
0.390791,4646695,10702832.98
0.390839,4647416,15165856.84
0.391023,4648634,6618054.57
0.391094,4649775,16127208.48
0.391192,4651790,20508905.85
0.391440,4654479,10855523.44
0.391503,4655403,14656895.40
0.391544,4655941,12976988.76
0.391792,4658118,8778225.81
0.391879,4659196,12355300.86
0.391933,4659770,10605080.83
0.391971,4660225,12066085.02
0.392002,4660510,9293680.30
0.392041,4660998,12341307.98
0.392250,4662707,8208138.02
0.392309,4663692,16566037.10
0.392363,4664523,15388888.89
0.392590,4666351,8069179.53
0.392649,4667265,15350508.88
0.392723,4668548,17406523.04
0.392780,4669390,14643478.26
0.392941,4669953,3499611.50
0.392974,4670346,11864150.94
0.393026,4671131,15341919.60
0.393076,4671837,14026582.96
0.393119,4672406,13143305.92
0.393175,4673343,16694877.51
0.393388,4674612,5956571.94
0.393443,4675406,14635944.70
0.393499,4676227,14649988.40
0.393551,4676937,13502205.99
0.393616,4678158,18991771.79
0.393657,4678743,13956151.44
0.393806,4679129,2589874.00
0.393849,4679729,14201183.43
0.393987,4682956,23370002.10
0.394160,4683866,5246226.75
0.394210,4684381,10369057.93
0.394306,4686184,18773036.80
0.394508,4687776,7868217.25
0.394552,4688400,14344827.59
0.394602,4689180,15470972.09
0.394641,4689703,13453376.21
0.394687,4690422,15545945.95
0.394740,4691116,13073865.46
0.394791,4691898,15408867.00
0.394937,4692320,2888768.71
0.394985,4693112,16442792.78
0.395022,4693582,13025524.49
0.395059,4693990,10831762.55
0.395108,4694805,16675191.82
0.395154,4695430,13562485.08
0.395355,4697072,8159006.21
0.395402,4697782,15106382.98
0.395472,4699016,17723518.85
0.395519,4699741,15411759.70
0.395556,4700209,12634307.00
0.395762,4701845,7944987.28
0.395873,4703732,17057627.12
0.395921,4704477,15373821.17
0.395962,4705055,14140672.78
0.396131,4705896,4988640.61
0.396175,4706510,13836619.72
0.396212,4707009,13516807.97
0.396252,4707499,12136222.91
0.396281,4707814,10769230.77
0.396344,4708760,15065853.39
0.396402,4709463,12068669.53
0.396569,4710015,3323619.37
0.396603,4710379,10692987.87
0.396634,4710647,8598838.52
0.396674,4711056,10225000.00
0.396715,4711614,13693251.53
0.396759,4712144,11966043.53
0.396826,4713220,16089719.63
0.396877,4713801,11272579.11
0.397041,4714624,5019547.57
0.397132,4716286,18314049.59
0.397186,4716961,12577796.00
0.397252,4717931,14715475.52
0.397448,4719198,6465671.22
0.397504,4719942,13129334.53
0.397543,4720376,11187873.79
0.397583,4720830,11268025.12
0.397634,4721454,12305507.90
0.397677,4721987,12252873.56
0.397720,4722405,9854771.78
0.397900,4723286,4888768.04
0.397962,4724217,14976031.91
0.398001,4724704,12447284.35
0.398055,4725456,13990697.67
0.398103,4725799,7195753.88
0.398182,4727346,19571873.18
0.398361,4728126,4342379.96
0.398398,4728558,11755102.04
0.398449,4729207,12694376.53
0.398500,4729894,13426885.04
0.398529,4730152,8922087.35
0.398678,4732078,13002531.65
0.399056,4732998,2433328.13
0.399175,4735119,17730407.52
0.399262,4736553,16569989.14
0.399470,4737636,5212996.39
0.399547,4739031,18009760.13
0.399602,4739922,16187638.53
0.399812,4741081,5523440.07
0.399859,4741688,12801315.98
0.399898,4742209,13517720.93
0.399967,4743386,17088929.22
0.400006,4743819,11126528.93
0.400057,4744351,10346772.47
0.400095,4744798,11827900.08
0.400210,4745352,4794834.73
0.400622,4745963,1485562.57
0.400658,4746271,8448077.24
0.400702,4746556,6526667.74
0.400745,4747102,12491992.31
0.400781,4747270,4777205.90
0.400813,4747454,5720147.98
0.400864,4748130,13115771.91
0.400919,4748931,14618922.47
0.400988,4749838,13097472.92
0.401157,4750419,3437015.65
0.401200,4750944,12438400.30
0.401265,4751813,13386324.08
0.401330,4752403,8950785.85
0.401365,4752568,4811617.87
0.401451,4754071,17417605.34
0.401651,4754535,2325336.65
0.401714,4755492,15011764.71
0.401818,4757384,18250745.17
0.401890,4758572,16500000.00
0.402092,4759245,3328256.05
0.402161,4760088,12291496.56
0.402200,4760427,8729688.67
0.402251,4761127,13747864.17
0.402311,4762155,17121633.55
0.402346,4762533,10536585.37
0.402523,4763419,5019830.03
0.402614,4764578,12759539.38
0.402708,4766354,18918774.97
0.402763,4767001,11605381.17
0.402830,4767760,11335464.02
0.403008,4768805,5885931.22
0.403048,4769235,10817610.06
0.403081,4769529,8765391.61
0.403179,4770642,11337822.28
0.403243,4771649,15868763.59
0.403282,4771954,7879304.55
0.403470,4773163,6419480.39
0.403524,4773942,14381449.96
0.403573,4774682,15166731.57
0.403629,4775568,15928089.89
0.403676,4776134,11791666.67
0.403704,4776307,6377880.18
0.403867,4776806,3062119.92
0.403922,4777586,14043679.44
0.403973,4778246,12878048.78
0.404038,4779203,14770342.02
0.404093,4780016,14781818.18
0.404127,4780299,8395633.08
0.404347,4781155,3893847.18
0.404426,4782356,15075439.96
0.404473,4782791,9388354.12
0.404531,4783665,15112479.03
0.404563,4783965,9302325.58
0.404683,4784699,6131586.86
0.404740,4785425,12526096.03
0.404933,4786227,4170762.02
0.404988,4787017,14374351.79
0.405038,4787827,16213619.44
0.405081,4788312,11096366.80
0.405167,4789859,18049446.38
0.405357,4790467,3203523.88
0.405442,4791966,17652531.30
0.405510,4793117,16864468.86
0.405554,4793579,10630954.02
0.405731,4794537,5393384.94
0.405794,4795643,17660678.64
0.405826,4795908,8313725.49
0.405878,4796707,15230942.26
0.405933,4797480,14129560.58
0.406129,4798989,7700629.73
0.406181,4799900,17352380.95
0.406219,4800323,11267380.53
0.406277,4801216,15319426.34
0.406328,4802053,16345102.33
0.406365,4802472,11440273.04
0.406556,4803642,6129666.01
0.406592,4804006,10146341.46
0.406632,4804506,12474116.21
0.406679,4805186,14278215.22
0.406729,4805975,15832564.11
0.406797,4807009,15328055.98
0.406830,4807412,11940740.74
0.406991,4807908,3084730.58
0.407083,4809445,16668835.68
0.407149,4810623,17973208.02
0.407214,4811718,16792418.11
0.407400,4813073,7289845.33
0.407440,4813481,10253317.25
0.407505,4814578,16790901.99
0.407599,4816283,18146405.84
0.407766,4817003,4319991.36
0.407828,4818090,17532258.06
0.407890,4819146,17043803.87
0.407935,4819740,13102748.49
0.407973,4820222,12560260.59
0.408039,4821234,15470221.35
0.408258,4823251,9215305.54
0.408338,4824649,17465830.44
0.408530,4825840,6195058.52
0.408583,4826592,14166493.98
0.408648,4827766,18142762.21
0.408925,4830882,11247432.69
0.409016,4832622,19173553.72
0.409070,4833300,12507148.26
0.409106,4833630,9000163.64
0.409162,4834517,16090702.95
0.409340,4835543,5768095.57
0.409397,4836228,11887201.74
0.409443,4836904,14762403.91
0.409494,4837669,14902694.17
0.409571,4838880,15821379.11
0.409747,4839716,4736543.91
0.409830,4841184,17803002.74
0.409891,4841740,9010030.95
0.409959,4842558,12171170.10
0.410154,4843991,7333036.53
0.410241,4845653,19094449.74
0.410298,4846544,15735099.34
0.410355,4847575,17995531.66
0.410554,4849166,8006723.43
0.410653,4851193,20517855.70
0.410730,4852421,15819645.73
0.410917,4853310,4767829.75
0.410972,4854148,15076280.94
0.411052,4855473,16675476.35
0.411094,4855950,11379631.18
0.411127,4856256,9296390.81
0.411312,4857341,5859575.41
0.411374,4858041,11297976.05
0.411427,4858744,13243161.78
0.411498,4859954,17092568.26
0.411551,4860688,13751756.44
0.411730,4861764,6020961.45
0.411800,4863058,18409184.68
0.411909,4865208,19732192.84
0.412107,4866625,7164127.79
0.412173,4867738,16852911.78
0.412252,4869004,15866252.26
0.412323,4870217,17205673.76
0.412606,4871957,6153846.15
0.412666,4872876,15158762.89
0.412759,4874421,16725304.47
0.412942,4875276,4671084.62
0.413069,4877882,20526311.64
0.413153,4879217,15885103.70
0.413354,4880739,7565853.25
0.413438,4882255,17994065.28
0.413504,4883405,17602130.62
0.413692,4884782,7308257.75
0.413745,4885640,16137829.86
0.413783,4886113,12599557.82
0.413834,4886894,15313725.49
0.413890,4887465,10076411.32
0.414083,4888752,6691519.40
0.414192,4891051,20939594.87
0.414248,4891930,15861558.73
0.414437,4893183,6620871.86
0.414499,4894135,15344691.41
0.414571,4895397,17456980.03
0.414639,4896626,18218743.51
0.414832,4897820,6175840.77
0.414911,4899251,18056782.33
0.414968,4900142,15769911.50
0.415023,4900935,14407441.73
0.415185,4901577,3964994.41
0.415290,4903319,16505277.52
0.415376,4904484,13579513.00
0.415429,4905232,14202441.76
0.415667,4907642,10117208.49
0.415751,4909121,17703670.01
0.416084,4913807,14040449.44
0.416331,4916415,10571201.58
0.416414,4917551,13721132.48
0.416646,4919609,8869084.05
0.416712,4920735,17158095.24
0.416776,4921738,15590754.36
0.416855,4923172,18047270.26
0.417043,4924411,6599201.07
0.417160,4926587,18664653.81
0.417215,4927445,15424719.10
0.417272,4928330,15640740.15
0.417438,4928965,3826269.30
0.417529,4930401,15780219.78
0.417583,4931143,13604194.93
0.417640,4931919,13764966.74
0.417821,4932989,5899379.74
0.417889,4934033,15428495.43
0.417967,4935405,17487063.14
0.418013,4936046,14049315.07
0.418060,4936713,14280208.96
0.418234,4937478,4382899.24
0.418309,4938426,12753420.42
0.418387,4939285,10960127.59
0.418431,4939794,11481030.36
0.418467,4940213,11679442.51
0.418675,4941764,7449281.49
0.418729,4942486,13401392.11
0.418788,4943507,17391156.23
0.418845,4944448,16329718.00
0.418890,4944963,11671388.10
0.419083,4946275,6775984.51
0.419149,4947434,17660952.38
0.419216,4948371,14028626.18
0.419291,4949813,19078364.18
0.419496,4951241,6991432.07
0.419533,4951647,10887053.52
0.419605,4952863,16947735.19
0.419646,4953370,12365853.66
0.419697,4954207,16213075.06
0.419742,4954838,14087337.02
0.419924,4956201,7470212.32
0.419982,4957077,15103448.28
0.420019,4957522,12304034.06
0.420060,4957992,11223880.60
0.420098,4958425,11382455.77
0.420134,4958726,8399843.72
0.420333,4960132,7090589.08
0.420381,4960623,10080272.64
0.420425,4961167,12422643.92
0.420458,4961412,7405392.33
0.420503,4962130,16014988.96
0.420592,4963720,17823513.59
0.420771,4964523,4481852.13
0.420814,4965018,11624357.14
0.420855,4965518,12294981.19
0.420897,4966076,13338751.70
0.420936,4966573,12516054.29
0.420969,4966892,9878913.63
0.421033,4967984,16996108.95
0.421223,4969205,6426315.79
0.421291,4970396,17568444.65
0.421326,4970813,11678055.34
0.421367,4971283,11640866.87
0.421587,4973052,8013590.03
0.421656,4974065,14824245.62
0.421694,4974460,10383533.56
0.421769,4975747,17188647.75
0.421818,4976400,13147562.77
0.421864,4976985,12833731.87
0.422029,4977469,2937784.52
0.422075,4977987,11159704.42
0.422118,4978490,11585323.72
0.422160,4978984,11927757.39
0.422194,4979360,11099631.00
0.422274,4980693,16636505.46
0.422309,4980983,8197879.86
0.422360,4981611,12456115.99
0.422533,4982384,4470352.83
0.422568,4982817,12083833.34
0.422617,4983575,15562125.32
0.422651,4983841,7785289.90
0.422695,4984387,12491992.31
0.422744,4985138,15431401.15
0.422928,4986312,6366007.47
0.422986,4987201,15272814.73
0.423020,4987503,8926196.32
0.423079,4988322,13793684.21
0.423128,4988845,10839378.24
0.423164,4989226,10450094.63
0.423227,4990278,16709552.40
0.423420,4991689,7318768.41
0.423455,4992063,10749906.59
0.423502,4992736,14369902.21
0.423546,4993287,12546680.03
0.423612,4994380,16436090.23
0.423668,4995077,12520883.11
0.423817,4995386,2065162.91
0.423859,4995905,12308203.10
0.423907,4996535,13380625.70
0.423956,4997187,13283621.62
0.424012,4997973,14014692.25
0.424071,4998905,15785640.49
0.424253,4999931,5623181.10
0.424274,5000000,3332045.59
