timestamp_ns,symbol,best_bid,best_ask,spread,bid_volume,ask_volume,bid_levels,ask_levels,total_orders
14400007694888,TSLA,6119800,0,0,20,0,1,0,1
14410189958459,AAPL,3217774,3218000,226,100,200,3,4,7
14410189958459,AMZN,18539799,18540000,201,100,50,9,4,13
14410189958459,GOOGL,14418658,14418817,159,91,100,7,3,11
14410189958459,MSFT,1745502,1746000,498,100,500,8,4,12
14410189958459,TSLA,6459713,6459765,52,92,100,24,10,39
14420116258967,AAPL,3217767,3217900,133,100,30,12,8,22
14420116258967,AMZN,18539855,18539900,45,100,20,18,10,31
14420116258967,GOOGL,14418658,14418804,146,91,100,10,3,15
14420116258967,MSFT,1745702,1745900,198,100,100,14,7,23
14420116258967,TSLA,6459702,6459712,10,55,100,46,11,68
14430128422424,AAPL,3213500,3213700,200,100,100,12,10,24
14430128422424,AMZN,18539855,18539900,45,100,20,17,11,32
14430128422424,GOOGL,14418658,14418804,146,91,100,10,3,14
14430128422424,MSFT,1745784,1745900,116,100,100,16,9,26
14430128422424,TSLA,6459510,6459520,10,51,100,65,13,96
14440009312139,AAPL,3213560,3213760,200,100,100,19,23,45
14440009312139,AMZN,18539881,18539900,19,100,20,19,12,37
14440009312139,GOOGL,14418658,14418804,146,91,100,11,3,15
14440009312139,MSFT,1745879,1745900,21,100,100,20,11,35
14440009312139,TSLA,6459395,6459429,34,64,100,83,20,135
14450141371823,AAPL,3214110,3214310,200,100,100,20,30,58
14450141371823,AMZN,18539889,18539900,11,100,20,21,12,39
14450141371823,GOOGL,14418658,14418804,146,91,100,11,3,14
14450141371823,MSFT,1745889,1745900,11,100,100,25,13,49
14450141371823,TSLA,6459218,6460000,782,67,450,91,28,174
14460734530503,AAPL,3213500,3215100,1600,21,30,20,30,58
14460734530503,AMZN,18539889,18539900,11,100,20,23,11,39
14460734530503,GOOGL,14418658,14418804,146,91,100,11,3,14
14460734530503,MSFT,1745889,1745900,11,100,100,26,12,47
14460734530503,TSLA,6432997,6434900,1903,95,823,99,37,193
14470767858128,AAPL,3209700,3210000,300,50,34,19,36,64
14470767858128,AMZN,18539889,18539900,11,100,20,23,10,37
14470767858128,GOOGL,14418658,14418804,146,91,100,13,3,16
14470767858128,MSFT,1745889,1745900,11,100,100,26,12,47
14470767858128,TSLA,6432997,6434900,1903,95,823,103,41,204
14480137534330,AAPL,3209700,3210000,300,50,34,19,36,66
14480137534330,AMZN,18539889,18539900,11,100,20,24,10,38
14480137534330,GOOGL,14418658,14418804,146,91,100,13,3,16
14480137534330,MSFT,1745847,1745900,53,90,100,27,12,48
14480137534330,TSLA,6434500,6434900,400,98,823,118,48,238
14490228841918,AAPL,3209700,3209730,30,50,90,20,37,69
14490228841918,AMZN,18539889,18539900,11,100,20,24,10,38
14490228841918,GOOGL,14418658,14418804,146,91,100,13,3,16
14490228841918,MSFT,1745847,1745900,53,90,100,30,12,52
14490228841918,TSLA,6434500,6434900,400,98,721,122,55,254
14500274165662,AAPL,3209700,3209730,30,50,90,22,39,77
14500274165662,AMZN,18539889,18539900,11,100,20,27,10,41
14500274165662,GOOGL,14418658,14418804,146,91,100,13,3,17
14500274165662,MSFT,1745768,1745900,132,90,100,33,12,57
14500274165662,TSLA,6431526,6434900,3374,100,721,119,63,262
14510089483967,AAPL,3209700,3209730,30,50,90,21,40,79
14510089483967,AMZN,18539889,18539891,2,56,100,30,11,48
14510089483967,GOOGL,14419205,14419405,200,100,100,14,3,19
14510089483967,MSFT,1745626,1745900,274,90,100,34,12,64
14510089483967,TSLA,6430502,6430702,200,100,100,124,69,279
14520454654805,AAPL,3209700,3209730,30,50,85,21,43,86
14520454654805,AMZN,18539889,18539891,2,56,100,30,10,51
14520454654805,GOOGL,14419097,14419297,200,100,100,15,3,23
14520454654805,MSFT,1745566,1745900,334,80,100,33,12,64
14520454654805,TSLA,6430000,6432669,2669,307,93,124,69,285
14530090183725,AAPL,3209700,3209730,30,50,85,22,43,88
14530090183725,AMZN,18539889,18539891,2,56,100,30,10,51
14530090183725,GOOGL,14419043,14419243,200,100,100,16,3,25
14530090183725,MSFT,1745420,1745900,480,80,100,35,12,70
14530090183725,TSLA,6430502,6430702,200,55,100,124,73,296
14540020638704,AAPL,3209700,3209730,30,50,35,20,42,89
14540020638704,AMZN,18539889,18539891,2,56,100,30,10,51
14540020638704,GOOGL,14418989,14419189,200,100,100,17,3,27
14540020638704,MSFT,1745212,1745900,688,80,100,34,12,69
14540020638704,TSLA,6430708,6430908,200,100,100,126,76,309
14550509616320,AAPL,3209700,3209730,30,50,35,23,44,95
14550509616320,AMZN,18539889,18539891,2,46,100,31,10,52
14550509616320,GOOGL,14418962,14419092,130,90,100,22,3,33
14550509616320,MSFT,1745212,1745900,688,80,100,34,11,68
14550509616320,TSLA,6430708,6430908,200,100,100,126,80,317
14560976665066,AAPL,3209700,3209730,30,50,35,23,43,97
14560976665066,AMZN,18539889,18539891,2,46,100,31,10,52
14560976665066,GOOGL,14419344,14419544,200,100,100,28,3,40
14560976665066,MSFT,1744722,1745900,1178,51,100,35,9,67
14560976665066,TSLA,6430806,6431006,200,90,100,125,81,319
14571199667535,AAPL,3209700,3210000,300,50,154,25,43,98
14571199667535,AMZN,18539889,18539891,2,46,100,31,10,52
14571199667535,GOOGL,14419270,14419470,200,100,100,28,3,40
14571199667535,MSFT,1744014,1744016,2,91,100,38,10,75
14571199667535,TSLA,6426300,6427300,1000,16,298,113,83,301
14581668469631,AAPL,3209700,3210000,300,50,154,27,43,100
14581668469631,AMZN,18539889,18539891,2,46,100,32,10,53
14581668469631,GOOGL,14419270,14419470,200,100,100,28,3,40
14581668469631,MSFT,1744014,1744068,54,31,100,38,10,79
14581668469631,TSLA,6425903,6427300,1397,5,298,112,86,308
14590185182704,AAPL,3209700,3210000,300,50,154,28,43,102
14590185182704,AMZN,18539889,18539891,2,46,100,33,10,54
14590185182704,GOOGL,14419270,14419432,162,99,100,29,3,41
14590185182704,MSFT,1744014,1745900,1886,31,100,42,9,85
14590185182704,TSLA,6425548,6427300,1752,45,298,114,89,312
14600180845468,AAPL,3209700,3210000,300,80,154,28,42,103
14600180845468,AMZN,18539889,18539891,2,36,100,41,11,65
14600180845468,GOOGL,14419270,14419432,162,99,100,29,3,41
14600180845468,MSFT,1736700,1737362,662,20,100,41,10,84
14600180845468,TSLA,6425548,6427300,1752,13,298,119,92,322
14610170053764,AAPL,3209700,3210000,300,80,154,28,44,106
14610170053764,AMZN,18539889,18539891,2,36,100,42,11,66
14610170053764,GOOGL,14419270,14419403,133,99,100,31,3,43
14610170053764,MSFT,1736700,1737112,412,20,100,41,12,88
14610170053764,TSLA,6425200,6427300,2100,4,298,119,93,323
14620062730471,AAPL,3209800,3210000,200,30,146,32,45,111
14620062730471,AMZN,18539889,18539891,2,36,100,47,11,72
14620062730471,GOOGL,14419270,14419398,128,99,100,31,3,44
14620062730471,MSFT,1736700,1737062,362,20,100,41,14,91
14620062730471,TSLA,6420000,6423200,3200,323,14,104,96,301
14630068992021,AAPL,3209800,3210000,200,30,246,34,46,112
14630068992021,AMZN,18539889,18539891,2,36,100,49,11,77
14630068992021,GOOGL,14419209,14419283,74,74,100,45,3,60
14630068992021,MSFT,1736700,1737700,1000,20,100,42,17,102
14630068992021,TSLA,6420000,6420700,700,323,130,99,98,297
14641118238562,AAPL,3209800,3210000,200,30,346,34,45,112
14641118238562,AMZN,18539889,18539891,2,36,100,49,11,80
14641118238562,GOOGL,14419430,14419523,93,66,100,57,3,76
14641118238562,MSFT,1736700,1737700,1000,20,100,44,18,109
14641118238562,TSLA,6420000,6420700,700,323,130,100,98,299
14650094083955,AAPL,3209800,3210000,200,30,346,34,45,111
14650094083955,AMZN,18539889,18539891,2,36,100,49,11,81
14650094083955,GOOGL,14419473,14419673,200,100,100,61,3,81
14650094083955,MSFT,1736900,1737700,800,100,100,48,21,119
14650094083955,TSLA,6420000,6420100,100,56,15,102,99,299
14660226142686,AAPL,3209800,3210000,200,30,346,34,45,115
14660226142686,AMZN,18539889,18539891,2,26,100,49,11,82
14660226142686,GOOGL,14419473,14419673,200,100,100,62,3,83
14660226142686,MSFT,1736900,1737700,800,100,100,48,25,125
14660226142686,TSLA,6410800,6417900,7100,4,39,78,101,266
14670576171695,AAPL,3209800,3210000,200,30,346,34,45,115
14670576171695,AMZN,18539889,18539891,2,26,100,49,11,82
14670576171695,GOOGL,14419469,14420000,531,50,80,63,2,82
14670576171695,MSFT,1736900,1738000,1100,100,630,48,27,130
14670576171695,TSLA,6414936,6415136,200,100,90,85,103,283
14680698250055,AAPL,3209800,3210000,200,30,346,35,45,116
14680698250055,AMZN,18539889,18539891,2,26,100,49,11,82
14680698250055,GOOGL,14419469,14420000,531,50,80,62,2,81
14680698250055,MSFT,1736900,1738000,1100,100,630,48,27,134
14680698250055,TSLA,6413057,6413257,200,100,100,85,106,290
14690254208671,AAPL,3209800,3210000,200,30,346,37,46,116
14690254208671,AMZN,18539881,18539886,5,75,100,51,11,85
14690254208671,GOOGL,14419473,14419663,190,63,100,63,3,83
14690254208671,MSFT,1736900,1738000,1100,100,630,47,29,139
14690254208671,TSLA,6413057,6413300,243,90,500,89,106,298
14700552116953,AAPL,3209800,3210000,200,30,346,37,48,118
14700552116953,AMZN,18539881,18539887,6,75,100,51,11,85
14700552116953,GOOGL,14419385,14419556,171,11,100,71,3,99
14700552116953,MSFT,1736900,1738000,1100,100,630,48,30,143
14700552116953,TSLA,6413057,6413200,143,8,15,87,107,301
14710213421738,AAPL,3209700,3209800,100,50,170,40,49,123
14710213421738,AMZN,18539881,18539888,7,75,100,52,11,87
14710213421738,GOOGL,14419303,14419489,186,7,100,78,3,114
14710213421738,MSFT,1736900,1738000,1100,100,630,50,30,151
14710213421738,TSLA,6413000,6413300,300,440,497,85,103,289
14720305423629,AAPL,3209700,3209800,100,50,270,40,50,126
14720305423629,AMZN,18539881,18539885,4,15,100,56,11,91
14720305423629,GOOGL,14419230,14420000,770,19,80,83,2,125
14720305423629,MSFT,1736900,1738000,1100,100,630,50,30,149
14720305423629,TSLA,6413000,6413300,300,434,500,90,101,292
14730689022439,AAPL,3209700,3209800,100,50,270,40,51,131
14730689022439,AMZN,18539881,18539882,1,15,100,57,11,93
14730689022439,GOOGL,14419230,14419410,180,19,100,83,3,127
14730689022439,MSFT,1736900,1738000,1100,100,630,51,31,150
14730689022439,TSLA,6413000,6413300,300,434,528,90,100,295
14740649878672,AAPL,3209700,3209800,100,50,270,43,51,137
14740649878672,AMZN,18539881,18539882,1,15,100,59,12,96
14740649878672,GOOGL,14419209,14419399,190,22,100,84,3,131
14740649878672,MSFT,1737000,1738000,1000,20,630,52,32,153
14740649878672,TSLA,6413000,6413300,300,431,528,90,100,299
14750279501401,AAPL,3209700,3209800,100,50,397,42,50,135
14750279501401,AMZN,18539881,18539890,9,15,100,61,12,98
14750279501401,GOOGL,14419209,14419399,190,22,100,85,3,132
14750279501401,MSFT,1737000,1738000,1000,20,630,52,32,160
14750279501401,TSLA,6413000,6413300,300,931,528,96,102,311
14760263318958,AAPL,3209535,3209800,265,83,397,41,50,131
14760263318958,AMZN,18539869,18539882,13,55,100,62,12,98
14760263318958,GOOGL,14419194,14420000,806,24,80,83,2,130
14760263318958,MSFT,1737000,1738000,1000,20,630,52,34,164
14760263318958,TSLA,6413000,6413300,300,931,448,101,109,332
14770487474323,AAPL,3209535,3209800,265,83,397,42,50,136
14770487474323,AMZN,18539869,18539883,14,35,100,62,12,98
14770487474323,GOOGL,14419194,14420000,806,10,80,83,2,131
14770487474323,MSFT,1737000,1738000,1000,20,630,51,34,164
14770487474323,TSLA,6413000,6413300,300,719,448,103,112,343
14780653777820,AAPL,3209535,3209800,265,83,397,42,49,134
14780653777820,AMZN,18539869,18539883,14,7,100,62,12,101
14780653777820,GOOGL,14419192,14419387,195,81,100,83,3,135
14780653777820,MSFT,1737000,1738000,1000,20,130,53,36,164
14780653777820,TSLA,6413000,6413300,300,719,448,105,112,348
14790119468355,AAPL,3209535,3209800,265,83,397,43,49,138
14790119468355,AMZN,18539849,18539900,51,87,20,62,11,99
14790119468355,GOOGL,14419192,14419387,195,51,100,83,3,135
14790119468355,MSFT,1737000,1738000,1000,20,130,54,36,169
14790119468355,TSLA,6413000,6413300,300,719,443,110,110,358
14800819082637,AAPL,3209535,3209800,265,83,397,46,51,145
14800819082637,AMZN,18539849,18539863,14,87,100,62,12,99
14800819082637,GOOGL,14419187,14420000,813,28,80,84,2,136
14800819082637,MSFT,1738000,1738200,200,70,132,56,39,171
14800819082637,TSLA,6410000,6413300,3300,1241,443,105,109,349
14811129182756,AAPL,3209535,3209573,38,83,70,50,54,154
14811129182756,AMZN,18539849,18539854,5,51,100,66,16,106
14811129182756,GOOGL,14419158,14419334,176,65,100,85,5,141
14811129182756,MSFT,1738100,1738300,200,100,178,56,39,167
14811129182756,TSLA,6410000,6410579,579,1241,100,103,111,349
14820181209531,AAPL,3209535,3209573,38,83,70,53,57,165
14820181209531,AMZN,18539849,18539900,51,51,20,70,17,112
14820181209531,GOOGL,14419158,14419334,176,25,100,85,5,140
14820181209531,MSFT,1738200,1738400,200,300,158,56,39,167
14820181209531,TSLA,6410000,6410579,579,1239,100,105,113,357
14830487055811,AAPL,3209535,3209573,38,83,70,54,57,170
14830487055811,AMZN,18539849,18539900,51,30,20,73,18,118
14830487055811,GOOGL,14419036,14419236,200,100,100,83,5,138
14830487055811,MSFT,1738500,1739000,500,100,273,58,33,149
14830487055811,TSLA,6410000,6410579,579,1218,100,105,114,365
14840200826494,AAPL,3209535,3209573,38,83,70,54,58,173
14840200826494,AMZN,18539849,18539856,7,29,100,74,19,120
14840200826494,GOOGL,14419036,14419236,200,100,100,83,5,138
14840200826494,MSFT,1739100,1739200,100,22,30,60,31,148
14840200826494,TSLA,6410000,6410479,479,1176,100,105,115,368
14850073058359,AAPL,3209535,3209573,38,83,70,54,60,175
14850073058359,AMZN,18539849,18539856,7,29,100,74,19,120
14850073058359,GOOGL,14418962,14420000,1038,40,80,83,4,136
14850073058359,MSFT,1739100,1739800,700,22,80,58,26,135
14850073058359,TSLA,6410000,6410300,300,1001,16,107,116,372
14860356297837,AAPL,3209535,3209573,38,83,70,54,60,174
14860356297837,AMZN,18539849,18539854,5,29,100,74,20,121
14860356297837,GOOGL,14419036,14419236,200,100,100,83,5,136
14860356297837,MSFT,1740300,1740400,100,25,100,61,26,139
14860356297837,TSLA,6410000,6410300,300,628,16,109,119,377
14870134400953,AAPL,3209535,3209573,38,83,70,54,62,177
14870134400953,AMZN,18539849,18539871,22,29,100,74,20,123
14870134400953,GOOGL,14419044,14420000,956,71,80,84,4,136
14870134400953,MSFT,1740300,1741400,1100,25,100,61,25,142
14870134400953,TSLA,6401300,6401400,100,47,231,68,124,302
14880563052031,AAPL,3209535,3209573,38,83,10,55,63,183
14880563052031,AMZN,18539849,18539871,22,9,100,78,21,128
14880563052031,GOOGL,14419044,14419219,175,42,100,84,5,137
14880563052031,MSFT,1741000,1741400,400,100,100,62,26,147
14880563052031,TSLA,6401300,6401400,100,47,231,70,125,312
14890403607770,AAPL,3209535,3209670,135,83,100,55,66,188
14890403607770,AMZN,18539849,18539857,8,9,100,78,22,129
14890403607770,GOOGL,14419044,14420000,956,13,80,84,4,136
14890403607770,MSFT,1741200,1741600,400,100,200,69,28,169
14890403607770,TSLA,6401300,6401400,100,47,226,70,126,315
14900449998181,AAPL,3209535,3209670,135,83,70,55,67,190
14900449998181,AMZN,18539849,18539857,8,9,100,78,22,129
14900449998181,GOOGL,14419044,14419219,175,13,100,84,5,136
14900449998181,MSFT,1741200,1741600,400,100,200,69,28,170
14900449998181,TSLA,6401000,6401400,400,276,226,70,126,312
14910487708221,AAPL,3209535,3209670,135,83,40,53,66,187
14910487708221,AMZN,18539804,18539806,2,89,100,78,23,129
14910487708221,GOOGL,14419036,14419215,179,26,100,82,5,134
14910487708221,MSFT,1740300,1740900,600,25,200,69,32,176
14910487708221,TSLA,6400000,6401400,1400,1703,226,64,127,300
14920030592260,AAPL,3209535,3209700,165,83,100,52,69,192
14920030592260,AMZN,18539804,18539900,96,60,20,78,24,131
14920030592260,GOOGL,14418978,14419178,200,100,100,79,5,128
14920030592260,MSFT,1740300,1740800,500,25,100,73,36,191
14920030592260,TSLA,6390000,6392100,2100,9,16,59,133,294
14930031486992,AAPL,3209535,3210000,465,83,367,54,67,192
14930031486992,AMZN,18539804,18539900,96,60,20,78,24,131
14930031486992,GOOGL,14418978,14420000,1022,71,80,80,4,128
14930031486992,MSFT,1740300,1740800,500,25,100,75,37,195
14930031486992,TSLA,6381000,6382879,1879,75,100,64,140,312
14940930289478,AAPL,3211500,3211571,71,2463,100,55,62,181
14940930289478,AMZN,18539804,18539900,96,60,20,78,24,131
14940930289478,GOOGL,14418978,14420000,1022,71,80,80,4,128
14940930289478,MSFT,1740300,1740800,500,25,100,74,38,197
14940930289478,TSLA,6381000,6386600,5600,65,16,77,147,349
14950021971484,AAPL,3211500,3211566,66,2463,100,54,61,181
14950021971484,AMZN,18539804,18539826,22,40,100,78,28,137
14950021971484,GOOGL,14418978,14419157,179,71,100,79,5,128
14950021971484,MSFT,1740300,1740800,500,25,191,74,40,204
14950021971484,TSLA,6373500,6373979,479,110,100,81,150,361
14960227769599,AAPL,3211500,3211566,66,2463,100,53,61,180
14960227769599,AMZN,18539804,18539807,3,40,100,77,28,137
14960227769599,GOOGL,14418978,14420000,1022,42,80,79,4,127
14960227769599,MSFT,1740300,1740700,400,25,100,74,42,209
14960227769599,TSLA,6373600,6376300,2700,21,15,90,163,386
14970185987935,AAPL,3211600,3211762,162,150,100,53,60,180
14970185987935,AMZN,18539804,18539829,25,40,100,79,29,140
14970185987935,GOOGL,14418978,14419157,179,42,100,77,5,125
14970185987935,MSFT,1740300,1740700,400,25,100,75,43,215
14970185987935,TSLA,6373500,6374029,529,78,8,97,167,409
14980100870513,AAPL,3211600,3211658,58,150,100,51,61,181
14980100870513,AMZN,18539804,18539851,47,40,100,78,29,138
14980100870513,GOOGL,14418978,14420000,1022,42,80,78,4,125
14980100870513,MSFT,1740500,1740700,200,200,100,77,45,232
14980100870513,TSLA,6370000,6371200,1200,923,14,91,175,410
14990383685521,AAPL,3211600,3211658,58,150,100,53,62,186
14990383685521,AMZN,18539804,18539814,10,40,100,81,29,136
14990383685521,GOOGL,14418978,14419157,179,13,100,78,5,126
14990383685521,MSFT,1740500,1740700,200,200,100,78,45,237
14990383685521,TSLA,6370000,6371200,1200,876,14,94,178,424
15000370518721,AAPL,3211600,3211658,58,150,100,54,62,184
15000370518721,AMZN,18539804,18539814,10,40,100,83,31,140
15000370518721,GOOGL,14418797,14418997,200,100,100,76,5,124
15000370518721,MSFT,1740500,1740700,200,200,100,79,46,241
15000370518721,TSLA,6370000,6370400,400,244,15,101,182,442
15010487052977,AAPL,3211600,3211619,19,150,100,54,63,189
15010487052977,AMZN,18539804,18539814,10,40,100,82,33,139
15010487052977,GOOGL,14418634,14420000,1366,73,80,77,4,122
15010487052977,MSFT,1740500,1740700,200,200,100,79,46,241
15010487052977,TSLA,6370000,6370400,400,138,31,109,185,458
15020740968327,AAPL,3211600,3211604,4,150,100,54,63,196
15020740968327,AMZN,18539804,18539808,4,40,100,87,33,145
15020740968327,GOOGL,14418742,14418942,200,100,100,77,5,122
15020740968327,MSFT,1740500,1740700,200,200,100,80,47,249
15020740968327,TSLA,6370000,6370400,400,118,31,114,188,482
15030112281458,AAPL,3211600,3211604,4,150,100,55,63,197
15030112281458,AMZN,18539804,18539826,22,40,100,93,35,153
15030112281458,GOOGL,14418779,14420000,1221,83,80,75,4,117
15030112281458,MSFT,1740500,1740700,200,200,100,80,48,253
15030112281458,TSLA,6369300,6369900,600,7,1,120,191,497
15040055794325,AAPL,3211660,3211806,146,100,100,56,63,201
15040055794325,AMZN,18539804,18539850,46,40,100,94,38,157
15040055794325,GOOGL,14418780,14418980,200,100,100,75,5,118
15040055794325,MSFT,1740500,1740700,200,200,100,80,54,264
15040055794325,TSLA,6369300,6369900,600,7,1,122,194,512
15050567794805,AAPL,3211600,3211625,25,150,100,56,63,206
15050567794805,AMZN,18539804,18539900,96,40,20,94,39,157
15050567794805,GOOGL,14418780,14418980,200,100,100,75,4,116
15050567794805,MSFT,1740500,1740700,200,200,100,80,58,272
15050567794805,TSLA,6369300,6369900,600,7,1,126,195,525
15060014025219,AAPL,3211600,3211625,25,150,100,56,63,206
15060014025219,AMZN,18539804,18539900,96,40,20,94,39,157
15060014025219,GOOGL,14418779,14420000,1221,49,80,75,3,115
15060014025219,MSFT,1740500,1740700,200,200,100,80,58,275
15060014025219,TSLA,6369300,6369900,600,7,1,129,195,536
15070682073562,AAPL,3211600,3211618,18,210,40,56,64,209
15070682073562,AMZN,18539804,18539850,46,40,100,94,40,158
15070682073562,GOOGL,14418779,14420000,1221,49,80,75,3,115
15070682073562,MSFT,1740500,1740700,200,200,100,80,58,281
15070682073562,TSLA,6369300,6369900,600,7,7,130,196,544
15080307942821,AAPL,3211600,3211618,18,210,40,55,67,211
15080307942821,AMZN,18539804,18539900,96,40,20,94,40,157
15080307942821,GOOGL,14418780,14418980,200,100,100,75,4,115
15080307942821,MSFT,1740500,1740700,200,200,100,80,58,284
15080307942821,TSLA,6369300,6370000,700,7,146,134,199,557
15090487210916,AAPL,3211600,3211618,18,210,40,55,66,214
15090487210916,AMZN,18539804,18539900,96,40,20,97,42,162
15090487210916,GOOGL,14418780,14420000,1220,66,80,75,3,114
15090487210916,MSFT,1740500,1740700,200,200,100,81,58,285
15090487210916,TSLA,6369300,6370000,700,7,143,136,202,571
15100180002806,AAPL,3215000,3215100,100,1236,60,60,48,183
15100180002806,AMZN,18539804,18539826,22,40,100,97,43,163
15100180002806,GOOGL,14418780,14418964,184,66,100,73,4,112
15100180002806,MSFT,1740500,1740700,200,200,100,80,58,285
15100180002806,TSLA,6369300,6370000,700,7,48,139,204,579
15110237094433,AAPL,3214802,3215000,198,100,764,64,49,194
15110237094433,AMZN,18539804,18539814,10,40,100,99,44,164
15110237094433,GOOGL,14418780,14418964,184,49,100,71,4,107
15110237094433,MSFT,1740500,1740700,200,200,100,79,58,282
15110237094433,TSLA,6369300,6370400,1100,7,23,142,208,589
15120206888995,AAPL,3214933,3215000,67,100,764,69,49,202
15120206888995,AMZN,18539804,18539814,10,40,100,99,44,164
15120206888995,GOOGL,14418780,14418964,184,15,100,70,4,103
15120206888995,MSFT,1740300,1740700,400,25,100,78,59,281
15120206888995,TSLA,6369300,6372000,2700,7,89,145,208,604
15130381853330,AAPL,3214933,3215000,67,100,764,70,49,207
15130381853330,AMZN,18539804,18539814,10,23,100,102,47,172
15130381853330,GOOGL,14418779,14420000,1221,35,80,67,3,98
15130381853330,MSFT,1740300,1740600,300,25,25,78,62,285
15130381853330,TSLA,6370000,6370091,91,446,4,148,208,612
15140053693399,AAPL,3214973,3215000,27,100,764,71,49,213
15140053693399,AMZN,18539804,18539808,4,23,100,103,49,183
15140053693399,GOOGL,14418779,14420000,1221,18,80,67,3,97
15140053693399,MSFT,1740300,1740600,300,25,25,78,62,286
15140053693399,TSLA,6370000,6370556,556,446,85,149,205,608
15150218372754,AAPL,3214974,3215000,26,100,764,72,49,214
15150218372754,AMZN,18539804,18539900,96,23,20,111,58,208
15150218372754,GOOGL,14418779,14420000,1221,1,80,66,3,96
15150218372754,MSFT,1740300,1740600,300,25,25,81,61,291
15150218372754,TSLA,6370786,6370986,200,100,100,149,204,606
15160249721298,AAPL,3214975,3215000,25,100,771,72,49,215
15160249721298,AMZN,18539804,18539850,46,23,100,111,62,220
15160249721298,GOOGL,14418779,14418963,184,1,100,65,4,96
15160249721298,MSFT,1740300,1740600,300,25,25,81,61,291
15160249721298,TSLA,6370000,6371002,1002,446,72,147,205,602
15170949825561,AAPL,3214989,3215000,11,100,1757,73,49,226
15170949825561,AMZN,18539804,18539826,22,23,100,110,62,219
15170949825561,GOOGL,14418763,14418939,176,64,100,65,4,96
15170949825561,MSFT,1740300,1740600,300,25,25,82,60,293
15170949825561,TSLA,6371112,6371312,200,100,100,148,207,602
15180179806367,AAPL,3214989,3215000,11,100,1357,73,49,232
15180179806367,AMZN,18539804,18539814,10,23,100,113,62,223
15180179806367,GOOGL,14418763,14420000,1237,47,80,65,3,95
15180179806367,MSFT,1740300,1740600,300,25,25,82,59,294
15180179806367,TSLA,6370000,6370175,175,446,21,147,205,595
15190128596452,AAPL,3214989,3215000,11,100,1292,74,49,239
15190128596452,AMZN,18539804,18539850,46,23,100,116,62,226
15190128596452,GOOGL,14418763,14418939,176,2,100,65,4,96
15190128596452,MSFT,1740300,1740600,300,25,25,82,60,294
15190128596452,TSLA,6370000,6370197,197,446,71,147,207,598
15200660354412,AAPL,3214989,3215000,11,100,1292,77,49,252
15200660354412,AMZN,18539804,18539808,4,23,100,113,62,223
15200660354412,GOOGL,14418763,14420000,1237,2,80,65,3,94
15200660354412,MSFT,1739800,1740000,200,100,54,78,61,290
15200660354412,TSLA,6370000,6370211,211,446,57,147,207,600
15212231062039,AAPL,3214989,3215000,11,100,1292,86,50,270
15212231062039,AMZN,18539804,18539808,4,23,100,113,62,223
15212231062039,GOOGL,14418763,14418939,176,2,100,63,4,92
15212231062039,MSFT,1739800,1740000,200,100,54,77,61,292
15212231062039,TSLA,6370000,6370211,211,446,27,147,208,606
15220261995154,AAPL,3214989,3215000,11,100,1281,88,50,276
15220261995154,AMZN,18539804,18539808,4,23,100,113,62,223
15220261995154,GOOGL,14418763,14420000,1237,2,80,63,3,88
15220261995154,MSFT,1739800,1740000,200,100,54,78,61,293
15220261995154,TSLA,6370000,6371747,1747,446,12,147,214,615
15230796385700,AAPL,3214989,3215000,11,100,1221,94,50,289
15230796385700,AMZN,18539804,18539808,4,23,100,113,62,223
15230796385700,GOOGL,14418742,14420000,1258,74,80,62,3,86
15230796385700,MSFT,1739800,1740000,200,100,54,79,61,295
15230796385700,TSLA,6370000,6370226,226,446,86,148,220,624
15240406197379,AAPL,3214989,3215000,11,100,1221,94,50,294
15240406197379,AMZN,18539804,18539808,4,23,100,113,62,223
15240406197379,GOOGL,14418742,14420000,1258,74,80,62,3,86
15240406197379,MSFT,1739800,1740000,200,100,54,79,61,298
15240406197379,TSLA,6370000,6370226,226,446,40,149,221,627
15250276742375,AAPL,3214989,3215000,11,100,1221,95,49,294
15250276742375,AMZN,18539804,18539808,4,23,100,113,62,223
15250276742375,GOOGL,14418742,14420000,1258,74,80,60,3,83
15250276742375,MSFT,1739800,1740000,200,100,54,79,61,298
15250276742375,TSLA,6370000,6370428,428,446,71,149,221,627
15260832626624,AAPL,3214989,3215000,11,100,1218,95,49,293
15260832626624,AMZN,18539804,18539900,96,23,40,114,61,223
15260832626624,GOOGL,14418742,14418929,187,74,100,59,4,82
15260832626624,MSFT,1739800,1740000,200,100,54,80,63,302
15260832626624,TSLA,6371234,6372009,775,100,69,150,223,631
15271682882516,AAPL,3214989,3215000,11,100,1218,95,49,297
15271682882516,AMZN,18539804,18539814,10,23,100,114,62,225
15271682882516,GOOGL,14418742,14420000,1258,74,80,59,3,80
15271682882516,MSFT,1739800,1740000,200,100,54,80,63,302
15271682882516,TSLA,6370000,6370529,529,446,54,152,227,639
15280106933834,AAPL,3214989,3215000,11,100,1218,96,49,300
15280106933834,AMZN,18539804,18539900,96,23,40,116,61,226
15280106933834,GOOGL,14418742,14418929,187,63,100,59,4,81
15280106933834,MSFT,1739800,1740000,200,100,54,80,63,304
15280106933834,TSLA,6370000,6370529,529,446,24,155,228,645
15290892759837,AAPL,3214989,3215000,11,100,1207,96,49,306
15290892759837,AMZN,18539804,18539900,96,23,40,116,61,226
15290892759837,GOOGL,14418742,14418929,187,52,100,59,4,80
15290892759837,MSFT,1739800,1740000,200,100,54,80,67,311
15290892759837,TSLA,6370000,6370545,545,446,28,156,228,647
15300295528630,AAPL,3214989,3215000,11,100,1207,96,49,310
15300295528630,AMZN,18539804,18539900,96,23,40,116,61,226
15300295528630,GOOGL,14418742,14420000,1258,41,80,61,3,79
15300295528630,MSFT,1739800,1740000,200,100,54,80,67,317
15300295528630,TSLA,6371314,6375000,3686,100,11,156,227,647
15310211273823,AAPL,3214989,3215000,11,100,1207,95,49,314
15310211273823,AMZN,18539804,18539850,46,3,100,119,66,242
15310211273823,GOOGL,14418742,14420000,1258,7,80,60,3,76
15310211273823,MSFT,1739800,1740000,200,100,114,78,72,319
15310211273823,TSLA,6372257,6372457,200,100,100,156,233,652
15320607852307,AAPL,3214989,3215000,11,100,1007,95,50,317
15320607852307,AMZN,18539804,18539808,4,3,100,119,68,244
15320607852307,GOOGL,14418675,14420000,1325,89,80,59,3,75
15320607852307,MSFT,1739800,1740000,200,100,114,77,72,322
15320607852307,TSLA,6370192,6371352,1160,100,69,156,235,658
15330186741344,AAPL,3214989,3215000,11,100,1007,94,50,317
15330186741344,AMZN,18539804,18539850,46,3,100,119,68,248
15330186741344,GOOGL,14418684,14418878,194,38,100,55,4,73
15330186741344,MSFT,1739800,1740000,200,100,114,77,72,324
15330186741344,TSLA,6370000,6370408,408,446,86,156,237,662
15340315806039,AAPL,3214989,3215000,11,100,1007,94,50,318
15340315806039,AMZN,18539804,18539900,96,3,40,119,68,251
15340315806039,GOOGL,14418684,14418878,194,38,100,55,4,73
15340315806039,MSFT,1739600,1739700,100,100,20,75,74,325
15340315806039,TSLA,6370000,6370189,189,446,86,157,241,669
15350014295603,AAPL,3214989,3215000,11,100,1007,94,50,318
15350014295603,AMZN,18539804,18539814,10,3,100,118,70,253
15350014295603,GOOGL,14418684,14418878,194,5,100,55,4,73
15350014295603,MSFT,1739600,1739700,100,40,20,75,74,325
15350014295603,TSLA,6370000,6370189,189,446,86,157,241,674
15361053809787,AAPL,3214989,3215000,11,100,1007,95,51,328
15361053809787,AMZN,18539804,18539900,96,3,40,118,69,255
15361053809787,GOOGL,14418675,14418873,198,83,100,52,4,70
15361053809787,MSFT,1739600,1739700,100,40,20,75,75,328
15361053809787,TSLA,6370000,6370189,189,446,86,157,243,680
15370366527248,AAPL,3214989,3215000,11,100,1007,95,51,329
15370366527248,AMZN,18539804,18539808,4,3,100,121,70,259
15370366527248,GOOGL,14418518,14420000,1482,94,80,51,3,68
15370366527248,MSFT,1739600,1739700,100,40,20,75,75,328
15370366527248,TSLA,6370000,6370189,189,446,75,157,245,684
15380198935861,AAPL,3214989,3215000,11,100,1014,95,51,334
15380198935861,AMZN,18539804,18539826,22,3,100,120,70,265
15380198935861,GOOGL,14418589,14420000,1411,89,80,51,3,67
15380198935861,MSFT,1739600,1739700,100,40,20,75,75,329
15380198935861,TSLA,6370000,6370675,675,446,46,157,244,685
15390282811993,AAPL,3214989,3215000,11,100,1014,95,52,344
15390282811993,AMZN,18539804,18539850,46,3,100,118,70,266
15390282811993,GOOGL,14418613,14418813,200,100,100,50,4,66
15390282811993,MSFT,1739600,1739700,100,40,20,75,75,330
15390282811993,TSLA,6370302,6370502,200,100,100,157,244,686
15400701721134,AAPL,3214989,3215000,11,100,1014,95,52,346
15400701721134,AMZN,18539804,18539900,96,3,40,118,69,271
15400701721134,GOOGL,14418613,14420000,1387,78,80,50,3,64
15400701721134,MSFT,1739600,1739700,100,40,20,75,75,330
15400701721134,TSLA,6370000,6370066,66,461,92,157,245,691
15410977283462,AAPL,3214989,3215000,11,100,1014,94,53,348
15410977283462,AMZN,18539804,18539826,22,3,100,121,71,283
15410977283462,GOOGL,14418614,14420000,1386,66,80,48,3,60
15410977283462,MSFT,1739500,1739700,200,780,20,73,75,329
15410977283462,TSLA,6375292,6375600,308,100,4,159,238,686
15420178033622,AAPL,3214989,3215000,11,100,1002,92,53,349
15420178033622,AMZN,18539804,18539814,10,3,100,122,73,288
15420178033622,GOOGL,14418614,14420000,1386,12,80,47,5,61
15420178033622,MSFT,1739500,1739700,200,780,20,73,74,329
15420178033622,TSLA,6375694,6375900,206,100,4,160,238,689
15430083013397,AAPL,3214989,3215000,11,100,1002,91,53,351
15430083013397,AMZN,18539734,18539750,16,81,100,123,73,293
15430083013397,GOOGL,14418589,14419900,1311,78,15,44,6,59
15430083013397,MSFT,1739500,1739700,200,760,20,73,74,329
15430083013397,TSLA,6376052,6376200,148,100,12,161,237,689
15440175715123,AAPL,3214989,3215000,11,100,1002,92,53,356
15440175715123,AMZN,18539734,18539744,10,81,100,124,74,303
15440175715123,GOOGL,14418589,14419900,1311,47,15,44,6,59
15440175715123,MSFT,1739500,1739700,200,760,20,73,74,331
15440175715123,TSLA,6377789,6378000,211,100,96,161,235,688
15450246346865,AAPL,3214989,3215000,11,100,1002,92,53,363
15450246346865,AMZN,18539734,18539742,8,81,100,124,74,318
15450246346865,GOOGL,14418589,14419900,1311,47,15,44,6,59
15450246346865,MSFT,1739500,1739700,200,760,20,73,74,334
15450246346865,TSLA,6377926,6378000,74,100,75,161,240,696
15460067390742,AAPL,3214989,3215000,11,100,1002,92,53,367
15460067390742,AMZN,18539734,18539736,2,81,100,124,76,329
15460067390742,GOOGL,14418589,14418746,157,47,100,44,7,59
15460067390742,MSFT,1739500,1739700,200,760,20,74,74,339
15460067390742,TSLA,6379685,6380000,315,100,128,161,236,691
15470591308396,AAPL,3214989,3215000,11,100,1002,92,53,369
15470591308396,AMZN,18539734,18539900,166,81,40,128,75,339
15470591308396,GOOGL,14418589,14418746,157,47,100,44,7,59
15470591308396,MSFT,1739500,1739700,200,760,20,74,74,339
15470591308396,TSLA,6382616,6385000,2384,100,72,163,224,672
15480126564386,AAPL,3214989,3215000,11,100,1002,92,53,374
15480126564386,AMZN,18539734,18539774,40,81,100,129,76,342
15480126564386,GOOGL,14418589,14419900,1311,47,26,44,8,61
15480126564386,MSFT,1739500,1739700,200,760,20,74,75,340
15480126564386,TSLA,6387494,6387800,306,100,6,163,219,666
15490019439101,AAPL,3214989,3215000,11,100,1002,93,53,377
15490019439101,AMZN,18539734,18539754,20,81,100,134,76,357
15490019439101,GOOGL,14418589,14418746,157,47,100,44,9,61
15490019439101,MSFT,1739500,1739700,200,742,20,74,75,340
15490019439101,TSLA,6388299,6388500,201,100,24,163,218,669
15500645183012,AAPL,3214989,3215000,11,100,1002,94,54,387
15500645183012,AMZN,18539734,18539754,20,81,100,134,76,361
15500645183012,GOOGL,14418589,14418746,157,47,100,44,9,63
15500645183012,MSFT,1739500,1739700,200,742,20,74,76,341
15500645183012,TSLA,6388474,6388500,26,100,4,164,221,678
15510246986018,AAPL,3214989,3215000,11,100,1002,93,55,390
15510246986018,AMZN,18539734,18539744,10,81,100,134,76,369
15510246986018,GOOGL,14418589,14418746,157,47,100,43,9,63
15510246986018,MSFT,1739500,1739700,200,742,20,73,76,341
15510246986018,TSLA,6389681,6389900,219,100,23,164,212,664
15523211363419,AAPL,3214989,3215000,11,100,1002,93,56,392
15523211363419,AMZN,18539734,18539900,166,81,40,133,75,369
15523211363419,GOOGL,14418589,14418746,157,47,100,43,9,63
15523211363419,MSFT,1739500,1739700,200,742,20,73,76,344
15523211363419,TSLA,6389799,6390000,201,100,108,164,214,670
15531188668460,AAPL,3214989,3215000,11,100,1002,93,56,392
15531188668460,AMZN,18539734,18539814,80,81,100,131,76,373
15531188668460,GOOGL,14418589,14418746,157,47,100,42,9,61
15531188668460,MSFT,1739500,1739700,200,742,20,74,75,344
15531188668460,TSLA,6389943,6390000,57,100,108,164,215,675
15540215985588,AAPL,3214989,3215000,11,100,1002,93,57,393
15540215985588,AMZN,18539734,18539774,40,81,100,131,76,374
15540215985588,GOOGL,14418589,14419900,1311,47,45,41,8,59
15540215985588,MSFT,1739500,1739700,200,742,20,74,75,345
15540215985588,TSLA,6392707,6393100,393,100,8,163,202,655
15551195432060,AAPL,3214989,3215000,11,100,1002,93,57,394
15551195432060,AMZN,18539734,18539754,20,81,100,131,76,375
15551195432060,GOOGL,14418589,14418746,157,47,100,41,9,61
15551195432060,MSFT,1739500,1739700,200,742,20,73,75,344
15551195432060,TSLA,6394096,6394300,204,100,16,166,202,661
15560946076531,AAPL,3214989,3215000,11,100,1002,93,57,400
15560946076531,AMZN,18539734,18539754,20,81,100,131,76,375
15560946076531,GOOGL,14418589,14419900,1311,47,56,40,8,59
15560946076531,MSFT,1739500,1739700,200,742,20,73,75,342
15560946076531,TSLA,6394799,6395000,201,100,47,169,201,673
15570485930700,AAPL,3214989,3215000,11,100,1002,91,58,402
15570485930700,AMZN,18539734,18539774,40,81,100,132,78,381
15570485930700,GOOGL,14418589,14418746,157,47,100,38,9,59
15570485930700,MSFT,1739500,1739700,200,742,20,73,75,343
15570485930700,TSLA,6395088,6395100,12,100,10,171,203,696
15580404316973,AAPL,3214989,3215000,11,100,1002,91,58,401
15580404316973,AMZN,18539734,18539814,80,81,100,134,78,388
15580404316973,GOOGL,14418589,14418746,157,47,100,38,9,59
15580404316973,MSFT,1740000,1740100,100,587,60,75,72,341
15580404316973,TSLA,6396480,6397000,520,100,200,172,198,692
15591058901657,AAPL,3214989,3215000,11,100,1002,91,60,402
15591058901657,AMZN,18539734,18539774,40,81,100,138,80,399
15591058901657,GOOGL,14418589,14418746,157,47,100,38,10,59
15591058901657,MSFT,1740000,1740100,100,587,60,75,74,346
15591058901657,TSLA,6396799,6397600,801,100,274,176,198,697
15600034052743,AAPL,3214989,3215000,11,100,1002,91,60,404
15600034052743,AMZN,18539734,18539754,20,81,100,138,80,400
15600034052743,GOOGL,14418589,14419900,1311,47,64,35,9,55
15600034052743,MSFT,1740000,1740100,100,587,60,77,75,354
15600034052743,TSLA,6397444,6397600,156,100,173,177,199,706
15610355091221,AAPL,3214989,3215000,11,100,1002,90,60,406
15610355091221,AMZN,18539734,18539736,2,81,100,139,81,405
15610355091221,GOOGL,14418589,14418746,157,39,100,35,9,56
15610355091221,MSFT,1740000,1740100,100,587,60,78,77,359
15610355091221,TSLA,6397589,6397600,11,100,133,177,204,718
15620089856810,AAPL,3214989,3215000,11,100,1002,88,64,403
15620089856810,AMZN,18539734,18539744,10,81,100,137,84,417
15620089856810,GOOGL,14418589,14418746,157,39,100,36,12,60
15620089856810,MSFT,1740000,1740100,100,787,60,78,76,370
15620089856810,TSLA,6397589,6397600,11,100,31,179,205,729
15630026743503,AAPL,3214989,3215000,11,100,1002,89,67,413
15630026743503,AMZN,18539734,18539754,20,81,100,136,83,416
15630026743503,GOOGL,14418589,14418746,157,39,100,36,12,60
15630026743503,MSFT,1740000,1740200,200,787,60,78,76,389
15630026743503,TSLA,6398913,6399000,87,100,2,179,199,718
15640091827359,AAPL,3214989,3215000,11,100,1002,89,68,418
15640091827359,AMZN,18539734,18539774,40,81,100,138,84,423
15640091827359,GOOGL,14418589,14419900,1311,39,72,35,11,58
15640091827359,MSFT,1740600,1740700,100,43,160,78,72,400
15640091827359,TSLA,6401245,6401500,255,100,1,181,182,684
15650487062007,AAPL,3214989,3215000,11,100,1002,90,67,421
15650487062007,AMZN,18539734,18539774,40,81,100,141,82,425
15650487062007,GOOGL,14418589,14419900,1311,39,72,35,11,58
15650487062007,MSFT,1740600,1740700,100,43,160,81,72,416
15650487062007,TSLA,6402627,6402800,173,100,70,179,174,670
15660117793064,AAPL,3214989,3215000,11,100,1002,90,67,423
15660117793064,AMZN,18539734,18539736,2,81,100,140,82,425
15660117793064,GOOGL,14418589,14418746,157,39,100,35,13,60
15660117793064,MSFT,1740600,1740700,100,43,160,82,72,418
15660117793064,TSLA,6406799,6407000,201,100,41,178,156,641
15670976846031,AAPL,3214989,3215000,11,100,1002,90,68,426
15670976846031,AMZN,18539734,18539736,2,81,100,140,83,429
15670976846031,GOOGL,14418589,14418746,157,39,100,35,13,60
15670976846031,MSFT,1740600,1740700,100,43,160,81,72,416
15670976846031,TSLA,6407795,6408000,205,100,237,178,159,637
15680260925238,AAPL,3214989,3215000,11,100,1002,89,68,426
15680260925238,AMZN,18539734,18539900,166,81,40,141,85,437
15680260925238,GOOGL,14418589,14419900,1311,39,72,35,12,60
15680260925238,MSFT,1740600,1740700,100,43,160,80,72,415
15680260925238,TSLA,6408974,6409100,126,100,377,177,153,622
15690048503341,AAPL,3214989,3215000,11,100,952,88,67,425
15690048503341,AMZN,18539734,18539744,10,81,100,141,86,440
15690048503341,GOOGL,14418589,14418746,157,39,100,35,13,62
15690048503341,MSFT,1740600,1740700,100,43,160,77,71,408
15690048503341,TSLA,6409089,6409100,11,100,211,178,162,638
15700639155955,AAPL,3214989,3215000,11,100,952,87,67,423
15700639155955,AMZN,18539734,18539739,5,81,100,143,88,447
15700639155955,GOOGL,14418589,14419900,1311,39,72,35,12,62
15700639155955,MSFT,1740600,1740900,300,193,1071,76,68,400
15700639155955,TSLA,6409926,6410000,74,100,612,177,155,627
15710661751144,AAPL,3214989,3215000,11,100,952,87,67,426
15710661751144,AMZN,18539734,18539774,40,81,100,143,91,451
15710661751144,GOOGL,14418589,14419900,1311,39,72,35,12,62
15710661751144,MSFT,1740600,1740900,300,193,921,74,67,406
15710661751144,TSLA,6409986,6410000,14,100,385,178,157,627
15720314892037,AAPL,3215061,3215100,39,100,60,89,67,425
15720314892037,AMZN,18539734,18539739,5,81,100,143,92,452
15720314892037,GOOGL,14418589,14419900,1311,39,72,35,14,66
15720314892037,MSFT,1740600,1740900,300,193,621,70,69,421
15720314892037,TSLA,6409989,6410000,11,100,310,180,159,634
15730704451217,AAPL,3215400,3215500,100,728,290,90,66,418
15730704451217,AMZN,18539734,18539900,166,81,40,143,91,451
15730704451217,GOOGL,14418589,14418746,157,39,100,34,15,66
15730704451217,MSFT,1740600,1740900,300,193,321,70,69,427
15730704451217,TSLA,6409989,6410000,11,100,151,180,168,644
15740193441868,AAPL,3215400,3215500,100,728,290,90,68,418
15740193441868,AMZN,18539734,18539739,5,81,100,143,94,453
15740193441868,GOOGL,14418589,14419900,1311,39,72,34,15,66
15740193441868,MSFT,1740600,1740900,300,193,321,70,70,427
15740193441868,TSLA,6414856,6415100,244,100,27,180,154,621
15750099912950,AAPL,3215400,3215500,100,728,290,90,69,419
15750099912950,AMZN,18539734,18539900,166,81,40,144,93,453
15750099912950,GOOGL,14418589,14418746,157,39,100,34,16,68
15750099912950,MSFT,1740600,1740900,300,193,21,70,70,427
15750099912950,TSLA,6415132,6415300,168,100,35,180,152,613
15760611288192,AAPL,3215475,3215500,25,100,253,90,69,425
15760611288192,AMZN,18539734,18539900,166,81,40,144,93,453
15760611288192,GOOGL,14418589,14419900,1311,39,72,34,16,68
15760611288192,MSFT,1741400,1741500,100,129,60,70,63,424
15760611288192,TSLA,6416254,6416400,146,100,153,179,153,612
15770333448243,AAPL,3215485,3215500,15,100,253,92,69,430
15770333448243,AMZN,18539734,18539900,166,81,40,144,93,453
15770333448243,GOOGL,14418589,14419900,1311,39,72,34,16,68
15770333448243,MSFT,1741400,1741500,100,129,60,75,63,431
15770333448243,TSLA,6416349,6416400,51,100,132,180,154,616
15780569992230,AAPL,3215485,3215500,15,100,193,93,69,431
15780569992230,AMZN,18539734,18539754,20,81,100,144,96,457
15780569992230,GOOGL,14418589,14418746,157,39,100,34,17,68
15780569992230,MSFT,1741400,1741500,100,129,60,74,63,436
15780569992230,TSLA,6417823,6418100,277,100,25,182,152,618
15790776325900,AAPL,3215485,3215500,15,100,193,93,69,431
15790776325900,AMZN,18539734,18539900,166,81,40,144,98,467
15790776325900,GOOGL,14418589,14418746,157,39,100,34,17,68
15790776325900,MSFT,1741400,1741500,100,129,60,74,63,438
15790776325900,TSLA,6418274,6418600,326,100,154,181,150,614
15800657609441,AAPL,3215485,3215500,15,100,193,93,69,430
15800657609441,AMZN,18539734,18539774,40,81,100,144,101,476
15800657609441,GOOGL,14418589,14418746,157,39,100,34,17,68
15800657609441,MSFT,1741400,1741500,100,129,60,74,63,438
15800657609441,TSLA,6419113,6419300,187,100,21,180,150,605
15810031638543,AAPL,3215489,3215500,11,100,193,94,74,438
15810031638543,AMZN,18539734,18539774,40,81,100,144,99,480
15810031638543,GOOGL,14418589,14419900,1311,39,72,34,17,68
15810031638543,MSFT,1741400,1741500,100,129,60,74,63,441
15810031638543,TSLA,6419746,6419900,154,100,75,181,144,601
15821114947779,AAPL,3215489,3215700,211,100,53,94,73,433
15821114947779,AMZN,18539734,18539814,80,81,100,144,98,489
15821114947779,GOOGL,14418589,14419900,1311,39,72,34,17,68
15821114947779,MSFT,1741400,1741500,100,129,60,74,63,441
15821114947779,TSLA,6419766,6419900,134,100,74,181,144,604
15830042130232,AAPL,3215719,3215900,181,100,3,94,73,438
15830042130232,AMZN,18539734,18539814,80,81,100,146,104,503
15830042130232,GOOGL,14418589,14418746,157,39,100,36,19,73
15830042130232,MSFT,1741400,1741500,100,129,60,73,62,438
15830042130232,TSLA,6419836,6419900,64,100,43,180,145,606
15840432784020,AAPL,3215925,3216000,75,100,253,95,77,444
15840432784020,AMZN,18539734,18539744,10,81,100,150,109,518
15840432784020,GOOGL,14418589,14419900,1311,39,72,35,18,72
15840432784020,MSFT,1741400,1741500,100,129,60,72,62,441
15840432784020,TSLA,6419986,6420000,14,100,517,176,151,605
15851039264091,AAPL,3215961,3216000,39,100,253,95,79,445
15851039264091,AMZN,18539734,18539900,166,81,40,154,114,533
15851039264091,GOOGL,14418589,14419900,1311,39,72,35,18,72
15851039264091,MSFT,1741400,1741500,100,129,60,72,63,442
15851039264091,TSLA,6419989,6420000,11,100,456,176,154,612
15860063025252,AAPL,3215988,3216000,12,100,173,95,80,445
15860063025252,AMZN,18539734,18539744,10,81,100,154,116,549
15860063025252,GOOGL,14418589,14419900,1311,39,72,36,19,74
15860063025252,MSFT,1741400,1741900,500,129,160,72,60,435
15860063025252,TSLA,6419989,6420000,11,100,456,175,154,609
15870892039397,AAPL,3215989,3216000,11,100,170,95,82,450
15870892039397,AMZN,18539734,18539744,10,81,100,154,117,556
15870892039397,GOOGL,14418589,14419900,1311,39,72,36,19,74
15870892039397,MSFT,1741400,1741900,500,129,160,72,60,433
15870892039397,TSLA,6419989,6420000,11,100,375,174,157,618
15880204425042,AAPL,3215989,3216000,11,100,20,95,83,451
15880204425042,AMZN,18539734,18539900,166,81,40,157,119,564
15880204425042,GOOGL,14418589,14418746,157,39,100,37,20,78
15880204425042,MSFT,1741400,1741900,500,129,160,72,60,433
15880204425042,TSLA,6419989,6420000,11,100,362,176,160,625
15890086012571,AAPL,3216593,3216700,107,100,84,95,78,433
15890086012571,AMZN,18539734,18539739,5,81,100,162,124,581
15890086012571,GOOGL,14418589,14418746,157,39,100,38,20,84
15890086012571,MSFT,1741400,1741900,500,129,160,72,63,435
15890086012571,TSLA,6419989,6420000,11,100,347,175,160,631
15900242977017,AAPL,3216674,3216800,126,100,54,95,77,428
15900242977017,AMZN,18539734,18539739,5,81,100,162,126,584
15900242977017,GOOGL,14418589,14418746,157,39,100,38,20,84
15900242977017,MSFT,1741400,1741900,500,129,160,72,63,435
15900242977017,TSLA,6419989,6420000,11,100,297,177,160,638
15910257818774,AAPL,3216733,3216800,67,100,4,94,80,430
15910257818774,AMZN,18539734,18539739,5,81,100,165,127,593
15910257818774,GOOGL,14418589,14418746,157,39,100,38,20,84
15910257818774,MSFT,1741400,1741900,500,129,160,72,64,438
15910257818774,TSLA,6419989,6420000,11,100,50,176,162,639
15921060728676,AAPL,3216754,3216800,46,100,4,94,81,431
15921060728676,AMZN,18539734,18539736,2,31,100,165,129,594
15921060728676,GOOGL,14418589,14419900,1311,39,72,39,19,84
15921060728676,MSFT,1741400,1741900,500,129,160,73,64,449
15921060728676,TSLA,6424794,6425000,206,100,90,176,151,612
15930017071377,AAPL,3216832,3216900,68,100,4,94,80,434
15930017071377,AMZN,18539734,18539739,5,31,100,164,132,596
15930017071377,GOOGL,14418589,14418746,157,39,100,40,20,86
15930017071377,MSFT,1741400,1741900,500,129,160,73,64,452
15930017071377,TSLA,6424799,6425000,201,100,60,175,150,615
15940021460242,AAPL,3216951,3217000,49,100,304,94,80,433
15940021460242,AMZN,18539660,18539712,52,31,100,164,132,594
15940021460242,GOOGL,14418589,14419900,1311,27,72,42,21,90
15940021460242,MSFT,1741400,1741900,500,129,160,72,62,460
15940021460242,TSLA,6425373,6425600,227,100,6,171,147,601
15950342537925,AAPL,3216971,3217000,29,100,184,93,81,432
15950342537925,AMZN,18523500,18523700,200,100,100,160,132,595
15950342537925,GOOGL,14418589,14418746,157,27,100,43,22,95
15950342537925,MSFT,1741400,1741900,500,129,160,72,62,468
15950342537925,TSLA,6425805,6425900,95,100,7,169,143,595
15960520285968,AAPL,3216989,3217000,11,100,99,94,83,434
15960520285968,AMZN,18522092,18522292,200,100,100,161,133,601
15960520285968,GOOGL,14418589,14418746,157,27,100,45,22,97
15960520285968,MSFT,1741400,1741900,500,129,160,72,62,484
15960520285968,TSLA,6425859,6425900,41,100,7,166,143,590
15971936846819,AAPL,3216989,3217000,11,100,99,94,83,432
15971936846819,AMZN,18528391,18528591,200,100,100,168,136,613
15971936846819,GOOGL,14418589,14418746,157,27,100,45,22,97
15971936846819,MSFT,1741400,1741900,500,129,160,72,62,492
15971936846819,TSLA,6427910,6428400,490,100,40,164,140,584
15980326495844,AAPL,3216989,3217000,11,100,44,94,84,433
15980326495844,AMZN,18532685,18532885,200,100,100,169,138,622
15980326495844,GOOGL,14418589,14419900,1311,27,72,46,21,97
15980326495844,MSFT,1741400,1741900,500,129,160,72,62,492
15980326495844,TSLA,6428197,6428400,203,100,16,165,140,587
15990465751899,AAPL,3216989,3217000,11,100,44,94,84,433
15990465751899,AMZN,18530397,18530597,200,100,100,171,141,630
15990465751899,GOOGL,14418589,14418746,157,27,100,47,22,99
15990465751899,MSFT,1741400,1741900,500,129,160,73,62,491
15990465751899,TSLA,6428199,6428400,201,100,16,165,141,588
16002974266118,AAPL,3216989,3217000,11,100,44,94,84,432
16002974266118,AMZN,18535201,18535401,200,100,100,176,144,651
16002974266118,GOOGL,14418589,14418746,157,27,100,47,22,99
16002974266118,MSFT,1741400,1741900,500,129,160,73,61,488
16002974266118,TSLA,6428600,6429000,400,100,16,168,140,587
16010630195736,AAPL,3216989,3217000,11,100,44,94,84,432
16010630195736,AMZN,18534673,18534873,200,100,100,177,144,652
16010630195736,GOOGL,14418589,14418746,157,27,100,47,22,99
16010630195736,MSFT,1741400,1741900,500,129,160,73,61,491
16010630195736,TSLA,6428796,6429000,204,100,16,167,140,587
16020420570493,AAPL,3216989,3217100,111,100,169,94,83,431
16020420570493,AMZN,18534321,18534521,200,100,100,177,144,652
16020420570493,GOOGL,14418589,14418746,157,27,100,47,22,99
16020420570493,MSFT,1741400,1741900,500,129,160,73,61,495
16020420570493,TSLA,6428799,6429000,201,100,16,168,140,589
16030596224801,AAPL,3217066,3217100,34,100,29,94,85,429
16030596224801,AMZN,18534321,18534521,200,100,100,177,144,652
16030596224801,GOOGL,14418589,14418746,157,27,100,47,22,99
16030596224801,MSFT,1741400,1741900,500,129,160,73,61,496
16030596224801,TSLA,6428799,6429000,201,100,16,167,142,591
16040545668376,AAPL,3217110,3217200,90,100,184,94,84,429
16040545668376,AMZN,18534145,18534345,200,100,100,177,144,651
16040545668376,GOOGL,14418589,14418746,157,27,100,47,23,105
16040545668376,MSFT,1741400,1741900,500,129,140,73,62,499
16040545668376,TSLA,6429786,6430000,214,100,232,167,142,592
16050015088401,AAPL,3217133,3217200,67,100,184,94,85,430
16050015088401,AMZN,18533793,18533993,200,100,100,178,144,651
16050015088401,GOOGL,14418589,14418746,157,27,100,47,24,111
16050015088401,MSFT,1741400,1741900,500,129,140,73,62,503
16050015088401,TSLA,6429799,6430000,201,100,232,167,142,590
16060134837616,AAPL,3217155,3217200,45,100,154,94,87,433
16060134837616,AMZN,18533089,18533289,200,100,100,178,145,648
16060134837616,GOOGL,14418589,14418746,157,27,100,47,24,111
16060134837616,MSFT,1741400,1741900,500,129,140,73,61,502
16060134837616,TSLA,6429799,6430000,201,100,232,169,143,597
16070977095196,AAPL,3217155,3217200,45,100,150,94,87,431
16070977095196,AMZN,18534330,18534530,200,100,100,181,147,661
16070977095196,GOOGL,14418589,14419900,1311,27,72,46,23,109
16070977095196,MSFT,1741400,1741900,500,129,140,73,61,505
16070977095196,TSLA,6429918,6430000,82,100,212,170,144,599
16081007200483,AAPL,3217230,3217300,70,100,170,93,86,422
16081007200483,AMZN,18533626,18533826,200,100,100,182,147,662
16081007200483,GOOGL,14418589,14419900,1311,27,72,46,26,115
16081007200483,MSFT,1741400,1741900,500,129,140,74,59,507
16081007200483,TSLA,6429975,6430000,25,100,212,170,145,599
16090043212345,AAPL,3217262,3217300,38,100,5,93,88,419
16090043212345,AMZN,18534686,18534886,200,100,100,182,149,678
16090043212345,GOOGL,14418589,14418746,157,27,100,46,28,117
16090043212345,MSFT,1741400,1741900,500,129,140,74,59,509
16090043212345,TSLA,6429988,6430000,12,100,212,171,145,599
16100135233589,AAPL,3217307,3217400,93,100,215,93,87,418
16100135233589,AMZN,18535832,18536032,200,100,100,182,151,687
16100135233589,GOOGL,14418589,14419900,1311,27,72,45,27,115
16100135233589,MSFT,1741400,1741900,500,229,140,74,58,516
16100135233589,TSLA,6429989,6430000,11,100,164,172,145,599
16110192786582,AAPL,3217340,3217400,60,100,160,93,88,417
16110192786582,AMZN,18534952,18535152,200,100,100,183,152,692
16110192786582,GOOGL,14418589,14419900,1311,27,72,45,27,115
16110192786582,MSFT,1741500,1741900,400,100,140,75,58,521
16110192786582,TSLA,6429989,6430000,11,100,164,174,146,596
16120066341979,AAPL,3217355,3217400,45,100,75,94,88,413
16120066341979,AMZN,18534776,18534976,200,100,100,183,152,693
16120066341979,GOOGL,14418589,14419900,1311,27,72,45,29,128
16120066341979,MSFT,1741500,1741900,400,100,140,75,58,523
16120066341979,TSLA,6429989,6430000,11,100,164,173,146,595
16130735436601,AAPL,3217545,3217600,55,100,30,94,88,408
16130735436601,AMZN,18534776,18534976,200,100,100,183,152,693
16130735436601,GOOGL,14418589,14419900,1311,27,72,45,30,129
16130735436601,MSFT,1741500,1741900,400,100,140,74,58,523
16130735436601,TSLA,6429989,6430000,11,100,164,170,147,596
16140232548682,AAPL,3217547,3217600,53,100,30,94,89,411
16140232548682,AMZN,18533544,18533744,200,100,100,183,153,698
16140232548682,GOOGL,14418589,14419900,1311,27,72,45,30,129
16140232548682,MSFT,1741500,1741900,400,100,140,74,58,534
16140232548682,TSLA,6429989,6430000,11,100,164,171,146,597
16150030015804,AAPL,3217631,3217700,69,100,150,94,88,412
16150030015804,AMZN,18535349,18535549,200,100,100,183,156,703
16150030015804,GOOGL,14418589,14419900,1311,27,72,46,32,133
16150030015804,MSFT,1741800,1741900,100,98,140,77,58,545
16150030015804,TSLA,6429989,6430000,11,100,164,171,146,597
16160034307159,AAPL,3217723,3217800,77,100,140,94,87,403
16160034307159,AMZN,18533589,18533789,200,100,100,183,155,710
16160034307159,GOOGL,14418589,14419900,1311,27,72,49,32,139
16160034307159,MSFT,1741800,1741900,100,98,140,76,58,556
16160034307159,TSLA,6429989,6430000,11,100,164,172,146,598
16170266169299,AAPL,3217902,3218000,98,100,374,93,84,387
16170266169299,AMZN,18533589,18533789,200,100,100,183,155,710
16170266169299,GOOGL,14418589,14418746,157,27,100,54,33,145
16170266169299,MSFT,1741800,1741900,100,58,140,76,58,567
16170266169299,TSLA,6429989,6430000,11,100,164,169,148,601
16180747057945,AAPL,3217955,3218000,45,100,69,93,84,381
16180747057945,AMZN,18535196,18535396,200,100,100,185,156,716
16180747057945,GOOGL,14418589,14419900,1311,27,72,55,32,147
16180747057945,MSFT,1741800,1741900,100,58,140,76,58,571
16180747057945,TSLA,6429989,6430000,11,100,164,169,148,600
16190114559342,AAPL,3217963,3218000,37,100,33,93,84,380
16190114559342,AMZN,18533612,18533812,200,100,100,185,157,723
16190114559342,GOOGL,14418589,14418746,157,27,100,61,36,159
16190114559342,MSFT,1741800,1741900,100,58,140,77,58,601
16190114559342,TSLA,6429989,6430000,11,100,60,168,148,597
16200079975422,AAPL,3217963,3218000,37,100,33,93,84,377
16200079975422,AMZN,18534151,18534351,200,100,100,184,161,735
16200079975422,GOOGL,14418589,14419900,1311,27,72,68,37,169
16200079975422,MSFT,1741800,1742000,200,156,288,77,56,606
16200079975422,TSLA,6429989,6430000,11,100,45,163,147,590
16210115255500,AAPL,3218051,3218100,49,100,87,92,83,373
16210115255500,AMZN,18534317,18534517,200,100,100,187,163,752
16210115255500,GOOGL,14418589,14419900,1311,27,72,74,43,183
16210115255500,MSFT,1741900,1742000,100,78,132,77,56,604
16210115255500,TSLA,6429989,6430000,11,100,45,165,148,593
16220176313640,AAPL,3218057,3218100,43,100,87,92,83,371
16220176313640,AMZN,18533447,18533577,130,88,100,187,163,758
16220176313640,GOOGL,14418589,14419900,1311,27,72,76,46,197
16220176313640,MSFT,1741900,1742000,100,78,132,77,56,612
16220176313640,TSLA,6429989,6430000,11,100,25,166,148,593
16230272084807,AAPL,3218063,3218100,37,100,57,92,83,370
16230272084807,AMZN,18536197,18536397,200,100,100,189,164,764
16230272084807,GOOGL,14418589,14418746,157,27,100,84,55,229
16230272084807,MSFT,1741900,1742000,100,78,132,77,56,615
16230272084807,TSLA,6429989,6430000,11,100,5,166,148,595
16241063169101,AAPL,3218063,3218100,37,100,57,92,84,374
16241063169101,AMZN,18533447,18533577,130,88,100,189,161,764
16241063169101,GOOGL,14418589,14419900,1311,27,72,87,55,239
16241063169101,MSFT,1741900,1742000,100,78,132,77,56,624
16241063169101,TSLA,6430843,6431100,257,100,13,169,147,596
16250917371670,AAPL,3218063,3218100,37,100,57,92,84,375
16250917371670,AMZN,18536385,18536585,200,100,100,189,161,762
16250917371670,GOOGL,14418589,14419900,1311,27,72,87,55,239
16250917371670,MSFT,1741800,1741900,100,234,22,76,57,629
16250917371670,TSLA,6430899,6431100,201,100,13,171,147,601
16260243685679,AAPL,3218063,3218100,37,100,21,92,85,377
16260243685679,AMZN,18534881,18535081,200,100,100,188,164,766
16260243685679,GOOGL,14418589,14419900,1311,27,72,87,55,239
16260243685679,MSFT,1741800,1741900,100,134,22,76,57,629
16260243685679,TSLA,6430899,6431100,201,100,13,174,146,604
16270204738278,AAPL,3218088,3218100,12,100,21,93,87,378
16270204738278,AMZN,18536385,18536585,200,100,100,184,160,758
16270204738278,GOOGL,14418589,14418746,157,27,100,89,59,251
16270204738278,MSFT,1741800,1741900,100,134,22,76,57,632
16270204738278,TSLA,6431075,6431100,25,69,13,181,151,633
16280708174672,AAPL,3218088,3218100,12,100,21,93,87,378
16280708174672,AMZN,18534505,18534705,200,100,100,185,159,758
16280708174672,GOOGL,14418589,14418746,157,27,100,89,59,251
16280708174672,MSFT,1741800,1741900,100,134,22,76,58,636
16280708174672,TSLA,6431048,6431100,52,38,13,184,152,647
16290631839954,AAPL,3218088,3218100,12,100,21,93,87,378
16290631839954,AMZN,18533941,18534141,200,100,100,186,158,758
16290631839954,GOOGL,14418589,14419900,1311,27,72,89,58,251
16290631839954,MSFT,1741800,1741900,100,134,22,76,57,638
16290631839954,TSLA,6431048,6431100,52,38,13,189,153,663
16300704830287,AAPL,3218088,3218100,12,100,21,93,87,378
16300704830287,AMZN,18535257,18535457,200,100,100,190,158,762
16300704830287,GOOGL,14418589,14419900,1311,27,72,89,60,253
16300704830287,MSFT,1741800,1741900,100,79,22,76,57,643
16300704830287,TSLA,6431048,6431100,52,38,13,192,155,673
16310028500571,AAPL,3218089,3218100,11,100,21,93,87,379
16310028500571,AMZN,18534129,18534329,200,100,100,190,158,764
16310028500571,GOOGL,14418589,14419900,1311,27,72,89,60,255
16310028500571,MSFT,1741800,1741900,100,79,22,76,57,644
16310028500571,TSLA,6431048,6431100,52,28,13,195,161,685
16322664727707,AAPL,3218089,3218100,11,100,11,93,87,378
16322664727707,AMZN,18533565,18533765,200,100,100,190,158,761
16322664727707,GOOGL,14418589,14418746,157,27,100,92,65,273
16322664727707,MSFT,1741700,1741900,200,246,22,75,57,646
16322664727707,TSLA,6431190,6431390,200,100,100,196,161,690
16331157956128,AAPL,3218089,3218100,11,100,11,93,87,378
16331157956128,AMZN,18533565,18533765,200,100,100,190,158,762
16331157956128,GOOGL,14418589,14419900,1311,27,72,92,64,273
16331157956128,MSFT,1741700,1741900,200,246,122,75,57,649
16331157956128,TSLA,6431048,6431181,133,28,100,196,163,694
16340554657198,AAPL,3218089,3218100,11,100,11,94,87,380
16340554657198,AMZN,18536385,18536585,200,100,100,189,158,762
16340554657198,GOOGL,14418589,14419900,1311,27,72,92,64,273
16340554657198,MSFT,1741700,1741900,200,246,122,75,57,655
16340554657198,TSLA,6431048,6431159,111,28,100,198,163,697
16350775251477,AAPL,3218161,3218200,39,100,281,94,89,384
16350775251477,AMZN,18536385,18536585,200,100,100,189,158,762
16350775251477,GOOGL,14418589,14419900,1311,27,72,93,65,275
16350775251477,MSFT,1741700,1741900,200,246,122,75,57,654
16350775251477,TSLA,6431048,6431156,108,28,100,200,165,705
16360303593907,AAPL,3218163,3218200,37,100,221,94,89,384
16360303593907,AMZN,18535633,18535833,200,100,100,190,159,766
16360303593907,GOOGL,14418589,14418746,157,27,100,93,67,277
16360303593907,MSFT,1741700,1741900,200,246,122,73,57,654
16360303593907,TSLA,6431048,6431156,108,28,100,204,168,720
16372296138274,AAPL,3218163,3218200,37,100,221,94,92,389
16372296138274,AMZN,18535445,18535645,200,100,100,190,159,765
16372296138274,GOOGL,14418589,14418746,157,27,100,93,67,277
16372296138274,MSFT,1741700,1741900,200,246,122,73,57,656
16372296138274,TSLA,6431246,6431446,200,100,100,205,169,725
16380340771910,AAPL,3218186,3218200,14,100,221,97,92,396
16380340771910,AMZN,18535445,18535645,200,100,100,190,159,765
16380340771910,GOOGL,14418589,14419900,1311,27,72,93,66,277
16380340771910,MSFT,1741700,1741900,200,246,122,73,57,657
16380340771910,TSLA,6431138,6431338,200,100,100,207,169,726
16392748045858,AAPL,3218189,3218200,11,100,221,98,94,404
16392748045858,AMZN,18535069,18535269,200,100,100,191,159,767
16392748045858,GOOGL,14418589,14418746,157,27,100,93,68,279
16392748045858,MSFT,1741700,1741900,200,246,122,73,57,658
16392748045858,TSLA,6431048,6431224,176,23,100,208,170,730
16400070500581,AAPL,3218189,3218200,11,100,221,99,97,411
16400070500581,AMZN,18534881,18535081,200,100,100,191,158,766
16400070500581,GOOGL,14418589,14418746,157,27,100,93,68,279
16400070500581,MSFT,1741700,1741900,200,246,122,72,57,660
16400070500581,TSLA,6431048,6431210,162,23,90,209,171,731
16410634722258,AAPL,3218189,3218200,11,100,221,99,97,417
16410634722258,AMZN,18534693,18534893,200,100,100,190,158,765
16410634722258,GOOGL,14418589,14419900,1311,27,72,93,68,280
16410634722258,MSFT,1741700,1741900,200,246,122,72,57,664
16410634722258,TSLA,6431048,6431210,162,23,90,209,171,733
16421501574541,AAPL,3218189,3218200,11,100,221,100,98,421
16421501574541,AMZN,18534505,18534705,200,100,100,189,158,764
16421501574541,GOOGL,14418589,14418746,157,27,100,93,69,281
16421501574541,MSFT,1741700,1741900,200,246,122,72,57,670
16421501574541,TSLA,6431048,6431210,162,23,90,209,171,735
16430739058572,AAPL,3218189,3218200,11,100,221,100,99,422
16430739058572,AMZN,18533941,18534141,200,100,100,188,158,761
16430739058572,GOOGL,14418589,14418746,157,27,100,93,69,283
16430739058572,MSFT,1741700,1741900,200,246,122,72,57,672
16430739058572,TSLA,6431086,6431132,46,100,90,211,172,741
16440101640758,AAPL,3218189,3218200,11,100,221,98,99,421
16440101640758,AMZN,18536197,18536397,200,100,100,188,158,761
16440101640758,GOOGL,14418589,14418746,157,27,100,104,78,307
16440101640758,MSFT,1741700,1741900,200,226,122,72,57,677
16440101640758,TSLA,6431116,6431132,16,100,90,214,172,745
16450020133579,AAPL,3218189,3218200,11,100,221,104,99,426
16450020133579,AMZN,18536197,18536397,200,100,100,188,158,761
16450020133579,GOOGL,14418202,14418402,200,100,100,116,85,332
16450020133579,MSFT,1741700,1741900,200,226,122,72,60,682
16450020133579,TSLA,6431116,6431132,16,75,90,215,172,746
16461143048171,AAPL,3218189,3218200,11,100,221,110,99,430
16461143048171,AMZN,18536197,18536397,200,100,100,188,158,761
16461143048171,GOOGL,14418354,14418554,200,100,100,128,87,351
16461143048171,MSFT,1741700,1741900,200,226,122,72,60,684
16461143048171,TSLA,6431116,6431132,16,75,90,215,172,750
16470373149622,AAPL,3218189,3218200,11,100,221,114,99,435
16470373149622,AMZN,18535821,18536021,200,100,100,187,158,759
16470373149622,GOOGL,14418349,14419900,1551,90,72,129,86,351
16470373149622,MSFT,1741700,1741800,100,226,100,72,61,695
16470373149622,TSLA,6431116,6431132,16,75,90,214,172,751
16480168324747,AAPL,3218189,3218200,11,100,101,115,99,426
16480168324747,AMZN,18535821,18536021,200,100,100,187,158,759
16480168324747,GOOGL,14418349,14418504,155,90,100,130,91,362
16480168324747,MSFT,1741700,1741800,100,176,100,72,61,696
16480168324747,TSLA,6431116,6431132,16,75,90,217,172,757
16490171016656,AAPL,3218189,3218200,11,100,61,115,99,428
16490171016656,AMZN,18535633,18535833,200,100,100,187,158,760
16490171016656,GOOGL,14418349,14419800,1451,90,22,130,91,363
16490171016656,MSFT,1741700,1741800,100,176,100,72,61,695
16490171016656,TSLA,6431094,6431132,38,75,90,216,172,757
16500339938333,AAPL,3218189,3218200,11,100,61,116,99,431
16500339938333,AMZN,18535257,18535457,200,100,100,188,158,763
16500339938333,GOOGL,14418349,14419800,1451,90,22,130,91,363
16500339938333,MSFT,1741700,1741800,100,176,100,72,61,696
16500339938333,TSLA,6431094,6431132,38,75,90,217,172,764
16522021868748,AAPL,3218189,3218200,11,100,41,116,100,430
16522021868748,AMZN,18534693,18534893,200,100,100,189,158,765
16522021868748,GOOGL,14418349,14419800,1451,90,22,130,91,363
16522021868748,MSFT,1741700,1741800,100,176,100,72,61,696
16522021868748,TSLA,6431094,6431132,38,75,90,219,173,768
16533613419315,AAPL,3218189,3218200,11,100,41,116,101,431
16533613419315,AMZN,18534505,18534705,200,100,100,189,158,766
16533613419315,GOOGL,14418349,14418504,155,90,100,130,93,365
16533613419315,MSFT,1741700,1741800,100,176,100,72,61,696
16533613419315,TSLA,6431094,6431132,38,75,90,219,172,768
16540594469012,AAPL,3218228,3218300,72,100,101,117,100,430
16540594469012,AMZN,18533753,18533953,200,100,100,190,158,770
16540594469012,GOOGL,14418349,14419800,1451,90,22,130,92,365
16540594469012,MSFT,1741700,1741800,100,176,100,72,61,696
16540594469012,TSLA,6431094,6431132,38,75,90,219,173,769
16550225425175,AAPL,3218263,3218300,37,100,101,117,102,435
16550225425175,AMZN,18536385,18536585,200,100,100,190,158,774
16550225425175,GOOGL,14418349,14418504,155,90,100,130,97,375
16550225425175,MSFT,1741700,1741800,100,176,100,72,61,697
16550225425175,TSLA,6431094,6431132,38,75,90,221,175,777
16560235042013,AAPL,3218289,3218300,11,100,101,117,102,439
16560235042013,AMZN,18536385,18536585,200,100,100,190,158,774
16560235042013,GOOGL,14418349,14418504,155,90,100,130,100,387
16560235042013,MSFT,1741700,1741800,100,176,100,72,61,698
16560235042013,TSLA,6431094,6431132,38,75,90,222,175,780
16570103639331,AAPL,3218289,3218300,11,100,90,117,102,438
16570103639331,AMZN,18535821,18536021,200,100,100,192,159,777
16570103639331,GOOGL,14418349,14419800,1451,90,22,129,99,385
16570103639331,MSFT,1741700,1741800,100,176,100,72,61,698
16570103639331,TSLA,6431094,6431132,38,75,90,226,176,785
16581075757846,AAPL,3218289,3218300,11,100,90,117,102,437
16581075757846,AMZN,18535257,18535457,200,100,100,192,159,781
16581075757846,GOOGL,14418349,14418504,155,90,100,129,101,387
16581075757846,MSFT,1741700,1741800,100,176,100,73,61,699
16581075757846,TSLA,6431094,6431132,38,75,90,227,176,788
16590593274130,AAPL,3218289,3218300,11,100,90,117,103,438
16590593274130,AMZN,18536385,18536585,200,100,100,191,162,788
16590593274130,GOOGL,14418349,14418504,155,90,100,129,101,387
16590593274130,MSFT,1741700,1741800,100,176,100,73,61,699
16590593274130,TSLA,6431094,6431132,38,75,90,227,177,788
16600255484909,AAPL,3218200,3218300,100,20,90,116,103,444
16600255484909,AMZN,18534881,18535081,200,100,100,191,162,796
16600255484909,GOOGL,14418349,14419800,1451,90,22,129,100,387
16600255484909,MSFT,1741700,1741800,100,176,100,73,61,699
16600255484909,TSLA,6431094,6431132,38,75,90,227,177,791
16611574252542,AAPL,3218200,3218300,100,20,60,117,103,443
16611574252542,AMZN,18534317,18534517,200,100,100,191,163,799
16611574252542,GOOGL,14418349,14419800,1451,90,22,130,101,389
16611574252542,MSFT,1741700,1741800,100,176,100,73,61,704
16611574252542,TSLA,6431094,6431132,38,75,90,228,177,793
16620102631493,AAPL,3218200,3218300,100,20,60,117,104,448
16620102631493,AMZN,18536197,18536397,200,100,100,191,167,808
16620102631493,GOOGL,14418349,14419800,1451,90,22,130,101,389
16620102631493,MSFT,1741700,1741800,100,170,100,73,61,705
16620102631493,TSLA,6431094,6431132,38,75,90,226,177,791
16630452855322,AAPL,3218200,3218300,100,20,60,117,104,449
16630452855322,AMZN,18533753,18533953,200,100,100,191,171,820
16630452855322,GOOGL,14418349,14419800,1451,90,22,130,101,389
16630452855322,MSFT,1741700,1741800,100,170,100,73,61,708
16630452855322,TSLA,6431058,6431132,74,75,90,227,177,795
16641117756692,AAPL,3218200,3218300,100,20,60,117,104,454
16641117756692,AMZN,18533941,18534141,200,100,100,191,174,835
16641117756692,GOOGL,14418349,14419800,1451,90,22,130,101,391
16641117756692,MSFT,1741600,1741800,200,242,100,72,60,704
16641117756692,TSLA,6431058,6431132,74,75,90,226,177,795
16650042529468,AAPL,3218145,3218300,155,20,60,116,104,456
16650042529468,AMZN,18533565,18533765,200,100,100,192,174,837
16650042529468,GOOGL,14418349,14419800,1451,90,22,130,101,391
16650042529468,MSFT,1741600,1741800,200,242,100,72,60,713
16650042529468,TSLA,6431014,6431132,118,18,90,225,177,798
16660389083691,AAPL,3218033,3218300,267,80,60,115,104,455
16660389083691,AMZN,18533447,18533577,130,88,100,192,174,837
16660389083691,GOOGL,14418349,14419800,1451,90,22,130,101,391
16660389083691,MSFT,1741600,1741800,200,242,100,72,60,713
16660389083691,TSLA,6431014,6431132,118,2,90,224,177,798
16670254885554,AAPL,3218033,3218300,267,80,60,116,106,459
16670254885554,AMZN,18533447,18539900,6453,88,40,192,174,837
16670254885554,GOOGL,14418349,14419800,1451,90,22,130,101,393
16670254885554,MSFT,1741600,1741800,200,242,106,72,60,718
16670254885554,TSLA,6430940,6431132,192,86,90,225,179,802
16680301362400,AAPL,3218033,3218300,267,80,60,115,106,457
16680301362400,AMZN,18536197,18536397,200,100,100,192,175,838
16680301362400,GOOGL,14418349,14419800,1451,90,22,131,101,397
16680301362400,MSFT,1741600,1741800,200,242,106,73,60,727
16680301362400,TSLA,6430940,6431132,192,47,90,223,180,804
16691055173982,AAPL,3218033,3218300,267,80,60,115,106,458
16691055173982,AMZN,18535821,18536021,200,100,100,191,175,836
16691055173982,GOOGL,14418349,14419800,1451,90,22,131,101,397
16691055173982,MSFT,1741600,1741800,200,242,106,73,60,730
16691055173982,TSLA,6430940,6431132,192,31,90,224,180,806
16700128455404,AAPL,3217900,3218300,400,9,60,113,106,456
16700128455404,AMZN,18535445,18535645,200,100,100,192,175,838
16700128455404,GOOGL,14418349,14419800,1451,90,22,131,101,397
16700128455404,MSFT,1741600,1741800,200,242,106,73,60,731
16700128455404,TSLA,6430940,6431132,192,31,90,224,180,806
16711507950440,AAPL,3217843,3218300,457,79,60,113,106,458
16711507950440,AMZN,18535445,18535645,200,100,100,192,175,838
16711507950440,GOOGL,14418349,14419800,1451,90,22,131,101,397
16711507950440,MSFT,1741600,1741800,200,242,106,73,60,732
16711507950440,TSLA,6430915,6431132,217,31,90,224,180,808
16720684779932,AAPL,3217843,3218300,457,79,60,113,106,459
16720684779932,AMZN,18535445,18535645,200,100,100,192,175,838
16720684779932,GOOGL,14418349,14419800,1451,90,22,133,101,402
16720684779932,MSFT,1741600,1741800,200,242,106,73,60,733
16720684779932,TSLA,6430915,6431132,217,16,90,226,180,810
16730325888410,AAPL,3217700,3217900,200,39,30,111,107,455
16730325888410,AMZN,18535257,18535457,200,100,100,193,175,839
16730325888410,GOOGL,14418349,14419800,1451,90,22,133,101,402
16730325888410,MSFT,1741600,1741800,200,242,106,73,60,736
16730325888410,TSLA,6428800,6429000,200,15,14,226,181,813
16740017645739,AAPL,3217700,3217900,200,39,30,111,107,461
16740017645739,AMZN,18535257,18535457,200,100,100,193,175,839
16740017645739,GOOGL,14418349,14418504,155,90,100,132,102,402
16740017645739,MSFT,1741600,1741800,200,212,106,73,60,736
16740017645739,TSLA,6427965,6428165,200,100,100,221,182,809
16751061047717,AAPL,3217500,3217535,35,59,100,109,108,460
16751061047717,AMZN,18535069,18535269,200,100,100,193,175,840
16751061047717,GOOGL,14418349,14418900,551,41,13,133,102,403
16751061047717,MSFT,1741600,1741700,100,112,200,73,61,744
16751061047717,TSLA,6427900,6428500,600,1,14,221,182,811
16761237109266,AAPL,3217200,3217900,700,39,30,106,108,454
16761237109266,AMZN,18534693,18534893,200,100,100,193,175,842
16761237109266,GOOGL,14418349,14418900,551,41,13,132,102,399
16761237109266,MSFT,1741500,1741700,200,378,200,72,61,751
16761237109266,TSLA,6427900,6428500,600,1,14,221,183,815
16770014552400,AAPL,3217200,3217900,700,39,30,106,108,458
16770014552400,AMZN,18533447,18539900,6453,88,40,195,173,843
16770014552400,GOOGL,14418349,14418900,551,41,13,132,102,399
16770014552400,MSFT,1741500,1741700,200,378,200,72,61,758
16770014552400,TSLA,6427715,6427800,85,78,100,225,185,823
16782830329762,AAPL,3217200,3217900,700,39,30,106,108,458
16782830329762,AMZN,18536385,18536585,200,100,100,195,174,842
16782830329762,GOOGL,14418349,14418900,551,41,13,132,102,399
16782830329762,MSFT,1741500,1741700,200,328,200,72,61,758
16782830329762,TSLA,6426747,6426947,200,100,100,217,185,810
16790873902162,AAPL,3217200,3217385,185,39,100,106,109,460
16790873902162,AMZN,18536197,18536397,200,100,100,195,174,842
16790873902162,GOOGL,14418349,14418900,551,41,13,132,102,399
16790873902162,MSFT,1741500,1741700,200,328,200,72,61,758
16790873902162,TSLA,6425500,6425600,100,16,14,213,187,807
16800537992230,AAPL,3217011,3217158,147,84,100,105,111,463
16800537992230,AMZN,18535069,18535269,200,100,100,194,174,842
16800537992230,GOOGL,14418349,14418900,551,41,13,132,102,399
16800537992230,MSFT,1741500,1741700,200,328,200,72,61,758
16800537992230,TSLA,6424800,6425600,800,22,14,212,187,806
16810157202774,AAPL,3217011,3217700,689,84,30,105,110,463
16810157202774,AMZN,18533941,18534141,200,100,100,194,173,842
16810157202774,GOOGL,14418349,14418900,551,41,13,132,102,399
16810157202774,MSFT,1741500,1741700,200,328,200,72,61,759
16810157202774,TSLA,6423820,6425600,1780,68,14,210,187,802
16820283124745,AAPL,3217011,3217700,689,84,30,106,111,467
16820283124745,AMZN,18533447,18539900,6453,88,40,193,172,838
16820283124745,GOOGL,14418349,14418900,551,41,13,132,102,399
16820283124745,MSFT,1741500,1741700,200,328,200,72,61,766
16820283124745,TSLA,6423870,6424059,189,72,100,215,188,808
16830016744052,AAPL,3217011,3217700,689,84,30,106,111,467
16830016744052,AMZN,18533447,18539900,6453,88,40,193,172,838
16830016744052,GOOGL,14418349,14418900,551,41,13,132,102,399
16830016744052,MSFT,1741500,1741700,200,328,200,72,61,766
16830016744052,TSLA,6423870,6424059,189,41,100,217,188,813
16842488109849,AAPL,3217011,3217158,147,77,100,106,112,468
16842488109849,AMZN,18536385,18536585,200,100,100,193,173,838
16842488109849,GOOGL,14418349,14418900,551,41,13,132,102,399
16842488109849,MSFT,1741500,1741700,200,328,200,72,61,766
16842488109849,TSLA,6423864,6423900,36,6,16,220,190,820
16852322582590,AAPL,3217011,3217700,689,77,30,106,111,470
16852322582590,AMZN,18535445,18535645,200,100,100,194,173,839
16852322582590,GOOGL,14418349,14418900,551,41,13,132,102,399
16852322582590,MSFT,1741500,1741700,200,328,200,72,61,766
16852322582590,TSLA,6423864,6423900,36,6,16,220,190,822
16860139894644,AAPL,3217011,3217158,147,77,100,106,112,470
16860139894644,AMZN,18535069,18535269,200,100,100,194,173,841
16860139894644,GOOGL,14418349,14418900,551,41,13,132,102,399
16860139894644,MSFT,1741500,1741700,200,328,200,72,61,766
16860139894644,TSLA,6423820,6423900,80,64,16,223,191,827
16870487265344,AAPL,3217000,3217700,700,67,30,105,111,468
16870487265344,AMZN,18535069,18535269,200,100,100,194,173,841
16870487265344,GOOGL,14418349,14418900,551,41,13,132,102,399
16870487265344,MSFT,1741500,1741700,200,268,200,72,61,766
16870487265344,TSLA,6423820,6423900,80,54,16,225,192,832
16880143751084,AAPL,3217000,3217700,700,67,30,105,112,474
16880143751084,AMZN,18533447,18533577,130,88,100,194,175,846
16880143751084,GOOGL,14418349,14418900,551,41,13,133,102,400
16880143751084,MSFT,1741500,1741700,200,268,200,72,61,764
16880143751084,TSLA,6423820,6423900,80,24,16,228,194,839
16891287402749,AAPL,3217000,3217700,700,67,30,105,112,474
16891287402749,AMZN,18536385,18536585,200,100,100,194,175,846
16891287402749,GOOGL,14418349,14418900,551,41,13,133,102,400
16891287402749,MSFT,1741500,1741700,200,268,200,72,61,768
16891287402749,TSLA,6423700,6423900,200,69,30,228,194,839
16900013258501,AAPL,3217000,3217153,153,67,100,105,113,478
16900013258501,AMZN,18534693,18534893,200,100,100,195,175,852
16900013258501,GOOGL,14418349,14418900,551,41,13,133,102,402
16900013258501,MSFT,1741500,1741700,200,268,200,72,61,767
16900013258501,TSLA,6423700,6423800,100,8,14,229,195,838
16910357993121,AAPL,3217000,3217153,153,67,100,105,113,478
16910357993121,AMZN,18533941,18534141,200,100,100,198,175,856
16910357993121,GOOGL,14418349,14418900,551,41,13,133,102,402
16910357993121,MSFT,1741500,1741700,200,268,200,72,61,767
16910357993121,TSLA,6423700,6423800,100,8,14,230,197,843
16920100618911,AAPL,3217000,3217153,153,67,100,105,114,480
16920100618911,AMZN,18533447,18539900,6453,88,40,199,175,859
16920100618911,GOOGL,14418349,14418900,551,41,13,133,102,402
16920100618911,MSFT,1741500,1741700,200,268,200,72,61,770
16920100618911,TSLA,6422969,6423000,31,21,15,232,201,852
16933532687527,AAPL,3216953,3217400,447,37,30,106,114,479
16933532687527,AMZN,18535069,18535269,200,100,100,199,175,860
16933532687527,GOOGL,14418349,14418900,551,41,13,133,102,401
16933532687527,MSFT,1741500,1741700,200,268,200,72,61,773
16933532687527,TSLA,6422060,6423000,940,23,15,233,201,851
16941162984118,AAPL,3216953,3217400,447,37,30,106,114,480
16941162984118,AMZN,18534317,18534517,200,100,100,200,173,860
16941162984118,GOOGL,14418349,14418900,551,7,13,133,102,402
16941162984118,MSFT,1741500,1741700,200,268,200,72,61,776
16941162984118,TSLA,6421601,6423000,1399,78,15,236,201,856
16950781410778,AAPL,3216953,3217400,447,37,30,106,114,480
16950781410778,AMZN,18534317,18534517,200,100,100,200,173,860
16950781410778,GOOGL,14418349,14418900,551,7,13,133,102,402
16950781410778,MSFT,1741500,1741700,200,168,200,72,61,777
16950781410778,TSLA,6421601,6423000,1399,29,15,236,201,857
16961502790505,AAPL,3216400,3216570,170,34,100,100,115,470
16961502790505,AMZN,18534129,18534329,200,100,100,200,173,861
16961502790505,GOOGL,14418349,14418900,551,7,13,133,102,402
16961502790505,MSFT,1741500,1741700,200,168,200,72,61,781
16961502790505,TSLA,6421335,6423000,1665,98,15,235,201,855
16970454774709,AAPL,3216300,3216600,300,4,30,99,117,471
16970454774709,AMZN,18533447,18539900,6453,88,40,201,171,861
16970454774709,GOOGL,14418349,14418900,551,7,13,133,102,402
16970454774709,MSFT,1741500,1741700,200,168,200,72,61,787
16970454774709,TSLA,6421335,6421428,93,39,100,237,202,858
16980034162180,AAPL,3216100,3216600,500,44,30,97,117,464
16980034162180,AMZN,18536009,18536209,200,100,100,203,172,863
16980034162180,GOOGL,14418318,14418500,182,68,12,136,103,405
16980034162180,MSFT,1741500,1741700,200,168,200,72,61,789
16980034162180,TSLA,6421300,6423000,1700,6,15,239,201,862
16990045950696,AAPL,3216000,3216600,600,24,30,97,118,466
16990045950696,AMZN,18534505,18534705,200,100,100,205,172,866
16990045950696,GOOGL,14418202,14418500,298,56,12,139,105,411
16990045950696,MSFT,1741500,1741700,200,168,200,72,61,788
16990045950696,TSLA,6420781,6423000,2219,70,15,240,201,867
17001658580073,AAPL,3216000,3216600,600,17,30,99,118,469
17001658580073,AMZN,18534129,18534329,200,100,100,205,172,865
17001658580073,GOOGL,14417400,14418500,1100,25,12,142,105,418
17001658580073,MSFT,1741500,1741700,200,168,200,72,61,787
17001658580073,TSLA,6420654,6423000,2346,38,15,241,201,870
17010016698867,AAPL,3216000,3216600,600,17,30,100,118,468
17010016698867,AMZN,18536385,18536585,200,100,100,205,174,865
17010016698867,GOOGL,14417207,14418500,1293,6,12,145,105,424
17010016698867,MSFT,1741500,1741700,200,168,200,72,61,791
17010016698867,TSLA,6420440,6420640,200,100,100,243,202,874
17021206791465,AAPL,3216000,3216600,600,17,30,101,118,468
17021206791465,AMZN,18535633,18535833,200,100,100,204,174,861
17021206791465,GOOGL,14416720,14418500,1780,36,12,155,105,438
17021206791465,MSFT,1741500,1741700,200,168,200,72,62,797
17021206791465,TSLA,6420440,6423000,2560,71,15,245,201,874
17030850813049,AAPL,3216000,3216600,600,17,30,101,118,464
17030850813049,AMZN,18535633,18535833,200,100,100,204,174,861
17030850813049,GOOGL,14416717,14417400,683,19,13,161,106,448
17030850813049,MSFT,1741500,1741700,200,168,200,72,62,801
17030850813049,TSLA,6420440,6423000,2560,71,15,245,201,877
17040347907571,AAPL,3216000,3216600,600,17,30,101,117,462
17040347907571,AMZN,18534129,18534329,200,100,100,205,174,863
17040347907571,GOOGL,14416637,14417400,763,27,13,165,106,457
17040347907571,MSFT,1741500,1741700,200,168,200,74,62,807
17040347907571,TSLA,6420645,6420845,200,100,100,245,202,877
17051757369827,AAPL,3216000,3216600,600,17,30,100,117,464
17051757369827,AMZN,18533447,18533577,130,88,100,206,174,863
17051757369827,GOOGL,14416449,14417300,851,52,37,167,107,466
17051757369827,MSFT,1741500,1741700,200,168,200,74,62,811
17051757369827,TSLA,6420645,6423000,2355,95,15,247,201,880
17061124772338,AAPL,3216000,3216600,600,14,30,100,117,464
17061124772338,AMZN,18536197,18536397,200,100,100,205,174,862
17061124772338,GOOGL,14416449,14417300,851,38,37,170,107,471
17061124772338,MSFT,1741500,1741700,200,168,200,74,62,813
17061124772338,TSLA,6419200,6420120,920,6,100,240,202,867
17071291494649,AAPL,3215804,3216600,796,99,30,99,117,462
17071291494649,AMZN,18536009,18536209,200,100,100,205,174,861
17071291494649,GOOGL,14416015,14417300,1285,12,37,172,107,481
17071291494649,MSFT,1741500,1741700,200,168,200,74,62,821
17071291494649,TSLA,6418900,6419970,1070,16,100,236,202,860
17080074149145,AAPL,3215804,3216600,796,99,30,99,116,461
17080074149145,AMZN,18535445,18535645,200,100,100,205,173,860
17080074149145,GOOGL,14415759,14417300,1541,63,37,174,107,484
17080074149145,MSFT,1741400,1741700,300,594,200,73,62,826
17080074149145,TSLA,6418900,6423000,4100,16,15,237,201,860
17091305120559,AAPL,3215804,3216600,796,99,30,99,116,460
17091305120559,AMZN,18535069,18535269,200,100,100,204,173,858
17091305120559,GOOGL,14415759,14417300,1541,6,37,176,107,489
17091305120559,MSFT,1741400,1741700,300,594,200,74,62,834
17091305120559,TSLA,6418900,6419970,1070,16,100,238,202,864
17100829080737,AAPL,3215804,3216600,796,99,30,99,116,461
17100829080737,AMZN,18534317,18534517,200,100,100,205,173,857
17100829080737,GOOGL,14415623,14415683,60,27,100,177,108,492
17100829080737,MSFT,1741400,1741700,300,523,200,74,62,839
17100829080737,TSLA,6418900,6423000,4100,2,15,238,201,868
17110576802798,AAPL,3215804,3216600,796,99,30,100,116,463
17110576802798,AMZN,18533565,18533765,200,100,100,204,172,855
17110576802798,GOOGL,14415623,14415683,60,27,100,177,108,492
17110576802798,MSFT,1741400,1741700,300,523,200,74,62,843
17110576802798,TSLA,6418200,6419620,1420,12,100,234,202,865
17121133808748,AAPL,3215800,3216000,200,22,30,100,118,474
17121133808748,AMZN,18536385,18536585,200,100,100,203,172,852
17121133808748,GOOGL,14415623,14417300,1677,27,37,178,107,492
17121133808748,MSFT,1741400,1741700,300,523,200,74,62,846
17121133808748,TSLA,6417800,6419420,1620,12,100,232,202,863
17130102062771,AAPL,3215800,3216000,200,22,30,100,120,482
17130102062771,AMZN,18535821,18536021,200,100,100,203,172,849
17130102062771,GOOGL,14415623,14417300,1677,27,37,178,107,492
17130102062771,MSFT,1741400,1741700,300,322,300,74,62,848
17130102062771,TSLA,6417800,6423000,5200,12,15,231,201,861
17141277768629,AAPL,3215800,3216000,200,22,30,100,120,482
17141277768629,AMZN,18535821,18536021,200,100,100,203,172,849
17141277768629,GOOGL,14415623,14417300,1677,27,37,178,107,492
17141277768629,MSFT,1741400,1741500,100,322,100,74,63,851
17141277768629,TSLA,6416800,6418920,2120,7,100,228,202,859
17150208263763,AAPL,3215800,3216000,200,22,30,100,120,485
17150208263763,AMZN,18535445,18535645,200,100,100,203,172,849
17150208263763,GOOGL,14415483,14417300,1817,77,37,178,107,491
17150208263763,MSFT,1741400,1741500,100,322,200,74,63,855
17150208263763,TSLA,6416000,6416380,380,61,100,226,202,861
17160427189986,AAPL,3215400,3216000,600,692,30,96,124,484
17160427189986,AMZN,18536385,18536585,200,100,100,204,175,858
17160427189986,GOOGL,14415483,14415590,107,77,100,178,108,493
17160427189986,MSFT,1741400,1741500,100,122,300,74,63,853
17160427189986,TSLA,6416000,6418520,2520,31,100,229,202,864
17171111452489,AAPL,3215400,3215500,100,692,100,96,125,490
17171111452489,AMZN,18534881,18535081,200,100,100,206,176,864
17171111452489,GOOGL,14415483,14415590,107,77,100,178,108,493
17171111452489,MSFT,1741400,1741500,100,122,300,74,63,853
17171111452489,TSLA,6415800,6418420,2620,16,100,228,202,866
17180745645295,AAPL,3215400,3215500,100,692,100,97,125,491
17180745645295,AMZN,18534317,18534517,200,100,100,206,176,862
17180745645295,GOOGL,14413619,14414700,1081,100,1,183,110,505
17180745645295,MSFT,1741300,1741500,200,344,300,73,63,849
17180745645295,TSLA,6414900,6417970,3070,15,100,222,202,857
17191705060650,AAPL,3215400,3215500,100,692,100,97,125,495
17191705060650,AMZN,18536197,18536397,200,100,100,204,177,857
17191705060650,GOOGL,14413619,14414400,781,59,43,189,114,528
17191705060650,MSFT,1741300,1741500,200,344,300,73,63,848
17191705060650,TSLA,6414900,6417970,3070,1,100,221,202,860
17200117400729,AAPL,3215400,3215500,100,692,100,98,127,498
17200117400729,AMZN,18534129,18534329,200,100,100,205,179,858
17200117400729,GOOGL,14413000,14413200,200,41,35,193,124,552
17200117400729,MSFT,1741300,1741400,100,244,100,73,64,848
17200117400729,TSLA,6413900,6414100,200,15,13,219,202,859
17210487072246,AAPL,3215400,3215500,100,692,100,99,129,501
17210487072246,AMZN,18533447,18539900,6453,88,40,204,178,857
17210487072246,GOOGL,14413000,14413100,100,5,36,197,125,557
17210487072246,MSFT,1741300,1741400,100,244,100,73,65,849
17210487072246,TSLA,6413900,6414100,200,15,13,220,202,861
17220104868567,AAPL,3215400,3215500,100,692,100,99,128,502
17220104868567,AMZN,18535069,18535269,200,100,100,203,179,856
17220104868567,GOOGL,14412400,14412600,200,33,73,202,129,576
17220104868567,MSFT,1741300,1741400,100,244,100,73,65,849
17220104868567,TSLA,6413900,6414100,200,15,13,222,202,862
17231277575357,AAPL,3215400,3215500,100,692,100,99,128,502
17231277575357,AMZN,18534693,18534893,200,100,100,203,179,855
17231277575357,GOOGL,14412400,14412600,200,33,73,203,130,580
17231277575357,MSFT,1741300,1741400,100,244,100,73,65,847
17231277575357,TSLA,6413900,6414100,200,1,13,223,204,867
17240767781322,AAPL,3215400,3215500,100,677,100,99,128,509
17240767781322,AMZN,18533941,18534141,200,100,100,203,180,854
17240767781322,GOOGL,14412400,14412600,200,33,73,204,130,584
17240767781322,MSFT,1741300,1741400,100,244,100,73,65,847
17240767781322,TSLA,6413700,6414100,400,2,59,221,204,871
17250146198628,AAPL,3215400,3215500,100,677,100,99,128,509
17250146198628,AMZN,18533941,18534141,200,100,100,203,180,853
17250146198628,GOOGL,14412400,14412600,200,33,73,204,130,584
17250146198628,MSFT,1741300,1741400,100,244,100,73,65,846
17250146198628,TSLA,6413700,6414100,400,2,59,223,204,874
17260212509599,AAPL,3215400,3215500,100,462,100,99,128,508
17260212509599,AMZN,18533447,18539900,6453,88,40,203,179,848
17260212509599,GOOGL,14411400,14412000,600,28,7,204,132,593
17260212509599,MSFT,1741300,1741400,100,244,100,73,65,846
17260212509599,TSLA,6413000,6414000,1000,97,14,217,204,864
17270579435935,AAPL,3215400,3215500,100,462,200,99,128,510
17270579435935,AMZN,18535821,18536021,200,100,100,204,182,859
17270579435935,GOOGL,14411400,14411700,300,28,15,206,133,600
17270579435935,MSFT,1741300,1741400,100,244,100,73,65,845
17270579435935,TSLA,6408700,6414000,5300,951,14,207,204,838
17280366973451,AAPL,3215400,3215500,100,462,200,100,128,513
17280366973451,AMZN,18534881,18535081,200,100,100,204,182,859
17280366973451,GOOGL,14411400,14411700,300,28,15,206,133,601
17280366973451,MSFT,1741300,1741400,100,244,100,73,65,845
17280366973451,TSLA,6408700,6410370,1670,904,100,208,205,840
17290224145675,AAPL,3215400,3215500,100,462,200,101,130,517
17290224145675,AMZN,18536009,18536209,200,100,100,205,183,861
17290224145675,GOOGL,14411200,14411700,500,36,77,208,138,618
17290224145675,MSFT,1741300,1741400,100,244,100,73,65,844
17290224145675,TSLA,6408700,6410700,2000,904,15,214,208,855
17300222296506,AAPL,3215400,3215500,100,462,200,101,130,519
17300222296506,AMZN,18534505,18534705,200,100,100,203,183,855
17300222296506,GOOGL,14410500,14411700,1200,122,77,207,139,624
17300222296506,MSFT,1741300,1741400,100,244,100,73,65,846
17300222296506,TSLA,6408700,6409600,900,868,14,219,209,863
17310343389990,AAPL,3215400,3215500,100,462,200,101,130,518
17310343389990,AMZN,18535069,18535269,200,100,100,203,184,857
17310343389990,GOOGL,14410500,14411700,1200,122,77,208,139,624
17310343389990,MSFT,1741200,1741400,200,764,100,73,65,846
17310343389990,TSLA,6408700,6409600,900,418,28,221,211,883
17320736906583,AAPL,3215400,3215500,100,462,200,101,130,518
17320736906583,AMZN,18534129,18534329,200,100,100,203,184,863
17320736906583,GOOGL,14410500,14411700,1200,122,77,208,139,623
17320736906583,MSFT,1741200,1741400,200,764,100,73,65,847
17320736906583,TSLA,6408700,6409600,900,418,28,223,212,895
17330174438171,AAPL,3215400,3215500,100,462,200,101,131,522
17330174438171,AMZN,18534505,18534705,200,100,100,201,186,874
17330174438171,GOOGL,14410500,14411700,1200,122,77,208,138,621
17330174438171,MSFT,1741200,1741400,200,764,200,74,65,853
17330174438171,TSLA,6408000,6409600,1600,42,28,229,216,904
17340464876311,AAPL,3215400,3215500,100,462,200,101,131,528
17340464876311,AMZN,18535445,18535645,200,100,100,201,187,880
17340464876311,GOOGL,14410500,14411700,1200,122,77,208,138,621
17340464876311,MSFT,1741200,1741400,200,764,200,74,65,853
17340464876311,TSLA,6407700,6409600,1900,12,28,230,216,908
17350064864983,AAPL,3215400,3215500,100,362,200,101,132,530
17350064864983,AMZN,18536385,18536585,200,100,100,201,188,883
17350064864983,GOOGL,14410500,14411700,1200,122,77,208,138,621
17350064864983,MSFT,1741200,1741400,200,464,300,74,65,853
17350064864983,TSLA,6407700,6409600,1900,12,28,233,217,916
17360250858485,AAPL,3215400,3215500,100,362,200,101,134,535
17360250858485,AMZN,18536530,18536730,200,100,100,203,191,888
17360250858485,GOOGL,14410500,14411700,1200,122,77,208,138,621
17360250858485,MSFT,1741200,1741400,200,464,300,74,65,856
17360250858485,TSLA,6407700,6409600,1900,12,28,236,217,922
17370338951282,AAPL,3215400,3215500,100,362,200,99,134,530
17370338951282,AMZN,18535954,18536154,200,100,100,203,192,889
17370338951282,GOOGL,14410500,14411700,1200,122,77,208,138,621
17370338951282,MSFT,1741200,1741400,200,464,300,74,65,857
17370338951282,TSLA,6407700,6409600,1900,12,28,240,218,937
17382216347088,AAPL,3215400,3215500,100,362,200,99,134,527
17382216347088,AMZN,18534418,18534618,200,100,100,204,194,893
17382216347088,GOOGL,14410500,14411700,1200,122,77,208,138,620
17382216347088,MSFT,1741200,1741300,100,464,100,74,66,859
17382216347088,TSLA,6407700,6409600,1900,12,28,247,218,963
17390976865693,AAPL,3215400,3215500,100,362,200,98,134,526
17390976865693,AMZN,18534226,18534426,200,100,100,205,194,895
17390976865693,GOOGL,14410500,14411700,1200,122,77,208,138,620
17390976865693,MSFT,1741200,1741300,100,464,100,74,65,858
17390976865693,TSLA,6407700,6409600,1900,12,28,248,218,967
17400262182321,AAPL,3215400,3215500,100,362,200,98,133,523
17400262182321,AMZN,18535378,18535578,200,100,100,207,194,902
17400262182321,GOOGL,14410500,14411700,1200,122,77,208,138,620
17400262182321,MSFT,1741200,1741300,100,464,100,74,65,858
17400262182321,TSLA,6406600,6407320,720,22,100,249,219,972
17410193075304,AAPL,3215400,3215500,100,362,200,98,133,524
17410193075304,AMZN,18534802,18535002,200,100,100,207,194,905
17410193075304,GOOGL,14410500,14411700,1200,122,77,208,138,620
17410193075304,MSFT,1741200,1741300,100,264,100,74,66,858
17410193075304,TSLA,6405800,6406400,600,14,9,246,219,970
17420008234508,AAPL,3215400,3215500,100,362,200,100,132,529
17420008234508,AMZN,18536338,18536538,200,100,100,208,195,917
17420008234508,GOOGL,14410500,14411200,700,122,39,214,140,637
17420008234508,MSFT,1741100,1741300,200,834,100,73,66,855
17420008234508,TSLA,6405800,6406400,600,14,9,250,221,980
17431573253040,AAPL,3215400,3215500,100,97,200,100,132,536
17431573253040,AMZN,18534129,18534234,105,96,100,205,195,913
17431573253040,GOOGL,14410500,14411200,700,88,39,216,143,649
17431573253040,MSFT,1741100,1741300,200,834,100,73,66,854
17431573253040,TSLA,6405800,6406400,600,14,9,250,223,984
17440346069647,AAPL,3215400,3215500,100,62,200,100,133,541
17440346069647,AMZN,18534802,18535002,200,100,100,206,197,923
17440346069647,GOOGL,14410500,14411200,700,88,39,216,143,655
17440346069647,MSFT,1741100,1741300,200,834,100,73,66,854
17440346069647,TSLA,6405800,6406400,600,14,9,249,223,982
17450976825222,AAPL,3215400,3215500,100,61,200,100,134,543
17450976825222,AMZN,18536338,18536538,200,100,100,205,197,946
17450976825222,GOOGL,14410500,14411200,700,88,39,216,143,659
17450976825222,MSFT,1741100,1741300,200,834,100,72,66,852
17450976825222,TSLA,6405800,6406400,600,13,9,250,223,985
17460416519278,AAPL,3215400,3215500,100,61,200,100,135,546
17460416519278,AMZN,18534610,18534810,200,100,100,205,197,954
17460416519278,GOOGL,14410500,14411200,700,88,39,216,144,661
17460416519278,MSFT,1741100,1741300,200,834,100,72,66,852
17460416519278,TSLA,6405800,6406400,600,13,9,250,224,988
17470068984145,AAPL,3215400,3215500,100,61,200,100,135,550
17470068984145,AMZN,18536530,18536730,200,100,100,205,198,960
17470068984145,GOOGL,14410500,14411200,700,88,39,216,145,662
17470068984145,MSFT,1741100,1741300,200,834,100,72,66,852
17470068984145,TSLA,6405800,6406400,600,13,9,251,227,997
17480183887381,AAPL,3215400,3215500,100,61,200,100,137,554
17480183887381,AMZN,18536146,18536346,200,100,100,206,198,960
17480183887381,GOOGL,14410500,14411200,700,58,39,216,146,666
17480183887381,MSFT,1741100,1741200,100,634,100,72,67,853
17480183887381,TSLA,6405800,6406400,600,13,9,251,227,997
17490385974837,AAPL,3215400,3215500,100,61,200,100,139,556
17490385974837,AMZN,18536338,18536538,200,100,100,205,200,971
17490385974837,GOOGL,14410500,14411200,700,58,39,218,148,671
17490385974837,MSFT,1741100,1741200,100,534,100,72,67,857
17490385974837,TSLA,6405800,6406400,600,13,9,252,227,997
17500371475223,AAPL,3215400,3215500,100,61,300,100,139,569
17500371475223,AMZN,18534226,18534426,200,100,100,203,202,988
17500371475223,GOOGL,14410500,14411200,700,58,39,223,149,683
17500371475223,MSFT,1741100,1741200,100,534,100,72,66,861
17500371475223,TSLA,6405400,6406400,1000,36,9,250,227,997
17510039343140,AAPL,3215400,3215500,100,61,300,100,139,573
17510039343140,AMZN,18535378,18535578,200,100,100,202,203,1003
17510039343140,GOOGL,14410500,14411200,700,58,39,225,151,696
17510039343140,MSFT,1741100,1741200,100,534,100,72,66,865
17510039343140,TSLA,6405400,6406400,1000,4,9,255,230,1004
17520249282614,AAPL,3215400,3215500,100,61,300,101,139,573
17520249282614,AMZN,18536722,18536922,200,100,100,201,205,1011
17520249282614,GOOGL,14410500,14411200,700,58,39,227,151,707
17520249282614,MSFT,1741100,1741200,100,534,100,72,66,869
17520249282614,TSLA,6405400,6406400,1000,4,9,257,233,1009
17530157733385,AAPL,3215400,3215500,100,45,300,101,139,573
17530157733385,AMZN,18535186,18535386,200,100,100,201,207,1015
17530157733385,GOOGL,14410500,14411200,700,58,39,228,152,720
17530157733385,MSFT,1741100,1741200,100,534,100,72,66,870
17530157733385,TSLA,6405400,6406400,1000,4,9,260,235,1017
17542209580193,AAPL,3215400,3215500,100,21,300,102,141,577
17542209580193,AMZN,18536530,18536730,200,100,100,202,208,1020
17542209580193,GOOGL,14410500,14411200,700,58,39,228,152,720
17542209580193,MSFT,1741100,1741200,100,328,100,72,66,873
17542209580193,TSLA,6405400,6406400,1000,4,9,261,235,1018
17551056925651,AAPL,3215400,3215500,100,21,300,102,141,585
17551056925651,AMZN,18535762,18535962,200,100,100,203,207,1022
17551056925651,GOOGL,14410500,14411200,700,58,39,229,152,721
17551056925651,MSFT,1741100,1741200,100,328,100,72,66,872
17551056925651,TSLA,6405300,6406400,1100,10,9,260,235,1018
17560086290941,AAPL,3215400,3215500,100,21,300,102,141,588
17560086290941,AMZN,18534994,18535194,200,100,100,203,207,1025
17560086290941,GOOGL,14410500,14411200,700,58,39,229,152,721
17560086290941,MSFT,1741100,1741200,100,315,100,72,66,869
17560086290941,TSLA,6405000,6406400,1400,131,9,257,238,1023
17570057130104,AAPL,3215400,3215500,100,21,300,102,141,587
17570057130104,AMZN,18535762,18535962,200,100,100,204,206,1049
17570057130104,GOOGL,14410500,14411200,700,18,39,229,152,720
17570057130104,MSFT,1741100,1741200,100,307,100,72,66,868
17570057130104,TSLA,6405000,6406400,1400,131,9,256,240,1027
17580078359444,AAPL,3215400,3215500,100,21,300,102,141,588
17580078359444,AMZN,18534610,18534810,200,100,100,204,210,1065
17580078359444,GOOGL,14410500,14411200,700,18,39,229,152,719
17580078359444,MSFT,1741100,1741200,100,307,100,71,66,875
17580078359444,TSLA,6405000,6406400,1400,131,9,257,243,1035
17590052490235,AAPL,3215400,3215500,100,21,300,102,141,588
17590052490235,AMZN,18534802,18535002,200,100,100,207,208,1074
17590052490235,GOOGL,14410500,14411200,700,18,39,229,153,720
17590052490235,MSFT,1741100,1741200,100,307,100,71,66,886
17590052490235,TSLA,6405000,6406400,1400,131,9,257,244,1038
17600152395579,AAPL,3215400,3215500,100,21,300,102,141,585
17600152395579,AMZN,18536722,18536922,200,100,100,207,208,1088
17600152395579,GOOGL,14410500,14411200,700,18,39,230,153,730
17600152395579,MSFT,1741100,1741200,100,207,100,71,66,892
17600152395579,TSLA,6405000,6406400,1400,131,9,257,245,1043
17610623864927,AAPL,3215400,3215500,100,21,300,102,140,586
17610623864927,AMZN,18536530,18536730,200,100,100,205,210,1096
17610623864927,GOOGL,14410500,14411200,700,18,39,230,154,732
17610623864927,MSFT,1741100,1741200,100,207,100,71,66,901
17610623864927,TSLA,6405000,6406400,1400,131,9,257,246,1047
17620157187605,AAPL,3215400,3215500,100,21,300,102,140,591
17620157187605,AMZN,18536146,18536346,200,100,100,208,211,1119
17620157187605,GOOGL,14410500,14411200,700,18,39,229,154,730
17620157187605,MSFT,1741100,1741200,100,207,100,71,66,903
17620157187605,TSLA,6405000,6406400,1400,131,9,259,246,1053
17630059332719,AAPL,3215400,3215500,100,21,300,103,138,589
17630059332719,AMZN,18534994,18535194,200,100,100,209,214,1133
17630059332719,GOOGL,14410500,14411200,700,18,39,229,154,730
17630059332719,MSFT,1741100,1741200,100,207,100,71,66,908
17630059332719,TSLA,6405000,6406400,1400,131,9,261,248,1062
17640389649670,AAPL,3215400,3215500,100,21,300,103,138,591
17640389649670,AMZN,18534418,18534618,200,100,100,210,218,1150
17640389649670,GOOGL,14410500,14411200,700,18,39,229,156,734
17640389649670,MSFT,1741100,1741200,100,207,100,71,66,901
17640389649670,TSLA,6405000,6406400,1400,131,9,261,249,1069
17651156384916,AAPL,3215400,3215500,100,21,300,104,138,592
17651156384916,AMZN,18535762,18535962,200,100,100,212,218,1159
17651156384916,GOOGL,14410500,14411200,700,18,39,229,157,735
17651156384916,MSFT,1741100,1741200,100,107,100,71,66,907
17651156384916,TSLA,6405000,6406400,1400,131,9,262,251,1078
17661743653229,AAPL,3215400,3215500,100,21,300,104,138,597
17661743653229,AMZN,18535762,18535962,200,100,100,212,218,1159
17661743653229,GOOGL,14410500,14411200,700,18,39,229,157,735
17661743653229,MSFT,1741100,1741200,100,97,100,71,66,907
17661743653229,TSLA,6405000,6406400,1400,131,9,262,251,1081
17670090045994,AAPL,3215400,3215500,100,21,300,104,138,597
17670090045994,AMZN,18534802,18535002,200,100,100,213,218,1162
17670090045994,GOOGL,14410500,14411200,700,18,39,229,157,735
17670090045994,MSFT,1741000,1741100,100,940,3,70,67,904
17670090045994,TSLA,6405000,6406400,1400,131,9,262,251,1084
17681072314540,AAPL,3215400,3215500,100,21,300,104,138,595
17681072314540,AMZN,18536338,18536538,200,100,100,214,220,1168
17681072314540,GOOGL,14410500,14411200,700,18,39,229,158,736
17681072314540,MSFT,1741000,1741100,100,940,3,70,67,902
17681072314540,TSLA,6405000,6406400,1400,131,9,262,252,1088
17691836454256,AAPL,3215300,3215500,200,11,300,103,138,597
17691836454256,AMZN,18534129,18539900,5771,96,40,214,219,1178
17691836454256,GOOGL,14410500,14411200,700,18,39,229,158,736
17691836454256,MSFT,1741000,1741100,100,940,3,70,67,899
17691836454256,TSLA,6405000,6406400,1400,131,9,262,253,1091
17700468721870,AAPL,3215200,3215500,300,1,300,102,138,599
17700468721870,AMZN,18536722,18536922,200,100,100,214,219,1178
17700468721870,GOOGL,14410500,14411200,700,18,39,229,158,736
17700468721870,MSFT,1741000,1741100,100,840,3,70,67,896
17700468721870,TSLA,6405000,6406400,1400,131,9,262,255,1096
17711400575985,AAPL,3215200,3215500,300,1,300,103,139,605
17711400575985,AMZN,18536338,18536538,200,100,100,216,222,1192
17711400575985,GOOGL,14410500,14411200,700,18,39,229,159,739
17711400575985,MSFT,1741000,1741100,100,730,3,70,67,894
17711400575985,TSLA,6405000,6406400,1400,131,9,262,255,1096
17720907026021,AAPL,3215100,3215500,400,1022,300,102,139,604
17720907026021,AMZN,18536146,18536346,200,100,100,218,226,1206
17720907026021,GOOGL,14410500,14411200,700,18,39,230,159,740
17720907026021,MSFT,1741000,1741100,100,730,3,70,67,892
17720907026021,TSLA,6405000,6406400,1400,131,9,262,257,1097
17730009658608,AAPL,3215100,3215500,400,608,300,102,139,599
17730009658608,AMZN,18534418,18534618,200,100,100,218,225,1226
17730009658608,GOOGL,14410500,14411200,700,18,39,230,159,740
17730009658608,MSFT,1741000,1741100,100,430,3,70,66,882
17730009658608,TSLA,6405000,6406400,1400,131,9,265,258,1104
17740553237674,AAPL,3215100,3215500,400,608,300,102,139,599
17740553237674,AMZN,18534129,18534234,105,96,100,220,225,1241
17740553237674,GOOGL,14410500,14411200,700,18,39,230,159,740
17740553237674,MSFT,1741000,1741100,100,330,203,71,66,879
17740553237674,TSLA,6405000,6406400,1400,131,9,265,263,1109
17750213149004,AAPL,3215100,3215500,400,608,300,101,138,597
17750213149004,AMZN,18534802,18535002,200,100,100,220,225,1252
17750213149004,GOOGL,14410500,14411200,700,18,39,230,159,740
17750213149004,MSFT,1741000,1741100,100,330,203,71,66,877
17750213149004,TSLA,6405000,6406400,1400,131,9,265,264,1111
17760009042275,AAPL,3215100,3215500,400,608,300,101,138,595
17760009042275,AMZN,18536146,18536346,200,100,100,218,226,1273
17760009042275,GOOGL,14410500,14411200,700,18,39,230,159,740
17760009042275,MSFT,1741000,1741100,100,330,203,71,66,874
17760009042275,TSLA,6405000,6406400,1400,131,9,265,264,1115
17770115466981,AAPL,3215100,3215500,400,608,300,101,138,594
17770115466981,AMZN,18534129,18539900,5771,96,40,222,227,1297
17770115466981,GOOGL,14410500,14411200,700,18,39,230,159,740
17770115466981,MSFT,1741000,1741100,100,330,203,71,66,870
17770115466981,TSLA,6405000,6406400,1400,131,9,265,265,1120
17780508467456,AAPL,3215100,3215500,400,608,300,101,138,593
17780508467456,AMZN,18536530,18536730,200,100,100,224,228,1313
17780508467456,GOOGL,14410500,14411200,700,18,39,230,159,740
17780508467456,MSFT,1741000,1741100,100,330,203,72,66,877
17780508467456,TSLA,6405000,6406400,1400,131,9,266,264,1120
17790709809538,AAPL,3215100,3215500,400,458,300,101,138,595
17790709809538,AMZN,18536338,18536538,200,100,100,224,228,1314
17790709809538,GOOGL,14410500,14411200,700,18,39,230,159,740
17790709809538,MSFT,1741000,1741100,100,330,203,72,66,878
17790709809538,TSLA,6405000,6406400,1400,131,9,266,265,1125
17800432728034,AAPL,3215100,3215500,400,314,300,101,138,594
17800432728034,AMZN,18535570,18535770,200,100,100,224,228,1318
17800432728034,GOOGL,14410500,14411200,700,18,39,230,159,740
17800432728034,MSFT,1741000,1741100,100,330,203,72,66,876
17800432728034,TSLA,6405000,6406400,1400,131,9,266,265,1127
17810318102943,AAPL,3215100,3215500,400,314,300,101,138,595
17810318102943,AMZN,18534802,18535002,200,100,100,224,230,1322
17810318102943,GOOGL,14410500,14411200,700,18,39,230,159,740
17810318102943,MSFT,1740900,1741000,100,600,100,71,67,872
17810318102943,TSLA,6405000,6406400,1400,131,9,266,266,1131
17820634962933,AAPL,3215100,3215500,400,314,300,101,138,599
17820634962933,AMZN,18534129,18539900,5771,96,40,224,231,1326
17820634962933,GOOGL,14410500,14411200,700,18,39,230,159,740
17820634962933,MSFT,1740900,1741000,100,400,100,71,67,867
17820634962933,TSLA,6405000,6406400,1400,131,9,266,270,1139
17830820099559,AAPL,3215100,3215500,400,206,300,101,138,601
17830820099559,AMZN,18536338,18536538,200,100,100,224,232,1328
17830820099559,GOOGL,14410500,14411200,700,18,39,230,159,740
17830820099559,MSFT,1740800,1741000,200,1092,100,72,67,862
17830820099559,TSLA,6405000,6406400,1400,131,9,267,270,1142
17840050452531,AAPL,3215100,3215500,400,206,300,101,138,601
17840050452531,AMZN,18535570,18535770,200,100,100,223,232,1328
17840050452531,GOOGL,14410500,14411200,700,18,39,230,159,739
17840050452531,MSFT,1740800,1741000,200,892,100,74,66,871
17840050452531,TSLA,6405000,6406400,1400,131,9,267,269,1154
17854785240761,AAPL,3215100,3215500,400,206,300,101,138,602
17854785240761,AMZN,18535378,18535578,200,100,100,223,231,1328
17854785240761,GOOGL,14410500,14411200,700,18,39,230,159,739
17854785240761,MSFT,1740800,1741000,200,826,100,74,66,872
17854785240761,TSLA,6405000,6406400,1400,131,9,267,269,1159
17865605888112,AAPL,3215100,3215500,400,206,300,101,138,606
17865605888112,AMZN,18535186,18535386,200,100,100,223,231,1329
17865605888112,GOOGL,14410500,14411200,700,18,39,230,159,739
17865605888112,MSFT,1740800,1741000,200,738,100,74,66,871
17865605888112,TSLA,6405000,6406400,1400,131,9,267,269,1160
17870387605123,AAPL,3215100,3215500,400,206,300,101,138,606
17870387605123,AMZN,18534129,18534234,105,96,100,223,231,1330
17870387605123,GOOGL,14410500,14411200,700,18,39,230,159,739
17870387605123,MSFT,1740800,1741000,200,738,100,74,66,872
17870387605123,TSLA,6405000,6406400,1400,131,9,266,270,1163
17880222467760,AAPL,3215100,3215500,400,206,300,101,139,611
17880222467760,AMZN,18535954,18536154,200,100,100,225,231,1336
17880222467760,GOOGL,14410500,14411200,700,18,39,231,159,740
17880222467760,MSFT,1740800,1741000,200,738,100,74,66,872
17880222467760,TSLA,6405000,6406400,1400,131,9,266,270,1163
17891209243716,AAPL,3215100,3215500,400,196,300,102,139,613
17891209243716,AMZN,18534802,18535002,200,100,100,226,231,1338
17891209243716,GOOGL,14410500,14411200,700,18,39,231,159,741
17891209243716,MSFT,1740800,1741000,200,638,100,75,66,873
17891209243716,TSLA,6405000,6406400,1400,131,9,266,270,1162
17900576321253,AAPL,3215100,3215500,400,196,300,102,139,614
17900576321253,AMZN,18534129,18534234,105,96,100,226,231,1342
17900576321253,GOOGL,14410500,14411200,700,18,39,231,159,741
17900576321253,MSFT,1740800,1741000,200,549,100,75,66,872
17900576321253,TSLA,6405000,6406400,1400,112,9,266,273,1165
17910020472935,AAPL,3215100,3215500,400,96,300,102,139,616
17910020472935,AMZN,18536722,18536922,200,100,100,226,231,1344
17910020472935,GOOGL,14410500,14411200,700,18,39,231,159,741
17910020472935,MSFT,1740800,1741000,200,549,100,75,66,871
17910020472935,TSLA,6405000,6406400,1400,112,9,268,274,1170
17920451774095,AAPL,3215100,3215500,400,96,300,102,140,617
17920451774095,AMZN,18535570,18535770,200,100,100,225,233,1349
17920451774095,GOOGL,14410500,14411200,700,18,39,231,159,741
17920451774095,MSFT,1740800,1741000,200,443,100,75,66,870
17920451774095,TSLA,6405000,6406400,1400,12,9,269,276,1176
17930538440307,AAPL,3215100,3215500,400,96,300,102,140,618
17930538440307,AMZN,18534610,18534810,200,100,100,224,233,1351
17930538440307,GOOGL,14410500,14411200,700,18,39,231,159,741
17930538440307,MSFT,1740800,1741000,200,243,100,75,66,869
17930538440307,TSLA,6405000,6406400,1400,12,24,269,276,1182
17940634806716,AAPL,3215100,3215500,400,96,300,102,140,621
17940634806716,AMZN,18535954,18536154,200,100,100,224,234,1356
17940634806716,GOOGL,14410500,14411200,700,18,39,231,159,741
17940634806716,MSFT,1740700,1741000,300,755,100,74,65,865
17940634806716,TSLA,6404400,6404420,20,16,100,270,279,1188
17950028219063,AAPL,3215000,3215500,500,3615,300,101,140,620
17950028219063,AMZN,18535378,18535578,200,100,100,224,234,1358
17950028219063,GOOGL,14410500,14411200,700,18,39,231,159,741
17950028219063,MSFT,1740700,1741000,300,666,100,74,65,863
17950028219063,TSLA,6404400,6405100,700,16,10,270,281,1190
17961250218249,AAPL,3215000,3215500,500,3615,300,101,140,623
17961250218249,AMZN,18534226,18534426,200,100,100,225,234,1360
17961250218249,GOOGL,14410500,14411200,700,18,39,231,159,742
17961250218249,MSFT,1740700,1741000,300,666,100,74,65,863
17961250218249,TSLA,6404400,6405100,700,16,10,271,282,1198
17970280257497,AAPL,3215000,3215500,500,3515,300,101,140,629
17970280257497,AMZN,18536146,18536346,200,100,100,227,234,1361
17970280257497,GOOGL,14410500,14411200,700,18,39,231,160,744
17970280257497,MSFT,1740700,1741000,300,566,100,74,65,861
17970280257497,TSLA,6404400,6405100,700,15,10,272,282,1210
17981008862196,AAPL,3215000,3215500,500,3515,300,101,140,629
17981008862196,AMZN,18535378,18535578,200,100,100,227,234,1362
17981008862196,GOOGL,14410500,14411200,700,18,39,231,160,744
17981008862196,MSFT,1740700,1741000,300,566,100,74,65,861
17981008862196,TSLA,6404400,6405100,700,15,10,272,285,1217
17990099027995,AAPL,3215000,3215500,500,3515,300,101,140,630
17990099027995,AMZN,18534802,18535002,200,100,100,226,235,1362
17990099027995,GOOGL,14410500,14411200,700,18,39,231,160,744
17990099027995,MSFT,1740700,1741000,300,66,100,74,65,856
17990099027995,TSLA,6404400,6405100,700,15,10,272,286,1224
18001335124241,AAPL,3215000,3215500,500,3415,300,101,141,632
18001335124241,AMZN,18536146,18536346,200,100,100,226,234,1364
18001335124241,GOOGL,14410500,14411200,700,18,39,233,160,748
18001335124241,MSFT,1740600,1741000,400,1494,100,73,65,853
18001335124241,TSLA,6404200,6405100,900,22,10,274,286,1228
18010525826196,AAPL,3215000,3215500,500,3415,300,101,141,630
18010525826196,AMZN,18535570,18535770,200,100,100,226,235,1367
18010525826196,GOOGL,14410500,14411200,700,18,39,233,160,749
18010525826196,MSFT,1740600,1741000,400,1405,100,73,65,854
18010525826196,TSLA,6402500,6405100,2600,170,10,269,287,1229
18021894828443,AAPL,3215000,3215500,500,3415,300,101,142,631
18021894828443,AMZN,18535570,18535770,200,100,100,226,235,1367
18021894828443,GOOGL,14410500,14411200,700,18,39,233,163,755
18021894828443,MSFT,1740600,1741000,400,1316,100,73,65,853
18021894828443,TSLA,6402500,6405100,2600,135,10,270,286,1231
18030345945056,AAPL,3215000,3215500,500,3415,300,101,142,631
18030345945056,AMZN,18535570,18535770,200,100,100,226,235,1367
18030345945056,GOOGL,14410300,14411200,900,6,39,232,163,754
18030345945056,MSFT,1740600,1741000,400,1227,100,73,65,852
18030345945056,TSLA,6402500,6405100,2600,135,10,271,288,1239
18040618634967,AAPL,3215000,3215500,500,3415,300,101,142,632
18040618634967,AMZN,18534994,18535194,200,100,100,227,235,1366
18040618634967,GOOGL,14410300,14411200,900,6,39,232,163,754
18040618634967,MSFT,1740600,1741000,400,1227,100,73,65,851
18040618634967,TSLA,6402500,6403400,900,129,16,271,290,1247
18050262915736,AAPL,3215000,3215500,500,3374,300,101,142,631
18050262915736,AMZN,18534226,18534426,200,100,100,227,235,1370
18050262915736,GOOGL,14410300,14411200,900,6,39,232,163,754
18050262915736,MSFT,1740600,1741000,400,1227,100,73,65,851
18050262915736,TSLA,6402500,6403400,900,129,16,272,291,1250
18060080641076,AAPL,3215000,3215500,500,3353,300,101,142,634
18060080641076,AMZN,18536530,18536730,200,100,100,227,236,1373
18060080641076,GOOGL,14410300,14411200,900,6,39,232,163,754
18060080641076,MSFT,1740600,1741000,400,1227,100,73,65,851
18060080641076,TSLA,6402500,6403400,900,82,31,274,291,1252
18070589802410,AAPL,3215000,3215500,500,3353,300,101,142,634
18070589802410,AMZN,18534129,18534234,105,96,100,230,236,1381
18070589802410,GOOGL,14410300,14411200,900,6,39,232,163,754
18070589802410,MSFT,1740600,1741000,400,1227,100,73,65,850
18070589802410,TSLA,6402500,6403400,900,76,31,274,290,1253
18080737301934,AAPL,3215000,3215500,500,3353,300,101,142,634
18080737301934,AMZN,18535954,18536154,200,100,100,231,237,1385
18080737301934,GOOGL,14409775,14411200,1425,86,39,230,163,754
18080737301934,MSFT,1740600,1741000,400,1227,100,73,65,851
18080737301934,TSLA,6402500,6403400,900,76,31,275,290,1253
18090238237270,AAPL,3215000,3215500,500,3253,300,102,144,642
18090238237270,AMZN,18534129,18534234,105,96,100,234,238,1387
18090238237270,GOOGL,14409775,14411200,1425,86,39,231,162,754
18090238237270,MSFT,1740600,1741000,400,927,100,73,65,848
18090238237270,TSLA,6402500,6403400,900,76,31,277,294,1258
18100204254074,AAPL,3215000,3215500,500,3145,330,102,144,646
18100204254074,AMZN,18536146,18536346,200,100,100,235,238,1390
18100204254074,GOOGL,14409401,14409439,38,43,100,229,163,753
18100204254074,MSFT,1740600,1741000,400,427,100,75,65,843
18100204254074,TSLA,6402500,6403000,500,76,14,281,293,1264
18110636971605,AAPL,3215000,3215500,500,3045,330,102,144,648
18110636971605,AMZN,18534994,18535194,200,100,100,235,238,1388
18110636971605,GOOGL,14409239,14411200,1961,94,39,229,163,754
18110636971605,MSFT,1740500,1741000,500,1073,100,75,65,833
18110636971605,TSLA,6402500,6403000,500,76,14,281,293,1266
18120944672338,AAPL,3215000,3215200,200,2885,60,103,145,653
18120944672338,AMZN,18534610,18534810,200,100,100,235,238,1386
18120944672338,GOOGL,14409239,14409352,113,94,100,230,164,756
18120944672338,MSFT,1740500,1741000,500,668,100,75,65,828
18120944672338,TSLA,6402500,6403000,500,61,14,281,292,1264
18130307671833,AAPL,3215000,3215200,200,2885,60,103,145,655
18130307671833,AMZN,18535570,18535770,200,100,100,241,241,1397
18130307671833,GOOGL,14409239,14409352,113,94,100,230,164,757
18130307671833,MSFT,1740500,1741000,500,668,100,75,65,824
18130307671833,TSLA,6402500,6403000,500,61,14,282,292,1265
18141277748568,AAPL,3215000,3215200,200,2885,60,103,145,655
18141277748568,AMZN,18534802,18535002,200,100,100,244,241,1401
18141277748568,GOOGL,14409239,14411200,1961,94,39,230,163,755
18141277748568,MSFT,1740500,1741000,500,262,100,75,65,817
18141277748568,TSLA,6402500,6403000,500,61,14,282,292,1267
18152987625042,AAPL,3215000,3215200,200,2854,60,103,145,655
18152987625042,AMZN,18534418,18534618,200,100,100,244,241,1403
18152987625042,GOOGL,14409239,14411200,1961,94,39,230,163,755
18152987625042,MSFT,1740500,1741000,500,262,100,75,65,816
18152987625042,TSLA,6402500,6403000,500,47,14,282,292,1269
18164109162628,AAPL,3215000,3215200,200,2854,60,103,145,654
18164109162628,AMZN,18534129,18534234,105,96,100,245,241,1405
18164109162628,GOOGL,14409239,14411200,1961,94,39,230,163,755
18164109162628,MSFT,1740500,1741000,500,46,100,75,65,813
18164109162628,TSLA,6402400,6403000,600,5,14,281,292,1269
18174239493733,AAPL,3215000,3215200,200,2854,60,104,145,656
18174239493733,AMZN,18534129,18539900,5771,96,40,245,240,1405
18174239493733,GOOGL,14409239,14411200,1961,94,39,230,163,755
18174239493733,MSFT,1740400,1741000,600,1028,100,74,65,810
18174239493733,TSLA,6402000,6403000,1000,20,14,280,292,1270
18180478913127,AAPL,3215000,3215200,200,2854,60,105,145,658
18180478913127,AMZN,18535762,18535962,200,100,100,245,241,1412
18180478913127,GOOGL,14409239,14409352,113,94,100,230,163,755
18180478913127,MSFT,1740400,1741000,600,912,100,74,65,809
18180478913127,TSLA,6402000,6403000,1000,20,14,280,291,1269
18190240069500,AAPL,3215000,3215100,100,2854,60,104,146,659
18190240069500,AMZN,18534129,18534234,105,96,100,246,243,1420
18190240069500,GOOGL,14409239,14409352,113,94,100,230,163,755
18190240069500,MSFT,1740400,1741000,600,896,100,74,65,806
18190240069500,TSLA,6402000,6403000,1000,20,14,281,290,1270
18201134676046,AAPL,3215000,3215100,100,2854,60,104,146,659
18201134676046,AMZN,18535570,18535770,200,100,100,246,243,1425
18201134676046,GOOGL,14409239,14411200,1961,94,39,230,162,753
18201134676046,MSFT,1740400,1741000,600,896,100,76,66,809
18201134676046,TSLA,6402000,6403000,1000,16,14,281,289,1270
18210738780078,AAPL,3215000,3215100,100,2854,60,104,146,665
18210738780078,AMZN,18534994,18535194,200,100,100,246,243,1428
18210738780078,GOOGL,14409239,14409352,113,94,100,230,162,753
18210738780078,MSFT,1740400,1741000,600,696,100,77,66,805
18210738780078,TSLA,6401200,6403000,1800,129,14,277,288,1267
18220519390815,AAPL,3215000,3215100,100,2854,60,104,146,665
18220519390815,AMZN,18534802,18535002,200,100,100,246,243,1429
18220519390815,GOOGL,14409239,14409352,113,94,100,230,162,753
18220519390815,MSFT,1740400,1741000,600,691,100,78,66,808
18220519390815,TSLA,6401200,6403000,1800,71,14,277,288,1268
18230434062243,AAPL,3215000,3215100,100,2178,60,105,148,665
18230434062243,AMZN,18534226,18534426,200,100,100,247,243,1432
18230434062243,GOOGL,14409239,14409352,113,94,100,230,162,753
18230434062243,MSFT,1740400,1741000,600,491,100,81,66,804
18230434062243,TSLA,6401200,6403000,1800,68,14,279,288,1273
18240238307370,AAPL,3215000,3215100,100,2048,60,105,148,666
18240238307370,AMZN,18534129,18534234,105,96,100,247,243,1433
18240238307370,GOOGL,14409239,14411200,1961,94,39,231,161,755
18240238307370,MSFT,1740400,1741000,600,491,100,81,66,803
18240238307370,TSLA,6401200,6403000,1800,68,14,279,288,1276
18250231764183,AAPL,3215000,3215100,100,2018,60,105,148,665
18250231764183,AMZN,18534129,18534234,105,96,100,247,243,1433
18250231764183,GOOGL,14409239,14411200,1961,94,39,231,161,755
18250231764183,MSFT,1740400,1741000,600,291,100,81,66,799
18250231764183,TSLA,6401200,6401300,100,54,14,280,290,1279
18261116183898,AAPL,3215000,3215100,100,2018,60,105,147,664
18261116183898,AMZN,18536722,18536922,200,100,100,248,243,1436
18261116183898,GOOGL,14409239,14411200,1961,94,39,231,161,755
18261116183898,MSFT,1740300,1741000,700,891,100,81,66,799
18261116183898,TSLA,6401200,6401300,100,38,14,280,290,1278
18272057655139,AAPL,3215000,3215100,100,1988,60,105,146,668
18272057655139,AMZN,18536146,18536346,200,100,100,249,243,1438
18272057655139,GOOGL,14409239,14411200,1961,94,39,231,161,755
18272057655139,MSFT,1740300,1741000,700,891,100,83,66,800
18272057655139,TSLA,6401200,6401300,100,23,14,282,290,1279
18281592449231,AAPL,3215000,3215100,100,1962,60,106,148,673
18281592449231,AMZN,18536146,18536346,200,100,100,249,242,1437
18281592449231,GOOGL,14409239,14411200,1961,94,39,231,161,755
18281592449231,MSFT,1740300,1741000,700,891,100,83,66,801
18281592449231,TSLA,6401200,6401300,100,23,14,283,289,1278
18290152940320,AAPL,3215000,3215100,100,1962,60,106,148,684
18290152940320,AMZN,18534994,18535194,200,100,100,249,242,1442
18290152940320,GOOGL,14409239,14409352,113,94,100,231,161,755
18290152940320,MSFT,1740300,1741000,700,584,100,83,65,797
18290152940320,TSLA,6401200,6401300,100,23,14,283,290,1275
18300361286774,AAPL,3215000,3215100,100,1962,60,107,148,687
18300361286774,AMZN,18534802,18535002,200,100,100,249,242,1443
18300361286774,GOOGL,14409239,14409352,113,94,100,231,161,755
18300361286774,MSFT,1740300,1741000,700,384,100,83,65,797
18300361286774,TSLA,6401200,6401300,100,23,14,283,290,1275
18310747925103,AAPL,3215000,3215100,100,1961,60,107,147,686
18310747925103,AMZN,18534129,18539900,5771,96,40,252,241,1448
18310747925103,GOOGL,14409239,14409352,113,94,100,231,161,755
18310747925103,MSFT,1740200,1741000,800,984,100,83,64,792
18310747925103,TSLA,6401200,6401300,100,1,14,283,289,1273
18320440102080,AAPL,3215000,3215100,100,1712,60,108,149,691
18320440102080,AMZN,18535762,18535962,200,100,100,253,243,1452
18320440102080,GOOGL,14409239,14411200,1961,94,39,231,160,755
18320440102080,MSFT,1740200,1741000,800,984,100,83,64,790
18320440102080,TSLA,6401100,6401300,200,21,14,282,288,1273
18332417113211,AAPL,3215000,3215100,100,1712,60,108,149,693
18332417113211,AMZN,18535378,18535578,200,100,100,253,243,1451
18332417113211,GOOGL,14409239,14411200,1961,94,39,231,160,755
18332417113211,MSFT,1740200,1741000,800,884,100,83,64,788
18332417113211,TSLA,6401000,6401300,300,147,14,281,288,1272
18340453585017,AAPL,3215000,3215100,100,1712,60,108,149,695
18340453585017,AMZN,18535954,18536154,200,100,100,255,243,1463
18340453585017,GOOGL,14409239,14409352,113,94,100,230,161,757
18340453585017,MSFT,1740200,1741000,800,884,100,83,64,787
18340453585017,TSLA,6401000,6401300,300,53,14,282,288,1270
18350088329256,AAPL,3215000,3215100,100,1712,60,107,149,704
18350088329256,AMZN,18535954,18536154,200,100,100,256,248,1480
18350088329256,GOOGL,14409239,14411200,1961,94,39,230,160,755
18350088329256,MSFT,1740200,1741000,800,584,100,83,64,784
18350088329256,TSLA,6401000,6401300,300,37,14,282,286,1265
18360534247963,AAPL,3215000,3215100,100,1712,60,106,149,706
18360534247963,AMZN,18534418,18534618,200,100,100,256,250,1503
18360534247963,GOOGL,14409239,14411200,1961,94,39,230,160,755
18360534247963,MSFT,1740200,1741000,800,579,100,83,64,781
18360534247963,TSLA,6401000,6401300,300,21,14,282,286,1259
18370976920963,AAPL,3215000,3215100,100,1712,60,105,149,707
18370976920963,AMZN,18534994,18535194,200,100,100,257,251,1517
18370976920963,GOOGL,14409239,14411200,1961,94,39,230,160,755
18370976920963,MSFT,1740200,1741000,800,579,100,83,64,779
18370976920963,TSLA,6400700,6401000,300,2,14,279,287,1253
18380421143508,AAPL,3215000,3215100,100,1712,60,104,149,714
18380421143508,AMZN,18536530,18536730,200,100,100,257,251,1524
18380421143508,GOOGL,14409239,14411200,1961,94,39,230,160,755
18380421143508,MSFT,1740200,1741000,800,579,100,83,64,778
18380421143508,TSLA,6400200,6401000,800,14,14,275,287,1245
18390228672779,AAPL,3215000,3215100,100,1712,60,104,149,718
18390228672779,AMZN,18534226,18534426,200,100,100,257,251,1537
18390228672779,GOOGL,14409239,14411200,1961,94,39,230,160,755
18390228672779,MSFT,1740200,1741000,800,579,100,83,64,776
18390228672779,TSLA,6400100,6401000,900,174,14,275,286,1234
18400893214942,AAPL,3215000,3215100,100,1712,60,104,149,725
18400893214942,AMZN,18534226,18534426,200,100,100,257,251,1552
18400893214942,GOOGL,14409239,14411200,1961,94,39,230,160,755
18400893214942,MSFT,1740200,1741000,800,579,100,83,64,777
18400893214942,TSLA,6400100,6401000,900,164,14,276,285,1230
18410240310422,AAPL,3215000,3215100,100,1712,60,104,149,729
18410240310422,AMZN,18535570,18535770,200,100,100,257,251,1557
18410240310422,GOOGL,14409239,14409352,113,94,100,229,161,755
18410240310422,MSFT,1740200,1741000,800,569,100,83,64,776
18410240310422,TSLA,6400100,6401000,900,64,14,276,285,1227
18421278974642,AAPL,3215000,3215100,100,1612,60,104,149,730
18421278974642,AMZN,18534994,18535194,200,100,100,257,251,1556
18421278974642,GOOGL,14409239,14410200,961,94,34,230,161,759
18421278974642,MSFT,1740200,1741000,800,69,100,84,64,776
18421278974642,TSLA,6400100,6401000,900,49,14,279,285,1228
18430027288793,AAPL,3215000,3215100,100,1612,60,104,149,730
18430027288793,AMZN,18536530,18536730,200,100,100,258,251,1560
18430027288793,GOOGL,14409239,14410200,961,94,34,231,161,760
18430027288793,MSFT,1740100,1741000,900,519,100,84,64,778
18430027288793,TSLA,6400100,6401000,900,49,14,279,284,1226
18440341667587,AAPL,3215000,3215100,100,1012,60,104,149,731
18440341667587,AMZN,18535378,18535578,200,100,100,258,251,1560
18440341667587,GOOGL,14409239,14410200,961,94,34,231,161,761
18440341667587,MSFT,1740100,1741000,900,419,100,84,64,781
18440341667587,TSLA,6400100,6401000,900,19,14,282,284,1230
18450622046779,AAPL,3215000,3215100,100,1012,60,104,149,734
18450622046779,AMZN,18534802,18535002,200,100,100,258,251,1557
18450622046779,GOOGL,14409239,14410200,961,94,34,231,161,761
18450622046779,MSFT,1740100,1741000,900,419,100,85,64,785
18450622046779,TSLA,6400100,6401000,900,19,14,282,284,1230
18460122249950,AAPL,3215000,3215100,100,1012,60,104,149,736
18460122249950,AMZN,18534418,18534618,200,100,100,258,251,1557
18460122249950,GOOGL,14409239,14410200,961,94,34,231,161,761
18460122249950,MSFT,1740100,1741000,900,19,100,86,64,785
18460122249950,TSLA,6400000,6401000,1000,1989,14,283,284,1227
18470649910249,AAPL,3215000,3215100,100,912,60,104,149,736
18470649910249,AMZN,18534129,18534234,105,96,100,258,250,1555
18470649910249,GOOGL,14409239,14410200,961,94,34,231,161,761
18470649910249,MSFT,1740000,1741000,1000,1748,100,85,65,785
18470649910249,TSLA,6400000,6401000,1000,1872,14,284,284,1223
18480178203266,AAPL,3215000,3215100,100,912,60,104,149,736
18480178203266,AMZN,18535570,18535770,200,100,100,258,249,1557
18480178203266,GOOGL,14409239,14410200,961,94,34,231,161,761
18480178203266,MSFT,1740000,1741000,1000,1448,100,85,65,784
18480178203266,TSLA,6400000,6401000,1000,1841,14,285,284,1223
18491079565768,AAPL,3215000,3215100,100,912,60,104,149,736
18491079565768,AMZN,18534129,18539900,5771,96,40,258,248,1565
18491079565768,GOOGL,14409239,14410200,961,94,34,231,161,761
18491079565768,MSFT,1740000,1741000,1000,1448,100,85,65,782
18491079565768,TSLA,6400000,6401000,1000,1783,14,285,283,1221
18503300781697,AAPL,3215000,3215100,100,912,60,104,149,737
18503300781697,AMZN,18535762,18535962,200,100,100,258,249,1569
18503300781697,GOOGL,14409239,14410200,961,94,34,232,161,762
18503300781697,MSFT,1740000,1741000,1000,948,100,86,65,779
18503300781697,TSLA,6400000,6400600,600,1767,16,284,285,1221
18510089293612,AAPL,3215000,3215100,100,912,60,103,149,740
18510089293612,AMZN,18534610,18534810,200,100,100,258,250,1573
18510089293612,GOOGL,14409239,14410200,961,94,34,232,161,762
18510089293612,MSFT,1740000,1741000,1000,648,100,86,65,777
18510089293612,TSLA,6400000,6400600,600,1767,16,284,285,1219
18520542442588,AAPL,3215000,3215100,100,912,60,102,150,737
18520542442588,AMZN,18535762,18535962,200,100,100,257,250,1580
18520542442588,GOOGL,14409239,14410200,961,50,34,233,162,764
18520542442588,MSFT,1739900,1741000,1100,48,100,85,65,772
18520542442588,TSLA,6400000,6400600,600,1767,16,284,285,1218
18530416443975,AAPL,3215000,3215100,100,912,60,102,150,739
18530416443975,AMZN,18535762,18535962,200,100,100,259,250,1584
18530416443975,GOOGL,14408800,14410200,1400,12,34,233,162,764
18530416443975,MSFT,1739700,1741000,1300,48,100,83,65,770
18530416443975,TSLA,6400000,6400600,600,1736,16,285,285,1220
18540746885074,AAPL,3215000,3215100,100,912,60,102,150,740
18540746885074,AMZN,18536530,18536730,200,100,100,259,250,1586
18540746885074,GOOGL,14408800,14410200,1400,12,34,233,162,764
18540746885074,MSFT,1739600,1741000,1400,594,100,82,65,774
18540746885074,TSLA,6400000,6400600,600,1706,16,286,286,1222
18550048908451,AAPL,3215000,3215100,100,912,60,102,150,740
18550048908451,AMZN,18534418,18534618,200,100,100,259,250,1595
18550048908451,GOOGL,14408800,14410200,1400,12,34,233,162,763
18550048908451,MSFT,1739600,1739800,200,494,100,82,66,774
18550048908451,TSLA,6400000,6400600,600,1691,16,286,286,1223
18560536387223,AAPL,3215000,3215100,100,912,60,102,150,742
18560536387223,AMZN,18534129,18534234,105,96,100,259,250,1597
18560536387223,GOOGL,14408800,14410200,1400,12,34,233,162,763
18560536387223,MSFT,1739600,1739800,200,94,100,82,66,778
18560536387223,TSLA,6400000,6400600,600,1691,16,286,285,1224
18570976931144,AAPL,3215000,3215100,100,912,60,103,150,744
18570976931144,AMZN,18534610,18534810,200,100,100,258,248,1599
18570976931144,GOOGL,14408800,14410200,1400,12,34,233,162,763
18570976931144,MSFT,1739500,1739800,300,458,100,81,66,782
18570976931144,TSLA,6400000,6400200,200,1691,14,287,289,1230
18580023236114,AAPL,3215000,3215100,100,912,60,103,150,745
18580023236114,AMZN,18534418,18534618,200,100,100,258,248,1598
18580023236114,GOOGL,14408800,14410200,1400,12,34,233,162,763
18580023236114,MSFT,1739500,1739800,300,433,100,81,66,784
18580023236114,TSLA,6400000,6400200,200,1654,14,287,288,1229
18590012262399,AAPL,3215000,3215100,100,912,60,103,149,745
18590012262399,AMZN,18534610,18534810,200,100,100,258,248,1607
18590012262399,GOOGL,14408800,14410200,1400,12,34,233,162,763
18590012262399,MSFT,1739500,1739800,300,433,100,81,66,789
18590012262399,TSLA,6400000,6400200,200,1654,14,290,288,1232
18600207827126,AAPL,3215000,3215100,100,912,60,103,149,746
18600207827126,AMZN,18536722,18536922,200,100,100,258,247,1609
18600207827126,GOOGL,14408800,14410200,1400,12,34,233,162,761
18600207827126,MSFT,1739500,1739800,300,287,100,81,66,790
18600207827126,TSLA,6400000,6400200,200,1538,14,290,288,1230
18610929938566,AAPL,3215000,3215100,100,912,60,103,149,751
18610929938566,AMZN,18536338,18536538,200,100,100,258,246,1607
18610929938566,GOOGL,14408800,14410200,1400,12,34,233,162,761
18610929938566,MSFT,1739500,1739800,300,262,100,81,66,788
18610929938566,TSLA,6400000,6400200,200,1538,14,290,288,1232
18621669485246,AAPL,3215000,3215100,100,912,60,103,149,754
18621669485246,AMZN,18535570,18535770,200,100,100,258,246,1608
18621669485246,GOOGL,14408800,14410200,1400,12,34,233,162,760
18621669485246,MSFT,1739500,1739800,300,262,100,81,64,793
18621669485246,TSLA,6400000,6400200,200,1538,14,290,290,1237
18633092213346,AAPL,3215000,3215100,100,912,60,102,151,756
18633092213346,AMZN,18536530,18536730,200,100,100,260,245,1609
18633092213346,GOOGL,14408800,14410200,1400,12,34,233,162,760
18633092213346,MSFT,1739500,1739800,300,262,100,82,64,795
18633092213346,TSLA,6400000,6400200,200,1508,14,291,289,1239
18641056330817,AAPL,3215000,3215100,100,912,60,102,151,758
18641056330817,AMZN,18534226,18534426,200,100,100,261,246,1617
18641056330817,GOOGL,14408800,14410200,1400,12,34,233,162,760
18641056330817,MSFT,1739500,1739800,300,162,100,82,64,793
18641056330817,TSLA,6400000,6400200,200,1508,14,291,290,1246
18650258117898,AAPL,3215000,3215100,100,912,60,102,152,762
18650258117898,AMZN,18535762,18535962,200,100,100,261,246,1620
18650258117898,GOOGL,14408800,14410200,1400,12,34,233,162,760
18650258117898,MSFT,1739500,1739800,300,122,100,82,64,793
18650258117898,TSLA,6400000,6400200,200,1062,14,291,290,1241
18660201034868,AAPL,3215000,3215100,100,892,60,102,152,765
18660201034868,AMZN,18536530,18536730,200,100,100,261,246,1627
18660201034868,GOOGL,14408800,14410200,1400,12,34,233,162,760
18660201034868,MSFT,1739500,1739800,300,122,100,82,64,793
18660201034868,TSLA,6400000,6400200,200,1048,14,292,291,1244
18670181324408,AAPL,3215000,3215100,100,892,60,102,152,768
18670181324408,AMZN,18535762,18535962,200,100,100,261,246,1628
18670181324408,GOOGL,14408800,14410200,1400,12,34,233,162,760
18670181324408,MSFT,1739500,1739600,100,122,100,82,66,796
18670181324408,TSLA,6400000,6400200,200,1017,14,294,291,1245
18680906052416,AAPL,3215000,3215100,100,892,60,102,151,774
18680906052416,AMZN,18536530,18536730,200,100,100,260,243,1628
18680906052416,GOOGL,14408433,14410200,1767,69,34,234,162,761
18680906052416,MSFT,1739400,1739500,100,19,100,81,67,799
18680906052416,TSLA,6400000,6400200,200,1003,14,294,291,1248
18690877361037,AAPL,3215000,3215100,100,829,60,102,151,774
18690877361037,AMZN,18534226,18534426,200,100,100,259,242,1633
18690877361037,GOOGL,14408433,14410200,1767,69,34,234,162,761
18690877361037,MSFT,1739300,1739500,200,244,200,81,67,804
18690877361037,TSLA,6400000,6400200,200,1003,14,294,291,1248
18700046383280,AAPL,3215000,3215100,100,829,60,102,151,774
18700046383280,AMZN,18536530,18536730,200,100,100,259,242,1636
18700046383280,GOOGL,14408433,14410200,1767,69,34,234,162,761
18700046383280,MSFT,1739300,1739400,100,244,100,81,68,808
18700046383280,TSLA,6400000,6400200,200,973,14,295,290,1248
18710197727842,AAPL,3215000,3215100,100,829,60,102,151,774
18710197727842,AMZN,18535378,18535578,200,100,100,260,242,1640
18710197727842,GOOGL,14408433,14410200,1767,69,34,234,162,761
18710197727842,MSFT,1739300,1739400,100,244,100,82,68,807
18710197727842,TSLA,6400000,6400200,200,966,14,295,290,1250
18720639360660,AAPL,3215000,3215100,100,829,60,102,150,774
18720639360660,AMZN,18536530,18536730,200,100,100,261,243,1648
18720639360660,GOOGL,14408433,14410200,1767,69,34,234,162,761
18720639360660,MSFT,1739300,1739400,100,44,100,82,68,807
18720639360660,TSLA,6400000,6400200,200,936,14,297,288,1250
18730647272996,AAPL,3215000,3215100,100,829,60,102,149,773
18730647272996,AMZN,18535186,18535386,200,100,100,260,243,1652
18730647272996,GOOGL,14408433,14410200,1767,69,34,234,162,761
18730647272996,MSFT,1739200,1739300,100,164,100,81,69,807
18730647272996,TSLA,6400000,6400200,200,936,14,296,288,1249
18740986683468,AAPL,3215000,3215100,100,829,60,102,149,772
18740986683468,AMZN,18536338,18536538,200,100,100,260,243,1661
18740986683468,GOOGL,14408433,14410200,1767,69,34,234,162,761
18740986683468,MSFT,1739200,1739300,100,109,100,82,69,807
18740986683468,TSLA,6400000,6400200,200,860,14,296,288,1252
18751005290807,AAPL,3215000,3215100,100,829,60,102,149,772
18751005290807,AMZN,18534994,18535194,200,100,100,259,243,1665
18751005290807,GOOGL,14408433,14410200,1767,69,34,234,162,761
18751005290807,MSFT,1739200,1739300,100,109,100,82,69,808
18751005290807,TSLA,6400000,6400200,200,832,14,296,288,1252
18761353167482,AAPL,3215000,3215100,100,699,60,102,149,769
18761353167482,AMZN,18536338,18536538,200,100,100,259,243,1671
18761353167482,GOOGL,14408433,14410200,1767,69,34,233,161,759
18761353167482,MSFT,1739200,1739300,100,109,100,83,69,815
18761353167482,TSLA,6400000,6400200,200,832,14,295,287,1250
18772702996357,AAPL,3215000,3215100,100,699,60,102,149,769
18772702996357,AMZN,18536338,18536538,200,100,100,259,243,1670
18772702996357,GOOGL,14408433,14410200,1767,69,34,233,161,759
18772702996357,MSFT,1739200,1739300,100,109,100,83,69,815
18772702996357,TSLA,6400000,6400200,200,632,14,296,287,1252
18780505963267,AAPL,3215000,3215100,100,669,60,102,149,769
18780505963267,AMZN,18535378,18535578,200,100,100,259,243,1673
18780505963267,GOOGL,14408433,14410200,1767,69,34,233,161,759
18780505963267,MSFT,1739200,1739300,100,109,100,83,69,815
18780505963267,TSLA,6400000,6400200,200,498,14,296,287,1251
18790016359615,AAPL,3215000,3215100,100,639,60,103,149,772
18790016359615,AMZN,18534418,18534618,200,100,100,259,242,1671
18790016359615,GOOGL,14408433,14410200,1767,69,34,233,161,759
18790016359615,MSFT,1739200,1739300,100,109,100,83,70,816
18790016359615,TSLA,6400000,6400200,200,482,14,296,287,1252
18802767209994,AAPL,3215000,3215100,100,639,60,103,150,772
18802767209994,AMZN,18536530,18536730,200,100,100,259,242,1672
18802767209994,GOOGL,14408433,14410200,1767,69,34,233,161,759
18802767209994,MSFT,1739200,1739300,100,109,100,83,70,816
18802767209994,TSLA,6400000,6400200,200,482,14,296,287,1254
18811644208355,AAPL,3215000,3215100,100,639,60,103,150,772
18811644208355,AMZN,18536338,18536538,200,100,100,259,242,1672
18811644208355,GOOGL,14408433,14410200,1767,69,34,233,161,759
18811644208355,MSFT,1739200,1739300,100,109,100,83,70,816
18811644208355,TSLA,6400000,6400200,200,482,14,296,287,1256
18822912241652,AAPL,3215000,3215100,100,639,60,103,150,772
18822912241652,AMZN,18535954,18536154,200,100,100,259,243,1673
18822912241652,GOOGL,14408433,14410200,1767,69,34,233,161,759
18822912241652,MSFT,1739200,1739300,100,109,100,83,70,816
18822912241652,TSLA,6400000,6400200,200,482,14,296,287,1257
18830100790988,AAPL,3215000,3215100,100,639,60,105,150,775
18830100790988,AMZN,18534994,18535194,200,100,100,260,242,1673
18830100790988,GOOGL,14408433,14410200,1767,69,34,233,161,759
18830100790988,MSFT,1739200,1739300,100,109,100,83,70,815
18830100790988,TSLA,6400000,6400200,200,223,14,295,287,1256
18840036740433,AAPL,3215000,3215100,100,479,60,106,150,778
18840036740433,AMZN,18535378,18535578,200,100,100,261,242,1670
18840036740433,GOOGL,14408433,14408500,67,69,19,236,164,769
18840036740433,MSFT,1739200,1739300,100,109,100,83,69,814
18840036740433,TSLA,6400000,6400200,200,115,14,295,287,1248
18850171259135,AAPL,3215000,3215100,100,356,60,106,151,779
18850171259135,AMZN,18536338,18536538,200,100,100,261,242,1673
18850171259135,GOOGL,14408433,14408500,67,69,19,237,167,780
18850171259135,MSFT,1739200,1739300,100,109,100,83,69,813
18850171259135,TSLA,6400000,6400200,200,67,14,295,286,1245
18860433023486,AAPL,3215000,3215100,100,356,60,106,150,780
18860433023486,AMZN,18535954,18536154,200,100,100,262,242,1673
18860433023486,GOOGL,14408433,14408500,67,69,19,237,168,786
18860433023486,MSFT,1739200,1739300,100,109,100,83,69,813
18860433023486,TSLA,6399800,6400200,400,7,14,292,285,1230
18870487085076,AAPL,3215000,3215100,100,356,60,106,149,782
18870487085076,AMZN,18534418,18534618,200,100,100,261,242,1675
18870487085076,GOOGL,14408433,14408500,67,55,19,237,169,787
18870487085076,MSFT,1739200,1739300,100,69,100,83,70,814
18870487085076,TSLA,6399700,6400200,500,12,14,293,283,1223
18880281247591,AAPL,3215000,3215100,100,356,60,106,149,791
18880281247591,AMZN,18536146,18536346,200,100,100,261,242,1672
18880281247591,GOOGL,14408433,14408500,67,55,19,238,171,790
18880281247591,MSFT,1739200,1739300,100,69,200,83,70,816
18880281247591,TSLA,6399300,6400200,900,9,14,289,283,1216
18890854303327,AAPL,3215000,3215100,100,356,60,107,149,798
18890854303327,AMZN,18535378,18535578,200,100,100,261,242,1674
18890854303327,GOOGL,14408433,14408500,67,41,19,238,171,790
18890854303327,MSFT,1739200,1739300,100,69,200,84,70,817
18890854303327,TSLA,6399300,6400200,900,9,14,289,283,1216
18900641025568,AAPL,3215000,3215100,100,356,60,108,151,802
18900641025568,AMZN,18534418,18534618,200,100,100,261,244,1677
18900641025568,GOOGL,14408433,14408500,67,41,19,237,171,789
18900641025568,MSFT,1739200,1739300,100,63,200,84,70,817
18900641025568,TSLA,6398800,6400200,1400,1,14,287,282,1216
18910093417370,AAPL,3215000,3215100,100,356,60,108,151,802
18910093417370,AMZN,18534129,18539900,5771,96,40,261,243,1679
18910093417370,GOOGL,14408433,14408500,67,41,19,237,171,794
18910093417370,MSFT,1739100,1739300,200,623,300,83,70,817
18910093417370,TSLA,6398600,6400000,1400,19,205,288,283,1221
18920413042678,AAPL,3215000,3215100,100,356,60,108,151,802
18920413042678,AMZN,18536146,18536346,200,100,100,261,244,1681
18920413042678,GOOGL,14408433,14408500,67,41,19,237,173,800
18920413042678,MSFT,1739100,1739300,200,623,300,83,70,816
18920413042678,TSLA,6398200,6400000,1800,6,205,286,281,1215
18935524170537,AAPL,3215000,3215100,100,356,60,108,151,800
18935524170537,AMZN,18534610,18534810,200,100,100,263,244,1685
18935524170537,GOOGL,14408433,14408500,67,41,19,238,175,804
18935524170537,MSFT,1739100,1739300,200,623,300,83,70,816
18935524170537,TSLA,6398200,6400000,1800,6,205,286,281,1215
18940038191061,AAPL,3215000,3215100,100,356,60,108,151,801
18940038191061,AMZN,18534129,18534234,105,96,100,263,245,1685
18940038191061,GOOGL,14408433,14408500,67,41,19,239,175,807
18940038191061,MSFT,1739100,1739300,200,623,300,83,72,822
18940038191061,TSLA,6398200,6400000,1800,6,205,288,281,1215
18950133892658,AAPL,3215000,3215100,100,356,60,108,151,803
18950133892658,AMZN,18536146,18536346,200,100,100,264,245,1685
18950133892658,GOOGL,14408433,14408500,67,41,19,239,175,809
18950133892658,MSFT,1739100,1739300,200,623,300,83,72,831
18950133892658,TSLA,6398000,6400000,2000,42,205,290,281,1216
18961271621774,AAPL,3215000,3215100,100,346,60,108,151,804
18961271621774,AMZN,18534994,18535194,200,100,100,264,244,1683
18961271621774,GOOGL,14408433,14408500,67,41,19,241,178,815
18961271621774,MSFT,1739100,1739300,200,623,300,83,72,831
18961271621774,TSLA,6398000,6400000,2000,13,205,293,281,1219
18973179654018,AAPL,3215000,3215100,100,244,60,108,151,804
18973179654018,AMZN,18534610,18534810,200,100,100,264,243,1682
18973179654018,GOOGL,14408433,14408500,67,41,19,241,178,815
18973179654018,MSFT,1739100,1739300,200,623,300,83,72,829
18973179654018,TSLA,6397600,6397820,220,33,100,289,282,1216
18982821564655,AAPL,3215000,3215100,100,244,60,108,151,804
18982821564655,AMZN,18534418,18534618,200,100,100,264,243,1682
18982821564655,GOOGL,14408433,14408500,67,41,19,241,178,815
18982821564655,MSFT,1739100,1739300,200,623,300,83,73,831
18982821564655,TSLA,6397600,6400000,2400,23,205,289,281,1215
18990036492168,AAPL,3215000,3215100,100,244,60,108,151,807
18990036492168,AMZN,18536338,18536538,200,100,100,265,242,1684
18990036492168,GOOGL,14408433,14408500,67,41,19,240,178,814
18990036492168,MSFT,1739100,1739300,200,623,300,83,73,830
18990036492168,TSLA,6397200,6397620,420,10,100,288,282,1215
19001810109673,AAPL,3215000,3215100,100,234,60,108,151,808
19001810109673,AMZN,18534610,18534810,200,100,100,265,243,1691
19001810109673,GOOGL,14408433,14408500,67,41,19,240,178,814
19001810109673,MSFT,1739100,1739300,200,623,300,83,73,831
19001810109673,TSLA,6396700,6397370,670,2,100,283,282,1210
19010080720089,AAPL,3215000,3215100,100,234,48,109,152,810
19010080720089,AMZN,18534129,18534234,105,96,100,266,243,1692
19010080720089,GOOGL,14408400,14408500,100,40,19,240,178,813
19010080720089,MSFT,1739100,1739300,200,623,300,83,73,828
19010080720089,TSLA,6393900,6393955,55,2,100,278,282,1208
19020362125401,AAPL,3215000,3215100,100,84,33,110,152,811
19020362125401,AMZN,18538802,18539002,200,100,100,269,243,1694
19020362125401,GOOGL,14408300,14408500,200,11,19,244,178,820
19020362125401,MSFT,1739100,1739300,200,623,300,83,74,828
19020362125401,TSLA,6393700,6393955,255,14,40,278,282,1205
19030048690950,AAPL,3214800,3215100,300,14,33,110,152,810
19030048690950,AMZN,18538724,18539900,1176,100,40,271,240,1692
19030048690950,GOOGL,14407330,14408500,1170,99,19,244,178,827
19030048690950,MSFT,1739100,1739300,200,623,300,83,77,830
19030048690950,TSLA,6393100,6393392,292,9,85,274,283,1188
19040017798190,AAPL,3214100,3214153,53,147,100,111,153,813
19040017798190,AMZN,18538967,18539900,933,85,40,275,239,1694
19040017798190,GOOGL,14407330,14408500,1170,99,19,245,179,835
19040017798190,MSFT,1739100,1739300,200,623,300,83,79,828
19040017798190,TSLA,6393000,6395585,2585,10,80,272,280,1182
19050021908094,AAPL,3214100,3214153,53,27,55,110,152,809
19050021908094,AMZN,18539101,18539301,200,100,100,280,241,1699
19050021908094,GOOGL,14407330,14408500,1170,69,19,253,180,851
19050021908094,MSFT,1739100,1739300,200,623,300,83,80,831
19050021908094,TSLA,6392600,6393172,572,62,85,268,279,1175
19060680475961,AAPL,3214100,3214168,68,27,70,112,152,811
19060680475961,AMZN,18539103,18539303,200,100,100,283,239,1700
19060680475961,GOOGL,14407000,14408500,1500,84,19,251,180,850
19060680475961,MSFT,1739100,1739300,200,599,300,83,84,838
19060680475961,TSLA,6392200,6393000,800,14,15,266,277,1160
19070250263810,AAPL,3214100,3214168,68,27,10,113,153,811
19070250263810,AMZN,18539101,18539900,799,70,40,283,238,1698
19070250263810,GOOGL,14406800,14408500,1700,32,19,252,180,845
19070250263810,MSFT,1739100,1739200,100,221,80,83,89,851
19070250263810,TSLA,6392100,6393172,1072,22,85,265,277,1159
19080344967696,AAPL,3214000,3214168,168,946,10,112,153,810
19080344967696,AMZN,18539101,18539900,799,70,40,283,238,1698
19080344967696,GOOGL,14406800,14408500,1700,18,19,255,180,847
19080344967696,MSFT,1739100,1739200,100,221,80,83,88,851
19080344967696,TSLA,6392000,6393172,1172,307,56,264,277,1158
19090337375038,AAPL,3214000,3214133,133,856,92,112,153,810
19090337375038,AMZN,18539103,18539303,200,100,100,283,239,1699
19090337375038,GOOGL,14406529,14408500,1971,12,19,252,179,843
19090337375038,MSFT,1739100,1739200,100,101,80,83,88,852
19090337375038,TSLA,6392000,6393172,1172,307,56,264,277,1158
19100091892614,AAPL,3214000,3214133,133,766,92,114,152,810
19100091892614,AMZN,18539086,18539286,200,100,100,282,240,1699
19100091892614,GOOGL,14406400,14406533,133,41,100,252,180,846
19100091892614,MSFT,1739100,1739200,100,101,80,83,88,850
19100091892614,TSLA,6392000,6395585,3585,257,49,263,277,1155
19110520427750,AAPL,3214000,3214133,133,416,77,115,153,813
19110520427750,AMZN,18539086,18539286,200,100,100,282,241,1699
19110520427750,GOOGL,14406400,14407200,800,41,15,255,186,859
19110520427750,MSFT,1739100,1739200,100,61,180,83,88,852
19110520427750,TSLA,6392000,6395585,3585,235,49,265,276,1155
19120249965348,AAPL,3214000,3214133,133,356,32,116,154,814
19120249965348,AMZN,18539086,18539281,195,52,100,286,242,1701
19120249965348,GOOGL,14406400,14406500,100,41,15,254,189,870
19120249965348,MSFT,1739100,1739200,100,61,180,83,90,850
19120249965348,TSLA,6392000,6395585,3585,106,16,265,276,1151
19130383024851,AAPL,3214000,3214133,133,326,2,116,155,814
19130383024851,AMZN,18539086,18539281,195,52,100,287,245,1705
19130383024851,GOOGL,14406300,14406500,200,31,15,256,191,877
19130383024851,MSFT,1739000,1739100,100,760,39,82,90,846
19130383024851,TSLA,6392000,6392887,887,46,55,267,277,1154
19140252690982,AAPL,3214000,3214133,133,326,2,116,155,814
19140252690982,AMZN,18539086,18539900,814,7,40,289,244,1702
19140252690982,GOOGL,14406300,14406500,200,1,15,255,192,880
19140252690982,MSFT,1739000,1739100,100,760,39,82,91,847
19140252690982,TSLA,6392000,6392887,887,46,55,267,277,1154
19150240756641,AAPL,3214000,3215200,1200,326,55,116,153,814
19150240756641,AMZN,18539071,18539900,829,55,40,292,243,1703
19150240756641,GOOGL,14406100,14406200,100,34,15,254,193,885
19150240756641,MSFT,1739000,1739100,100,760,39,82,92,845
19150240756641,TSLA,6392000,6392887,887,32,40,267,279,1155
19160167243155,AAPL,3214000,3214191,191,296,100,118,154,817
19160167243155,AMZN,18539071,18539900,829,25,40,295,243,1701
19160167243155,GOOGL,14405700,14406200,500,64,15,253,193,889
19160167243155,MSFT,1739000,1739100,100,760,39,82,92,847
19160167243155,TSLA,6392000,6392887,887,32,40,267,279,1155
19170128025344,AAPL,3214000,3214191,191,146,100,118,154,822
19170128025344,AMZN,18539066,18539900,834,30,40,299,244,1700
19170128025344,GOOGL,14405700,14406200,500,49,15,254,193,895
19170128025344,MSFT,1739000,1739100,100,660,39,82,91,845
19170128025344,TSLA,6392000,6392902,902,1,40,267,278,1153
19180842786801,AAPL,3214000,3215200,1200,56,27,118,153,819
19180842786801,AMZN,18539011,18539211,200,100,100,302,247,1703
19180842786801,GOOGL,14405400,14405900,500,31,15,254,198,906
19180842786801,MSFT,1738900,1739100,200,1099,39,81,91,840
19180842786801,TSLA,6391500,6392902,1402,63,25,266,279,1152
19190043159686,AAPL,3214000,3214191,191,26,100,118,154,822
19190043159686,AMZN,18539011,18539900,889,70,40,307,245,1702
19190043159686,GOOGL,14405100,14405900,800,143,15,255,198,914
19190043159686,MSFT,1738900,1739100,200,1099,39,81,91,840
19190043159686,TSLA,6391500,6392902,1402,49,25,266,279,1150
19200305874809,AAPL,3213800,3214191,391,236,85,117,154,823
19200305874809,AMZN,18539011,18539900,889,25,40,310,245,1701
19200305874809,GOOGL,14405100,14405900,800,98,15,256,198,917
19200305874809,MSFT,1738900,1739100,200,1099,39,81,91,840
19200305874809,TSLA,6391500,6392902,1402,3,25,265,279,1146
19210687082086,AAPL,3213800,3214191,391,146,85,118,154,829
19210687082086,AMZN,18538847,18539047,200,100,100,319,246,1699
19210687082086,GOOGL,14405100,14405900,800,68,15,260,198,927
19210687082086,MSFT,1738900,1739100,200,1099,39,81,92,840
19210687082086,TSLA,6391500,6392667,1167,3,55,265,279,1149
19220552664776,AAPL,3213800,3214191,391,26,20,120,154,835
19220552664776,AMZN,18538847,18539047,200,100,100,317,248,1698
19220552664776,GOOGL,14405100,14405600,500,23,15,263,201,940
19220552664776,MSFT,1738900,1739100,200,1099,39,80,92,840
19220552664776,TSLA,6391200,6392667,1467,16,40,263,280,1142
19230016100486,AAPL,3213600,3214200,600,321,20,120,153,834
19230016100486,AMZN,18538738,18539900,1162,44,40,318,248,1698
19230016100486,GOOGL,14404600,14405600,1000,58,15,265,201,950
19230016100486,MSFT,1738900,1739100,200,1099,39,80,93,841
19230016100486,TSLA,6391100,6392667,1567,82,10,262,280,1140
19240066053619,AAPL,3213600,3215000,1400,321,4,121,152,834
19240066053619,AMZN,18538847,18539047,200,100,100,318,249,1699
19240066053619,GOOGL,14404300,14405600,1300,41,15,264,202,959
19240066053619,MSFT,1738900,1739100,200,1099,24,80,92,837
19240066053619,TSLA,6391448,6392593,1145,60,85,263,279,1139
19250138426607,AAPL,3213600,3213906,306,321,70,122,151,833
19250138426607,AMZN,18538847,18539900,1053,85,40,319,248,1699
19250138426607,GOOGL,14404200,14404300,100,33,15,266,204,965
19250138426607,MSFT,1738900,1739100,200,635,24,80,93,839
19250138426607,TSLA,6391448,6392593,1145,23,85,264,279,1140
19260268076013,AAPL,3213600,3213906,306,321,70,122,151,833
19260268076013,AMZN,18538886,18539086,200,100,100,319,249,1700
19260268076013,GOOGL,14404200,14404300,100,33,15,266,204,971
19260268076013,MSFT,1738900,1739100,200,635,24,80,93,841
19260268076013,TSLA,6391100,6392593,1493,58,27,262,279,1136
19270065845624,AAPL,3213600,3213906,306,291,70,122,150,832
19270065845624,AMZN,18538886,18539086,200,100,100,323,249,1700
19270065845624,GOOGL,14404200,14404300,100,18,15,267,204,984
19270065845624,MSFT,1738900,1739100,200,114,24,81,94,840
19270065845624,TSLA,6395655,6396926,1271,84,100,262,278,1133
19280133616919,AAPL,3213600,3213906,306,291,55,122,150,832
19280133616919,AMZN,18538891,18539078,187,85,100,326,249,1698
19280133616919,GOOGL,14404200,14404300,100,3,15,267,204,997
19280133616919,MSFT,1738800,1739100,300,14,24,80,94,840
19280133616919,TSLA,6391100,6391973,873,12,100,264,278,1135
19290522866290,AAPL,3213600,3213906,306,291,40,122,150,832
19290522866290,AMZN,18538891,18539078,187,70,100,326,248,1697
19290522866290,GOOGL,14403500,14403600,100,47,15,265,206,1008
19290522866290,MSFT,1738600,1739100,500,1014,24,78,94,840
19290522866290,TSLA,6391000,6391898,898,72,85,263,277,1131
19300151939251,AAPL,3213600,3213906,306,291,40,122,150,832
19300151939251,AMZN,18538891,18539078,187,40,100,327,248,1695
19300151939251,GOOGL,14403500,14403600,100,17,15,266,206,1018
19300151939251,MSFT,1738600,1738800,200,414,100,78,95,836
19300151939251,TSLA,6391000,6391898,898,72,70,264,278,1133
19310098077644,AAPL,3213600,3215200,1600,291,26,122,147,829
19310098077644,AMZN,18538891,18539078,187,25,100,328,250,1692
19310098077644,GOOGL,14403100,14403600,500,9,15,265,205,1026
19310098077644,MSFT,1738600,1738800,200,214,100,78,94,834
19310098077644,TSLA,6391000,6391898,898,12,55,264,278,1132
19320247630630,AAPL,3213600,3214021,421,261,85,122,146,827
19320247630630,AMZN,18538856,18539046,190,55,100,328,248,1688
19320247630630,GOOGL,14402900,14403600,700,32,15,265,205,1035
19320247630630,MSFT,1738500,1738600,100,114,100,78,95,834
19320247630630,TSLA,6390900,6391898,998,37,55,264,278,1134
19330601737632,AAPL,3213600,3214021,421,261,85,122,146,827
19330601737632,AMZN,18538856,18539046,190,40,100,328,246,1681
19330601737632,GOOGL,14402900,14403500,600,32,15,266,208,1041
19330601737632,MSFT,1738400,1738500,100,714,100,77,96,840
19330601737632,TSLA,6390800,6391898,1098,12,12,266,278,1134
19340896035514,AAPL,3213600,3214021,421,261,70,123,146,828
19340896035514,AMZN,18538856,18539900,1044,40,40,328,246,1682
19340896035514,GOOGL,14402900,14403000,100,32,15,266,213,1050
19340896035514,MSFT,1738400,1738500,100,614,100,77,96,836
19340896035514,TSLA,6394264,6394348,84,62,100,264,279,1134
19350078628767,AAPL,3213600,3214021,421,261,70,123,147,828
19350078628767,AMZN,18538856,18539900,1044,25,40,328,246,1678
19350078628767,GOOGL,14402900,14403000,100,2,15,266,215,1063
19350078628767,MSFT,1738400,1738500,100,614,100,77,96,835
19350078628767,TSLA,6393221,6394348,1127,1,85,266,279,1138
19361849460592,AAPL,3213600,3214021,421,261,70,123,147,828
19361849460592,AMZN,18538856,18539900,1044,10,40,328,247,1677
19361849460592,GOOGL,14402700,14402900,200,50,28,266,216,1070
19361849460592,MSFT,1738400,1738500,100,614,100,77,96,843
19361849460592,TSLA,6390700,6394348,3648,78,85,267,279,1143
19370176514893,AAPL,3213600,3214021,421,261,55,123,147,828
19370176514893,AMZN,18538856,18539900,1044,10,40,328,247,1677
19370176514893,GOOGL,14402700,14402900,200,35,28,266,216,1068
19370176514893,MSFT,1738400,1738500,100,614,100,77,96,843
19370176514893,TSLA,6390700,6394348,3648,52,85,268,279,1143
19382995944481,AAPL,3213600,3214021,421,261,55,124,147,832
19382995944481,AMZN,18538856,18539900,1044,10,40,327,247,1677
19382995944481,GOOGL,14402700,14402900,200,35,28,266,216,1067
19382995944481,MSFT,1738400,1738500,100,614,100,77,96,844
19382995944481,TSLA,6390700,6391601,901,20,100,268,280,1144
19390250494211,AAPL,3213600,3214021,421,261,55,124,147,833
19390250494211,AMZN,18538856,18539900,1044,10,40,327,247,1677
19390250494211,GOOGL,14402700,14402900,200,35,28,266,215,1065
19390250494211,MSFT,1738400,1738500,100,514,100,77,96,844
19390250494211,TSLA,6390600,6394348,3748,1054,85,267,279,1143
19400300833916,AAPL,3213600,3214021,421,261,10,125,147,837
19400300833916,AMZN,18538856,18539900,1044,10,40,327,247,1677
19400300833916,GOOGL,14402700,14402900,200,35,28,267,216,1080
19400300833916,MSFT,1738400,1738500,100,514,100,77,96,844
19400300833916,TSLA,6390600,6391551,951,907,85,269,279,1147
19410880470289,AAPL,3213600,3213800,200,261,30,126,149,839
19410880470289,AMZN,18538847,18539900,1053,25,40,326,247,1675
19410880470289,GOOGL,14402700,14402900,200,20,28,267,215,1087
19410880470289,MSFT,1738400,1738500,100,514,100,77,96,844
19410880470289,TSLA,6390600,6391551,951,845,70,272,279,1152
19420014241442,AAPL,3213600,3213800,200,231,15,126,150,842
19420014241442,AMZN,18538847,18539900,1053,10,40,326,247,1675
19420014241442,GOOGL,14402700,14402900,200,20,28,267,216,1089
19420014241442,MSFT,1738400,1738500,100,514,100,77,96,844
19420014241442,TSLA,6390600,6391551,951,685,70,277,279,1158
19430127771511,AAPL,3213600,3213800,200,231,15,126,150,842
19430127771511,AMZN,18538847,18539041,194,10,100,326,248,1676
19430127771511,GOOGL,14402700,14402900,200,20,28,267,216,1093
19430127771511,MSFT,1738400,1738500,100,514,100,77,95,843
19430127771511,TSLA,6390600,6391551,951,671,40,277,280,1159
19440096963872,AAPL,3213600,3213800,200,201,15,126,150,841
19440096963872,AMZN,18538841,18539033,192,95,100,327,248,1675
19440096963872,GOOGL,14402700,14402900,200,20,28,268,217,1102
19440096963872,MSFT,1738400,1738500,100,494,200,77,96,844
19440096963872,TSLA,6390600,6394348,3748,311,65,280,278,1161
19451200137000,AAPL,3213600,3213800,200,171,15,127,150,843
19451200137000,AMZN,18538841,18539900,1059,21,40,327,246,1673
19451200137000,GOOGL,14402700,14402900,200,20,28,269,218,1112
19451200137000,MSFT,1738400,1738500,100,494,200,77,96,842
19451200137000,TSLA,6390600,6391566,966,266,100,283,278,1166
19460132256509,AAPL,3213600,3213800,200,171,15,127,151,843
19460132256509,AMZN,18538833,18539900,1067,31,40,331,248,1678
19460132256509,GOOGL,14401000,14401033,33,11,100,269,219,1123
19460132256509,MSFT,1738400,1738500,100,494,200,77,96,842
19460132256509,TSLA,6390600,6394348,3748,168,50,286,279,1168
19470805108026,AAPL,3213600,3214036,436,171,70,127,151,845
19470805108026,AMZN,18538752,18538952,200,100,100,330,249,1677
19470805108026,GOOGL,14400900,14402900,2000,8,28,268,218,1143
19470805108026,MSFT,1738400,1738500,100,494,300,77,96,842
19470805108026,TSLA,6390600,6391566,966,102,12,290,281,1174
19480019999751,AAPL,3213600,3214036,436,171,10,128,151,854
19480019999751,AMZN,18538752,18539900,1148,85,40,334,248,1679
19480019999751,GOOGL,14400900,14402900,2000,8,28,268,219,1159
19480019999751,MSFT,1738400,1738500,100,494,300,77,98,842
19480019999751,TSLA,6390600,6391581,981,92,85,290,281,1175
19490248785146,AAPL,3213600,3214051,451,171,55,128,152,860
19490248785146,AMZN,18538752,18539900,1148,85,40,336,248,1681
19490248785146,GOOGL,14400900,14400983,83,8,100,268,221,1175
19490248785146,MSFT,1738400,1738500,100,494,300,77,98,844
19490248785146,TSLA,6390600,6391581,981,36,55,293,279,1176
19500018811339,AAPL,3213866,3214066,200,100,100,128,152,859
19500018811339,AMZN,18538752,18539900,1148,7,40,336,247,1676
19500018811339,GOOGL,14400800,14402900,2100,8,28,270,221,1197
19500018811339,MSFT,1738400,1738500,100,394,300,77,98,849
19500018811339,TSLA,6390600,6391581,981,21,55,293,278,1174
19510041963786,AAPL,3213600,3214066,466,171,55,127,152,858
19510041963786,AMZN,18538765,18539900,1135,85,40,338,247,1676
19510041963786,GOOGL,14400800,14402900,2100,8,28,272,222,1212
19510041963786,MSFT,1738400,1738500,100,294,300,77,97,853
19510041963786,TSLA,6390600,6391581,981,21,10,293,279,1176
19520126640184,AAPL,3213600,3214066,466,171,55,127,152,859
19520126640184,AMZN,18538765,18538956,191,85,100,339,248,1677
19520126640184,GOOGL,14400600,14402900,2300,64,5,272,223,1221
19520126640184,MSFT,1738400,1738500,100,294,400,77,98,854
19520126640184,TSLA,6391396,6391670,274,20,100,293,279,1176
19530343521455,AAPL,3213600,3215300,1700,141,89,127,148,860
19530343521455,AMZN,18538765,18539900,1135,70,40,339,247,1673
19530343521455,GOOGL,14400600,14400833,233,34,100,272,225,1227
19530343521455,MSFT,1738400,1738500,100,194,400,76,98,856
19530343521455,TSLA,6390600,6391272,672,11,85,295,279,1181
19540476014552,AAPL,3213600,3214131,531,141,85,127,149,864
19540476014552,AMZN,18538765,18539900,1135,40,40,339,247,1673
19540476014552,GOOGL,14400600,14400833,233,34,100,273,224,1238
19540476014552,MSFT,1738400,1738500,100,94,400,76,98,856
19540476014552,TSLA,6390400,6391272,872,43,85,294,279,1182
19550165509104,AAPL,3213600,3213700,100,141,60,127,152,869
19550165509104,AMZN,18538765,18539900,1135,10,40,341,246,1674
19550165509104,GOOGL,14400300,14402900,2600,30,5,273,222,1250
19550165509104,MSFT,1738300,1738400,100,1600,6,75,100,857
19550165509104,TSLA,6390100,6391272,1172,24,47,294,278,1179
19560313497713,AAPL,3213600,3213700,100,141,60,127,152,869
19560313497713,AMZN,18538756,18539900,1144,21,40,344,246,1675
19560313497713,GOOGL,14400300,14402900,2600,30,5,275,223,1264
19560313497713,MSFT,1738300,1738400,100,1600,106,75,100,860
19560313497713,TSLA,6390100,6391272,1172,24,32,296,278,1183
19570022536267,AAPL,3213600,3213700,100,141,60,127,152,869
19570022536267,AMZN,18538733,18539900,1167,98,40,345,246,1673
19570022536267,GOOGL,14400300,14402900,2600,30,5,276,222,1274
19570022536267,MSFT,1738300,1738400,100,1600,291,75,101,865
19570022536267,TSLA,6390100,6391272,1172,24,17,297,278,1184
19581369534610,AAPL,3213600,3213700,100,141,60,127,152,869
19581369534610,AMZN,18538733,18539900,1167,98,40,349,246,1673
19581369534610,GOOGL,14400000,14402900,2900,102,5,273,220,1281
19581369534610,MSFT,1738300,1738400,100,1500,291,75,101,870
19581369534610,TSLA,6390000,6391272,1272,1676,17,298,278,1185
19590936761922,AAPL,3213600,3213700,100,141,60,127,152,869
19590936761922,AMZN,18538733,18539900,1167,98,40,349,246,1677
19590936761922,GOOGL,14400000,14402900,2900,87,5,274,219,1286
19590936761922,MSFT,1738300,1738400,100,1500,276,75,101,870
19590936761922,TSLA,6390000,6391272,1272,1662,17,299,278,1186
19601462866766,AAPL,3213600,3213700,100,141,60,127,152,869
19601462866766,AMZN,18538733,18539900,1167,98,40,348,246,1675
19601462866766,GOOGL,14400000,14402900,2900,87,5,274,218,1293
19601462866766,MSFT,1738300,1738400,100,1500,276,75,101,876
19601462866766,TSLA,6390000,6391272,1272,1622,17,302,278,1191
19612614893523,AAPL,3213600,3213700,100,141,60,127,152,869
19612614893523,AMZN,18538733,18538919,186,98,100,347,247,1673
19612614893523,GOOGL,14400000,14402900,2900,87,5,274,218,1293
19612614893523,MSFT,1738300,1738400,100,1500,276,75,101,876
19612614893523,TSLA,6390000,6391272,1272,1544,17,305,279,1195
19620697388673,AAPL,3213600,3213700,100,141,60,127,153,870
19620697388673,AMZN,18538733,18538919,186,94,100,349,249,1673
19620697388673,GOOGL,14400000,14402900,2900,87,5,274,216,1301
19620697388673,MSFT,1738300,1738400,100,1500,276,75,101,880
19620697388673,TSLA,6390000,6391272,1272,1514,2,307,279,1199
19630572858572,AAPL,3213600,3213700,100,141,90,127,154,874
19630572858572,AMZN,18538733,18538919,186,49,100,351,249,1671
19630572858572,GOOGL,14400000,14402900,2900,72,5,274,215,1313
19630572858572,MSFT,1738300,1738400,100,1500,276,75,102,894
19630572858572,TSLA,6390000,6391272,1272,1485,2,307,279,1200
19640068916822,AAPL,3213600,3213700,100,141,90,127,154,877
19640068916822,AMZN,18538733,18538919,186,7,100,353,249,1671
19640068916822,GOOGL,14400000,14400533,533,72,100,274,215,1325
19640068916822,MSFT,1738300,1738400,100,1500,276,75,102,896
19640068916822,TSLA,6390000,6391272,1272,1456,2,307,279,1201
19650154885382,AAPL,3213600,3213700,100,141,90,127,154,877
19650154885382,AMZN,18538701,18539900,1199,85,40,353,247,1666
19650154885382,GOOGL,14400000,14400533,533,57,100,273,216,1329
19650154885382,MSFT,1738300,1738400,100,1500,276,75,102,896
19650154885382,TSLA,6390000,6391272,1272,1442,2,309,279,1216
19661763044301,AAPL,3213600,3213700,100,141,90,127,154,878
19661763044301,AMZN,18538701,18539900,1199,46,40,353,247,1664
19661763044301,GOOGL,14398300,14399683,1383,12,100,273,215,1332
19661763044301,MSFT,1738300,1738400,100,1500,276,75,102,904
19661763044301,TSLA,6390000,6390987,987,1400,85,313,279,1229
19672077088152,AAPL,3213600,3213700,100,141,90,127,154,878
19672077088152,AMZN,18538701,18539900,1199,46,40,353,247,1664
19672077088152,GOOGL,14398000,14399533,1533,12,100,271,213,1337
19672077088152,MSFT,1738300,1738400,100,1500,276,75,102,908
19672077088152,TSLA,6390000,6390987,987,1400,85,314,279,1230
19680033538182,AAPL,3213600,3213700,100,141,90,127,154,878
19680033538182,AMZN,18538701,18539900,1199,16,40,355,246,1665
19680033538182,GOOGL,14397700,14399383,1683,12,100,271,213,1340
19680033538182,MSFT,1738300,1738400,100,1500,276,75,102,912
19680033538182,TSLA,6390000,6390987,987,1400,70,316,279,1233
19690328046130,AAPL,3213600,3213700,100,141,90,127,154,878
19690328046130,AMZN,18538512,18539900,1388,85,40,354,246,1663
19690328046130,GOOGL,14397500,14402900,5400,12,5,272,212,1347
19690328046130,MSFT,1738300,1738400,100,1500,376,75,102,917
19690328046130,TSLA,6390000,6390987,987,1400,40,316,279,1236
19700043992327,AAPL,3213600,3213700,100,141,90,129,155,883
19700043992327,AMZN,18538579,18538779,200,100,100,355,248,1663
19700043992327,GOOGL,14397500,14399283,1783,12,100,272,213,1351
19700043992327,MSFT,1738300,1738400,100,1500,376,75,101,924
19700043992327,TSLA,6390000,6390987,987,1369,40,317,280,1240
19710072676657,AAPL,3213600,3213700,100,141,90,129,156,884
19710072676657,AMZN,18538579,18538779,200,100,100,356,250,1661
19710072676657,GOOGL,14397500,14402900,5400,12,5,273,213,1351
19710072676657,MSFT,1738300,1738400,100,1300,776,75,102,936
19710072676657,TSLA,6390000,6390987,987,1338,40,319,282,1245
19720149903656,AAPL,3213600,3213700,100,141,70,129,155,883
19720149903656,AMZN,18538592,18538784,192,44,100,360,251,1662
19720149903656,GOOGL,14396000,14396374,374,4,100,274,213,1368
19720149903656,MSFT,1738300,1738400,100,1100,776,75,102,940
19720149903656,TSLA,6390000,6390987,987,1338,40,321,290,1254
19730175794360,AAPL,3213600,3213700,100,141,70,129,156,884
19730175794360,AMZN,18538592,18539900,1308,14,40,361,252,1662
19730175794360,GOOGL,14381500,14396433,14933,1,86,274,211,1381
19730175794360,MSFT,1738300,1738400,100,700,876,75,103,939
19730175794360,TSLA,6391188,6391388,200,100,85,322,290,1254
19740157148777,AAPL,3213600,3213700,100,141,40,129,157,885
19740157148777,AMZN,18538592,18538784,192,14,100,361,255,1666
19740157148777,GOOGL,14381500,14396433,14933,1,86,276,213,1389
19740157148777,MSFT,1738300,1738400,100,400,976,75,103,944
19740157148777,TSLA,6390802,6391388,586,8,25,323,289,1256
19750080497463,AAPL,3213600,3213700,100,141,40,129,157,892
19750080497463,AMZN,18538579,18539900,1321,36,40,362,257,1669
19750080497463,GOOGL,14379600,14382453,2853,4,100,276,214,1400
19750080497463,MSFT,1738300,1738400,100,200,961,75,104,947
19750080497463,TSLA,6390048,6391019,971,78,10,324,294,1259
19760020210937,AAPL,3213600,3213700,100,141,40,129,157,895
19760020210937,AMZN,18538579,18539900,1321,36,40,362,257,1669
19760020210937,GOOGL,14379600,14382453,2853,4,73,278,214,1408
19760020210937,MSFT,1738300,1738400,100,200,961,75,104,951
19760020210937,TSLA,6390048,6391034,986,78,85,325,295,1261
19770654336943,AAPL,3213600,3213800,200,141,10,129,156,894
19770654336943,AMZN,18538577,18539900,1323,56,40,362,258,1670
19770654336943,GOOGL,14379950,14380150,200,100,100,278,215,1425
19770654336943,MSFT,1738300,1738400,100,200,961,75,104,954
19770654336943,TSLA,6390849,6391049,200,100,100,328,297,1268
19780044017668,AAPL,3213600,3213800,200,141,10,129,157,895
19780044017668,AMZN,18538577,18538732,155,56,100,363,259,1671
19780044017668,GOOGL,14379600,14382453,2853,4,73,278,214,1439
19780044017668,MSFT,1738300,1738400,100,200,961,75,105,956
19780044017668,TSLA,6390048,6391049,1001,32,55,328,296,1268
19790059934261,AAPL,3213600,3213800,200,141,10,129,157,898
19790059934261,AMZN,18538577,18539900,1323,56,40,363,258,1668
19790059934261,GOOGL,14379950,14380150,200,100,100,278,215,1451
19790059934261,MSFT,1738200,1738400,200,200,961,74,105,957
19790059934261,TSLA,6393042,6394172,1130,100,70,329,297,1268
19800171284540,AAPL,3213600,3213800,200,141,10,129,157,901
19800171284540,AMZN,18538512,18538700,188,10,100,365,258,1670
19800171284540,GOOGL,14379950,14380150,200,100,100,278,214,1463
19800171284540,MSFT,1738100,1738400,300,520,961,74,105,954
19800171284540,TSLA,6390540,6391643,1103,70,58,330,298,1265
19810089679077,AAPL,3213600,3213800,200,141,10,129,159,911
19810089679077,AMZN,18538500,18539900,1400,95,40,365,260,1674
19810089679077,GOOGL,14379600,14382453,2853,4,73,278,212,1470
19810089679077,MSFT,1738100,1738200,100,33,100,77,107,954
19810089679077,TSLA,6392334,6398000,5666,100,27,332,297,1258
19820478015513,AAPL,3213600,3213800,200,141,10,129,159,912
19820478015513,AMZN,18538500,18539900,1400,65,40,368,260,1674
19820478015513,GOOGL,14380110,14380310,200,100,100,279,215,1484
19820478015513,MSFT,1738000,1738200,200,2127,100,76,107,955
19820478015513,TSLA,6393246,6394349,1103,100,85,332,297,1258
19830295177336,AAPL,3213600,3213800,200,141,10,129,159,912
19830295177336,AMZN,18538500,18539900,1400,50,40,369,260,1676
19830295177336,GOOGL,14380110,14380310,200,100,100,279,213,1490
19830295177336,MSFT,1738000,1738200,200,2127,100,76,107,955
19830295177336,TSLA,6390901,6392655,1754,100,70,333,298,1260
19840448659879,AAPL,3213500,3213800,300,706,10,128,159,911
19840448659879,AMZN,18538500,18538689,189,20,100,374,261,1685
19840448659879,GOOGL,14379950,14382453,2503,70,73,279,212,1499
19840448659879,MSFT,1738000,1738200,200,2127,100,76,107,956
19840448659879,TSLA,6390540,6392655,2115,40,18,335,300,1258
19850316700442,AAPL,3213500,3214000,500,606,13,128,159,913
19850316700442,AMZN,18538500,18538689,189,5,100,373,261,1684
19850316700442,GOOGL,14379950,14380310,360,70,85,280,212,1514
19850316700442,MSFT,1738000,1738200,200,2127,100,76,107,956
19850316700442,TSLA,6390652,6390852,200,100,100,337,304,1265
19860113985358,AAPL,3213500,3214000,500,206,13,129,160,927
19860113985358,AMZN,18538500,18538689,189,5,100,373,261,1684
19860113985358,GOOGL,14379950,14380310,360,40,40,281,210,1528
19860113985358,MSFT,1738000,1738200,200,1977,100,76,108,952
19860113985358,TSLA,6390652,6392655,2003,93,18,338,303,1263
19870018791951,AAPL,3213300,3214000,700,50,13,127,160,921
19870018791951,AMZN,18538500,18538689,189,5,100,374,261,1684
19870018791951,GOOGL,14379950,14380310,360,40,40,281,210,1548
19870018791951,MSFT,1738000,1738200,200,1927,100,76,109,948
19870018791951,TSLA,6390652,6392655,2003,93,3,339,304,1266
19880380119779,AAPL,3213100,3213600,500,730,30,125,161,918
19880380119779,AMZN,18538500,18538689,189,5,100,378,263,1690
19880380119779,GOOGL,14379950,14380310,360,40,40,282,210,1553
19880380119779,MSFT,1738000,1738200,200,1927,100,76,110,949
19880380119779,TSLA,6390659,6390844,185,65,50,340,305,1270
19895714025573,AAPL,3213100,3213200,100,430,30,125,162,920
19895714025573,AMZN,18538500,18538689,189,5,100,378,263,1690
19895714025573,GOOGL,14379950,14380310,360,40,40,282,210,1554
19895714025573,MSFT,1738000,1738200,200,1927,100,76,110,950
19895714025573,TSLA,6390659,6390844,185,65,50,340,304,1269
19900149945991,AAPL,3213100,3213200,100,430,30,125,162,921
19900149945991,AMZN,18538500,18539900,1400,5,40,379,262,1690
19900149945991,GOOGL,14379950,14380310,360,40,40,282,210,1553
19900149945991,MSFT,1738000,1738200,200,1927,100,76,110,951
19900149945991,TSLA,6390659,6390844,185,65,50,341,303,1271
19910744597342,AAPL,3213100,3213200,100,430,30,125,161,920
19910744597342,AMZN,18538500,18538689,189,5,100,379,263,1690
19910744597342,GOOGL,14379950,14380310,360,40,40,282,210,1554
19910744597342,MSFT,1738000,1738200,200,1927,100,76,110,951
19910744597342,TSLA,6390659,6390844,185,65,50,342,303,1277
19920012289243,AAPL,3213100,3213200,100,430,30,126,162,923
19920012289243,AMZN,18538489,18538645,156,62,100,386,263,1695
19920012289243,GOOGL,14379950,14380310,360,40,40,284,210,1566
19920012289243,MSFT,1738000,1738200,200,1827,100,76,110,950
19920012289243,TSLA,6390659,6390844,185,33,50,345,303,1282
19930217527219,AAPL,3213100,3213200,100,205,15,126,164,925
19930217527219,AMZN,18538489,18538645,156,62,100,386,265,1699
19930217527219,GOOGL,14379950,14380310,360,40,25,284,211,1582
19930217527219,MSFT,1738000,1738200,200,1827,100,76,110,949
19930217527219,TSLA,6390659,6390844,185,33,35,347,301,1281
19940152993352,AAPL,3213100,3213500,400,205,15,126,165,921
19940152993352,AMZN,18538489,18539900,1411,62,40,387,264,1701
19940152993352,GOOGL,14379950,14380310,360,40,25,284,210,1603
19940152993352,MSFT,1738000,1738200,200,1827,100,77,110,950
19940152993352,TSLA,6390659,6391741,1082,33,10,347,301,1280
19950359534854,AAPL,3213100,3213196,96,205,85,126,165,923
19950359534854,AMZN,18538489,18539900,1411,47,40,389,264,1702
19950359534854,GOOGL,14379950,14380310,360,40,25,285,211,1631
19950359534854,MSFT,1738000,1738200,200,1827,100,77,110,950
19950359534854,TSLA,6390659,6391756,1097,33,41,351,299,1285
19961840814065,AAPL,3213100,3213196,96,205,55,126,167,922
19961840814065,AMZN,18538489,18539900,1411,32,40,391,264,1705
19961840814065,GOOGL,14379950,14380310,360,40,25,285,211,1643
19961840814065,MSFT,1738000,1738200,200,1827,100,77,112,949
19961840814065,TSLA,6390652,6390900,248,12,16,350,302,1289
19973292411177,AAPL,3213100,3213196,96,205,55,126,167,919
19973292411177,AMZN,18538489,18539900,1411,32,40,391,264,1705
19973292411177,GOOGL,14379950,14380310,360,40,10,285,211,1650
19973292411177,MSFT,1738000,1738200,200,1827,100,77,112,949
19973292411177,TSLA,6390624,6390900,276,50,16,349,302,1291
19980056513712,AAPL,3213100,3213196,96,205,31,126,168,918
19980056513712,AMZN,18538489,18539900,1411,17,40,391,265,1706
19980056513712,GOOGL,14379950,14380310,360,40,10,286,210,1655
19980056513712,MSFT,1738000,1738200,200,1827,85,77,112,949
19980056513712,TSLA,6390624,6390900,276,34,1,350,303,1294
19990159490156,AAPL,3213100,3213196,96,205,31,126,169,917
19990159490156,AMZN,18538349,18539900,1551,63,40,392,266,1709
19990159490156,GOOGL,14379950,14382453,2503,25,41,286,209,1668
19990159490156,MSFT,1738000,1738200,200,1727,70,77,112,945
19990159490156,TSLA,6390624,6391000,376,20,2,349,302,1291
20000631589349,AAPL,3213100,3213196,96,205,16,126,170,919
20000631589349,AMZN,18538349,18539900,1551,63,40,392,269,1711
20000631589349,GOOGL,14379950,14382453,2503,10,17,287,206,1674
20000631589349,MSFT,1738000,1738200,200,1627,70,77,112,942
20000631589349,TSLA,6390000,6390145,145,1272,100,347,301,1292
20011130462605,AAPL,3213100,3213196,96,205,16,126,171,917
20011130462605,AMZN,18538375,18538575,200,100,100,394,272,1716
20011130462605,GOOGL,14379300,14380325,1025,18,76,284,205,1678
20011130462605,MSFT,1738000,1738200,200,1627,55,78,112,943
20011130462605,TSLA,6390208,6394349,4141,100,55,347,299,1291
20020144992779,AAPL,3213100,3213196,96,205,1,126,170,924
20020144992779,AMZN,18538375,18538575,200,100,100,400,272,1724
20020144992779,GOOGL,14378474,14380325,1851,74,61,277,202,1687
20020144992779,MSFT,1738000,1738200,200,1422,40,78,111,943
20020144992779,TSLA,6390000,6391497,1497,1095,85,349,300,1305
20030206811816,AAPL,3213100,3213700,600,5,4,127,168,923
20030206811816,AMZN,18538375,18538575,200,100,100,400,272,1724
20030206811816,GOOGL,14378474,14380325,1851,29,38,272,201,1700
20030206811816,MSFT,1738000,1738200,200,1322,40,78,110,942
20030206811816,TSLA,6390000,6391497,1497,1067,85,349,300,1307
20040050403293,AAPL,3213100,3213800,700,5,19,127,167,924
20040050403293,AMZN,18538375,18538575,200,100,100,400,272,1724
20040050403293,GOOGL,14378474,14378566,92,14,100,272,202,1711
20040050403293,MSFT,1738000,1738200,200,1322,40,78,110,941
20040050403293,TSLA,6390000,6391497,1497,1021,85,349,302,1306
20050061408158,AAPL,3213100,3213900,800,5,19,127,166,923
20050061408158,AMZN,18538375,18538575,200,100,100,400,272,1724
20050061408158,GOOGL,14380619,14381280,661,40,83,274,199,1721
20050061408158,MSFT,1738000,1738200,200,1322,40,78,110,943
20050061408158,TSLA,6390000,6391497,1497,1021,70,350,302,1308
20060072222111,AAPL,3213100,3213131,31,5,100,127,166,923
20060072222111,AMZN,18538375,18538575,200,100,100,401,272,1725
20060072222111,GOOGL,14380619,14381280,661,40,51,273,199,1725
20060072222111,MSFT,1738000,1738200,200,1322,40,78,110,943
20060072222111,TSLA,6390000,6391497,1497,992,70,350,302,1311
20070487238904,AAPL,3213100,3213131,31,5,100,127,166,923
20070487238904,AMZN,18538349,18539900,1551,33,40,402,271,1725
20070487238904,GOOGL,14380619,14381280,661,25,34,273,199,1736
20070487238904,MSFT,1738000,1738200,200,1322,40,78,110,941
20070487238904,TSLA,6390000,6391497,1497,952,40,350,302,1311
20082099283131,AAPL,3213100,3213131,31,5,70,127,166,922
20082099283131,AMZN,18538349,18539900,1551,33,40,402,271,1725
20082099283131,GOOGL,14380619,14381280,661,25,17,273,199,1741
20082099283131,MSFT,1738000,1738200,200,1322,40,78,110,939
20082099283131,TSLA,6390000,6391497,1497,952,40,350,302,1311
20092868962112,AAPL,3213100,3213131,31,5,70,127,166,923
20092868962112,AMZN,18538057,18538257,200,100,100,402,272,1726
20092868962112,GOOGL,14380619,14383700,3081,25,12,273,198,1742
20092868962112,MSFT,1738000,1738200,200,1322,40,78,110,939
20092868962112,TSLA,6390000,6391497,1497,907,40,350,302,1311
20101266799378,AAPL,3213100,3213131,31,5,70,127,166,923
20101266799378,AMZN,18538057,18538257,200,100,100,402,272,1726
20101266799378,GOOGL,14381097,14381297,200,100,100,273,199,1743
20101266799378,MSFT,1738000,1738200,200,1322,40,78,110,939
20101266799378,TSLA,6390000,6391497,1497,907,40,350,302,1312
20110532357401,AAPL,3213100,3213131,31,5,70,127,166,923
20110532357401,AMZN,18538057,18538257,200,100,100,402,272,1726
20110532357401,GOOGL,14380619,14381297,678,25,85,273,199,1743
20110532357401,MSFT,1738000,1738200,200,1322,40,78,110,939
20110532357401,TSLA,6390000,6391497,1497,893,40,350,302,1312
20120013914573,AAPL,3213100,3213226,126,5,100,127,165,925
20120013914573,AMZN,18538057,18538257,200,100,100,402,272,1726
20120013914573,GOOGL,14380619,14381297,678,25,70,274,198,1742
20120013914573,MSFT,1738000,1738200,200,1322,40,78,110,939
20120013914573,TSLA,6390000,6391497,1497,863,40,352,302,1314
20130425127433,AAPL,3213100,3213226,126,5,87,127,165,926
20130425127433,AMZN,18538057,18538257,200,100,100,402,272,1726
20130425127433,GOOGL,14380619,14381297,678,25,57,274,199,1746
20130425127433,MSFT,1738000,1738200,200,1322,40,78,110,939
20130425127433,TSLA,6390000,6391497,1497,817,40,352,302,1314
20142057953048,AAPL,3213100,3213226,126,5,87,127,165,929
20142057953048,AMZN,18538057,18538257,200,100,100,404,273,1730
20142057953048,GOOGL,14379667,14381297,1630,85,57,272,198,1745
20142057953048,MSFT,1738000,1738200,200,1222,40,78,110,939
20142057953048,TSLA,6390000,6391497,1497,750,40,354,303,1317
20155157715101,AAPL,3213100,3213226,126,5,87,127,165,931
20155157715101,AMZN,18537726,18539900,2174,93,40,406,273,1733
20155157715101,GOOGL,14380800,14381297,497,4,29,273,197,1746
20155157715101,MSFT,1738000,1738200,200,1222,40,78,110,940
20155157715101,TSLA,6390000,6391497,1497,750,40,354,302,1316
20163630632845,AAPL,3213100,3213226,126,5,87,127,165,932
20163630632845,AMZN,18537957,18538157,200,100,100,409,276,1742
20163630632845,GOOGL,14380800,14381297,497,4,15,273,197,1746
20163630632845,MSFT,1738000,1738200,200,1122,40,78,110,940
20163630632845,TSLA,6390000,6391497,1497,750,40,354,303,1317
20170374526685,AAPL,3213100,3213226,126,5,87,127,163,931
20170374526685,AMZN,18537726,18539700,1974,93,20,409,275,1740
20170374526685,GOOGL,14380800,14381297,497,4,15,273,196,1749
20170374526685,MSFT,1738000,1738200,200,622,40,78,110,941
20170374526685,TSLA,6390000,6391497,1497,704,40,356,303,1318
20181441351514,AAPL,3213100,3213226,126,5,37,126,163,930
20181441351514,AMZN,18537957,18538157,200,100,100,409,276,1740
20181441351514,GOOGL,14380800,14381297,497,4,15,273,196,1752
20181441351514,MSFT,1738000,1738200,200,322,40,78,110,943
20181441351514,TSLA,6390000,6391497,1497,638,40,358,301,1320
20190393748413,AAPL,3213100,3213226,126,5,37,126,163,928
20190393748413,AMZN,18537726,18539700,1974,93,20,410,275,1739
20190393748413,GOOGL,14380800,14381297,497,4,15,273,196,1755
20190393748413,MSFT,1738000,1738200,200,322,40,79,111,951
20190393748413,TSLA,6390000,6391497,1497,638,40,358,301,1320
20201978848031,AAPL,3213100,3213239,139,5,100,126,162,928
20201978848031,AMZN,18537957,18538157,200,100,100,409,276,1739
20201978848031,GOOGL,14380800,14381297,497,4,15,273,196,1757
20201978848031,MSFT,1738000,1738200,200,238,40,79,111,957
20201978848031,TSLA,6391156,6391356,200,100,100,358,301,1321
20210623667984,AAPL,3213100,3214100,1000,5,69,126,161,928
20210623667984,AMZN,18537726,18539700,1974,43,20,410,280,1745
20210623667984,GOOGL,14380800,14381297,497,4,15,273,195,1757
20210623667984,MSFT,1738000,1738200,200,181,40,79,111,960
20210623667984,TSLA,6391770,6394349,2579,85,45,361,298,1322
20220522066247,AAPL,3213100,3213239,139,5,100,126,162,934
20220522066247,AMZN,18537957,18538157,200,100,100,410,281,1746
20220522066247,GOOGL,14380800,14381297,497,4,15,273,195,1757
20220522066247,MSFT,1738000,1738200,200,181,40,79,111,960
20220522066247,TSLA,6394318,6394518,200,100,100,362,298,1323
20230109547139,AAPL,3213100,3214100,1000,5,69,126,160,934
20230109547139,AMZN,18537726,18539700,1974,43,20,410,281,1748
20230109547139,GOOGL,14380800,14381297,497,4,15,273,195,1757
20230109547139,MSFT,1738000,1738200,200,181,40,79,111,961
20230109547139,TSLA,6395527,6395727,200,100,100,365,299,1328
20241516351954,AAPL,3213100,3214100,1000,5,69,126,161,934
20241516351954,AMZN,18537957,18538157,200,100,100,410,282,1749
20241516351954,GOOGL,14380800,14381297,497,4,15,273,195,1761
20241516351954,MSFT,1738000,1738200,200,181,40,79,111,961
20241516351954,TSLA,6395527,6395727,200,100,100,365,299,1329
20250303517655,AAPL,3213100,3213700,600,5,30,127,162,937
20250303517655,AMZN,18537957,18538157,200,100,100,410,283,1756
20250303517655,GOOGL,14380800,14381700,900,4,24,273,193,1768
20250303517655,MSFT,1738000,1738200,200,181,40,79,111,962
20250303517655,TSLA,6395527,6398000,2473,69,7,365,298,1328
20260368541311,AAPL,3213100,3213239,139,5,70,127,162,936
20260368541311,AMZN,18537957,18539700,1743,85,20,411,284,1760
20260368541311,GOOGL,14380236,14381700,1464,53,9,274,192,1769
20260368541311,MSFT,1738000,1738200,200,181,40,79,111,964
20260368541311,TSLA,6395527,6396848,1321,69,100,365,296,1326
20270209189955,AAPL,3213100,3213254,154,5,42,127,162,938
20270209189955,AMZN,18538057,18538257,200,100,100,411,286,1766
20270209189955,GOOGL,14380236,14381700,1464,38,9,274,190,1777
20270209189955,MSFT,1738000,1738200,200,181,40,79,111,969
20270209189955,TSLA,6395252,6396848,1596,21,55,364,296,1324
20280185903011,AAPL,3213100,3213254,154,5,12,127,161,940
20280185903011,AMZN,18538095,18538295,200,100,100,414,287,1769
20280185903011,GOOGL,14380236,14381700,1464,38,9,276,188,1784
20280185903011,MSFT,1738000,1738200,200,181,40,79,111,978
20280185903011,TSLA,6395252,6400000,4748,21,173,362,293,1320
20290396987322,AAPL,3213100,3213269,169,5,57,127,161,940
20290396987322,AMZN,18538062,18538262,200,100,100,417,286,1767
20290396987322,GOOGL,14380236,14381700,1464,38,9,276,189,1794
20290396987322,MSFT,1737900,1738200,300,795,40,78,111,979
20290396987322,TSLA,6395252,6396726,1474,6,40,363,297,1323
20300358366918,AAPL,3213100,3213269,169,5,12,127,163,940
20300358366918,AMZN,18538012,18539700,1688,85,20,419,284,1763
20300358366918,GOOGL,14380236,14381700,1464,38,9,276,189,1808
20300358366918,MSFT,1737900,1738200,300,795,40,78,111,984
20300358366918,TSLA,6395252,6396726,1474,1,25,363,297,1322
20311260819795,AAPL,3213100,3213269,169,5,12,127,162,940
20311260819795,AMZN,18538025,18538216,191,70,100,421,285,1766
20311260819795,GOOGL,14380236,14381700,1464,38,9,278,190,1822
20311260819795,MSFT,1737900,1738200,300,795,40,78,112,991
20311260819795,TSLA,6394904,6394916,12,72,55,367,298,1326
20320201456285,AAPL,3213100,3213132,32,5,100,127,163,944
20320201456285,AMZN,18538012,18538210,198,5,100,423,284,1766
20320201456285,GOOGL,14380236,14381700,1464,38,9,277,191,1830
20320201456285,MSFT,1737900,1738200,300,795,40,78,116,994
20320201456285,TSLA,6394904,6394916,12,72,40,367,298,1326
20330207307696,AAPL,3213100,3213132,32,5,100,127,162,943
20330207307696,AMZN,18538010,18539700,1690,15,20,432,282,1768
20330207307696,GOOGL,14380236,14381700,1464,38,9,278,191,1838
20330207307696,MSFT,1737900,1738200,300,795,40,78,117,994
20330207307696,TSLA,6394904,6394916,12,72,25,368,300,1329
20340108050522,AAPL,3213100,3213800,700,5,15,128,160,943
20340108050522,AMZN,18537972,18539700,1728,85,20,432,281,1769
20340108050522,GOOGL,14380236,14381700,1464,23,9,278,191,1845
20340108050522,MSFT,1737900,1738200,300,195,40,78,118,991
20340108050522,TSLA,6394904,6394916,12,72,10,369,305,1335
20350059895198,AAPL,3213100,3213700,600,5,30,128,163,945
20350059895198,AMZN,18537957,18538157,200,162,100,431,280,1763
20350059895198,GOOGL,14380236,14381700,1464,23,9,279,192,1858
20350059895198,MSFT,1737800,1738200,400,495,40,77,119,1003
20350059895198,TSLA,6394904,6394916,12,67,10,369,305,1336
20360574377392,AAPL,3213100,3213700,600,5,15,129,163,946
20360574377392,AMZN,18537957,18539700,1743,47,20,433,278,1761
20360574377392,GOOGL,14380236,14381700,1464,23,9,279,192,1867
20360574377392,MSFT,1737800,1738200,400,495,40,78,120,1015
20360574377392,TSLA,6394904,6394931,27,67,100,369,306,1335
20370043426633,AAPL,3213100,3214100,1000,5,39,129,161,941
20370043426633,AMZN,18537957,18538157,200,147,100,433,279,1763
20370043426633,GOOGL,14380236,14381700,1464,23,9,279,192,1877
20370043426633,MSFT,1737800,1738200,400,495,40,78,120,1018
20370043426633,TSLA,6394904,6394931,27,67,85,369,307,1336
20380731427752,AAPL,3213100,3213282,182,5,85,129,164,946
20380731427752,AMZN,18537957,18538157,200,147,100,434,279,1765
20380731427752,GOOGL,14380904,14381104,200,100,100,279,191,1892
20380731427752,MSFT,1737800,1738200,400,495,40,78,121,1019
20380731427752,TSLA,6396383,6396583,200,100,100,369,306,1336
20390487211079,AAPL,3213000,3213282,282,546,40,128,165,945
20390487211079,AMZN,18537957,18538157,200,147,100,433,278,1763
20390487211079,GOOGL,14380904,14381104,200,100,100,279,192,1904
20390487211079,MSFT,1737800,1738200,400,495,40,78,121,1026
20390487211079,TSLA,6394904,6395017,113,39,6,372,307,1340
20400069358937,AAPL,3213000,3213200,200,546,30,128,166,946
20400069358937,AMZN,18537957,18538157,200,147,100,433,278,1763
20400069358937,GOOGL,14380236,14381104,868,23,85,280,192,1909
20400069358937,MSFT,1737800,1738200,400,495,40,78,121,1031
20400069358937,TSLA,6394729,6394929,200,100,100,371,308,1340
20410344301932,AAPL,3213000,3213200,200,546,30,128,166,946
20410344301932,AMZN,18537957,18538157,200,147,100,433,278,1763
20410344301932,GOOGL,14380236,14381104,868,23,85,280,192,1910
20410344301932,MSFT,1737800,1738200,400,495,40,78,121,1037
20410344301932,TSLA,6394698,6394929,231,31,85,370,308,1340
20420098870640,AAPL,3213000,3213200,200,532,30,128,166,943
20420098870640,AMZN,18537957,18538157,200,147,100,433,278,1763
20420098870640,GOOGL,14380236,14381104,868,23,85,280,192,1910
20420098870640,MSFT,1737800,1738200,400,495,40,78,121,1040
20420098870640,TSLA,6393789,6394929,1140,13,85,370,308,1342
20433973006699,AAPL,3213000,3213100,100,532,30,128,167,944
20433973006699,AMZN,18537957,18538157,200,147,100,432,279,1763
20433973006699,GOOGL,14380236,14381104,868,23,85,280,192,1911
20433973006699,MSFT,1737800,1738200,400,495,40,78,121,1042
20433973006699,TSLA,6393587,6394929,1342,48,85,369,308,1342
20440109775875,AAPL,3213000,3213100,100,472,30,128,166,940
20440109775875,AMZN,18537957,18539700,1743,47,20,434,278,1765
20440109775875,GOOGL,14380236,14381104,868,23,85,281,192,1913
20440109775875,MSFT,1737800,1738200,400,495,40,78,121,1050
20440109775875,TSLA,6394454,6394654,200,100,100,370,308,1342
20450770418536,AAPL,3213000,3213200,200,442,11,128,165,938
20450770418536,AMZN,18537957,18539700,1743,47,20,436,278,1767
20450770418536,GOOGL,14380236,14381104,868,23,85,282,191,1912
20450770418536,MSFT,1737800,1738200,400,495,40,79,121,1059
20450770418536,TSLA,6394908,6396689,1781,100,51,370,307,1344
20460158414567,AAPL,3213000,3213282,282,382,36,128,165,936
20460158414567,AMZN,18537957,18538157,200,147,100,435,280,1773
20460158414567,GOOGL,14380236,14381104,868,23,85,283,193,1922
20460158414567,MSFT,1737800,1738200,400,495,40,79,121,1065
20460158414567,TSLA,6394428,6394628,200,100,100,369,308,1347
20470700968309,AAPL,3213000,3213282,282,352,6,128,165,936
20470700968309,AMZN,18537957,18538157,200,147,100,435,280,1773
20470700968309,GOOGL,14380236,14381104,868,23,75,283,193,1928
20470700968309,MSFT,1737800,1738200,400,495,40,79,121,1066
20470700968309,TSLA,6394174,6394628,454,68,85,369,306,1344
20480256951484,AAPL,3213000,3213262,262,322,40,126,162,930
20480256951484,AMZN,18537957,18538157,200,147,100,436,281,1775
20480256951484,GOOGL,14380236,14381104,868,23,75,283,195,1940
20480256951484,MSFT,1737800,1738200,400,495,40,79,124,1067
20480256951484,TSLA,6394174,6394643,469,68,85,369,309,1345
20490029725423,AAPL,3213000,3213262,262,322,25,126,163,930
20490029725423,AMZN,18537957,18538157,200,147,100,436,281,1775
20490029725423,GOOGL,14380236,14381104,868,23,45,283,195,1945
20490029725423,MSFT,1737800,1738200,400,295,40,79,124,1066
20490029725423,TSLA,6394174,6394643,469,14,85,369,309,1345
20500128950780,AAPL,3213077,3213277,200,100,100,126,166,934
20500128950780,AMZN,18537957,18539700,1743,17,20,438,280,1773
20500128950780,GOOGL,14380236,14381104,868,23,45,283,195,1953
20500128950780,MSFT,1737800,1738200,400,295,40,79,126,1065
20500128950780,TSLA,6392794,6392894,100,84,100,367,309,1347
20510636173302,AAPL,3213000,3213277,277,322,70,126,166,934
20510636173302,AMZN,18537957,18538157,200,102,100,438,281,1776
20510636173302,GOOGL,14380236,14381104,868,23,45,283,195,1971
20510636173302,MSFT,1737800,1738200,400,295,40,79,129,1065
20510636173302,TSLA,6392183,6392551,368,32,40,368,311,1353
20520173436489,AAPL,3213000,3213277,277,322,55,126,165,933
20520173436489,AMZN,18537957,18538157,200,102,100,438,281,1776
20520173436489,GOOGL,14380236,14381104,868,23,45,283,195,1979
20520173436489,MSFT,1737800,1738200,400,295,40,79,129,1065
20520173436489,TSLA,6391820,6392551,731,26,40,367,311,1354
20530200533560,AAPL,3213000,3213277,277,322,55,126,165,933
20530200533560,AMZN,18537957,18538157,200,102,100,438,281,1776
20530200533560,GOOGL,14380236,14381104,868,23,45,283,195,1981
20530200533560,MSFT,1737800,1738200,400,295,40,79,129,1065
20530200533560,TSLA,6391820,6392000,180,26,100,368,312,1359
20540274217701,AAPL,3213000,3213277,277,292,55,126,165,932
20540274217701,AMZN,18537957,18539700,1743,2,20,440,280,1777
20540274217701,GOOGL,14380236,14381104,868,23,45,283,195,1989
20540274217701,MSFT,1737800,1738200,400,295,40,79,129,1066
20540274217701,TSLA,6390650,6392000,1350,3,85,367,312,1356
20551095105913,AAPL,3213000,3213277,277,292,40,126,164,930
20551095105913,AMZN,18537957,18538157,200,102,100,439,281,1779
20551095105913,GOOGL,14380236,14381104,868,23,45,283,195,1998
20551095105913,MSFT,1737800,1738200,400,195,40,79,129,1070
20551095105913,TSLA,6390000,6392000,2000,604,85,365,313,1358
20560189530222,AAPL,3213000,3213277,277,232,25,126,165,931
20560189530222,AMZN,18537957,18538157,200,102,100,439,281,1779
20560189530222,GOOGL,14380236,14381104,868,23,45,283,195,2003
20560189530222,MSFT,1737800,1738200,400,195,40,79,129,1071
20560189530222,TSLA,6390000,6390086,86,604,85,368,313,1361
20570504759901,AAPL,3213000,3213277,277,172,10,126,166,931
20570504759901,AMZN,18537957,18538157,200,102,100,441,281,1779
20570504759901,GOOGL,14380236,14381104,868,23,45,283,195,2011
20570504759901,MSFT,1737800,1738200,400,195,40,79,129,1071
20570504759901,TSLA,6390000,6390086,86,583,55,368,312,1364
20580008829376,AAPL,3213000,3213077,77,172,85,126,171,938
20580008829376,AMZN,18537957,18539700,1743,2,20,441,280,1779
20580008829376,GOOGL,14380236,14381104,868,23,45,283,195,2020
20580008829376,MSFT,1737800,1738200,400,195,40,79,129,1072
20580008829376,TSLA,6390000,6390101,101,483,100,368,314,1366
20590513355582,AAPL,3213000,3213077,77,82,85,126,172,939
20590513355582,AMZN,18537957,18539700,1743,45,20,442,280,1781
20590513355582,GOOGL,14380236,14381104,868,23,45,283,195,2024
20590513355582,MSFT,1737800,1738200,400,195,40,79,129,1072
20590513355582,TSLA,6390000,6390101,101,461,100,369,314,1369
20600048757770,AAPL,3213000,3213077,77,52,55,125,173,938
20600048757770,AMZN,18537944,18539700,1756,95,20,442,280,1784
20600048757770,GOOGL,14380236,14381104,868,23,45,284,195,2037
20600048757770,MSFT,1737800,1738200,400,195,40,79,129,1073
20600048757770,TSLA,6390000,6390101,101,461,100,369,318,1377
20612881608053,AAPL,3213000,3213077,77,52,55,125,174,943
20612881608053,AMZN,18537944,18538133,189,80,100,443,281,1787
20612881608053,GOOGL,14380236,14381104,868,23,45,284,195,2039
20612881608053,MSFT,1737800,1738200,400,195,40,79,129,1072
20612881608053,TSLA,6390000,6390101,101,421,100,369,319,1382
20620751725332,AAPL,3213000,3213077,77,22,55,125,175,946
20620751725332,AMZN,18537944,18538133,189,80,100,443,281,1787
20620751725332,GOOGL,14380236,14381104,868,23,45,284,195,2039
20620751725332,MSFT,1737800,1738200,400,195,40,79,129,1071
20620751725332,TSLA,6390000,6390101,101,221,100,369,319,1381
20630476095715,AAPL,3213000,3213077,77,22,55,125,175,946
20630476095715,AMZN,18537944,18539700,1756,80,20,442,280,1785
20630476095715,GOOGL,14380236,14381104,868,23,45,284,195,2053
20630476095715,MSFT,1737800,1738200,400,195,40,79,129,1071
20630476095715,TSLA,6390000,6390101,101,186,55,369,319,1379
20641971979728,AAPL,3213000,3213077,77,22,55,125,176,948
20641971979728,AMZN,18537944,18539700,1756,80,20,442,280,1785
20641971979728,GOOGL,14380236,14381104,868,23,45,285,195,2060
20641971979728,MSFT,1737800,1738200,400,195,40,79,129,1073
20641971979728,TSLA,6390000,6390101,101,122,55,369,319,1394
20650333424114,AAPL,3213000,3213100,100,22,55,124,174,946
20650333424114,AMZN,18537944,18539700,1756,80,20,440,280,1782
20650333424114,GOOGL,14380236,14381104,868,23,45,285,195,2070
20650333424114,MSFT,1737800,1738200,400,195,40,79,129,1075
20650333424114,TSLA,6390000,6390101,101,47,40,370,320,1402
20660183909100,AAPL,3212500,3212502,2,487,100,122,175,945
20660183909100,AMZN,18537944,18538133,189,80,100,440,281,1783
20660183909100,GOOGL,14380236,14381104,868,23,45,285,195,2071
20660183909100,MSFT,1737800,1738200,400,195,40,79,129,1075
20660183909100,TSLA,6389900,6390101,201,17,40,368,318,1416
20670140288963,AAPL,3212500,3212542,42,427,100,122,176,944
20670140288963,AMZN,18537944,18539700,1756,35,20,441,279,1780
20670140288963,GOOGL,14380236,14381104,868,23,45,287,195,2079
20670140288963,MSFT,1737800,1738200,400,195,40,79,129,1076
20670140288963,TSLA,6389400,6390101,701,4,25,366,318,1412
20680917056198,AAPL,3212500,3212700,200,306,13,121,177,947
20680917056198,AMZN,18537824,18538024,200,100,100,443,280,1778
20680917056198,GOOGL,14380236,14381104,868,23,45,289,195,2092
20680917056198,MSFT,1737800,1738200,400,195,40,79,129,1077
20680917056198,TSLA,6389100,6390300,1200,34,123,364,318,1411
20690339417958,AAPL,3212500,3212800,300,246,60,121,181,952
20690339417958,AMZN,18537464,18537664,200,100,100,443,280,1778
20690339417958,GOOGL,14380236,14381104,868,23,45,293,195,2104
20690339417958,MSFT,1737800,1738200,400,195,40,79,130,1077
20690339417958,TSLA,6389000,6390300,1300,64,63,363,318,1405
20700927144182,AAPL,3212500,3212800,300,216,90,121,182,955
20700927144182,AMZN,18537664,18539700,2036,85,20,449,279,1780
20700927144182,GOOGL,14380236,14381104,868,23,45,295,194,2116
20700927144182,MSFT,1737800,1738200,400,95,40,79,130,1075
20700927144182,TSLA,6389000,6390300,1300,34,3,363,318,1401
20710116646971,AAPL,3212500,3212800,300,186,120,121,182,966
20710116646971,AMZN,18537664,18539700,2036,85,20,449,279,1777
20710116646971,GOOGL,14380236,14381104,868,23,45,295,194,2118
20710116646971,MSFT,1737800,1738200,400,95,40,79,130,1076
20710116646971,TSLA,6389000,6390300,1300,34,3,363,319,1405
20720796244286,AAPL,3212500,3212800,300,186,120,121,182,967
20720796244286,AMZN,18537664,18539700,2036,85,20,449,279,1777
20720796244286,GOOGL,14380236,14381104,868,23,45,296,194,2121
20720796244286,MSFT,1737700,1738200,500,1795,40,78,130,1075
20720796244286,TSLA,6389116,6389316,200,100,100,363,319,1405
20730236063721,AAPL,3212500,3212800,300,156,150,121,182,968
20730236063721,AMZN,18537664,18539700,2036,85,20,450,279,1778
20730236063721,GOOGL,14380236,14381104,868,23,45,296,194,2126
20730236063721,MSFT,1737700,1738200,500,1795,40,78,130,1078
20730236063721,TSLA,6388900,6389316,416,6,70,362,317,1396
20740247668298,AAPL,3212500,3212800,300,156,120,121,183,966
20740247668298,AMZN,18537749,18539700,1951,85,20,449,280,1783
20740247668298,GOOGL,14380236,14381104,868,23,45,296,194,2130
20740247668298,MSFT,1737700,1738200,500,1795,40,78,130,1080
20740247668298,TSLA,6388400,6389316,916,49,55,357,316,1386
20750183604275,AAPL,3212500,3212600,100,156,30,121,185,967
20750183604275,AMZN,18537776,18537976,200,100,100,449,283,1790
20750183604275,GOOGL,14380236,14381104,868,23,30,296,194,2144
20750183604275,MSFT,1737700,1738200,500,1795,40,78,132,1083
20750183604275,TSLA,6388400,6389031,631,17,59,357,318,1387
20760189942268,AAPL,3212500,3212600,100,126,30,121,185,969
20760189942268,AMZN,18537749,18539700,1951,59,20,449,283,1789
20760189942268,GOOGL,14380236,14381104,868,23,30,296,194,2153
20760189942268,MSFT,1737700,1738200,500,1795,40,78,132,1080
20760189942268,TSLA,6388300,6389031,731,16,29,356,320,1389
20770033556933,AAPL,3212500,3212600,100,126,30,121,186,972
20770033556933,AMZN,18537776,18537976,200,100,100,449,285,1793
20770033556933,GOOGL,14380236,14381104,868,23,15,296,194,2157
20770033556933,MSFT,1737700,1738200,500,1795,40,78,132,1079
20770033556933,TSLA,6388300,6388446,146,16,85,357,322,1397
20780060971945,AAPL,3212500,3212600,100,36,19,121,186,976
20780060971945,AMZN,18537776,18537976,200,100,100,451,287,1815
20780060971945,GOOGL,14380236,14381104,868,23,15,296,194,2165
20780060971945,MSFT,1737700,1738200,500,1795,40,78,132,1072
20780060971945,TSLA,6388300,6388446,146,16,44,359,324,1406
20790469069475,AAPL,3212500,3212600,100,36,4,121,187,976
20790469069475,AMZN,18537776,18537976,200,100,100,451,288,1824
20790469069475,GOOGL,14380236,14381104,868,23,15,297,194,2171
20790469069475,MSFT,1737700,1738200,500,1795,40,78,132,1069
20790469069475,TSLA,6388300,6388446,146,16,44,359,325,1409
20800264115255,AAPL,3212500,3212700,200,36,79,121,187,980
20800264115255,AMZN,18537776,18539700,1924,85,20,453,287,1830
20800264115255,GOOGL,14380236,14381104,868,23,15,299,194,2182
20800264115255,MSFT,1737700,1738200,500,1795,40,78,132,1071
20800264115255,TSLA,6388300,6389500,1200,16,8,362,328,1416
20810945048033,AAPL,3212500,3212700,200,36,69,121,188,986
20810945048033,AMZN,18537776,18539700,1924,85,20,455,287,1836
20810945048033,GOOGL,14380236,14381104,868,23,15,301,194,2183
20810945048033,MSFT,1737700,1738200,500,1795,40,78,132,1073
20810945048033,TSLA,6388300,6389500,1200,16,8,363,329,1420
20820289326893,AAPL,3212500,3212700,200,36,54,121,188,985
20820289326893,AMZN,18537776,18537975,199,85,100,457,288,1839
20820289326893,GOOGL,14380236,14381104,868,23,15,301,194,2187
20820289326893,MSFT,1737700,1738200,500,1795,40,78,132,1075
20820289326893,TSLA,6388300,6388361,61,16,100,364,329,1432
20830759631390,AAPL,3212500,3212700,200,36,24,120,189,984
20830759631390,AMZN,18537776,18537975,199,85,100,461,288,1844
20830759631390,GOOGL,14380919,14381119,200,100,100,301,194,2197
20830759631390,MSFT,1737700,1738200,500,1395,40,78,132,1071
20830759631390,TSLA,6388300,6390100,1800,16,34,364,328,1430
20841201593259,AAPL,3212500,3212700,200,36,9,120,189,984
20841201593259,AMZN,18537776,18537975,199,85,100,460,288,1846
20841201593259,GOOGL,14380236,14383700,3464,23,5,302,193,2199
20841201593259,MSFT,1737700,1738200,500,1395,40,78,132,1071
20841201593259,TSLA,6388300,6388361,61,11,50,365,331,1434
20850458819181,AAPL,3212500,3212800,300,36,159,120,188,984
20850458819181,AMZN,18537776,18539700,1924,70,20,461,287,1847
20850458819181,GOOGL,14392312,14396433,4121,100,76,306,192,2208
20850458819181,MSFT,1737700,1738200,500,1395,40,78,132,1071
20850458819181,TSLA,6388000,6388361,361,93,50,364,331,1427
20860121845828,AAPL,3212500,3212800,300,36,144,120,187,985
20860121845828,AMZN,18537776,18537975,199,70,100,463,288,1851
20860121845828,GOOGL,14393324,14396433,3109,50,76,306,191,2208
20860121845828,MSFT,1737700,1738200,500,1395,40,78,132,1071
20860121845828,TSLA,6388000,6388361,361,58,50,367,332,1432
20870483058587,AAPL,3212500,3212800,300,36,144,120,187,986
20870483058587,AMZN,18537776,18539700,1924,70,20,464,287,1851
20870483058587,GOOGL,14393324,14393964,640,50,100,305,192,2206
20870483058587,MSFT,1737700,1738200,500,1095,40,78,132,1071
20870483058587,TSLA,6388000,6388361,361,7,50,367,332,1431
20880303494676,AAPL,3212500,3212800,300,36,144,120,187,986
20880303494676,AMZN,18537776,18537975,199,70,100,466,290,1859
20880303494676,GOOGL,14393324,14393964,640,50,85,305,192,2209
20880303494676,MSFT,1737700,1738200,500,495,40,78,132,1066
20880303494676,TSLA,6388000,6388361,361,7,50,367,332,1434
20891462921447,AAPL,3212500,3212800,300,36,144,120,187,985
20891462921447,AMZN,18537776,18537975,199,70,100,467,290,1860
20891462921447,GOOGL,14393324,14393964,640,50,55,305,192,2213
20891462921447,MSFT,1737700,1738200,500,495,40,78,133,1071
20891462921447,TSLA,6388000,6388361,361,7,50,367,332,1438
20900134928456,AAPL,3212500,3212800,300,36,144,120,187,985
20900134928456,AMZN,18537776,18539700,1924,70,20,468,294,1875
20900134928456,GOOGL,14393324,14393964,640,50,55,305,192,2227
20900134928456,MSFT,1737700,1738200,500,495,40,78,133,1068
20900134928456,TSLA,6388000,6390100,2100,7,19,370,333,1443
20910054531455,AAPL,3212500,3212800,300,36,144,120,188,991
20910054531455,AMZN,18537776,18539700,1924,55,20,471,294,1885
20910054531455,GOOGL,14392640,14393964,1324,95,55,306,192,2232
20910054531455,MSFT,1737700,1738200,500,495,40,78,133,1070
20910054531455,TSLA,6387900,6388261,361,22,70,369,335,1449
20920190359257,AAPL,3212500,3212800,300,36,144,120,188,996
20920190359257,AMZN,18537776,18537975,199,55,100,473,295,1894
20920190359257,GOOGL,14392640,14393964,1324,95,10,305,192,2239
20920190359257,MSFT,1737700,1738200,500,495,40,78,133,1069
20920190359257,TSLA,6387900,6388261,361,22,70,370,336,1455
20930018487315,AAPL,3212500,3212800,300,36,129,120,188,996
20930018487315,AMZN,18537776,18539700,1924,55,20,474,294,1896
20930018487315,GOOGL,14392640,14396433,3793,80,71,305,191,2247
20930018487315,MSFT,1737700,1738200,500,495,40,78,134,1069
20930018487315,TSLA,6387900,6388261,361,22,70,371,336,1456
20940421977492,AAPL,3212500,3212800,300,36,114,120,188,998
20940421977492,AMZN,18537776,18539700,1924,55,20,474,294,1900
20940421977492,GOOGL,14392640,14393632,992,80,100,305,192,2252
20940421977492,MSFT,1737700,1738200,500,495,40,78,136,1068
20940421977492,TSLA,6387800,6388261,461,57,70,370,336,1450
20950155173181,AAPL,3212500,3212800,300,36,93,120,188,1001
20950155173181,AMZN,18537776,18539700,1924,55,20,479,294,1909
20950155173181,GOOGL,14392640,14393632,992,80,79,304,192,2262
20950155173181,MSFT,1737700,1738200,500,495,25,76,136,1068
20950155173181,TSLA,6387800,6388261,461,28,29,372,337,1450
20960173318063,AAPL,3212500,3212800,300,36,93,121,188,1003
20960173318063,AMZN,18537776,18537975,199,40,100,480,295,1910
20960173318063,GOOGL,14392640,14393632,992,80,79,305,192,2264
20960173318063,MSFT,1737800,1738200,400,160,25,77,137,1068
20960173318063,TSLA,6387700,6388261,561,35,29,371,337,1449
20970086758237,AAPL,3212500,3212800,300,36,43,121,188,1003
20970086758237,AMZN,18537776,18539700,1924,10,20,481,294,1909
20970086758237,GOOGL,14392640,14393632,992,71,49,305,194,2271
20970086758237,MSFT,1738000,1738200,200,150,25,78,138,1069
20970086758237,TSLA,6387700,6388261,561,35,29,372,337,1450
20981359128737,AAPL,3212500,3212800,300,36,43,121,188,1005
20981359128737,AMZN,18537761,18537961,200,85,100,480,295,1913
20981359128737,GOOGL,14392640,14393632,992,71,34,305,194,2277
20981359128737,MSFT,1738000,1738200,200,150,25,78,138,1066
20981359128737,TSLA,6387926,6388126,200,100,100,372,337,1453
20990871709995,AAPL,3212500,3212800,300,36,16,121,187,1003
20990871709995,AMZN,18537761,18539700,1939,73,20,481,294,1912
20990871709995,GOOGL,14392640,14393653,1013,71,73,305,195,2289
20990871709995,MSFT,1738000,1738200,200,150,25,78,138,1065
20990871709995,TSLA,6387600,6388076,476,27,85,371,337,1447
21000012725020,AAPL,3212500,3212800,300,36,16,121,188,1005
21000012725020,AMZN,18537761,18539700,1939,73,20,481,294,1911
21000012725020,GOOGL,14392640,14393653,1013,71,58,305,195,2293
21000012725020,MSFT,1738100,1738200,100,150,25,79,138,1068
21000012725020,TSLA,6387500,6388076,576,343,85,371,338,1448
21011678731667,AAPL,3212500,3212800,300,36,16,121,188,1006
21011678731667,AMZN,18537761,18537952,191,73,100,482,295,1915
21011678731667,GOOGL,14392640,14393653,1013,56,28,304,195,2301
21011678731667,MSFT,1738200,1738400,200,122,1178,80,138,1067
21011678731667,TSLA,6387300,6387900,600,156,12,370,341,1451
21020165421200,AAPL,3212500,3212800,300,36,16,120,187,1004
21020165421200,AMZN,18537761,18539700,1939,73,20,483,294,1915
21020165421200,GOOGL,14393468,14393668,200,100,100,304,195,2305
21020165421200,MSFT,1738200,1738400,200,122,1178,80,138,1066
21020165421200,TSLA,6387500,6387900,400,70,12,373,342,1461
21030487369410,AAPL,3212500,3212800,300,36,16,119,186,1002
21030487369410,AMZN,18537761,18539700,1939,73,20,484,294,1917
21030487369410,GOOGL,14392640,14393668,1028,56,85,304,195,2307
21030487369410,MSFT,1738300,1738400,100,145,1050,81,140,1068
21030487369410,TSLA,6387500,6388076,576,70,27,374,341,1468
21040299915423,AAPL,3212500,3212800,300,36,16,119,186,1008
21040299915423,AMZN,18537761,18539700,1939,58,20,484,294,1918
21040299915423,GOOGL,14392640,14393668,1028,56,85,304,195,2312
21040299915423,MSFT,1738300,1738400,100,145,1047,80,141,1068
21040299915423,TSLA,6387500,6388076,576,70,12,376,342,1474
21050895931069,AAPL,3212500,3212800,300,36,16,119,186,1009
21050895931069,AMZN,18537761,18537952,191,58,100,485,295,1920
21050895931069,GOOGL,14392640,14393668,1028,56,85,304,195,2316
21050895931069,MSFT,1738300,1738400,100,145,1047,80,142,1069
21050895931069,TSLA,6388091,6388291,200,100,100,376,342,1475
21061539133596,AAPL,3212500,3212800,300,36,16,119,186,1009
21061539133596,AMZN,18537761,18537952,191,58,100,485,295,1920
21061539133596,GOOGL,14392640,14393668,1028,41,85,304,195,2318
21061539133596,MSFT,1738300,1738400,100,145,1047,80,142,1070
21061539133596,TSLA,6388091,6388291,200,100,100,376,342,1474
21070338666632,AAPL,3212500,3212800,300,36,16,119,186,1010
21070338666632,AMZN,18537761,18537952,191,58,100,485,295,1920
21070338666632,GOOGL,14392640,14393668,1028,41,85,304,195,2320
21070338666632,MSFT,1738300,1738400,100,145,1047,80,142,1070
21070338666632,TSLA,6387500,6388291,791,70,44,377,342,1476
21086644359254,AAPL,3212500,3212800,300,36,16,119,186,1013
21086644359254,AMZN,18537761,18537952,191,58,100,486,295,1922
21086644359254,GOOGL,14392640,14393668,1028,41,85,304,195,2322
21086644359254,MSFT,1738300,1738400,100,145,1047,80,142,1074
21086644359254,TSLA,6387500,6388291,791,270,44,377,342,1479
21090247755623,AAPL,3212500,3212800,300,36,16,119,186,1013
21090247755623,AMZN,18537761,18537952,191,58,100,486,295,1922
21090247755623,GOOGL,14392640,14393668,1028,41,85,304,195,2323
21090247755623,MSFT,1738300,1738400,100,145,1047,80,142,1074
21090247755623,TSLA,6387500,6388291,791,270,44,377,342,1478
21102731773417,AAPL,3212500,3212800,300,36,16,119,186,1013
21102731773417,AMZN,18537761,18539700,1939,58,20,486,294,1920
21102731773417,GOOGL,14391860,14393668,1808,76,85,302,195,2321
21102731773417,MSFT,1738300,1738400,100,145,1047,80,142,1076
21102731773417,TSLA,6387500,6388291,791,310,44,377,343,1481
21110049873672,AAPL,3212500,3212900,400,36,39,119,185,1008
21110049873672,AMZN,18537761,18537952,191,58,100,486,295,1922
21110049873672,GOOGL,14391860,14393668,1808,76,85,302,195,2330
21110049873672,MSFT,1738300,1738400,100,145,1047,80,144,1075
21110049873672,TSLA,6400000,6400100,100,2776,16,378,330,1444
21120051216883,AAPL,3212500,3212900,400,36,24,119,187,1007
21120051216883,AMZN,18537761,18537952,191,43,100,487,295,1923
21120051216883,GOOGL,14391860,14393668,1808,76,85,302,195,2337
21120051216883,MSFT,1738300,1738400,100,145,1047,80,145,1074
21120051216883,TSLA,6400100,6400200,100,384,14,381,329,1453
21130186372166,AAPL,3212500,3213100,600,36,49,119,186,1006
21130186372166,AMZN,18537761,18537952,191,43,100,488,295,1924
21130186372166,GOOGL,14391860,14393668,1808,76,85,302,195,2344
21130186372166,MSFT,1738300,1738400,100,145,1047,80,147,1076
21130186372166,TSLA,6400100,6400900,800,394,13,384,323,1446
21140712794057,AAPL,3212500,3213100,600,36,49,119,185,1007
21140712794057,AMZN,18537761,18537952,191,43,100,488,293,1924
21140712794057,GOOGL,14391860,14393668,1808,76,85,303,196,2354
21140712794057,MSFT,1738300,1738400,100,145,1047,80,148,1070
21140712794057,TSLA,6403541,6407000,3459,100,16,387,298,1405
21150034972865,AAPL,3212500,3212592,92,36,100,118,185,1005
21150034972865,AMZN,18537761,18537952,191,28,100,488,293,1923
21150034972865,GOOGL,14391860,14393668,1808,76,85,304,196,2360
21150034972865,MSFT,1738300,1738400,100,145,1047,80,148,1068
21150034972865,TSLA,6404372,6404572,200,100,100,390,303,1417
21160221999919,AAPL,3212500,3212592,92,36,85,118,185,1004
21160221999919,AMZN,18537761,18539700,1939,28,20,488,292,1921
21160221999919,GOOGL,14391860,14393668,1808,76,85,305,196,2363
21160221999919,MSFT,1738300,1738400,100,145,1047,80,148,1068
21160221999919,TSLA,6404400,6404602,202,15,45,392,305,1425
21170289718971,AAPL,3212500,3212592,92,36,70,118,185,1003
21170289718971,AMZN,18537749,18537946,197,9,100,488,293,1921
21170289718971,GOOGL,14391860,14393668,1808,76,85,305,196,2366
21170289718971,MSFT,1738300,1738400,100,145,1047,80,148,1068
21170289718971,TSLA,6404400,6404602,202,15,20,397,307,1437
21181056480929,AAPL,3212500,3212592,92,36,70,118,185,1003
21181056480929,AMZN,18537746,18537939,193,94,100,488,293,1919
21181056480929,GOOGL,14391860,14393668,1808,76,85,305,196,2369
21181056480929,MSFT,1738300,1738400,100,145,1047,80,148,1070
21181056480929,TSLA,6404400,6404602,202,15,20,400,307,1440
21190784988979,AAPL,3212500,3212592,92,36,55,118,185,1002
21190784988979,AMZN,18537746,18537939,193,94,100,488,293,1919
21190784988979,GOOGL,14391860,14393668,1808,76,85,305,196,2374
21190784988979,MSFT,1738300,1738400,100,145,1047,80,148,1070
21190784988979,TSLA,6404400,6404602,202,15,20,400,308,1442
21200124790604,AAPL,3212500,3212592,92,36,30,118,185,1002
21200124790604,AMZN,18537746,18537939,193,29,100,487,293,1916
21200124790604,GOOGL,14391860,14393668,1808,76,85,305,197,2386
21200124790604,MSFT,1738300,1738400,100,145,1047,80,148,1069
21200124790604,TSLA,6407429,6407629,200,100,100,404,281,1382
21210132820375,AAPL,3212500,3212592,92,36,15,118,185,1000
21210132820375,AMZN,18537746,18539700,1954,29,20,487,292,1914
21210132820375,GOOGL,14391860,14393668,1808,76,70,306,197,2396
21210132820375,MSFT,1738300,1738400,100,145,1047,80,148,1069
21210132820375,TSLA,6406731,6410000,3269,100,499,406,282,1387
21220689410092,AAPL,3212900,3213200,300,35,134,119,184,1006
21220689410092,AMZN,18537664,18539700,2036,83,20,486,292,1914
21220689410092,GOOGL,14391860,14393668,1808,76,45,306,197,2401
21220689410092,MSFT,1738300,1738400,100,145,1047,80,148,1072
21220689410092,TSLA,6407501,6407701,200,100,100,409,286,1397
21230227855985,AAPL,3213000,3213200,200,20,134,120,184,1009
21230227855985,AMZN,18537698,18537898,200,100,100,486,293,1915
21230227855985,GOOGL,14391860,14393668,1808,76,30,306,197,2399
21230227855985,MSFT,1738300,1738400,100,145,1047,80,148,1072
21230227855985,TSLA,6407501,6407701,200,100,100,410,287,1401
21240202438303,AAPL,3213000,3213200,200,20,134,120,184,1011
21240202438303,AMZN,18537698,18537898,200,100,100,486,292,1916
21240202438303,GOOGL,14391860,14393193,1333,26,85,306,197,2399
21240202438303,MSFT,1738300,1738400,100,145,1047,80,148,1072
21240202438303,TSLA,6406000,6406187,187,16,100,413,288,1406
21250176137377,AAPL,3213000,3213200,200,20,134,120,185,1012
21250176137377,AMZN,18537698,18537898,200,100,100,486,292,1917
21250176137377,GOOGL,14391860,14393193,1333,26,85,306,197,2404
21250176137377,MSFT,1738300,1738400,100,145,1047,80,148,1071
21250176137377,TSLA,6406000,6406190,190,32,86,414,290,1412
21260356595240,AAPL,3213000,3213200,200,20,134,120,185,1011
21260356595240,AMZN,18537698,18537898,200,100,100,486,292,1917
21260356595240,GOOGL,14391860,14393193,1333,26,85,306,197,2405
21260356595240,MSFT,1738300,1738400,100,145,1047,80,148,1071
21260356595240,TSLA,6406000,6406190,190,46,27,415,291,1421
21270199701414,AAPL,3213000,3213200,200,20,134,120,185,1011
21270199701414,AMZN,18537698,18537898,200,100,100,486,292,1917
21270199701414,GOOGL,14391860,14393193,1333,26,85,306,197,2404
21270199701414,MSFT,1738300,1738400,100,145,1047,80,148,1071
21270199701414,TSLA,6406000,6406190,190,46,27,415,293,1425
21280138527837,AAPL,3213000,3213200,200,20,114,120,185,1008
21280138527837,AMZN,18537698,18537898,200,100,100,487,291,1920
21280138527837,GOOGL,14379667,14385492,5825,84,100,304,198,2401
21280138527837,MSFT,1738300,1738400,100,145,1047,80,148,1072
21280138527837,TSLA,6407536,6407736,200,100,100,417,296,1428
21290021048229,AAPL,3213000,3213200,200,20,114,120,185,1007
21290021048229,AMZN,18537664,18539700,2036,73,20,487,290,1919
21290021048229,GOOGL,14379667,14385492,5825,84,100,303,198,2398
21290021048229,MSFT,1738300,1738400,100,145,1047,80,148,1072
21290021048229,TSLA,6407948,6408148,200,100,100,417,298,1439
21300057830265,AAPL,3213000,3213200,200,20,114,120,185,1010
21300057830265,AMZN,18537664,18539700,2036,73,20,487,290,1919
21300057830265,GOOGL,14379667,14381641,1974,84,90,303,199,2396
21300057830265,MSFT,1738300,1738400,100,145,1047,80,148,1072
21300057830265,TSLA,6406300,6406970,670,59,85,418,300,1448
21315142434051,AAPL,3213000,3213200,200,20,114,120,185,1010
21315142434051,AMZN,18537698,18537898,200,100,100,487,290,1919
21315142434051,GOOGL,14379667,14381641,1974,84,90,303,200,2406
21315142434051,MSFT,1738300,1738400,100,145,1047,80,148,1072
21315142434051,TSLA,6406300,6406970,670,59,49,419,300,1450
21320725664353,AAPL,3213000,3213200,200,20,114,120,185,1010
21320725664353,AMZN,18537698,18537898,200,100,100,487,290,1919
21320725664353,GOOGL,14379667,14379726,59,84,100,303,201,2410
21320725664353,MSFT,1738300,1738400,100,145,1047,80,148,1073
21320725664353,TSLA,6406300,6406970,670,59,49,420,301,1453
21331452372845,AAPL,3213000,3213200,200,20,114,120,185,1009
21331452372845,AMZN,18537698,18539700,2002,70,20,489,289,1920
21331452372845,GOOGL,14379667,14379726,59,84,100,303,201,2414
21331452372845,MSFT,1738300,1738400,100,145,1047,80,148,1073
21331452372845,TSLA,6406300,6406970,670,59,43,420,301,1456
21341201755858,AAPL,3213000,3213200,200,20,114,120,185,1008
21341201755858,AMZN,18537698,18539700,2002,70,20,489,289,1920
21341201755858,GOOGL,14379667,14379726,59,84,85,303,201,2418
21341201755858,MSFT,1738300,1738400,100,145,1047,80,148,1073
21341201755858,TSLA,6406470,6406670,200,100,100,423,302,1461
21351117598371,AAPL,3213000,3213200,200,20,39,120,185,1009
21351117598371,AMZN,18537698,18539700,2002,5,20,489,289,1922
21351117598371,GOOGL,14379667,14379726,59,84,85,302,201,2422
21351117598371,MSFT,1738300,1738400,100,145,1047,80,148,1071
21351117598371,TSLA,6406470,6406670,200,100,100,424,303,1468
21360044318978,AAPL,3213000,3213200,200,20,39,120,185,1009
21360044318978,AMZN,18537683,18537883,200,100,100,489,290,1922
21360044318978,GOOGL,14379667,14379726,59,69,40,298,200,2440
21360044318978,MSFT,1738300,1738400,100,145,1047,80,149,1072
21360044318978,TSLA,6406300,6408083,1783,59,83,426,305,1474
21370142855104,AAPL,3213000,3213200,200,20,39,120,185,1007
21370142855104,AMZN,18537664,18539700,2036,63,20,490,289,1922
21370142855104,GOOGL,14379667,14379726,59,39,40,299,200,2445
21370142855104,MSFT,1738300,1738400,100,145,1047,80,149,1075
21370142855104,TSLA,6406470,6406670,200,100,100,427,306,1481
21380487767152,AAPL,3213000,3213200,200,20,39,120,185,1010
21380487767152,AMZN,18537683,18539700,2017,85,20,491,289,1922
21380487767152,GOOGL,14379667,14379726,59,39,25,299,200,2446
21380487767152,MSFT,1738300,1738400,100,145,1047,80,149,1078
21380487767152,TSLA,6406470,6406670,200,100,100,426,306,1482
21390079119268,AAPL,3213000,3213200,200,20,39,120,186,1014
21390079119268,AMZN,18537683,18539700,2017,85,20,492,289,1923
21390079119268,GOOGL,14379667,14379741,74,39,100,299,200,2444
21390079119268,MSFT,1738300,1738400,100,145,1047,80,149,1083
21390079119268,TSLA,6406470,6406670,200,100,100,425,307,1484
21401359527126,AAPL,3213000,3213200,200,20,14,120,186,1013
21401359527126,AMZN,18537683,18537877,194,85,100,493,290,1925
21401359527126,GOOGL,14379667,14379741,74,39,100,300,200,2454
21401359527126,MSFT,1738300,1738400,100,145,1047,80,149,1084
21401359527126,TSLA,6406300,6408083,1783,59,83,425,309,1486
21411674874842,AAPL,3213000,3213200,200,20,14,120,186,1019
21411674874842,AMZN,18537683,18539700,2017,70,20,493,289,1924
21411674874842,GOOGL,14379667,14381641,1974,39,75,300,199,2454
21411674874842,MSFT,1738300,1738400,100,145,1047,80,149,1085
21411674874842,TSLA,6406470,6406670,200,100,100,425,311,1487
21420642096680,AAPL,3213000,3213300,300,20,44,122,188,1024
21420642096680,AMZN,18537683,18539700,2017,55,20,493,289,1929
21420642096680,GOOGL,14379667,14379741,74,39,100,299,201,2462
21420642096680,MSFT,1738300,1738400,100,145,1047,80,149,1085
21420642096680,TSLA,6406470,6406670,200,100,100,425,311,1486
21430229946158,AAPL,3213000,3213300,300,20,44,122,189,1024
21430229946158,AMZN,18537683,18537877,194,25,100,494,290,1931
21430229946158,GOOGL,14379667,14381641,1974,39,75,298,200,2470
21430229946158,MSFT,1738300,1738400,100,145,1047,80,149,1089
21430229946158,TSLA,6406300,6408083,1783,59,83,426,310,1489
21440172274252,AAPL,3213000,3213300,300,20,44,122,189,1024
21440172274252,AMZN,18537683,18537877,194,10,100,498,289,1930
21440172274252,GOOGL,14379667,14381641,1974,39,75,298,200,2479
21440172274252,MSFT,1738300,1738400,100,145,1047,80,149,1094
21440172274252,TSLA,6406300,6408083,1783,59,83,426,313,1498
21450600910809,AAPL,3213000,3213300,300,20,44,122,189,1024
21450600910809,AMZN,18537664,18539700,2036,43,20,499,288,1934
21450600910809,GOOGL,14379667,14381641,1974,39,75,298,200,2482
21450600910809,MSFT,1738300,1738400,100,145,1047,80,150,1095
21450600910809,TSLA,6406300,6408083,1783,59,83,428,315,1506
21460406158730,AAPL,3213000,3213300,300,20,44,122,189,1024
21460406158730,AMZN,18537664,18539700,2036,43,20,498,288,1931
21460406158730,GOOGL,14379667,14379741,74,39,100,298,201,2486
21460406158730,MSFT,1738300,1738400,100,145,1047,80,150,1096
21460406158730,TSLA,6406300,6408083,1783,59,83,430,315,1514
21470739002774,AAPL,3213000,3213300,300,20,44,122,190,1022
21470739002774,AMZN,18537664,18539700,2036,28,20,500,287,1933
21470739002774,GOOGL,14379667,14381641,1974,39,60,298,200,2491
21470739002774,MSFT,1738300,1738400,100,145,1047,80,150,1096
21470739002774,TSLA,6406300,6408083,1783,59,83,431,316,1523
21480187264903,AAPL,3213000,3213300,300,20,14,122,190,1021
21480187264903,AMZN,18537668,18537868,200,100,100,499,287,1935
21480187264903,GOOGL,14379667,14381641,1974,39,60,298,200,2498
21480187264903,MSFT,1738300,1738400,100,145,1047,80,150,1099
21480187264903,TSLA,6406300,6408083,1783,59,83,431,318,1538
21490852210153,AAPL,3213000,3213400,400,20,69,121,189,1017
21490852210153,AMZN,18537664,18539700,2036,28,20,500,286,1935
21490852210153,GOOGL,14379667,14379741,74,39,70,299,201,2507
21490852210153,MSFT,1738300,1738400,100,145,1047,80,150,1101
21490852210153,TSLA,6406300,6406670,370,59,85,432,322,1548
21500091114299,AAPL,3213000,3213400,400,20,54,120,188,1014
21500091114299,AMZN,18537568,18537768,200,100,100,498,286,1935
21500091114299,GOOGL,14379667,14381641,1974,39,25,298,199,2510
21500091114299,MSFT,1738300,1738400,100,145,1047,80,150,1101
21500091114299,TSLA,6406300,6406670,370,59,85,432,322,1550
21511955548143,AAPL,3213000,3213059,59,20,85,120,188,1012
21511955548143,AMZN,18537568,18537768,200,100,100,498,286,1938
21511955548143,GOOGL,14379667,14379756,89,39,55,298,200,2520
21511955548143,MSFT,1738300,1738400,100,145,1047,80,150,1101
21511955548143,TSLA,6406300,6406670,370,59,35,433,322,1553
21520761859704,AAPL,3213000,3213059,59,20,85,120,188,1011
21520761859704,AMZN,18537568,18537768,200,100,100,498,285,1937
21520761859704,GOOGL,14379667,14379756,89,39,25,297,200,2527
21520761859704,MSFT,1738300,1738400,100,145,1047,80,151,1101
21520761859704,TSLA,6406300,6406670,370,59,35,433,325,1559
21530079666963,AAPL,3213000,3213059,59,20,35,120,188,1009
21530079666963,AMZN,18537568,18539700,2132,75,20,499,284,1938
21530079666963,GOOGL,14379667,14379756,89,39,25,297,199,2537
21530079666963,MSFT,1738300,1738400,100,140,1047,80,152,1101
21530079666963,TSLA,6406300,6406670,370,59,20,432,326,1562
21540689231792,AAPL,3213000,3213059,59,20,35,120,188,1012
21540689231792,AMZN,18537568,18539700,2132,75,20,499,284,1940
21540689231792,GOOGL,14379667,14379756,89,39,25,297,199,2549
21540689231792,MSFT,1738300,1738400,100,140,1047,80,153,1099
21540689231792,TSLA,6406300,6406670,370,59,20,431,326,1565
21550230550280,AAPL,3213000,3213059,59,20,35,120,188,1012
21550230550280,AMZN,18537595,18539700,2105,85,20,500,284,1942
21550230550280,GOOGL,14379667,14379756,89,39,25,297,199,2553
21550230550280,MSFT,1738300,1738400,100,140,1047,80,153,1100
21550230550280,TSLA,6406300,6406670,370,59,20,431,326,1565
21560311477349,AAPL,3213000,3213059,59,20,35,120,188,1013
21560311477349,AMZN,18537595,18539700,2105,85,20,501,284,1941
21560311477349,GOOGL,14379667,14379756,89,39,25,297,199,2561
21560311477349,MSFT,1738300,1738400,100,140,1047,80,153,1100
21560311477349,TSLA,6406300,6406670,370,59,20,431,326,1567
21570487212859,AAPL,3213000,3213059,59,20,35,120,188,1013
21570487212859,AMZN,18537595,18539700,2105,5,20,502,283,1941
21570487212859,GOOGL,14379667,14379756,89,39,25,297,199,2574
21570487212859,MSFT,1738300,1738400,100,140,1047,80,153,1100
21570487212859,TSLA,6406300,6406670,370,59,20,431,325,1568
21580189161669,AAPL,3213000,3213059,59,20,35,120,188,1013
21580189161669,AMZN,18537580,18537780,200,100,100,502,284,1946
21580189161669,GOOGL,14379667,14379756,89,39,25,297,199,2582
21580189161669,MSFT,1738300,1738400,100,140,1047,80,153,1100
21580189161669,TSLA,6406300,6406670,370,59,20,431,325,1572
21590025543430,AAPL,3213000,3213122,122,20,100,120,188,1012
21590025543430,AMZN,18537580,18539700,2120,70,20,503,282,1943
21590025543430,GOOGL,14379667,14381641,1974,39,20,297,198,2590
21590025543430,MSFT,1738300,1738400,100,140,1032,80,154,1099
21590025543430,TSLA,6406300,6406670,370,59,20,432,325,1573
21600016986133,AAPL,3213000,3213122,122,20,35,120,188,1012
21600016986133,AMZN,18537571,18537736,165,40,100,507,283,1943
21600016986133,GOOGL,14379667,14381641,1974,39,20,297,198,2600
21600016986133,MSFT,1738200,1738400,200,62,982,79,155,1098
21600016986133,TSLA,6406300,6406670,370,59,9,434,326,1576
21612151124454,AAPL,3213000,3213122,122,20,20,120,188,1012
21612151124454,AMZN,18537568,18537735,167,30,100,507,283,1942
21612151124454,GOOGL,14379667,14379771,104,39,100,297,199,2608
21612151124454,MSFT,1738200,1738400,200,62,982,79,155,1097
21612151124454,TSLA,6406300,6406670,370,59,9,434,327,1578
21620253733955,AAPL,3213000,3213137,137,20,70,120,189,1009
21620253733955,AMZN,18537535,18539700,2165,80,20,505,282,1938
21620253733955,GOOGL,14379667,14381641,1974,39,20,297,198,2617
21620253733955,MSFT,1738200,1738400,200,62,982,79,155,1104
21620253733955,TSLA,6406300,6408083,1783,59,77,436,329,1581
21630576885715,AAPL,3213000,3213137,137,20,70,120,189,1010
21630576885715,AMZN,18537535,18539700,2165,50,20,506,282,1937
21630576885715,GOOGL,14379667,14379771,104,39,100,297,199,2620
21630576885715,MSFT,1738200,1738400,200,62,982,79,155,1112
21630576885715,TSLA,6406300,6408083,1783,59,77,436,329,1583
21640537367294,AAPL,3213000,3213137,137,20,70,120,189,1009
21640537367294,AMZN,18537035,18539700,2665,24,20,506,282,1931
21640537367294,GOOGL,14379667,14379771,104,39,100,297,199,2630
21640537367294,MSFT,1738200,1738400,200,42,982,79,155,1120
21640537367294,TSLA,6406300,6408083,1783,59,77,436,329,1588
21650797336157,AAPL,3213000,3213137,137,20,70,118,189,1007
21650797336157,AMZN,18537035,18539700,2665,24,20,508,282,1933
21650797336157,GOOGL,14379667,14379771,104,39,100,297,199,2633
21650797336157,MSFT,1738200,1738400,200,42,982,79,155,1125
21650797336157,TSLA,6406485,6406685,200,100,100,438,329,1591
21660047264645,AAPL,3213000,3213137,137,20,70,118,190,1007
21660047264645,AMZN,18537035,18537448,413,24,100,508,283,1933
21660047264645,GOOGL,14379667,14379771,104,39,100,297,199,2637
21660047264645,MSFT,1738200,1738400,200,42,982,79,155,1132
21660047264645,TSLA,6406485,6406685,200,100,100,439,329,1593
21670780108559,AAPL,3213000,3213137,137,20,20,118,191,1004
21670780108559,AMZN,18535954,18539700,3746,79,20,508,282,1927
21670780108559,GOOGL,14379667,14379771,104,39,100,296,199,2639
21670780108559,MSFT,1738200,1738400,200,42,982,79,155,1136
21670780108559,TSLA,6406200,6408083,1883,64,77,442,328,1602
21680901215954,AAPL,3213000,3213137,137,20,20,118,191,1002
21680901215954,AMZN,18535954,18536908,954,54,100,508,282,1926
21680901215954,GOOGL,14379667,14381641,1974,39,20,296,198,2639
21680901215954,MSFT,1738200,1738400,200,42,982,79,155,1152
21680901215954,TSLA,6406200,6408083,1883,64,77,442,329,1604
21690548418151,AAPL,3213000,3213137,137,20,20,118,191,1001
21690548418151,AMZN,18535954,18539700,3746,54,20,507,281,1925
21690548418151,GOOGL,14379667,14379771,104,39,100,296,199,2641
21690548418151,MSFT,1738200,1738400,200,42,982,79,155,1163
21690548418151,TSLA,6406200,6408083,1883,64,77,442,330,1606
21700358912372,AAPL,3213000,3213137,137,20,20,118,191,1001
21700358912372,AMZN,18535954,18536908,954,54,100,508,281,1927
21700358912372,GOOGL,14379667,14379771,104,39,100,296,199,2643
21700358912372,MSFT,1738200,1738400,200,22,982,79,155,1168
21700358912372,TSLA,6406485,6406685,200,100,100,441,331,1608
21710781848256,AAPL,3213000,3213137,137,20,20,118,191,1001
21710781848256,AMZN,18535954,18539700,3746,54,20,508,280,1926
21710781848256,GOOGL,14379667,14379771,104,39,100,296,199,2645
21710781848256,MSFT,1738200,1738400,200,22,982,79,155,1172
21710781848256,TSLA,6406444,6406644,200,100,100,441,335,1612
21720107044199,AAPL,3213000,3213137,137,20,20,118,191,1000
21720107044199,AMZN,18535954,18539700,3746,54,20,508,280,1926
21720107044199,GOOGL,14379667,14379771,104,39,100,297,199,2652
21720107044199,MSFT,1738200,1738400,200,22,982,79,155,1173
21720107044199,TSLA,6406200,6408000,1800,64,50,444,335,1617
21730236977202,AAPL,3213000,3213700,700,20,49,117,190,996
21730236977202,AMZN,18520000,18522848,2848,32,100,507,280,1924
21730236977202,GOOGL,14379667,14379771,104,39,85,297,199,2660
21730236977202,MSFT,1738200,1738400,200,22,982,79,156,1172
21730236977202,TSLA,6406200,6406394,194,63,100,444,339,1626
21740368371760,AAPL,3213000,3213146,146,20,85,117,191,997
21740368371760,AMZN,18520000,18520854,854,32,100,508,280,1927
21740368371760,GOOGL,14379667,14379771,104,39,85,297,198,2663
21740368371760,MSFT,1738200,1738400,200,22,982,79,156,1179
21740368371760,TSLA,6406200,6406394,194,63,100,445,341,1641
21750224937519,AAPL,3213000,3213146,146,13,70,117,191,997
21750224937519,AMZN,18520000,18528931,8931,32,100,507,281,1931
21750224937519,GOOGL,14379667,14379771,104,39,85,296,198,2664
21750224937519,MSFT,1738200,1738400,200,22,982,79,156,1182
21750224937519,TSLA,6406200,6407500,1300,23,50,445,340,1641
21760979369472,AAPL,3213000,3213146,146,13,55,117,192,999
21760979369472,AMZN,18520000,18528931,8931,2,100,508,281,1937
21760979369472,GOOGL,14379667,14379771,104,39,85,296,198,2670
21760979369472,MSFT,1738200,1738400,200,22,982,79,155,1184
21760979369472,TSLA,6406200,6406394,194,23,100,445,343,1644
21770323499113,AAPL,3213000,3213146,146,13,55,117,192,998
21770323499113,AMZN,18520000,18539700,19700,2,20,509,281,1942
21770323499113,GOOGL,14379667,14379771,104,39,85,296,198,2673
21770323499113,MSFT,1738200,1738400,200,22,982,79,155,1190
21770323499113,TSLA,6406200,6406394,194,23,100,445,344,1645
21780059203480,AAPL,3213000,3213146,146,13,55,117,193,998
21780059203480,AMZN,18516400,18520921,4521,12,100,506,282,1946
21780059203480,GOOGL,14379667,14379771,104,39,85,296,198,2678
21780059203480,MSFT,1738200,1738400,200,22,982,79,155,1193
21780059203480,TSLA,6406200,6407100,900,8,15,445,345,1643
21790268604009,AAPL,3213000,3213146,146,13,55,117,193,1001
21790268604009,AMZN,18513900,18518971,5071,22,100,503,281,1940
21790268604009,GOOGL,14379667,14379771,104,39,85,296,198,2681
21790268604009,MSFT,1738000,1738400,400,22,982,77,154,1195
21790268604009,TSLA,6406000,6407100,1100,37,15,443,345,1643
21801277834706,AAPL,3213000,3213146,146,13,55,119,196,1006
21801277834706,AMZN,18513900,18525881,11981,22,100,503,281,1940
21801277834706,GOOGL,14379667,14379771,104,39,85,295,198,2681
21801277834706,MSFT,1738000,1738400,400,22,982,77,154,1199
21801277834706,TSLA,6405900,6406044,144,58,100,442,346,1645
21810090856237,AAPL,3213000,3213100,100,13,30,119,197,1005
21810090856237,AMZN,18513900,18539700,25800,22,20,503,280,1942
21810090856237,GOOGL,14379667,14379771,104,39,85,294,198,2680
21810090856237,MSFT,1737800,1738400,600,132,982,76,154,1201
21810090856237,TSLA,6405900,6406044,144,58,100,443,346,1649
21821277734833,AAPL,3212353,3212500,147,6,30,117,202,1010
21821277734833,AMZN,18513700,18518821,5121,17,100,503,281,1938
21821277734833,GOOGL,14379667,14379771,104,39,43,297,202,2686
21821277734833,MSFT,1737800,1738400,600,126,982,76,154,1208
21821277734833,TSLA,6405900,6406044,144,58,100,443,346,1651
21831753301151,AAPL,3212353,3212500,147,6,30,117,202,1010
21831753301151,AMZN,18512500,18512783,283,10,100,500,282,1936
21831753301151,GOOGL,14379667,14379771,104,39,13,296,204,2686
21831753301151,MSFT,1737800,1738400,600,126,982,76,154,1209
21831753301151,TSLA,6405900,6407100,1200,58,15,443,346,1653
21840311381425,AAPL,3212353,3212500,147,6,15,117,202,1010
21840311381425,AMZN,18511900,18539700,27800,20,20,499,282,1940
21840311381425,GOOGL,14379667,14379771,104,39,13,297,206,2689
21840311381425,MSFT,1737800,1738400,600,126,982,76,154,1209
21840311381425,TSLA,6405900,6407100,1200,58,15,443,346,1653
21850040457092,AAPL,3212353,3212500,147,6,15,117,204,1008
21850040457092,AMZN,18511000,18516796,5796,15,100,497,283,1942
21850040457092,GOOGL,14379667,14379786,119,7,78,296,214,2703
21850040457092,MSFT,1737800,1738400,600,126,982,76,154,1210
21850040457092,TSLA,6405900,6406044,144,58,100,447,347,1657
21860648229075,AAPL,3212353,3212502,149,6,85,119,204,1003
21860648229075,AMZN,18510000,18539700,29700,31,20,502,283,1938
21860648229075,GOOGL,14379414,14379786,372,77,63,304,222,2728
21860648229075,MSFT,1737800,1738400,600,126,982,76,154,1210
21860648229075,TSLA,6405900,6407100,1200,58,15,449,346,1657
21870055247582,AAPL,3212353,3212502,149,6,70,119,204,1000
21870055247582,AMZN,18506000,18506745,745,10,100,502,284,1927
21870055247582,GOOGL,14379414,14379786,372,62,2,308,228,2742
21870055247582,MSFT,1737800,1738400,600,114,982,76,154,1210
21870055247582,TSLA,6405900,6406044,144,58,85,452,347,1669
21880076118627,AAPL,3212353,3212502,149,6,70,119,204,999
21880076118627,AMZN,18505000,18539700,34700,72,20,500,285,1925
21880076118627,GOOGL,14379414,14379786,372,47,2,312,230,2748
21880076118627,MSFT,1737800,1738400,600,114,1082,76,154,1212
21880076118627,TSLA,6405900,6406044,144,58,85,453,348,1675
21890180052472,AAPL,3212353,3212517,164,6,100,119,207,995
21890180052472,AMZN,18504100,18511646,7546,30,100,502,285,1917
21890180052472,GOOGL,14379414,14379786,372,47,2,320,241,2792
21890180052472,MSFT,1737800,1738400,600,114,1082,76,154,1212
21890180052472,TSLA,6405900,6406044,144,58,55,453,348,1669
21900661459073,AAPL,3212375,3212574,199,40,100,120,207,995
21900661459073,AMZN,18504000,18520931,16931,81,100,501,285,1909
21900661459073,GOOGL,14379481,14379681,200,100,100,322,241,2804
21900661459073,MSFT,1737800,1738400,600,114,1082,76,154,1212
21900661459073,TSLA,6405900,6406044,144,58,55,453,349,1669
21910382973676,AAPL,3212375,3212574,199,40,18,120,209,991
21910382973676,AMZN,18504000,18504508,508,81,100,501,285,1908
21910382973676,GOOGL,14379124,14379324,200,100,100,323,243,2812
21910382973676,MSFT,1737800,1738400,600,114,1054,76,156,1211
21910382973676,TSLA,6404800,6406044,1244,56,48,445,349,1653
21920044119567,AAPL,3212375,3212639,264,40,85,120,210,988
21920044119567,AMZN,18502700,18505716,3016,2,100,504,283,1901
21920044119567,GOOGL,14381542,14382673,1131,100,85,323,247,2845
21920044119567,MSFT,1737800,1738400,600,114,1045,76,159,1209
21920044119567,TSLA,6404800,6404881,81,56,100,445,351,1657
21930121045986,AAPL,3212100,3212136,36,65,100,118,213,987
21930121045986,AMZN,18502000,18505104,3104,7,100,504,282,1887
21930121045986,GOOGL,14380144,14380344,200,100,100,330,252,2865
21930121045986,MSFT,1737800,1738400,600,114,1045,77,160,1210
21930121045986,TSLA,6404800,6404881,81,56,100,446,352,1659
21940051212209,AAPL,3212100,3212136,36,65,100,119,214,984
21940051212209,AMZN,18501500,18502164,664,6,100,501,280,1881
21940051212209,GOOGL,14379712,14382673,2961,83,58,334,253,2884
21940051212209,MSFT,1737800,1738400,600,114,1045,77,161,1210
21940051212209,TSLA,6404057,6404257,200,100,100,441,352,1649
21950124855409,AAPL,3212100,3212300,200,65,9,119,214,982
21950124855409,AMZN,18501400,18502076,676,25,100,501,279,1878
21950124855409,GOOGL,14380144,14380344,200,100,100,336,254,2895
21950124855409,MSFT,1737800,1738400,600,114,1030,77,161,1212
21950124855409,TSLA,6403799,6406044,2245,77,33,441,351,1650
21960014961409,AAPL,3212100,3212400,300,35,30,119,214,981
21960014961409,AMZN,18501200,18509496,8296,15,100,501,279,1874
21960014961409,GOOGL,14379712,14382673,2961,83,34,341,256,2905
21960014961409,MSFT,1737800,1738400,600,78,1009,77,162,1211
21960014961409,TSLA,6403799,6405400,1601,77,15,443,354,1659
21970819413042,AAPL,3212000,3212400,400,964,15,118,216,979
21970819413042,AMZN,18500800,18530000,29200,20,25,500,277,1863
21970819413042,GOOGL,14379712,14382673,2961,83,34,348,260,2932
21970819413042,MSFT,1737800,1738400,600,78,1009,77,163,1213
21970819413042,TSLA,6403799,6403935,136,72,100,444,357,1666
21980530539694,AAPL,3212000,3212400,400,964,15,118,216,979
21980530539694,AMZN,18500500,18506496,5996,30,100,502,277,1863
21980530539694,GOOGL,14380144,14380344,200,100,100,352,262,2948
21980530539694,MSFT,1737800,1738400,600,78,1009,77,163,1213
21980530539694,TSLA,6403799,6403935,136,72,85,442,357,1665
21991185801029,AAPL,3212000,3212400,400,934,15,118,217,980
21991185801029,AMZN,18500200,18500358,158,135,100,501,278,1859
21991185801029,GOOGL,14379712,14382673,2961,83,34,353,262,2956
21991185801029,MSFT,1737800,1738400,600,78,1009,77,164,1215
21991185801029,TSLA,6403799,6403935,136,72,85,443,357,1667
22000683488001,AAPL,3212000,3212400,400,874,15,118,218,980
22000683488001,AMZN,18500200,18530000,29800,105,25,503,276,1854
22000683488001,GOOGL,14379712,14382673,2961,83,34,357,262,2967
22000683488001,MSFT,1737800,1738400,600,78,1009,77,164,1213
22000683488001,TSLA,6403799,6403935,136,66,70,444,360,1673
22010169699315,AAPL,3212000,3212006,6,844,100,118,219,982
22010169699315,AMZN,18500200,18506271,6071,105,100,503,276,1852
22010169699315,GOOGL,14379712,14380344,632,68,50,357,263,2976
22010169699315,MSFT,1737800,1738400,600,78,994,77,164,1211
22010169699315,TSLA,6403799,6403935,136,66,70,443,360,1673
22020974233699,AAPL,3212000,3212067,67,814,70,118,219,981
22020974233699,AMZN,18500200,18502316,2116,60,100,504,276,1853
22020974233699,GOOGL,14380194,14382673,2479,85,34,364,262,2983
22020974233699,MSFT,1737800,1738400,600,78,994,77,164,1213
22020974233699,TSLA,6403799,6403935,136,66,55,443,361,1679
22030414252203,AAPL,3212000,3212067,67,784,70,118,220,983
22030414252203,AMZN,18500200,18530000,29800,60,25,504,275,1850
22030414252203,GOOGL,14380194,14382673,2479,85,34,364,262,2983
22030414252203,MSFT,1737800,1738400,600,78,994,77,164,1212
22030414252203,TSLA,6403799,6403935,136,66,55,444,361,1690
22040337739654,AAPL,3212000,3212067,67,724,70,118,221,985
22040337739654,AMZN,18500000,18502216,2216,270,100,502,276,1847
22040337739654,GOOGL,14380420,14380620,200,100,100,364,261,2987
22040337739654,MSFT,1737800,1738400,600,78,994,77,164,1211
22040337739654,TSLA,6403799,6403935,136,66,55,444,362,1696
22050175179682,AAPL,3212000,3212067,67,724,70,118,221,985
22050175179682,AMZN,18500000,18502141,2141,217,100,502,276,1842
22050175179682,GOOGL,14380194,14380620,426,85,70,363,261,2992
22050175179682,MSFT,1737800,1738400,600,78,994,77,164,1211
22050175179682,TSLA,6403799,6403935,136,66,40,443,362,1696
22060294552316,AAPL,3212000,3212067,67,724,70,118,222,985
22060294552316,AMZN,18500000,18506121,6121,137,100,503,279,1845
22060294552316,GOOGL,14380194,14380620,426,85,70,363,263,3003
22060294552316,MSFT,1737800,1738400,600,78,979,77,164,1208
22060294552316,TSLA,6403799,6403935,136,66,25,444,364,1698
22070034153887,AAPL,3212000,3212067,67,724,25,117,222,986
22070034153887,AMZN,18500000,18502141,2141,62,100,505,277,1842
22070034153887,GOOGL,14380194,14380620,426,85,70,364,263,3008
22070034153887,MSFT,1737800,1738400,600,78,964,77,166,1209
22070034153887,TSLA,6403799,6403935,136,66,25,444,364,1701
22080413460932,AAPL,3212000,3212082,82,724,40,117,224,982
22080413460932,AMZN,18500000,18500151,151,47,100,507,275,1844
22080413460932,GOOGL,14380194,14380620,426,85,70,368,264,3016
22080413460932,MSFT,1737800,1738400,600,78,964,77,166,1208
22080413460932,TSLA,6403799,6403935,136,66,25,446,370,1706
22091472292138,AAPL,3212000,3212082,82,634,40,117,224,983
22091472292138,AMZN,18500000,18500151,151,32,100,507,273,1840
22091472292138,GOOGL,14380194,14380620,426,85,70,368,264,3020
22091472292138,MSFT,1737800,1738400,600,78,964,77,167,1209
22091472292138,TSLA,6403799,6403935,136,66,25,446,374,1714
22100256057372,AAPL,3212000,3212082,82,604,25,117,224,984
22100256057372,AMZN,18499800,18499964,164,77,100,508,272,1831
22100256057372,GOOGL,14380194,14380620,426,85,70,368,264,3027
22100256057372,MSFT,1737800,1738400,600,78,964,77,167,1211
22100256057372,TSLA,6403799,6403935,136,66,25,447,375,1719
22110177858685,AAPL,3212000,3212082,82,574,25,117,224,985
22110177858685,AMZN,18499700,18530000,30300,72,25,512,271,1829
22110177858685,GOOGL,14380194,14380620,426,70,70,370,265,3035
22110177858685,MSFT,1737800,1738400,600,78,964,77,169,1213
22110177858685,TSLA,6403799,6403935,136,66,25,447,375,1720
22120348915822,AAPL,3212000,3212082,82,574,25,119,226,988
22120348915822,AMZN,18499300,18513731,14431,17,100,516,272,1821
22120348915822,GOOGL,14380194,14380620,426,70,70,372,265,3045
22120348915822,MSFT,1737800,1738400,600,78,964,77,169,1213
22120348915822,TSLA,6403799,6403935,136,66,25,448,375,1723
22130218276104,AAPL,3212000,3212082,82,514,10,119,226,988
22130218276104,AMZN,18499200,18505521,6321,7,100,517,271,1819
22130218276104,GOOGL,14380194,14380620,426,70,70,372,265,3051
22130218276104,MSFT,1737800,1738000,200,78,300,77,170,1215
22130218276104,TSLA,6403799,6403950,151,66,100,448,375,1709
22141275205977,AAPL,3212000,3212082,82,514,10,121,226,991
22141275205977,AMZN,18499200,18505521,6321,7,100,516,270,1815
22141275205977,GOOGL,14380194,14380620,426,70,70,372,265,3051
22141275205977,MSFT,1737800,1738000,200,78,300,77,170,1216
22141275205977,TSLA,6403799,6405400,1601,66,218,451,374,1718
22152498571880,AAPL,3212000,3212082,82,514,10,121,226,990
22152498571880,AMZN,18499200,18501441,2241,7,100,518,270,1818
22152498571880,GOOGL,14380194,14380620,426,70,70,372,265,3052
22152498571880,MSFT,1737800,1738000,200,78,300,77,170,1216
22152498571880,TSLA,6403799,6405400,1601,66,218,452,374,1723
22160866959219,AAPL,3212000,3212082,82,514,10,122,229,995
22160866959219,AMZN,18499200,18499401,201,7,100,519,268,1815
22160866959219,GOOGL,14380194,14380620,426,70,70,372,265,3057
22160866959219,MSFT,1737800,1738000,200,78,300,77,170,1214
22160866959219,TSLA,6403799,6403950,151,66,100,453,375,1739
22170798599706,AAPL,3212000,3212400,400,514,25,122,228,994
22170798599706,AMZN,18498800,18530000,31200,62,25,519,268,1804
22170798599706,GOOGL,14380194,14380620,426,70,70,373,265,3064
22170798599706,MSFT,1737800,1738000,200,78,300,77,169,1215
22170798599706,TSLA,6403799,6405400,1601,66,218,454,374,1745
22180426949722,AAPL,3212000,3212400,400,514,25,122,229,996
22180426949722,AMZN,18498600,18521500,22900,87,25,522,268,1803
22180426949722,GOOGL,14380194,14380620,426,55,5,376,266,3073
22180426949722,MSFT,1737800,1738000,200,78,300,77,170,1214
22180426949722,TSLA,6403799,6403950,151,66,100,454,376,1749
22190088615190,AAPL,3212000,3212300,300,514,30,122,230,997
22190088615190,AMZN,18498600,18509131,10531,42,100,523,272,1804
22190088615190,GOOGL,14380194,14380620,426,55,5,375,269,3078
22190088615190,MSFT,1737800,1738000,200,78,300,77,171,1212
22190088615190,TSLA,6403799,6403950,151,66,96,454,377,1758
22200163538542,AAPL,3212000,3212300,300,514,30,122,230,999
22200163538542,AMZN,18498000,18499329,1329,17,100,522,271,1795
22200163538542,GOOGL,14380194,14380620,426,55,5,375,269,3091
22200163538542,MSFT,1737800,1738000,200,78,300,77,171,1212
22200163538542,TSLA,6403799,6403950,151,66,96,454,378,1760
22210728399148,AAPL,3212000,3212300,300,514,15,122,230,1001
22210728399148,AMZN,18497800,18508731,10931,12,100,522,272,1791
22210728399148,GOOGL,14380194,14382673,2479,55,24,375,269,3099
22210728399148,MSFT,1737800,1738000,200,78,250,77,171,1210
22210728399148,TSLA,6403799,6403950,151,66,92,456,379,1764
22221499852943,AAPL,3212000,3212300,300,514,15,122,230,1001
22221499852943,AMZN,18497600,18499054,1454,42,100,521,273,1790
22221499852943,GOOGL,14380435,14380635,200,100,100,376,269,3109
22221499852943,MSFT,1737800,1738000,200,78,250,77,171,1209
22221499852943,TSLA,6403799,6403950,151,66,92,456,379,1764
22230780585089,AAPL,3212000,3212300,300,424,15,122,230,999
22230780585089,AMZN,18497600,18508631,11031,27,100,521,274,1790
22230780585089,GOOGL,14380194,14382673,2479,40,9,376,268,3114
22230780585089,MSFT,1737700,1738000,300,373,250,76,172,1204
22230780585089,TSLA,6403799,6403950,151,66,92,456,379,1764
22240596356739,AAPL,3212000,3212400,400,364,25,122,229,998
22240596356739,AMZN,18497600,18521500,23900,12,25,522,275,1790
22240596356739,GOOGL,14380435,14380635,200,100,100,376,269,3118
22240596356739,MSFT,1737700,1738000,300,373,250,76,173,1205
22240596356739,TSLA,6403799,6403950,151,66,92,456,379,1766
22250180875004,AAPL,3212000,3212400,400,364,25,123,229,1000
22250180875004,AMZN,18497600,18502196,4596,12,100,522,278,1791
22250180875004,GOOGL,14380194,14382673,2479,40,9,377,268,3123
22250180875004,MSFT,1737700,1738000,300,373,250,76,174,1206
22250180875004,TSLA,6403799,6403950,151,66,92,456,380,1769
22260221382135,AAPL,3212000,3212400,400,227,25,123,229,999
22260221382135,AMZN,18497500,18502096,4596,37,100,525,281,1794
22260221382135,GOOGL,14380435,14380635,200,100,100,380,269,3133
22260221382135,MSFT,1737700,1738000,300,373,250,76,176,1205
22260221382135,TSLA,6403799,6403950,151,66,76,456,380,1768
22270562769684,AAPL,3212000,3212400,400,197,25,123,229,998
22270562769684,AMZN,18497500,18498879,1379,22,100,529,285,1804
22270562769684,GOOGL,14380194,14382673,2479,40,9,380,268,3136
22270562769684,MSFT,1737700,1738000,300,373,250,76,176,1204
22270562769684,TSLA,6403799,6403950,151,66,76,456,380,1770
22281208767363,AAPL,3212000,3212400,400,47,10,123,229,994
22281208767363,AMZN,18497500,18502096,4596,7,100,530,291,1809
22281208767363,GOOGL,14380435,14380635,200,100,100,380,269,3144
22281208767363,MSFT,1737700,1738000,300,373,250,76,176,1203
22281208767363,TSLA,6403800,6405400,1600,15,189,458,380,1775
22290045215940,AAPL,3211881,3212400,519,87,10,123,229,992
22290045215940,AMZN,18497300,18501621,4321,22,100,529,293,1809
22290045215940,GOOGL,14380194,14382673,2479,40,9,383,269,3152
22290045215940,MSFT,1737700,1738000,300,373,250,76,177,1203
22290045215940,TSLA,6404600,6405400,800,15,161,460,381,1782
22300226218363,AAPL,3211805,3212400,595,7,10,123,228,994
22300226218363,AMZN,18497300,18520000,22700,22,25,531,293,1811
22300226218363,GOOGL,14380435,14380635,200,100,100,384,270,3156
22300226218363,MSFT,1737700,1738000,300,373,250,76,177,1203
22300226218363,TSLA,6404600,6405400,800,15,161,461,381,1789
22310040940064,AAPL,3211805,3211925,120,7,70,125,229,998
22310040940064,AMZN,18496900,18507531,10631,27,100,540,296,1815
22310040940064,GOOGL,14380194,14382673,2479,40,9,387,270,3168
22310040940064,MSFT,1737700,1738000,300,373,250,76,176,1199
22310040940064,TSLA,6404600,6405400,800,15,161,464,384,1796
22320425349977,AAPL,3211805,3211925,120,7,40,125,229,997
22320425349977,AMZN,18496600,18507381,10781,77,100,540,297,1814
22320425349977,GOOGL,14380541,14380741,200,100,100,393,270,3177
22320425349977,MSFT,1737700,1738000,300,373,250,76,176,1199
22320425349977,TSLA,6404600,6405400,800,15,161,464,384,1798
22330114739934,AAPL,3211746,3211946,200,100,100,124,229,993
22330114739934,AMZN,18496600,18507381,10781,2,100,541,297,1812
22330114739934,GOOGL,14380435,14382673,2238,70,9,393,269,3186
22330114739934,MSFT,1737700,1738000,300,373,250,76,176,1198
22330114739934,TSLA,6404600,6405400,800,15,161,465,385,1807
22340284781444,AAPL,3211700,3212600,900,24,80,124,229,993
22340284781444,AMZN,18496100,18500696,4596,7,100,539,298,1808
22340284781444,GOOGL,14380541,14380741,200,100,100,393,270,3192
22340284781444,MSFT,1737700,1738000,300,373,250,76,176,1198
22340284781444,TSLA,6404600,6405400,800,15,160,465,387,1811
22350069670119,AAPL,3211746,3211946,200,100,100,124,230,993
22350069670119,AMZN,18496100,18520000,23900,7,25,539,298,1808
22350069670119,GOOGL,14380435,14382673,2238,70,9,393,268,3193
22350069670119,MSFT,1737700,1738000,300,300,250,76,176,1194
22350069670119,TSLA,6404600,6405400,800,15,160,467,387,1822
22360468876518,AAPL,3211746,3211946,200,100,100,124,230,993
22360468876518,AMZN,18495800,18506981,11181,70,100,538,300,1808
22360468876518,GOOGL,14380435,14382673,2238,70,9,393,268,3196
22360468876518,MSFT,1737700,1738000,300,300,250,76,177,1194
22360468876518,TSLA,6404600,6405400,800,15,160,467,388,1831
22370107284453,AAPL,3211600,3211896,296,304,70,125,231,995
22370107284453,AMZN,18495800,18520000,24200,55,25,538,300,1806
22370107284453,GOOGL,14380435,14382673,2238,70,9,393,268,3204
22370107284453,MSFT,1737700,1738000,300,300,235,76,177,1191
22370107284453,TSLA,6404600,6405400,800,15,103,468,389,1832
22380172079857,AAPL,3211600,3211896,296,274,10,126,231,993
22380172079857,AMZN,18495800,18497216,1416,25,100,538,302,1811
22380172079857,GOOGL,14380435,14382673,2238,70,9,393,269,3217
22380172079857,MSFT,1737700,1738000,300,300,235,76,178,1191
22380172079857,TSLA,6404600,6407500,2900,15,45,470,377,1815
22390826107403,AAPL,3211600,3211911,311,184,85,126,233,989
22390826107403,AMZN,18495600,18520000,24400,9,25,537,301,1808
22390826107403,GOOGL,14380435,14380741,306,55,85,393,269,3225
22390826107403,MSFT,1737700,1738000,300,300,235,76,178,1191
22390826107403,TSLA,6405607,6405807,200,100,100,471,378,1816
22400585329798,AAPL,3211600,3211911,311,184,70,126,233,990
22400585329798,AMZN,18495400,18496866,1466,24,100,538,303,1811
22400585329798,GOOGL,14380435,14380741,306,55,85,393,269,3237
22400585329798,MSFT,1737700,1738000,300,300,235,76,178,1190
22400585329798,TSLA,6404750,6407500,2750,100,45,473,377,1817
22410221313260,AAPL,3211600,3211911,311,184,40,126,234,989
22410221313260,AMZN,18495200,18500021,4821,53,100,540,304,1808
22410221313260,GOOGL,14380435,14380741,306,55,85,393,269,3242
22410221313260,MSFT,1737700,1738000,300,300,220,76,178,1190
22410221313260,TSLA,6405368,6405568,200,100,100,473,378,1819
22420200274559,AAPL,3211726,3211926,200,100,100,126,235,987
22420200274559,AMZN,18495200,18520000,24800,38,25,540,303,1810
22420200274559,GOOGL,14380435,14380741,306,55,85,393,270,3250
22420200274559,MSFT,1737700,1738000,300,300,220,76,179,1191
22420200274559,TSLA,6405492,6408000,2508,100,195,473,379,1817
22430029220754,AAPL,3211600,3211604,4,154,100,127,237,985
22430029220754,AMZN,18495200,18506681,11481,8,100,542,303,1810
22430029220754,GOOGL,14380435,14380741,306,55,85,393,270,3258
22430029220754,MSFT,1737700,1738000,300,300,220,77,179,1192
22430029220754,TSLA,6405556,6408000,2444,100,195,473,379,1818
22440298714988,AAPL,3211600,3211604,4,154,85,128,238,988
22440298714988,AMZN,18494200,18506181,11981,45,100,534,302,1800
22440298714988,GOOGL,14380435,14380741,306,55,85,393,268,3262
22440298714988,MSFT,1737700,1738000,300,200,220,77,180,1194
22440298714988,TSLA,6405612,6408000,2388,100,195,473,378,1823
22450251470911,AAPL,3211600,3211604,4,94,85,128,238,986
22450251470911,AMZN,18494100,18499196,5096,5,100,533,300,1797
22450251470911,GOOGL,14380435,14380741,306,55,85,393,268,3270
22450251470911,MSFT,1737700,1738000,300,200,220,77,180,1197
22450251470911,TSLA,6405619,6408000,2381,100,195,473,379,1826
22460400270487,AAPL,3211600,3211604,4,94,70,128,239,984
22460400270487,AMZN,18493700,18505931,12231,10,100,530,299,1786
22460400270487,GOOGL,14380435,14380741,306,55,70,394,270,3282
22460400270487,MSFT,1737700,1738000,300,50,220,77,180,1197
22460400270487,TSLA,6405619,6408000,2381,100,195,475,384,1846
22470030758780,AAPL,3211600,3211604,4,94,70,128,239,984
22470030758780,AMZN,18493400,18505781,12381,15,100,531,299,1781
22470030758780,GOOGL,14380435,14380741,306,45,70,397,272,3294
22470030758780,MSFT,1737700,1738000,300,50,220,77,181,1199
22470030758780,TSLA,6406164,6406346,182,9,100,476,386,1854
22480899560994,AAPL,3211500,3211604,104,227,40,129,239,984
22480899560994,AMZN,18492600,18498146,5546,4,100,533,300,1769
22480899560994,GOOGL,14380435,14380741,306,21,70,402,282,3330
22480899560994,MSFT,1737700,1738000,300,50,220,77,181,1199
22480899560994,TSLA,6406164,6406296,132,9,100,478,386,1858
22490058390445,AAPL,3211500,3211604,104,137,40,129,239,982
22490058390445,AMZN,18492100,18505131,13031,34,100,532,299,1764
22490058390445,GOOGL,14380435,14380741,306,21,70,404,289,3356
22490058390445,MSFT,1737700,1738000,300,50,220,77,181,1198
22490058390445,TSLA,6406164,6406296,132,9,100,478,385,1856
22500009817842,AAPL,3211500,3211604,104,137,25,130,241,986
22500009817842,AMZN,18491000,18512500,21500,9,150,534,299,1751
22500009817842,GOOGL,14380435,14380741,306,21,70,408,291,3366
22500009817842,MSFT,1737700,1738000,300,50,320,77,182,1202
22500009817842,TSLA,6406164,6407500,1336,9,15,478,386,1856
22510047194640,AAPL,3211500,3211604,104,17,25,132,243,994
22510047194640,AMZN,18490000,18512500,22500,281,150,535,300,1729
22510047194640,GOOGL,14380435,14380741,306,21,70,417,291,3387
22510047194640,MSFT,1737700,1737800,100,50,100,77,183,1205
22510047194640,TSLA,6406164,6406246,82,9,100,481,389,1868
22520123133978,AAPL,3211500,3211604,104,17,25,132,243,994
22520123133978,AMZN,18490000,18494246,4246,185,100,537,302,1734
22520123133978,GOOGL,14380435,14380741,306,21,70,417,294,3395
22520123133978,MSFT,1737700,1737800,100,50,100,77,184,1205
22520123133978,TSLA,6406164,6406246,82,9,100,481,391,1872
22530255252360,AAPL,3211300,3211500,200,65,43,130,244,991
22530255252360,AMZN,18490000,18512500,22500,155,150,539,300,1727
22530255252360,GOOGL,14380435,14380741,306,21,70,417,294,3402
22530255252360,MSFT,1737700,1737800,100,50,100,77,184,1208
22530255252360,TSLA,6406164,6406246,82,9,100,482,393,1876
22540435687796,AAPL,3211300,3211500,200,65,43,131,244,993
22540435687796,AMZN,18490000,18494246,4246,26,100,542,302,1723
22540435687796,GOOGL,14380435,14380741,306,21,70,418,294,3410
22540435687796,MSFT,1737600,1737700,100,712,100,76,186,1214
22540435687796,TSLA,6406046,6406900,854,24,14,482,393,1880
22550136602646,AAPL,3211300,3211400,100,35,30,131,245,995
22550136602646,AMZN,18489800,18500231,10431,23,100,545,305,1729
22550136602646,GOOGL,14380435,14380741,306,21,70,422,295,3422
22550136602646,MSFT,1737600,1737700,100,712,100,75,186,1216
22550136602646,TSLA,6406046,6406400,354,9,15,483,394,1883
22560064541588,AAPL,3211200,3211500,300,65,10,129,244,990
22560064541588,AMZN,18489300,18493581,4281,17,100,546,304,1718
22560064541588,GOOGL,14380435,14380741,306,21,70,426,301,3457
22560064541588,MSFT,1737600,1737700,100,212,100,75,188,1216
22560064541588,TSLA,6405457,6406400,943,95,29,482,395,1879
22570095874336,AAPL,3211200,3211604,404,65,5,129,245,989
22570095874336,AMZN,18489200,18490446,1246,6,100,546,306,1718
22570095874336,GOOGL,14380435,14380741,306,21,70,427,307,3483
22570095874336,MSFT,1737600,1737700,100,112,85,75,193,1215
22570095874336,TSLA,6405457,6406900,1443,95,13,482,395,1878
22580175389659,AAPL,3211200,3211295,95,65,70,129,245,988
22580175389659,AMZN,18489000,18493431,4431,76,100,546,306,1715
22580175389659,GOOGL,14380435,14380741,306,7,70,429,308,3505
22580175389659,MSFT,1737600,1737700,100,112,70,75,194,1213
22580175389659,TSLA,6405457,6406900,1443,95,13,482,395,1880
22590780353683,AAPL,3211200,3211295,95,65,70,129,245,991
22590780353683,AMZN,18489000,18490296,1296,19,100,549,306,1717
22590780353683,GOOGL,14380435,14380741,306,7,70,429,310,3522
22590780353683,MSFT,1737600,1737700,100,112,70,75,194,1214
22590780353683,TSLA,6405457,6405607,150,79,100,483,397,1885
22600026964785,AAPL,3211100,3211295,195,55,70,128,248,991
22600026964785,AMZN,18488800,18493331,4531,59,100,549,304,1711
22600026964785,GOOGL,14380435,14380741,306,7,55,429,311,3534
22600026964785,MSFT,1737600,1737700,100,112,70,75,194,1215
22600026964785,TSLA,6405457,6405607,150,44,100,484,397,1893
22610029469287,AAPL,3211000,3211295,295,3105,55,127,248,987
22610029469287,AMZN,18488500,18489921,1421,19,100,550,304,1706
22610029469287,GOOGL,14380435,14380741,306,7,55,429,312,3542
22610029469287,MSFT,1737500,1737700,200,31,70,74,195,1212
22610029469287,TSLA,6405457,6406900,1443,44,13,485,397,1896
22620053741289,AAPL,3211000,3211295,295,3005,25,127,248,987
22620053741289,AMZN,18488000,18489571,1571,139,100,547,304,1695
22620053741289,GOOGL,14380435,14380741,306,7,55,429,315,3553
22620053741289,MSFT,1737500,1737700,200,31,55,74,197,1216
22620053741289,TSLA,6405457,6406900,1443,44,13,486,398,1899
22630752334252,AAPL,3211000,3211300,300,3005,55,127,248,986
22630752334252,AMZN,18488000,18499700,11700,19,6,548,303,1689
22630752334252,GOOGL,14380435,14380741,306,7,55,429,315,3562
22630752334252,MSFT,1737500,1737700,200,31,55,74,199,1218
22630752334252,TSLA,6405457,6406900,1443,44,13,485,399,1904
22640052006355,AAPL,3211000,3211300,300,2975,85,127,247,987
22640052006355,AMZN,18487900,18492881,4981,114,100,547,304,1691
22640052006355,GOOGL,14380435,14380741,306,7,55,429,315,3566
22640052006355,MSFT,1737500,1737700,200,7,55,74,200,1220
22640052006355,TSLA,6405457,6406900,1443,43,13,485,399,1909
22651055828337,AAPL,3211000,3211300,300,2945,85,127,247,987
22651055828337,AMZN,18487900,18492881,4981,114,100,547,304,1690
22651055828337,GOOGL,14380435,14380741,306,7,55,429,316,3569
22651055828337,MSFT,1737500,1737700,200,7,55,74,200,1220
22651055828337,TSLA,6405457,6405607,150,27,100,485,401,1913
22661021167322,AAPL,3211000,3211300,300,2945,85,127,247,989
22661021167322,AMZN,18487900,18489471,1571,114,100,547,304,1689
22661021167322,GOOGL,14380435,14380741,306,7,55,429,317,3577
22661021167322,MSFT,1737500,1737700,200,7,55,74,200,1221
22661021167322,TSLA,6405457,6406900,1443,12,13,484,401,1917
22670102892962,AAPL,3211000,3211300,300,2945,55,127,247,987
22670102892962,AMZN,18487900,18489471,1571,84,100,549,304,1690
22670102892962,GOOGL,14380435,14380741,306,7,55,429,318,3585
22670102892962,MSFT,1737500,1737700,200,7,55,74,200,1223
22670102892962,TSLA,6405457,6405607,150,12,85,483,403,1920
22680302813427,AAPL,3211000,3211300,300,2915,40,129,248,992
22680302813427,AMZN,18487900,18489471,1571,69,100,551,304,1695
22680302813427,GOOGL,14380194,14380741,547,17,55,429,318,3594
22680302813427,MSFT,1737500,1737700,200,7,55,74,200,1223
22680302813427,TSLA,6405457,6405607,150,12,70,481,403,1921
22691770597421,AAPL,3211000,3211300,300,2915,40,130,249,994
22691770597421,AMZN,18487900,18499700,11800,39,6,552,302,1692
22691770597421,GOOGL,14380194,14380741,547,17,55,429,319,3603
22691770597421,MSFT,1737500,1737700,200,7,55,75,200,1234
22691770597421,TSLA,6405457,6405607,150,12,70,481,402,1920
22700068521084,AAPL,3211000,3211300,300,2785,40,130,249,993
22700068521084,AMZN,18487900,18489471,1571,24,100,552,302,1695
22700068521084,GOOGL,14380194,14380741,547,17,55,429,319,3611
22700068521084,MSFT,1737500,1737700,200,7,55,75,200,1234
22700068521084,TSLA,6405457,6405607,150,12,70,482,402,1925
22710010573674,AAPL,3211000,3211300,300,2785,40,130,249,993
22710010573674,AMZN,18487700,18492781,5081,79,100,551,302,1692
22710010573674,GOOGL,14380194,14380741,547,17,55,429,319,3622
22710010573674,MSFT,1737500,1737700,200,7,55,75,200,1235
22710010573674,TSLA,6405457,6405607,150,12,55,483,401,1924
22720621133754,AAPL,3211000,3211400,400,2785,10,130,250,994
22720621133754,AMZN,18487700,18489321,1621,24,100,551,302,1688
22720621133754,GOOGL,14379712,14380741,1029,25,55,429,318,3640
22720621133754,MSFT,1737500,1737700,200,7,55,75,201,1241
22720621133754,TSLA,6405457,6405607,150,12,55,483,403,1927
22730067365577,AAPL,3211104,3211238,134,100,100,130,250,994
22730067365577,AMZN,18487700,18492781,5081,24,100,551,302,1688
22730067365577,GOOGL,14379712,14380741,1029,25,40,429,321,3661
22730067365577,MSFT,1737500,1737700,200,7,55,75,201,1242
22730067365577,TSLA,6405457,6405607,150,12,9,480,407,1930
22740107176915,AAPL,3211000,3211021,21,2725,85,131,251,997
22740107176915,AMZN,18487700,18492781,5081,24,100,551,302,1688
22740107176915,GOOGL,14379712,14381100,1388,10,120,429,320,3674
22740107176915,MSFT,1737500,1737700,200,7,55,75,203,1246
22740107176915,TSLA,6405457,6405672,215,12,85,477,406,1925
22750078077342,AAPL,3211000,3211021,21,2725,25,130,252,996
22750078077342,AMZN,18487300,18489021,1721,6,100,549,300,1676
22750078077342,GOOGL,14379712,14381100,1388,10,120,429,324,3703
22750078077342,MSFT,1737400,1737700,300,497,55,74,203,1247
22750078077342,TSLA,6405457,6405672,215,12,40,477,409,1927
22760317142693,AAPL,3211000,3211021,21,2725,25,130,252,997
22760317142693,AMZN,18487200,18488946,1746,41,100,546,299,1669
22760317142693,GOOGL,14379712,14381100,1388,10,105,429,327,3722
22760317142693,MSFT,1737400,1737700,300,497,55,74,203,1249
22760317142693,TSLA,6405457,6405672,215,12,40,478,410,1935
22770091769367,AAPL,3211000,3211036,36,2725,70,130,255,993
22770091769367,AMZN,18487200,18492531,5331,26,100,549,298,1667
22770091769367,GOOGL,14379712,14381100,1388,10,105,429,330,3740
22770091769367,MSFT,1737400,1737700,300,497,55,74,203,1249
22770091769367,TSLA,6405457,6405672,215,12,40,477,410,1937
22781629281007,AAPL,3211000,3211008,8,2725,85,130,256,989
22781629281007,AMZN,18487200,18499700,12500,26,6,554,297,1671
22781629281007,GOOGL,14379503,14381100,1597,95,75,429,330,3759
22781629281007,MSFT,1737400,1737700,300,497,55,74,203,1250
22781629281007,TSLA,6405457,6405672,215,12,10,474,410,1939
22790743169727,AAPL,3211000,3211041,41,2725,100,130,256,986
22790743169727,AMZN,18487000,18488796,1796,59,100,551,299,1667
22790743169727,GOOGL,14379503,14381100,1597,65,44,433,330,3787
22790743169727,MSFT,1737400,1737700,300,497,40,74,206,1251
22790743169727,TSLA,6405457,6405672,215,12,10,473,410,1945
22800363052980,AAPL,3211000,3211066,66,2725,70,130,259,984
22800363052980,AMZN,18487000,18492431,5431,44,100,551,301,1675
22800363052980,GOOGL,14379503,14381100,1597,50,24,436,330,3816
22800363052980,MSFT,1737400,1737700,300,397,40,74,207,1251
22800363052980,TSLA,6405457,6405672,215,12,10,474,410,1951
22810050403105,AAPL,3211000,3211015,15,2725,85,130,259,980
22810050403105,AMZN,18486600,18492231,5631,14,100,551,300,1671
22810050403105,GOOGL,14379503,14381100,1597,35,24,440,331,3851
22810050403105,MSFT,1737400,1737700,300,397,40,74,209,1253
22810050403105,TSLA,6405457,6405672,215,12,10,474,410,1950
22820141287071,AAPL,3211000,3211015,15,2725,70,130,257,977
22820141287071,AMZN,18485800,18485929,129,22,100,555,300,1671
22820141287071,GOOGL,14379503,14381100,1597,35,24,443,331,3884
22820141287071,MSFT,1737400,1737700,300,397,10,74,210,1252
22820141287071,TSLA,6405457,6405687,230,12,85,474,412,1959
22830035897832,AAPL,3211000,3211015,15,2725,40,130,257,973
22830035897832,AMZN,18485300,18487521,2221,34,100,557,300,1672
22830035897832,GOOGL,14379503,14381100,1597,20,24,443,331,3916
22830035897832,MSFT,1737400,1737800,400,387,565,73,208,1244
22830035897832,TSLA,6405457,6405687,230,12,85,474,414,1964
22840057074409,AAPL,3211000,3211039,39,2695,85,130,258,969
22840057074409,AMZN,18485300,18491581,6281,19,100,559,301,1685
22840057074409,GOOGL,14379503,14380200,697,20,15,444,334,3949
22840057074409,MSFT,1737400,1737800,400,378,550,71,210,1242
22840057074409,TSLA,6405457,6405687,230,12,70,474,414,1965
22850034091759,AAPL,3211000,3211050,50,804,70,130,260,957
22850034091759,AMZN,18485200,18485416,216,29,100,563,302,1694
22850034091759,GOOGL,14378943,14380200,1257,81,15,450,338,4000
22850034091759,MSFT,1737400,1737800,400,378,520,71,212,1235
22850034091759,TSLA,6405457,6405687,230,12,55,473,417,1963
22860411034704,AAPL,3211000,3211053,53,744,63,129,261,949
22860411034704,AMZN,18484800,18485054,254,67,100,562,302,1698
22860411034704,GOOGL,14378943,14380200,1257,81,15,455,342,4060
22860411034704,MSFT,1737400,1737800,400,378,490,71,217,1237
22860411034704,TSLA,6405457,6405687,230,12,40,471,418,1960
22870037354628,AAPL,3211000,3211017,17,744,85,128,260,947
22870037354628,AMZN,18484800,18485054,254,26,100,564,301,1699
22870037354628,GOOGL,14378943,14380200,1257,81,15,457,344,4104
22870037354628,MSFT,1737400,1737800,400,378,490,71,217,1237
22870037354628,TSLA,6405457,6405687,230,12,40,471,418,1961
22880576713689,AAPL,3211000,3211053,53,604,13,128,258,939
22880576713689,AMZN,18484400,18499700,15300,16,6,567,297,1702
22880576713689,GOOGL,14378943,14380200,1257,81,31,460,343,4135
22880576713689,MSFT,1737400,1737800,400,378,473,71,217,1236
22880576713689,TSLA,6405457,6405687,230,12,40,472,419,1969
22890022089704,AAPL,3211000,3211010,10,604,100,128,259,940
22890022089704,AMZN,18483600,18499700,16100,38,6,573,295,1696
22890022089704,GOOGL,14378943,14380200,1257,81,62,460,345,4170
22890022089704,MSFT,1737400,1737800,400,378,473,71,217,1236
22890022089704,TSLA,6405457,6405687,230,12,40,473,419,1974
22900124129352,AAPL,3211000,3211006,6,544,70,129,260,937
22900124129352,AMZN,18483100,18485796,2696,13,100,577,302,1716
22900124129352,GOOGL,14378943,14380200,1257,68,62,460,345,4186
22900124129352,MSFT,1737400,1737800,400,378,473,71,217,1237
22900124129352,TSLA,6405457,6405687,230,12,40,473,422,1978
22910024943375,AAPL,3211000,3211006,6,544,10,129,262,930
22910024943375,AMZN,18482800,18485421,2621,48,100,582,312,1740
22910024943375,GOOGL,14378943,14380200,1257,24,62,461,345,4199
22910024943375,MSFT,1737400,1737800,400,378,573,71,217,1241
22910024943375,TSLA,6405457,6405687,230,12,25,474,422,1981
22920136938206,AAPL,3211000,3211006,6,544,10,129,261,926
22920136938206,AMZN,18482600,18483016,416,78,100,585,319,1758
22920136938206,GOOGL,14378943,14379300,357,24,8,462,348,4215
22920136938206,MSFT,1737400,1737800,400,378,573,71,217,1239
22920136938206,TSLA,6405457,6405687,230,12,25,475,422,1984
22930073748209,AAPL,3211000,3211037,37,79,70,129,263,922
22930073748209,AMZN,18482600,18483016,416,3,100,587,322,1778
22930073748209,GOOGL,14378943,14379900,957,12,8,462,347,4230
22930073748209,MSFT,1737400,1737700,300,378,100,71,218,1239
22930073748209,TSLA,6405502,6405702,200,100,100,476,423,1987
22940182788941,AAPL,3211000,3211037,37,19,55,128,265,923
22940182788941,AMZN,18482100,18498800,16700,93,6,587,328,1801
22940182788941,GOOGL,14378943,14379600,657,12,8,462,348,4245
22940182788941,MSFT,1737400,1737700,300,378,125,71,219,1233
22940182788941,TSLA,6405457,6407000,1543,12,75,476,424,1990
22950369955401,AAPL,3211047,3211058,11,100,50,128,263,918
22950369955401,AMZN,18482100,18482579,479,78,100,587,332,1816
22950369955401,GOOGL,14378500,14379600,1100,4,8,461,348,4255
22950369955401,MSFT,1737400,1737600,200,378,55,71,222,1228
22950369955401,TSLA,6405457,6405702,245,12,85,475,425,1988
22960314842914,AAPL,3210900,3211058,158,46,35,128,263,917
22960314842914,AMZN,18482100,18484896,2796,48,100,592,337,1839
22960314842914,GOOGL,14378366,14379600,1234,26,8,458,348,4268
22960314842914,MSFT,1737400,1737600,200,378,55,71,222,1225
22960314842914,TSLA,6405457,6405702,245,12,55,474,426,1985
22970411348878,AAPL,3210800,3211058,258,66,35,127,262,915
22970411348878,AMZN,18482100,18484896,2796,3,100,596,342,1855
22970411348878,GOOGL,14378300,14379600,1300,1,8,456,348,4277
22970411348878,MSFT,1737400,1737600,200,278,155,71,222,1221
22970411348878,TSLA,6405457,6405702,245,12,55,474,427,1986
22980075993192,AAPL,3210800,3211114,314,66,55,127,261,912
22980075993192,AMZN,18481900,18489431,7531,8,100,595,341,1852
22980075993192,GOOGL,14378200,14379900,1700,2,1,454,347,4289
22980075993192,MSFT,1737400,1737600,200,178,155,71,223,1219
22980075993192,TSLA,6405457,6405702,245,12,25,474,428,1986
22990155916060,AAPL,3210800,3211114,314,66,40,128,262,911
22990155916060,AMZN,18481800,18484671,2871,43,100,597,342,1866
22990155916060,GOOGL,14378200,14378400,200,2,7,455,348,4301
22990155916060,MSFT,1737300,1737600,300,138,155,70,225,1218
22990155916060,TSLA,6405457,6405702,245,12,25,474,426,1984
23000277927079,AAPL,3210748,3211114,366,71,40,130,265,912
23000277927079,AMZN,18481200,18481791,591,17,100,596,342,1869
23000277927079,GOOGL,14378000,14378400,400,32,7,453,348,4318
23000277927079,MSFT,1737000,1737600,600,480,125,71,226,1218
23000277927079,TSLA,6405457,6405702,245,12,25,472,427,1986
23010106067595,AAPL,3210748,3211114,366,21,25,129,265,911
23010106067595,AMZN,18481000,18488981,7981,17,100,595,339,1872
23010106067595,GOOGL,14378000,14378400,400,32,7,454,349,4329
23010106067595,MSFT,1737000,1737600,600,480,125,73,226,1222
23010106067595,TSLA,6405457,6405702,245,12,10,473,427,1994
23020204131370,AAPL,3210726,3210786,60,100,100,128,265,906
23020204131370,AMZN,18480900,18488931,8031,42,100,597,339,1882
23020204131370,GOOGL,14378000,14378500,500,32,6,454,348,4336
23020204131370,MSFT,1737000,1737600,600,480,110,73,227,1220
23020204131370,TSLA,6405457,6405702,245,12,10,473,427,1994
23030197373896,AAPL,3210700,3210856,156,65,100,129,265,906
23030197373896,AMZN,18480900,18483996,3096,12,100,598,339,1887
23030197373896,GOOGL,14378000,14378500,500,32,6,455,348,4349
23030197373896,MSFT,1737000,1737400,400,480,100,74,229,1223
23030197373896,TSLA,6405457,6407000,1543,12,70,473,425,1996
23040138762214,AAPL,3210600,3210614,14,73,85,128,265,902
23040138762214,AMZN,18480600,18481266,666,47,100,596,340,1887
23040138762214,GOOGL,14378000,14378500,500,32,6,455,348,4359
23040138762214,MSFT,1737000,1737400,400,480,85,74,229,1226
23040138762214,TSLA,6405457,6407000,1543,12,70,474,425,1998
23050839065705,AAPL,3210600,3210614,14,73,70,128,265,903
23050839065705,AMZN,18480200,18488581,8381,62,100,598,339,1883
23050839065705,GOOGL,14378000,14378500,500,32,6,455,348,4363
23050839065705,MSFT,1737000,1737400,400,480,55,74,230,1226
23050839065705,TSLA,6405457,6407000,1543,12,70,473,426,2000
23060841830245,AAPL,3210600,3210614,14,43,70,130,264,907
23060841830245,AMZN,18480200,18488581,8381,47,100,600,339,1899
23060841830245,GOOGL,14378000,14378500,500,32,6,455,348,4364
23060841830245,MSFT,1737000,1737400,400,480,55,74,230,1224
23060841830245,TSLA,6405517,6405717,200,100,100,471,427,2004
23070630106427,AAPL,3210600,3210614,14,43,70,130,264,906
23070630106427,AMZN,18480200,18483471,3271,47,100,600,339,1899
23070630106427,GOOGL,14378000,14378500,500,32,6,454,348,4363
23070630106427,MSFT,1737000,1737400,400,480,55,74,230,1224
23070630106427,TSLA,6405457,6407000,1543,12,70,472,427,2006
23080210032887,AAPL,3210600,3210614,14,43,70,130,265,905
23080210032887,AMZN,18480200,18483471,3271,32,100,601,339,1915
23080210032887,GOOGL,14378000,14378500,500,25,6,454,348,4373
23080210032887,MSFT,1737000,1737400,400,480,10,74,230,1219
23080210032887,TSLA,6405517,6405717,200,100,100,472,429,2007
23090267075939,AAPL,3210500,3210614,114,695,70,130,263,899
23090267075939,AMZN,18480100,18480829,729,2,100,601,342,1932
23090267075939,GOOGL,14378000,14378200,200,25,7,454,349,4386
23090267075939,MSFT,1737000,1737400,400,480,10,74,230,1221
23090267075939,TSLA,6405457,6405717,260,12,80,472,429,2012
23100538403805,AAPL,3210500,3210614,114,695,70,130,263,897
23100538403805,AMZN,18479900,18483246,3346,42,100,600,343,1943
23100538403805,GOOGL,14378000,14378200,200,25,7,454,349,4395
23100538403805,MSFT,1737000,1737400,400,180,110,77,230,1231
23100538403805,TSLA,6405457,6405717,260,12,80,472,431,2012
23110254348503,AAPL,3210500,3210614,114,541,40,130,263,897
23110254348503,AMZN,18479700,18483096,3396,7,100,601,342,1962
23110254348503,GOOGL,14378000,14378200,200,25,7,454,349,4405
23110254348503,MSFT,1736700,1737400,700,886,110,75,230,1230
23110254348503,TSLA,6405457,6405717,260,12,80,467,431,2011
23120034393257,AAPL,3210500,3210519,19,381,100,130,263,893
23120034393257,AMZN,18479400,18488181,8781,17,100,600,342,1977
23120034393257,GOOGL,14378000,14378500,500,25,12,454,348,4411
23120034393257,MSFT,1736700,1737400,700,786,110,75,231,1237
23120034393257,TSLA,6405457,6405717,260,12,65,466,431,2015
23130034377673,AAPL,3210500,3210570,70,284,70,130,263,891
23130034377673,AMZN,18479200,18480041,841,7,100,601,343,1996
23130034377673,GOOGL,14378000,14378500,500,25,12,454,348,4426
23130034377673,MSFT,1736700,1736900,200,386,100,78,234,1234
23130034377673,TSLA,6405457,6405717,260,12,65,466,431,2014
23140407631507,AAPL,3210500,3210570,70,210,55,130,263,891
23140407631507,AMZN,18478700,18498800,20100,22,6,598,341,2005
23140407631507,GOOGL,14378000,14378500,500,25,12,454,348,4436
23140407631507,MSFT,1736700,1736900,200,361,100,82,234,1262
23140407631507,TSLA,6405457,6405717,260,12,65,468,431,2015
23150323353740,AAPL,3210500,3210570,70,176,40,130,263,891
23150323353740,AMZN,18478200,18487581,9381,92,100,597,339,2012
23150323353740,GOOGL,14378000,14378500,500,25,12,454,348,4441
23150323353740,MSFT,1736700,1736900,200,361,85,82,235,1280
23150323353740,TSLA,6405457,6405717,260,12,65,468,431,2017
23160035868268,AAPL,3210500,3210570,70,86,40,130,263,886
23160035868268,AMZN,18478200,18498800,20600,32,6,596,338,2020
23160035868268,GOOGL,14378000,14378500,500,25,12,454,348,4447
23160035868268,MSFT,1736700,1736900,200,361,105,82,237,1305
23160035868268,TSLA,6405457,6405717,260,12,65,467,433,2016
23170016929577,AAPL,3210400,3210570,170,128,10,130,263,885
23170016929577,AMZN,18478100,18479079,979,7,100,595,338,2036
23170016929577,GOOGL,14378000,14378600,600,25,4,454,347,4456
23170016929577,MSFT,1736600,1736900,300,38,105,81,237,1313
23170016929577,TSLA,6405457,6405717,260,12,50,467,435,2015
23180503203713,AAPL,3210400,3210495,95,68,85,130,262,882
23180503203713,AMZN,18478000,18487481,9481,22,100,594,338,2049
23180503203713,GOOGL,14378000,14378600,600,10,4,453,346,4453
23180503203713,MSFT,1736500,1736900,400,4153,105,81,237,1314
23180503203713,TSLA,6405457,6405717,260,12,35,467,435,2015
23190659777779,AAPL,3210400,3210495,95,8,70,130,262,880
23190659777779,AMZN,18477900,18487481,9581,52,100,593,338,2060
23190659777779,GOOGL,14378000,14378300,300,10,30,452,349,4460
23190659777779,MSFT,1736500,1736900,400,4019,105,81,237,1313
23190659777779,TSLA,6405457,6405717,260,12,35,467,435,2016
23201111825964,AAPL,3210300,3210328,28,18,100,129,262,877
23201111825964,AMZN,18477900,18478904,1004,52,100,595,337,2065
23201111825964,GOOGL,14378000,14378300,300,10,30,453,351,4464
23201111825964,MSFT,1736500,1736900,400,3899,105,82,237,1315
23201111825964,TSLA,6405457,6405717,260,12,35,467,436,2025
23210123565645,AAPL,3210300,3210328,28,18,100,129,262,876
23210123565645,AMZN,18477900,18487431,9531,52,100,595,337,2064
23210123565645,GOOGL,14377700,14378300,600,35,8,451,350,4464
23210123565645,MSFT,1736500,1736900,400,3699,105,84,239,1332
23210123565645,TSLA,6405457,6405717,260,12,35,467,436,2026
23220273431832,AAPL,3210100,3210134,34,124,100,127,263,871
23220273431832,AMZN,18477700,18498800,21100,52,6,594,335,2061
23220273431832,GOOGL,14377700,14378300,600,35,98,451,350,4472
23220273431832,MSFT,1736500,1736900,400,3699,90,84,239,1337
23220273431832,TSLA,6405457,6405717,260,12,5,467,437,2027
23230903749771,AAPL,3210000,3210084,84,4436,100,127,263,867
23230903749771,AMZN,18477700,18478729,1029,37,100,594,335,2061
23230903749771,GOOGL,14377700,14378300,600,35,98,451,350,4476
23230903749771,MSFT,1736500,1736900,400,3699,90,84,239,1339
23230903749771,TSLA,6405457,6405717,260,12,5,467,437,2030
23240068039612,AAPL,3210000,3210003,3,4316,55,128,264,861
23240068039612,AMZN,18477700,18487331,9631,22,100,595,335,2062
23240068039612,GOOGL,14377700,14377800,100,35,7,450,351,4482
23240068039612,MSFT,1736500,1736600,100,3699,100,83,241,1364
23240068039612,TSLA,6405457,6405717,260,12,5,466,438,2036
23250229499803,AAPL,3210000,3210003,3,4286,40,129,262,861
23250229499803,AMZN,18477700,18478729,1029,7,100,596,333,2060
23250229499803,GOOGL,14377700,14378300,600,35,90,450,351,4489
23250229499803,MSFT,1736500,1736600,100,3699,100,83,242,1380
23250229499803,TSLA,6405457,6407000,1543,12,45,465,444,2040
23260284183764,AAPL,3210000,3210003,3,4286,40,130,264,867
23260284183764,AMZN,18477400,18481371,3971,12,100,598,331,2059
23260284183764,GOOGL,14377700,14378300,600,20,34,449,348,4497
23260284183764,MSFT,1736500,1736600,100,3599,100,83,242,1387
23260284183764,TSLA,6405287,6405314,27,12,100,465,446,2046
23271629363410,AAPL,3210000,3210003,3,4286,40,130,264,869
23271629363410,AMZN,18477200,18478291,1091,37,100,597,331,2059
23271629363410,GOOGL,14377700,14378300,600,20,34,450,349,4505
23271629363410,MSFT,1736500,1736600,100,3599,100,83,244,1390
23271629363410,TSLA,6404421,6406700,2279,27,16,462,445,2046
23280200769447,AAPL,3210000,3210003,3,4086,40,130,264,870
23280200769447,AMZN,18477200,18478291,1091,26,100,596,330,2058
23280200769447,GOOGL,14377700,14378300,600,20,19,449,348,4509
23280200769447,MSFT,1736500,1736600,100,3199,100,83,243,1390
23280200769447,TSLA,6404421,6406600,2179,27,16,462,446,2046
23290735212856,AAPL,3210000,3210003,3,3996,25,130,263,868
23290735212856,AMZN,18477200,18498800,21600,15,6,596,329,2056
23290735212856,GOOGL,14377700,14378300,600,20,4,450,347,4515
23290735212856,MSFT,1736500,1736600,100,2999,200,83,243,1395
23290735212856,TSLA,6404421,6406400,1979,27,16,461,448,2046
23300953127810,AAPL,3210000,3210084,84,3956,65,132,262,868
23300953127810,AMZN,18477100,18481171,4071,60,100,595,330,2054
23300953127810,GOOGL,14377600,14378400,800,172,115,449,346,4520
23300953127810,MSFT,1736500,1736600,100,2899,200,83,243,1396
23300953127810,TSLA,6404458,6404658,200,100,100,459,450,2047
23310068257957,AAPL,3210000,3210084,84,3896,50,132,264,871
23310068257957,AMZN,18477100,18481146,4046,60,100,598,329,2057
23310068257957,GOOGL,14377600,14378400,800,172,115,449,346,4525
23310068257957,MSFT,1736500,1736600,100,2899,200,83,244,1401
23310068257957,TSLA,6404421,6406400,1979,27,1,457,451,2048
23320330728242,AAPL,3210000,3210084,84,3896,50,132,264,872
23320330728242,AMZN,18477100,18478204,1104,30,100,599,329,2055
23320330728242,GOOGL,14377600,14378400,800,172,115,450,346,4539
23320330728242,MSFT,1736500,1736600,100,2899,200,83,244,1405
23320330728242,TSLA,6404421,6404808,387,27,40,455,453,2048
23330230325155,AAPL,3210000,3210084,84,3766,50,133,264,875
23330230325155,AMZN,18476900,18486931,10031,10,100,601,327,2056
23330230325155,GOOGL,14377600,14378400,800,172,115,450,346,4549
23330230325155,MSFT,1736500,1736600,100,2899,200,83,245,1408
23330230325155,TSLA,6404421,6404808,387,27,40,459,455,2058
23340376602372,AAPL,3210000,3210084,84,3706,20,134,265,877
23340376602372,AMZN,18476500,18477679,1179,20,100,604,326,2059
23340376602372,GOOGL,14377600,14378400,800,172,115,451,346,4565
23340376602372,MSFT,1736500,1736600,100,2899,200,83,245,1409
23340376602372,TSLA,6404421,6407000,2579,27,2,458,457,2055
23350977881487,AAPL,3210000,3210084,84,3616,20,135,265,879
23350977881487,AMZN,18488800,18489831,1031,8,100,610,327,2071
23350977881487,GOOGL,14377600,14378400,800,172,115,452,346,4572
23350977881487,MSFT,1736500,1736600,100,2899,200,83,245,1409
23350977881487,TSLA,6404773,6404973,200,100,100,456,459,2058
23360469343166,AAPL,3210000,3210277,277,3616,45,137,266,884
23360469343166,AMZN,18476500,18483681,7181,2,100,610,324,2072
23360469343166,GOOGL,14377600,14378400,800,172,115,453,347,4577
23360469343166,MSFT,1736500,1736600,100,2899,200,83,245,1409
23360469343166,TSLA,6404773,6404973,200,100,100,456,459,2065
23370823655967,AAPL,3210000,3210007,7,3586,100,138,269,890
23370823655967,AMZN,18476400,18479096,2696,11,100,609,322,2074
23370823655967,GOOGL,14377600,14378400,800,157,100,454,347,4584
23370823655967,MSFT,1736500,1736600,100,2899,200,83,245,1409
23370823655967,TSLA,6404421,6407000,2579,27,2,456,459,2071
23380322430528,AAPL,3210000,3210006,6,3296,85,140,270,900
23380322430528,AMZN,18475800,18478646,2846,6,100,610,321,2073
23380322430528,GOOGL,14378000,14378400,400,15,100,455,348,4592
23380322430528,MSFT,1736500,1736600,100,2899,200,83,245,1409
23380322430528,TSLA,6404773,6404973,200,100,100,457,461,2085
23390064103529,AAPL,3210000,3210006,6,3098,85,140,270,900
23390064103529,AMZN,18475800,18476304,504,6,100,610,322,2074
23390064103529,GOOGL,14378300,14378400,100,15,100,456,348,4602
23390064103529,MSFT,1736500,1736600,100,2899,200,83,245,1409
23390064103529,TSLA,6404421,6404973,552,27,36,458,463,2095
23400151072807,AAPL,3210000,3210006,6,3068,46,140,270,902
23400151072807,AMZN,18475500,18478446,2946,16,100,609,322,2073
23400151072807,GOOGL,14378300,14378400,100,15,100,456,349,4613
23400151072807,MSFT,1736500,1736600,100,2899,200,83,244,1407
23400151072807,TSLA,6404421,6404973,552,27,21,458,463,2100
23410026091267,AAPL,3210000,3210032,32,3028,24,142,270,907
23410026091267,AMZN,18475500,18476041,541,16,100,609,322,2074
23410026091267,GOOGL,14378300,14378400,100,15,100,459,349,4633
23410026091267,MSFT,1736500,1736600,100,2899,200,83,244,1406
23410026091267,TSLA,6405647,6405847,200,100,100,460,460,2101
23420047319870,AAPL,3210000,3210032,32,2851,9,142,271,910
23420047319870,AMZN,18475500,18492700,17200,16,100,609,321,2073
23420047319870,GOOGL,14378300,14378400,100,15,100,458,349,4641
23420047319870,MSFT,1736500,1736600,100,2899,200,83,243,1404
23420047319870,TSLA,6406200,6406413,213,16,55,461,465,2105
23430183748886,AAPL,3210000,3210014,14,2851,70,142,274,921
23430183748886,AMZN,18475300,18475941,641,26,100,610,322,2076
23430183748886,GOOGL,14378000,14378400,400,30,100,459,349,4656
23430183748886,MSFT,1736500,1736600,100,2899,200,83,244,1404
23430183748886,TSLA,6406200,6406427,227,16,54,461,469,2109
23440018502746,AAPL,3210000,3210014,14,2811,40,142,274,927
23440018502746,AMZN,18474900,18477971,3071,12,100,609,321,2072
23440018502746,GOOGL,14378000,14378400,400,30,71,461,349,4681
23440018502746,MSFT,1736500,1736600,100,2899,200,84,244,1406
23440018502746,TSLA,6406243,6406443,200,100,100,460,469,2112
23450339839755,AAPL,3210000,3210014,14,2811,25,142,273,930
23450339839755,AMZN,18480000,18481796,1796,176,100,613,321,2079
23450339839755,GOOGL,14377600,14378400,800,107,71,460,349,4690
23450339839755,MSFT,1736500,1736600,100,2899,200,84,242,1403
23450339839755,TSLA,6406200,6406473,273,16,65,459,468,2114
23460098585019,AAPL,3210000,3210105,105,2781,75,142,271,927
23460098585019,AMZN,18480000,18481796,1796,176,100,615,320,2080
23460098585019,GOOGL,14378000,14378400,400,15,71,466,349,4714
23460098585019,MSFT,1736500,1736600,100,2899,200,85,242,1404
23460098585019,TSLA,6406200,6406473,273,16,34,459,471,2118
23470322334995,AAPL,3210000,3210007,7,2721,55,143,276,930
23470322334995,AMZN,18480000,18492700,12700,176,100,616,323,2086
23470322334995,GOOGL,14378000,14378400,400,15,27,469,349,4727
23470322334995,MSFT,1736500,1736600,100,2899,200,85,238,1392
23470322334995,TSLA,6406200,6408000,1800,16,55,459,476,2129
23480215189574,AAPL,3210000,3210007,7,2721,55,143,276,930
23480215189574,AMZN,18480000,18492700,12700,176,100,620,327,2101
23480215189574,GOOGL,14378000,14378500,500,15,48,475,348,4740
23480215189574,MSFT,1736500,1736600,100,2899,200,85,238,1391
23480215189574,TSLA,6406307,6406507,200,100,100,459,478,2139
23490518498963,AAPL,3210000,3210006,6,2691,100,142,277,932
23490518498963,AMZN,18480000,18492700,12700,176,100,623,327,2111
23490518498963,GOOGL,14377700,14378500,800,15,48,475,348,4744
23490518498963,MSFT,1736500,1736600,100,2899,200,85,239,1395
23490518498963,TSLA,6406307,6406507,200,100,100,459,478,2144
23500115139405,AAPL,3210000,3210007,7,2661,40,144,278,932
23500115139405,AMZN,18480000,18485431,5431,161,100,623,331,2119
23500115139405,GOOGL,14377700,14378500,800,15,33,476,348,4743
23500115139405,MSFT,1736500,1736600,100,2899,200,85,237,1400
23500115139405,TSLA,6408700,6408800,100,395,303,460,468,2119
23510601253004,AAPL,3210000,3210007,7,2591,10,145,279,944
23510601253004,AMZN,18480000,18492700,12700,146,100,628,331,2128
23510601253004,GOOGL,14377600,14378500,900,107,4,475,348,4735
23510601253004,MSFT,1736500,1736600,100,2899,200,85,237,1402
23510601253004,TSLA,6408700,6410000,1300,395,1050,460,465,2120
23522510366837,AAPL,3210000,3210010,10,2591,70,145,280,946
23522510366837,AMZN,18480000,18481796,1796,146,100,629,332,2131
23522510366837,GOOGL,14377600,14378600,1000,107,38,477,347,4738
23522510366837,MSFT,1736500,1736600,100,2899,200,85,235,1401
23522510366837,TSLA,6408700,6408773,73,395,54,461,466,2123
23530329642258,AAPL,3210000,3210010,10,2591,70,145,280,945
23530329642258,AMZN,18480000,18481796,1796,296,100,629,331,2136
23530329642258,GOOGL,14377600,14378600,1000,107,38,478,347,4740
23530329642258,MSFT,1736500,1736600,100,2699,200,85,235,1415
23530329642258,TSLA,6408700,6408789,89,395,34,461,467,2127
23540025325924,AAPL,3210000,3210010,10,2561,70,144,279,942
23540025325924,AMZN,18480000,18481796,1796,281,100,633,332,2145
23540025325924,GOOGL,14377600,14378600,1000,107,23,483,347,4751
23540025325924,MSFT,1736500,1736600,100,2699,200,85,233,1420
23540025325924,TSLA,6408700,6408789,89,395,16,461,470,2132
23550265088520,AAPL,3210000,3210010,10,2561,40,144,279,940
23550265088520,AMZN,18480000,18481796,1796,253,100,635,331,2150
23550265088520,GOOGL,14377600,14379100,1500,107,66,489,344,4768
23550265088520,MSFT,1736500,1736600,100,2699,200,85,233,1421
23550265088520,TSLA,6408700,6408804,104,395,64,461,477,2144
23560481220078,AAPL,3210000,3210010,10,2461,40,144,279,937
23560481220078,AMZN,18480000,18481796,1796,238,100,636,331,2154
23560481220078,GOOGL,14377600,14379100,1500,107,66,489,344,4779
23560481220078,MSFT,1736500,1736600,100,2699,200,85,233,1426
23560481220078,TSLA,6408700,6408804,104,395,64,461,479,2145
23570309663618,AAPL,3210000,3210008,8,2301,85,144,279,936
23570309663618,AMZN,18480000,18485431,5431,238,100,635,331,2154
23570309663618,GOOGL,14377600,14379100,1500,107,66,489,343,4785
23570309663618,MSFT,1736500,1736600,100,2699,200,85,233,1432
23570309663618,TSLA,6408700,6408804,104,395,19,461,479,2145
23580354827846,AAPL,3210000,3210008,8,2301,53,144,281,936
23580354827846,AMZN,18480000,18485431,5431,208,100,633,331,2152
23580354827846,GOOGL,14377600,14379100,1500,107,66,491,343,4823
23580354827846,MSFT,1736500,1736600,100,2699,200,85,234,1435
23580354827846,TSLA,6408700,6408820,120,395,86,461,479,2144
23590207764872,AAPL,3210000,3210008,8,2271,53,144,281,935
23590207764872,AMZN,18480000,18485431,5431,208,100,632,331,2152
23590207764872,GOOGL,14377600,14379100,1500,107,66,493,343,4829
23590207764872,MSFT,1736500,1736600,100,2699,200,85,234,1438
23590207764872,TSLA,6408700,6410000,1300,395,968,461,480,2145
23600991114126,AAPL,3210000,3210008,8,2271,53,145,282,937
23600991114126,AMZN,18480000,18485431,5431,193,100,633,332,2155
23600991114126,GOOGL,14377600,14379100,1500,107,66,493,343,4830
23600991114126,MSFT,1736500,1736600,100,2699,200,85,234,1438
23600991114126,TSLA,6408700,6408848,148,395,69,461,481,2148
23610138238223,AAPL,3210000,3210008,8,2271,53,145,282,938
23610138238223,AMZN,18480000,18485431,5431,178,100,634,331,2154
23610138238223,GOOGL,14377600,14379100,1500,107,66,493,343,4833
23610138238223,MSFT,1736500,1736600,100,2699,200,85,234,1437
23610138238223,TSLA,6408700,6408848,148,395,54,461,486,2154
23620090541437,AAPL,3210000,3210008,8,2231,53,145,283,939
23620090541437,AMZN,18480000,18485431,5431,178,100,634,331,2155
23620090541437,GOOGL,14377600,14379100,1500,107,66,493,343,4834
23620090541437,MSFT,1736500,1736600,100,2699,200,85,234,1439
23620090541437,TSLA,6408700,6408848,148,395,22,461,488,2158
23630169487967,AAPL,3210000,3210008,8,2231,53,145,284,940
23630169487967,AMZN,18480000,18481796,1796,148,100,636,331,2156
23630169487967,GOOGL,14377600,14379100,1500,107,66,493,343,4837
23630169487967,MSFT,1736500,1736600,100,2699,200,85,234,1440
23630169487967,TSLA,6408700,6408864,164,395,18,461,488,2160
23640196197781,AAPL,3210000,3210008,8,2131,53,145,286,943
23640196197781,AMZN,18480000,18481796,1796,148,100,636,331,2158
23640196197781,GOOGL,14377600,14379100,1500,107,51,493,343,4835
23640196197781,MSFT,1736500,1736600,100,2699,200,85,234,1441
23640196197781,TSLA,6408700,6408880,180,395,72,461,490,2165
23650152452643,AAPL,3210000,3210008,8,2091,53,145,287,944
23650152452643,AMZN,18480000,18492700,12700,118,100,636,330,2156
23650152452643,GOOGL,14377600,14379100,1500,107,51,493,343,4840
23650152452643,MSFT,1736500,1736600,100,2699,200,85,234,1442
23650152452643,TSLA,6408700,6410000,1300,395,898,461,489,2167
23660261598452,AAPL,3210000,3210008,8,2091,53,145,287,945
23660261598452,AMZN,18480000,18485431,5431,88,100,635,331,2159
23660261598452,GOOGL,14377600,14379100,1500,107,51,493,343,4845
23660261598452,MSFT,1736500,1736600,100,2699,200,85,234,1446
23660261598452,TSLA,6408709,6408909,200,100,100,461,489,2169
23670393196249,AAPL,3210000,3210008,8,1953,53,145,288,949
23670393196249,AMZN,18480000,18485431,5431,73,100,634,331,2162
23670393196249,GOOGL,14377600,14379100,1500,107,51,493,343,4846
23670393196249,MSFT,1736500,1736600,100,2699,200,85,234,1448
23670393196249,TSLA,6408700,6408925,225,395,86,461,493,2175
23681088566299,AAPL,3210000,3210008,8,1953,53,145,290,951
23681088566299,AMZN,18480000,18485431,5431,73,100,632,333,2163
23681088566299,GOOGL,14377600,14379100,1500,107,36,493,343,4845
23681088566299,MSFT,1736500,1736600,100,2699,200,85,234,1448
23681088566299,TSLA,6408739,6408939,200,100,100,461,497,2179
23690287508078,AAPL,3210000,3210008,8,1953,38,145,290,955
23690287508078,AMZN,18480000,18485431,5431,58,100,632,334,2164
23690287508078,GOOGL,14377600,14379100,1500,107,36,493,343,4849
23690287508078,MSFT,1736500,1736600,100,2699,200,85,235,1451
23690287508078,TSLA,6408739,6408939,200,100,86,461,498,2182
23701243382654,AAPL,3210000,3210008,8,1953,38,145,291,954
23701243382654,AMZN,18475000,18492700,17700,111,100,631,334,2163
23701243382654,GOOGL,14377600,14379100,1500,107,36,493,343,4853
23701243382654,MSFT,1736500,1736600,100,2699,200,85,235,1455
23701243382654,TSLA,6408700,6408953,253,395,90,461,500,2187
23710320119145,AAPL,3210000,3210008,8,1953,8,146,291,955
23710320119145,AMZN,18490000,18490431,431,135,100,630,335,2163
23710320119145,GOOGL,14377600,14379100,1500,107,36,493,343,4862
23710320119145,MSFT,1736500,1736600,100,2699,200,85,235,1455
23710320119145,TSLA,6408763,6408963,200,100,100,461,503,2190
23720773925465,AAPL,3210000,3210008,8,1855,8,146,291,952
23720773925465,AMZN,18490000,18490431,431,98,100,634,337,2175
23720773925465,GOOGL,14377600,14379100,1500,107,36,493,343,4864
23720773925465,MSFT,1736500,1736600,100,2699,104,86,233,1458
23720773925465,TSLA,6408700,6408978,278,395,9,461,504,2190
23730321913267,AAPL,3210000,3210008,8,1855,8,146,291,951
23730321913267,AMZN,18490000,18492700,2700,98,100,633,337,2176
23730321913267,GOOGL,14377600,14379100,1500,107,36,493,343,4865
23730321913267,MSFT,1736500,1736600,100,2699,54,86,233,1462
23730321913267,TSLA,6408700,6408994,294,395,10,461,506,2192
23740118683377,AAPL,3210000,3210010,10,1955,3,145,291,950
23740118683377,AMZN,18490000,18492700,2700,83,100,635,337,2178
23740118683377,GOOGL,14377600,14379100,1500,107,6,493,344,4868
23740118683377,MSFT,1736500,1736600,100,2699,54,86,233,1462
23740118683377,TSLA,6408700,6409023,323,395,29,462,508,2195
23750287595753,AAPL,3210018,3210034,16,100,23,146,290,949
23750287595753,AMZN,18490000,18492700,2700,83,100,638,336,2185
23750287595753,GOOGL,14377743,14377943,200,100,100,493,344,4868
23750287595753,MSFT,1736500,1736600,100,2699,54,86,233,1463
23750287595753,TSLA,6408700,6409039,339,395,8,462,507,2197
23760108113501,AAPL,3210069,3210100,31,100,20,146,290,945
23760108113501,AMZN,18490000,18490431,431,83,100,638,340,2191
23760108113501,GOOGL,14377743,14377943,200,100,100,493,344,4864
23760108113501,MSFT,1736500,1736600,100,2699,54,86,232,1464
23760108113501,TSLA,6408700,6409070,370,395,27,462,510,2203
23770856009154,AAPL,3210072,3210100,28,100,20,147,290,946
23770856009154,AMZN,18490000,18490431,431,83,100,639,340,2193
23770856009154,GOOGL,14377600,14379900,2300,92,22,493,343,4863
23770856009154,MSFT,1736500,1736600,100,2699,54,86,232,1466
23770856009154,TSLA,6408700,6409070,370,395,27,462,510,2204
23781054108092,AAPL,3210072,3210100,28,100,20,147,290,946
23781054108092,AMZN,18490000,18490431,431,68,100,639,340,2194
23781054108092,GOOGL,14377600,14379900,2300,77,22,493,342,4868
23781054108092,MSFT,1736500,1736600,100,2699,54,86,232,1467
23781054108092,TSLA,6408700,6409070,370,395,16,462,513,2208
23791141227977,AAPL,3210075,3210100,25,100,20,147,290,946
23791141227977,AMZN,18490000,18492700,2700,68,100,642,341,2200
23791141227977,GOOGL,14377743,14377999,256,85,55,494,345,4870
23791141227977,MSFT,1736500,1736600,100,2699,24,86,231,1465
23791141227977,TSLA,6408700,6409086,386,395,71,462,515,2214
23800149834550,AAPL,3210075,3210100,25,100,20,147,290,946
23800149834550,AMZN,18490000,18492700,2700,53,100,644,341,2205
23800149834550,GOOGL,14377743,14377999,256,85,55,494,346,4872
23800149834550,MSFT,1736500,1736600,100,2699,24,86,231,1462
23800149834550,TSLA,6408700,6409086,386,395,51,462,515,2219
23811063809379,AAPL,3210079,3210105,26,100,50,147,289,945
23811063809379,AMZN,18490000,18492700,2700,53,100,645,341,2209
23811063809379,GOOGL,14377814,14378014,200,100,100,494,348,4871
23811063809379,MSFT,1736500,1736600,100,2699,9,86,231,1462
23811063809379,TSLA,6408700,6409100,400,395,70,462,517,2224
23820143582322,AAPL,3210080,3210105,25,100,50,147,288,947
23820143582322,AMZN,18490000,18490431,431,53,100,646,342,2213
23820143582322,GOOGL,14377814,14378014,200,100,100,494,349,4874
23820143582322,MSFT,1736500,1736700,200,2699,143,86,230,1459
23820143582322,TSLA,6408700,6409115,415,395,26,462,522,2232
23831267758752,AAPL,3210080,3210105,25,100,20,148,290,950
23831267758752,AMZN,18490000,18492700,2700,23,100,651,341,2225
23831267758752,GOOGL,14377814,14378014,200,100,100,493,349,4879
23831267758752,MSFT,1736500,1736700,200,2699,128,86,229,1457
23831267758752,TSLA,6408700,6409115,415,395,11,462,522,2233
23840397623781,AAPL,3210080,3210105,25,100,20,148,290,950
23840397623781,AMZN,18490000,18492700,2700,23,100,651,341,2231
23840397623781,GOOGL,14377743,14379900,2157,85,2,493,348,4877
23840397623781,MSFT,1736500,1736700,200,2699,83,86,232,1456
23840397623781,TSLA,6408700,6408710,10,395,96,462,525,2239
23850043087285,AAPL,3210080,3210105,25,100,5,148,290,950
23850043087285,AMZN,18490000,18490431,431,8,100,656,342,2240
23850043087285,GOOGL,14377743,14378064,321,85,70,493,349,4881
23850043087285,MSFT,1736500,1736700,200,2699,68,86,235,1457
23850043087285,TSLA,6408700,6408710,10,395,96,462,527,2245
23860019948083,AAPL,3210080,3210105,25,100,5,148,290,950
23860019948083,AMZN,18476300,18479021,2721,5,100,658,343,2248
23860019948083,GOOGL,14377743,14378064,321,85,55,493,349,4885
23860019948083,MSFT,1736500,1736700,200,2699,68,86,235,1456
23860019948083,TSLA,6408700,6408710,10,395,81,460,529,2247
23870095887346,AAPL,3210080,3210105,25,100,5,148,290,950
23870095887346,AMZN,18482200,18486531,4331,20,100,661,343,2255
23870095887346,GOOGL,14377743,14380000,2257,70,102,493,351,4885
23870095887346,MSFT,1736500,1736700,200,2699,68,86,236,1456
23870095887346,TSLA,6408700,6408710,10,395,43,461,530,2249
23880126865191,AAPL,3210080,3210105,25,60,5,150,290,952
23880126865191,AMZN,18482200,18483446,1246,10,100,666,343,2263
23880126865191,GOOGL,14377743,14378079,336,70,85,493,352,4886
23880126865191,MSFT,1736500,1736700,200,2699,53,86,239,1457
23880126865191,TSLA,6408949,6409149,200,100,100,462,531,2251
23890123691515,AAPL,3210080,3210105,25,60,5,150,290,952
23890123691515,AMZN,18482200,18492700,10500,10,100,666,342,2261
23890123691515,GOOGL,14377743,14378079,336,70,55,493,352,4891
23890123691515,MSFT,1736500,1736700,200,2699,53,86,242,1459
23890123691515,TSLA,6408700,6408738,38,395,8,462,531,2252
23900326640881,AAPL,3210080,3210105,25,60,5,150,290,952
23900326640881,AMZN,18480000,18492700,12700,15,100,666,341,2267
23900326640881,GOOGL,14377743,14378079,336,55,55,493,352,4890
23900326640881,MSFT,1736500,1736700,200,2699,53,86,243,1460
23900326640881,TSLA,6408700,6409149,449,395,63,462,531,2257
23910754996354,AAPL,3210080,3210125,45,60,100,150,291,954
23910754996354,AMZN,18477800,18484331,6531,20,100,666,341,2273
23910754996354,GOOGL,14377894,14378094,200,100,100,493,352,4893
23910754996354,MSFT,1736500,1736700,200,2799,53,87,243,1462
23910754996354,TSLA,6408700,6408755,55,395,85,462,532,2261
23920844006231,AAPL,3210080,3210125,45,60,100,150,291,954
23920844006231,AMZN,18477800,18492700,14900,5,100,669,340,2276
23920844006231,GOOGL,14377894,14378094,200,100,100,493,352,4902
23920844006231,MSFT,1736500,1736700,200,2799,38,87,244,1459
23920844006231,TSLA,6408700,6408755,55,395,36,462,534,2264
23930618509299,AAPL,3210080,3210125,45,60,100,150,291,954
23930618509299,AMZN,18477800,18480146,2346,5,99,669,343,2284
23930618509299,GOOGL,14377743,14380000,2257,55,97,493,351,4902
23930618509299,MSFT,1736500,1736700,200,2799,38,87,244,1459
23930618509299,TSLA,6408700,6408755,55,395,22,462,535,2265
23940601734831,AAPL,3210080,3210105,25,60,85,150,293,956
23940601734831,AMZN,18475554,18477205,1651,68,40,667,346,2288
23940601734831,GOOGL,14377894,14378094,200,100,100,492,352,4903
23940601734831,MSFT,1736500,1736800,300,2799,193,87,245,1457
23940601734831,TSLA,6408700,6408770,70,395,85,462,535,2267
23950112559313,AAPL,3210080,3210105,25,60,70,150,293,956
23950112559313,AMZN,18475554,18480146,4592,38,99,668,345,2290
23950112559313,GOOGL,14377743,14378094,351,40,70,492,351,4908
23950112559313,MSFT,1736500,1736800,300,2300,148,87,247,1453
23950112559313,TSLA,6408700,6408770,70,395,11,462,536,2268
23961872528647,AAPL,3210080,3210105,25,60,70,150,293,956
23961872528647,AMZN,18475554,18476950,1396,23,80,670,346,2297
23961872528647,GOOGL,14377743,14378094,351,40,70,491,351,4915
23961872528647,MSFT,1736500,1736800,300,2300,118,87,248,1451
23961872528647,TSLA,6408700,6408800,100,395,70,461,539,2269
23970678923831,AAPL,3210080,3210105,25,60,40,149,293,955
23970678923831,AMZN,18475200,18476950,1750,18,40,671,347,2302
23970678923831,GOOGL,14377743,14378094,351,40,55,491,352,4917
23970678923831,MSFT,1736500,1736800,300,2300,118,87,248,1450
23970678923831,TSLA,6409156,6409356,200,100,100,461,542,2274
23980367278836,AAPL,3210080,3210105,25,60,25,149,293,956
23980367278836,AMZN,18475090,18476950,1860,88,20,674,347,2309
23980367278836,GOOGL,14377743,14378094,351,40,55,491,352,4921
23980367278836,MSFT,1736500,1736800,300,2300,118,87,249,1451
23980367278836,TSLA,6408700,6408810,110,395,100,461,546,2280
23990023302734,AAPL,3210080,3210105,25,28,25,149,293,960
23990023302734,AMZN,18475090,18476950,1860,73,20,675,349,2323
23990023302734,GOOGL,14377743,14378094,351,40,55,491,352,4920
23990023302734,MSFT,1736500,1736800,300,2200,103,87,249,1445
23990023302734,TSLA,6408808,6408820,12,100,70,460,546,2284
24000032909463,AAPL,3210090,3210109,19,100,85,149,293,958
24000032909463,AMZN,18475090,18476950,1860,73,19,675,349,2331
24000032909463,GOOGL,14377743,14378094,351,40,55,491,352,4926
24000032909463,MSFT,1736500,1736800,300,2200,88,87,249,1442
24000032909463,TSLA,6408809,6408820,11,100,5,458,548,2287
24010392229732,AAPL,3210098,3210109,11,100,40,149,295,959
24010392229732,AMZN,18475600,18476950,1350,20,19,676,350,2341
24010392229732,GOOGL,14377743,14378094,351,40,55,491,353,4933
24010392229732,MSFT,1736500,1736800,300,2200,88,87,249,1441
24010392229732,TSLA,6408937,6409000,63,100,46,456,553,2295
24020079745460,AAPL,3210099,3210110,11,100,15,149,294,955
24020079745460,AMZN,18475600,18476950,1350,20,19,676,350,2345
24020079745460,GOOGL,14377743,14378094,351,25,55,491,353,4938
24020079745460,MSFT,1736500,1736800,300,2200,88,87,249,1441
24020079745460,TSLA,6408937,6409000,63,100,31,456,553,2296
24030610192223,AAPL,3210080,3210125,45,28,10,149,292,953
24030610192223,AMZN,18475600,18476950,1350,5,19,676,352,2349
24030610192223,GOOGL,14377600,14378094,494,27,55,491,353,4932
24030610192223,MSFT,1736500,1736800,300,2200,73,87,249,1440
24030610192223,TSLA,6409048,6409079,31,100,41,452,554,2292
24040054075508,AAPL,3210000,3210100,100,1853,30,148,292,950
24040054075508,AMZN,18475600,18476950,1350,5,19,677,353,2358
24040054075508,GOOGL,14377600,14378094,494,12,55,491,353,4934
24040054075508,MSFT,1736500,1736800,300,2200,73,87,249,1439
24040054075508,TSLA,6409048,6409079,31,100,11,449,556,2290
24050377072003,AAPL,3210000,3210006,6,1823,85,147,295,953
24050377072003,AMZN,18475600,18476950,1350,5,19,678,355,2367
24050377072003,GOOGL,14377600,14378094,494,12,40,492,353,4938
24050377072003,MSFT,1736500,1736800,300,2200,73,87,249,1441
24050377072003,TSLA,6409530,6410000,470,100,376,446,556,2289
24060083155546,AAPL,3210000,3210006,6,1773,85,148,295,954
24060083155546,AMZN,18475600,18476950,1350,5,19,679,357,2372
24060083155546,GOOGL,14377600,14378094,494,12,40,492,353,4942
24060083155546,MSFT,1736500,1736800,300,2200,73,87,249,1440
24060083155546,TSLA,6409795,6410000,205,100,346,445,557,2288
24070187413767,AAPL,3210000,3210006,6,1773,56,148,295,957
24070187413767,AMZN,18475278,18476950,1672,75,19,678,357,2378
24070187413767,GOOGL,14377600,14378094,494,12,11,492,353,4947
24070187413767,MSFT,1736500,1736800,300,2200,73,87,251,1441
24070187413767,TSLA,6409799,6410000,201,100,316,444,558,2287
24081023968199,AAPL,3210000,3210006,6,1773,56,148,294,955
24081023968199,AMZN,18475278,18476950,1672,75,19,681,359,2400
24081023968199,GOOGL,14377600,14378094,494,12,11,492,353,4948
24081023968199,MSFT,1736500,1736800,300,2200,73,87,251,1443
24081023968199,TSLA,6409900,6410000,100,100,301,441,558,2284
24090028372547,AAPL,3210000,3210006,6,1734,41,148,294,953
24090028372547,AMZN,18475278,18476950,1672,75,19,681,360,2413
24090028372547,GOOGL,14377600,14378094,494,12,11,492,353,4951
24090028372547,MSFT,1736500,1736800,300,2200,73,87,251,1442
24090028372547,TSLA,6409970,6410000,30,100,191,440,558,2283
24100080954422,AAPL,3210000,3210006,6,1734,41,148,294,953
24100080954422,AMZN,18475278,18476950,1672,45,19,681,359,2425
24100080954422,GOOGL,14377600,14380000,2400,12,78,492,352,4956
24100080954422,MSFT,1736500,1736800,300,2200,73,87,250,1441
24100080954422,TSLA,6409975,6410000,25,100,191,439,558,2283
24110487086347,AAPL,3210000,3210006,6,1734,41,148,296,960
24110487086347,AMZN,18475278,18476950,1672,16,19,684,361,2437
24110487086347,GOOGL,14377942,14378142,200,100,100,494,353,4961
24110487086347,MSFT,1736500,1736800,300,2200,73,87,250,1441
24110487086347,TSLA,6409975,6410000,25,100,191,438,560,2285
24120559252452,AAPL,3210000,3210006,6,1694,41,148,296,961
24120559252452,AMZN,18475278,18476950,1672,16,19,684,361,2439
24120559252452,GOOGL,14377838,14378142,304,85,68,494,353,4969
24120559252452,MSFT,1736500,1736800,300,2200,73,87,250,1441
24120559252452,TSLA,6409989,6410000,11,100,191,438,565,2293
24130185491376,AAPL,3210000,3210006,6,1554,41,148,296,960
24130185491376,AMZN,18475278,18476950,1672,1,19,686,361,2441
24130185491376,GOOGL,14377838,14378142,304,70,68,494,353,4968
24130185491376,MSFT,1736500,1736800,300,2200,73,87,250,1439
24130185491376,TSLA,6409989,6410000,11,100,6,438,565,2293
24140016048780,AAPL,3210000,3210006,6,1554,41,148,298,964
24140016048780,AMZN,18475278,18476950,1672,1,19,685,361,2440
24140016048780,GOOGL,14377838,14378142,304,70,53,494,353,4975
24140016048780,MSFT,1736500,1736800,300,2200,73,87,250,1438
24140016048780,TSLA,6410239,6410400,161,100,11,438,562,2291
24150102463188,AAPL,3210000,3210006,6,1474,26,148,299,968
24150102463188,AMZN,18475278,18476950,1672,1,19,685,361,2440
24150102463188,GOOGL,14377838,14378142,304,70,53,494,353,4976
24150102463188,MSFT,1736500,1736800,300,2200,73,87,250,1438
24150102463188,TSLA,6410674,6410800,126,100,117,438,558,2285
24160220335792,AAPL,3210000,3210006,6,1474,26,148,299,969
24160220335792,AMZN,18475278,18476950,1672,1,19,685,362,2442
24160220335792,GOOGL,14377838,14378142,304,55,53,494,355,4983
24160220335792,MSFT,1736500,1736800,300,2200,73,87,250,1437
24160220335792,TSLA,6410686,6410800,114,100,102,438,558,2286
24170096651983,AAPL,3210000,3210006,6,1474,11,148,299,969
24170096651983,AMZN,18475278,18476950,1672,1,19,685,362,2448
24170096651983,GOOGL,14377838,14378142,304,25,38,494,355,4987
24170096651983,MSFT,1736500,1736900,400,2200,112,87,249,1437
24170096651983,TSLA,6410703,6410800,97,100,40,438,559,2288
24180594340767,AAPL,3210000,3210017,17,1474,31,148,301,968
24180594340767,AMZN,18475278,18476950,1672,1,19,685,363,2450
24180594340767,GOOGL,14377838,14378142,304,25,38,494,355,4993
24180594340767,MSFT,1736500,1736900,400,2200,112,87,248,1436
24180594340767,TSLA,6410929,6411000,71,100,117,439,558,2292
24190289674899,AAPL,3210000,3210002,2,1474,147,148,302,970
24190289674899,AMZN,18475278,18476950,1672,1,19,685,364,2451
24190289674899,GOOGL,14377600,14378142,542,7,38,493,355,4999
24190289674899,MSFT,1736500,1737000,500,2200,817,87,247,1430
24190289674899,TSLA,6410961,6411000,39,100,20,438,560,2295
24200693544947,AAPL,3210000,3210002,2,1474,132,148,302,970
24200693544947,AMZN,18475278,18476950,1672,1,19,685,364,2451
24200693544947,GOOGL,14377600,14378142,542,7,38,497,355,5008
24200693544947,MSFT,1736500,1737000,500,2200,802,87,247,1428
24200693544947,TSLA,6411396,6411700,304,100,19,438,560,2299
24210168309409,AAPL,3210000,3210002,2,1474,72,148,303,970
24210168309409,AMZN,18475090,18476950,1860,44,19,685,364,2454
24210168309409,GOOGL,14377400,14378142,742,118,38,497,355,5007
24210168309409,MSFT,1736500,1737000,500,2200,787,87,247,1425
24210168309409,TSLA,6411745,6411900,155,100,19,438,561,2300
24220039080992,AAPL,3210000,3210002,2,1474,57,148,303,974
24220039080992,AMZN,18475000,18476950,1950,65,19,685,364,2460
24220039080992,GOOGL,14377400,14378142,742,88,23,497,355,5010
24220039080992,MSFT,1736500,1737000,500,2200,787,87,247,1426
24220039080992,TSLA,6411745,6411900,155,100,19,438,561,2300
24230236226107,AAPL,3210000,3210002,2,1474,27,148,303,974
24230236226107,AMZN,18475000,18475073,73,65,100,685,365,2462
24230236226107,GOOGL,14377400,14378142,742,28,23,497,355,5009
24230236226107,MSFT,1736500,1737000,500,2200,787,87,247,1427
24230236226107,TSLA,6411745,6411900,155,100,19,438,561,2300
24240417268423,AAPL,3210000,3210006,6,1474,82,148,303,975
24240417268423,AMZN,18475000,18476950,1950,65,19,686,364,2464
24240417268423,GOOGL,14377300,14378142,842,192,23,495,355,5007
24240417268423,MSFT,1736500,1737000,500,2200,787,87,247,1426
24240417268423,TSLA,6411778,6411900,122,100,19,438,561,2304
24251194966239,AAPL,3210000,3210006,6,1374,67,148,303,974
24251194966239,AMZN,18475000,18476950,1950,50,19,685,366,2465
24251194966239,GOOGL,14377300,14378142,842,147,23,495,354,5006
24251194966239,MSFT,1736500,1737000,500,2200,772,87,247,1425
24251194966239,TSLA,6412333,6412500,167,100,45,437,559,2299
24260839371587,AAPL,3210000,3210006,6,1374,67,148,302,973
24260839371587,AMZN,18475000,18476950,1950,50,19,685,366,2465
24260839371587,GOOGL,14377300,14378142,842,147,8,495,354,5009
24260839371587,MSFT,1736500,1737000,500,2200,772,87,247,1422
24260839371587,TSLA,6412334,6412500,166,100,45,437,559,2299
24271341062421,AAPL,3210000,3210006,6,1374,52,148,302,975
24271341062421,AMZN,18475000,18475073,73,50,100,685,367,2467
24271341062421,GOOGL,14377300,14377905,605,132,85,494,358,5011
24271341062421,MSFT,1736500,1737000,500,2200,772,88,247,1423
24271341062421,TSLA,6412332,6412500,168,100,14,437,560,2302
24280063380205,AAPL,3210000,3210006,6,1374,37,148,302,974
24280063380205,AMZN,18475000,18475073,73,35,100,685,367,2468
24280063380205,GOOGL,14377300,14377905,605,57,85,494,358,5011
24280063380205,MSFT,1736500,1737000,500,2200,757,88,247,1421
24280063380205,TSLA,6413619,6413900,281,100,146,437,549,2268
24290745979643,AAPL,3210024,3210056,32,100,100,150,303,977
24290745979643,AMZN,18475000,18475073,73,20,100,685,367,2473
24290745979643,GOOGL,14377300,14377905,605,12,70,494,358,5011
24290745979643,MSFT,1736500,1737000,500,2200,712,89,247,1417
24290745979643,TSLA,6413829,6413900,71,100,70,434,551,2273
24300311915478,AAPL,3210000,3210026,26,1374,100,150,305,978
24300311915478,AMZN,18475000,18476950,1950,20,19,687,366,2476
24300311915478,GOOGL,14377300,14377905,605,12,70,494,358,5017
24300311915478,MSFT,1736500,1737000,500,2200,712,89,247,1417
24300311915478,TSLA,6413875,6413900,25,100,55,434,552,2277
24310032838024,AAPL,3210000,3210021,21,1374,10,150,304,977
24310032838024,AMZN,18474900,18475023,123,2,100,688,367,2478
24310032838024,GOOGL,14377200,14377905,705,55,25,493,359,5024
24310032838024,MSFT,1736500,1737100,600,2200,7,89,246,1406
24310032838024,TSLA,6414144,6414300,156,100,8,432,549,2268
24320104026227,AAPL,3210083,3210105,22,100,7,150,306,978
24320104026227,AMZN,18474600,18474873,273,37,100,690,368,2481
24320104026227,GOOGL,14377200,14377905,705,55,10,493,360,5034
24320104026227,MSFT,1736500,1737200,700,2200,1402,89,246,1403
24320104026227,TSLA,6414261,6414400,139,100,30,431,548,2264
24330095546230,AAPL,3210093,3210105,12,100,7,150,305,977
24330095546230,AMZN,18474600,18476950,2350,22,19,690,366,2480
24330095546230,GOOGL,14377200,14377905,705,55,10,492,361,5036
24330095546230,MSFT,1736500,1737200,700,2300,1302,90,249,1415
24330095546230,TSLA,6414261,6414400,139,100,15,431,548,2263
24342362127668,AAPL,3210094,3210105,11,100,7,150,305,978
24342362127668,AMZN,18474400,18474773,373,32,100,689,367,2480
24342362127668,GOOGL,14377200,14377905,705,25,10,493,361,5038
24342362127668,MSFT,1736500,1737200,700,2300,902,90,251,1414
24342362127668,TSLA,6414575,6414700,125,100,3,430,546,2257
24350279617019,AAPL,3210094,3210105,11,100,7,150,305,979
24350279617019,AMZN,18474100,18476950,2850,47,19,689,366,2481
24350279617019,GOOGL,14377200,14377905,705,10,10,493,361,5039
24350279617019,MSFT,1736500,1737200,700,2300,687,90,251,1409
24350279617019,TSLA,6414698,6414800,102,100,61,429,545,2258
24360071240726,AAPL,3210094,3210105,11,100,7,150,305,984
24360071240726,AMZN,18474100,18476950,2850,2,19,691,367,2488
24360071240726,GOOGL,14377200,14380000,2800,10,36,493,359,5036
24360071240726,MSFT,1736500,1737200,700,2300,457,90,250,1403
24360071240726,TSLA,6414776,6414900,124,100,78,429,545,2256
24370170447874,AAPL,3210094,3210105,11,100,7,150,305,984
24370170447874,AMZN,18474100,18476950,2850,2,19,691,367,2488
24370170447874,GOOGL,14377200,14377870,670,10,40,495,361,5043
24370170447874,MSFT,1736500,1737200,700,2300,457,90,250,1403
24370170447874,TSLA,6414833,6414900,67,100,18,428,545,2251
24383185239112,AAPL,3210094,3210105,11,100,7,150,305,984
24383185239112,AMZN,18474100,18474623,523,2,100,691,367,2490
24383185239112,GOOGL,14377100,14377870,770,50,40,494,361,5044
24383185239112,MSFT,1736500,1737200,700,2300,457,90,250,1403
24383185239112,TSLA,6414851,6414900,49,100,18,429,545,2253
24390921223922,AAPL,3210094,3210105,11,100,7,150,306,985
24390921223922,AMZN,18474100,18474623,523,2,100,691,369,2492
24390921223922,GOOGL,14377100,14377870,770,35,40,494,362,5048
24390921223922,MSFT,1736500,1737200,700,2300,442,90,250,1402
24390921223922,TSLA,6414863,6414900,37,100,18,428,546,2255
24402435410209,AAPL,3210094,3210105,11,100,7,151,306,986
24402435410209,AMZN,18474000,18474573,573,7,100,690,369,2492
24402435410209,GOOGL,14377100,14377870,770,35,25,494,362,5058
24402435410209,MSFT,1736500,1737200,700,2300,427,90,251,1402
24402435410209,TSLA,6414953,6415000,47,100,392,426,546,2252
24410042388079,AAPL,3210094,3210105,11,100,7,151,306,986
24410042388079,AMZN,18474000,18476950,2950,7,19,691,368,2492
24410042388079,GOOGL,14377100,14377870,770,35,25,494,362,5059
24410042388079,MSFT,1736500,1737200,700,2300,427,90,251,1401
24410042388079,TSLA,6414966,6415000,34,100,327,426,546,2250
24420095960497,AAPL,3210094,3210105,11,100,7,151,306,986
24420095960497,AMZN,18474000,18476950,2950,7,19,692,368,2493
24420095960497,GOOGL,14377100,14377870,770,35,10,494,362,5058
24420095960497,MSFT,1736500,1737200,700,2300,327,90,251,1404
24420095960497,TSLA,6416257,6416500,243,100,317,426,534,2198
24430367376962,AAPL,3210094,3210105,11,100,7,151,306,987
24430367376962,AMZN,18473900,18474523,623,117,100,691,369,2491
24430367376962,GOOGL,14377000,14377870,870,38,10,492,362,5060
24430367376962,MSFT,1736500,1737200,700,2300,227,90,251,1410
24430367376962,TSLA,6416299,6416500,201,100,257,424,534,2197
24440283473971,AAPL,3210094,3210105,11,100,7,151,306,988
24440283473971,AMZN,18473900,18474523,623,102,99,691,368,2490
24440283473971,GOOGL,14377000,14377870,870,23,10,492,363,5068
24440283473971,MSFT,1736500,1737400,900,2300,1210,90,252,1398
24440283473971,TSLA,6416466,6416500,34,100,197,420,534,2191
24450049705718,AAPL,3210157,3210277,120,100,1,151,306,988
24450049705718,AMZN,18473900,18474523,623,12,99,691,368,2488
24450049705718,GOOGL,14377000,14377785,785,23,85,492,363,5079
24450049705718,MSFT,1736500,1737400,900,2300,1210,90,254,1397
24450049705718,TSLA,6416877,6417000,123,100,387,418,534,2182
24460482614965,AAPL,3210202,3210277,75,100,1,151,306,988
24460482614965,AMZN,18473800,18474523,723,2,99,691,368,2488
24460482614965,GOOGL,14376900,14377785,885,30,85,492,364,5080
24460482614965,MSFT,1736500,1737400,900,2300,995,90,256,1395
24460482614965,TSLA,6417057,6417200,143,100,53,418,531,2174
24470039624120,AAPL,3210238,3210300,62,100,46,151,305,988
24470039624120,AMZN,18473700,18474523,823,107,99,691,367,2488
24470039624120,GOOGL,14376900,14377785,885,15,85,493,362,5088
24470039624120,MSFT,1736500,1737400,900,2300,995,90,258,1398
24470039624120,TSLA,6417312,6417400,88,100,137,418,530,2167
24480442651057,AAPL,3210239,3210300,61,100,31,152,305,992
24480442651057,AMZN,18473700,18474523,823,62,99,692,367,2487
24480442651057,GOOGL,14376700,14377785,1085,94,85,493,361,5087
24480442651057,MSFT,1736500,1737400,900,2300,965,90,259,1393
24480442651057,TSLA,6419393,6420000,607,100,2343,418,511,2085
24490186383823,AAPL,3210239,3210300,61,100,16,152,305,988
24490186383823,AMZN,18473700,18474523,823,32,99,691,367,2486
24490186383823,GOOGL,14376700,14377785,1085,49,85,493,361,5091
24490186383823,MSFT,1736500,1737400,900,2300,965,90,259,1393
24490186383823,TSLA,6419841,6420000,159,100,1936,418,512,2079
24500168234674,AAPL,3210271,3210300,29,100,16,152,305,989
24500168234674,AMZN,18473700,18474523,823,17,99,691,367,2486
24500168234674,GOOGL,14376700,14377785,1085,49,70,492,362,5093
24500168234674,MSFT,1736500,1737400,900,2300,950,90,259,1393
24500168234674,TSLA,6419981,6420000,19,100,1828,418,515,2078
24511148312865,AAPL,3210283,3210300,17,100,16,152,304,989
24511148312865,AMZN,18473600,18474523,923,12,99,690,367,2484
24511148312865,GOOGL,14376700,14377785,1085,49,70,492,362,5102
24511148312865,MSFT,1736500,1737400,900,2300,750,90,259,1397
24511148312865,TSLA,6419989,6420000,11,100,1588,418,515,2066
24520678123620,AAPL,3210285,3210300,15,100,16,152,304,990
24520678123620,AMZN,18473600,18474523,923,12,98,690,366,2482
24520678123620,GOOGL,14376700,14377785,1085,34,70,492,362,5106
24520678123620,MSFT,1736500,1737400,900,2300,735,90,259,1398
24520678123620,TSLA,6419989,6420000,11,100,1394,418,515,2062
24530329955185,AAPL,3210285,3210300,15,100,16,152,304,990
24530329955185,AMZN,18473500,18474523,1023,57,77,690,365,2485
24530329955185,GOOGL,14376700,14377785,1085,34,10,492,363,5110
24530329955185,MSFT,1736500,1737400,900,2300,705,90,259,1394
24530329955185,TSLA,6419989,6420000,11,100,1229,418,517,2061
24540396061129,AAPL,3210285,3210300,15,100,16,152,304,990
24540396061129,AMZN,18473500,18474523,1023,57,77,690,367,2492
24540396061129,GOOGL,14376600,14377785,1185,190,10,491,363,5111
24540396061129,MSFT,1736500,1737400,900,2300,705,91,259,1395
24540396061129,TSLA,6419989,6420000,11,100,1138,417,518,2058
24550169480250,AAPL,3210285,3210300,15,100,16,152,304,990
24550169480250,AMZN,18473500,18474523,1023,12,57,689,368,2501
24550169480250,GOOGL,14376600,14377785,1185,115,10,491,363,5113
24550169480250,MSFT,1736500,1737400,900,2300,690,91,259,1399
24550169480250,TSLA,6419989,6420000,11,100,1079,414,518,2056
24560660027763,AAPL,3210285,3210300,15,100,16,152,304,991
24560660027763,AMZN,18473400,18474523,1123,187,37,689,368,2507
24560660027763,GOOGL,14377400,14377600,200,100,100,491,363,5112
24560660027763,MSFT,1736500,1737400,900,2300,275,91,261,1399
24560660027763,TSLA,6419989,6420000,11,100,1048,414,518,2057
24570098143144,AAPL,3210365,3210400,35,100,16,153,303,989
24570098143144,AMZN,18473400,18474523,1123,187,37,690,368,2514
24570098143144,GOOGL,14377400,14377600,200,100,100,491,362,5114
24570098143144,MSFT,1736500,1737400,900,2300,245,91,262,1395
24570098143144,TSLA,6419989,6420000,11,100,958,413,520,2057
24580258989903,AAPL,3210365,3210400,35,100,16,153,303,990
24580258989903,AMZN,18473400,18474523,1123,157,16,691,367,2513
24580258989903,GOOGL,14376600,14377600,1000,85,85,491,362,5119
24580258989903,MSFT,1736500,1737400,900,2300,200,91,269,1392
24580258989903,TSLA,6419989,6420000,11,100,813,413,521,2060
24590416208352,AAPL,3210365,3210400,35,100,1,153,303,990
24590416208352,AMZN,18473400,18474523,1123,127,16,691,366,2513
24590416208352,GOOGL,14376600,14377600,1000,85,85,491,362,5128
24590416208352,MSFT,1736500,1737400,900,2300,185,91,270,1388
24590416208352,TSLA,6419989,6420000,11,100,798,412,520,2062
24600133712455,AAPL,3210364,3210400,36,100,1,153,303,992
24600133712455,AMZN,18473400,18474523,1123,112,16,691,366,2512
24600133712455,GOOGL,14376600,14377600,1000,85,70,491,362,5133
24600133712455,MSFT,1736500,1737400,900,2300,170,91,270,1387
24600133712455,TSLA,6419989,6420000,11,100,653,411,522,2063
24610093584911,AAPL,3210407,3210495,88,100,56,153,304,992
24610093584911,AMZN,18473400,18474523,1123,82,16,691,366,2510
24610093584911,GOOGL,14376600,14377600,1000,85,40,491,362,5139
24610093584911,MSFT,1736500,1737400,900,2300,170,91,272,1388
24610093584911,TSLA,6419989,6420000,11,100,625,411,523,2066
24620602149704,AAPL,3210456,3210495,39,100,56,153,304,996
24620602149704,AMZN,18473400,18474523,1123,72,16,693,366,2512
24620602149704,GOOGL,14376600,14377600,1000,85,25,491,362,5144
24620602149704,MSFT,1736500,1737400,900,2300,70,91,273,1387
24620602149704,TSLA,6419989,6420000,11,100,570,411,524,2066
24630211616260,AAPL,3210456,3210495,39,100,56,153,304,996
24630211616260,AMZN,18473400,18474523,1123,72,16,693,366,2512
24630211616260,GOOGL,14376600,14377600,1000,85,25,491,362,5145
24630211616260,MSFT,1736500,1737500,1000,2300,1370,91,272,1389
24630211616260,TSLA,6419989,6420000,11,100,570,411,523,2066
24640601049029,AAPL,3210459,3210495,36,100,56,153,304,997
24640601049029,AMZN,18473500,18474523,1023,40,16,694,366,2516
24640601049029,GOOGL,14376695,14380100,3405,100,2,491,362,5150
24640601049029,MSFT,1736500,1737500,1000,2300,1355,91,272,1389
24640601049029,TSLA,6419989,6420000,11,100,520,410,523,2068
24650509489871,AAPL,3210462,3210495,33,100,56,153,303,995
24650509489871,AMZN,18473500,18474324,824,25,100,694,367,2518
24650509489871,GOOGL,14376600,14377837,1237,85,85,491,363,5155
24650509489871,MSFT,1736500,1737500,1000,2300,674,91,272,1383
24650509489871,TSLA,6419989,6420000,11,100,495,410,523,2070
24660057196117,AAPL,3210467,3210500,33,100,31,153,303,997
24660057196117,AMZN,18473500,18476950,3450,25,15,696,366,2519
24660057196117,GOOGL,14376382,14377837,1455,96,85,490,362,5158
24660057196117,MSFT,1736500,1737500,1000,2300,669,91,272,1382
24660057196117,TSLA,6419989,6420000,11,100,410,410,523,2072
24670019603071,AAPL,3210486,3210500,14,100,31,153,303,1001
24670019603071,AMZN,18473500,18474324,824,25,80,697,366,2519
24670019603071,GOOGL,14376382,14377837,1455,66,85,490,363,5163
24670019603071,MSFT,1736500,1737500,1000,2300,654,91,273,1380
24670019603071,TSLA,6419989,6420000,11,100,143,410,524,2075
24680474768288,AAPL,3210546,3210600,54,100,1,153,302,999
24680474768288,AMZN,18473500,18474324,824,25,40,697,365,2519
24680474768288,GOOGL,14376382,14377837,1455,51,85,491,362,5168
24680474768288,MSFT,1736500,1737500,1000,2300,639,91,274,1375
24680474768288,TSLA,6420682,6420800,118,100,17,409,522,2052
24690371398218,AAPL,3210605,3210700,95,100,56,153,301,998
24690371398218,AMZN,18473500,18474324,824,25,20,697,365,2522
24690371398218,GOOGL,14376382,14377837,1455,6,85,491,361,5170
24690371398218,MSFT,1736500,1737500,1000,2300,624,91,273,1373
24690371398218,TSLA,6421797,6422000,203,100,90,407,511,2027
24700561834521,AAPL,3210718,3210800,82,100,66,153,300,996
24700561834521,AMZN,18473500,18474344,844,10,80,697,365,2527
24700561834521,GOOGL,14376382,14377837,1455,6,70,491,361,5182
24700561834521,MSFT,1736500,1737500,1000,2300,609,91,272,1368
24700561834521,TSLA,6422268,6422500,232,100,2,407,511,2025
24710661783895,AAPL,3210744,3210800,56,100,66,153,300,994
24710661783895,AMZN,18474164,18474364,200,100,100,697,366,2531
24710661783895,GOOGL,14376382,14377837,1455,6,70,491,361,5189
24710661783895,MSFT,1736500,1737500,1000,2300,609,91,272,1368
24710661783895,TSLA,6423574,6423800,226,100,46,407,509,2019
24720014642313,AAPL,3210747,3210800,53,100,66,153,299,999
24720014642313,AMZN,18473500,18474364,864,10,60,697,366,2537
24720014642313,GOOGL,14376382,14377837,1455,6,70,491,361,5193
24720014642313,MSFT,1736500,1737500,1000,2300,509,91,272,1366
24720014642313,TSLA,6424699,6424900,201,100,106,407,506,2004
24730459728176,AAPL,3210749,3210800,51,100,66,153,299,1001
24730459728176,AMZN,18473400,18474364,964,52,60,697,366,2536
24730459728176,GOOGL,14376330,14377837,1507,46,70,491,361,5197
24730459728176,MSFT,1736500,1737500,1000,2300,508,91,272,1365
24730459728176,TSLA,6424949,6425000,51,100,371,407,505,2001
24740176979779,AAPL,3210770,3210800,30,100,51,153,300,1001
24740176979779,AMZN,18473700,18474364,664,20,60,699,366,2538
24740176979779,GOOGL,14376330,14377837,1507,16,70,491,361,5204
24740176979779,MSFT,1736500,1737500,1000,2300,508,91,272,1364
24740176979779,TSLA,6424989,6425000,11,100,159,407,505,2002
24750040517347,AAPL,3210789,3210800,11,60,21,154,301,1001
24750040517347,AMZN,18473400,18474364,964,52,60,698,366,2538
24750040517347,GOOGL,14376300,14377837,1537,57,55,492,363,5223
24750040517347,MSFT,1736500,1737500,1000,2300,358,91,272,1358
24750040517347,TSLA,6427690,6428000,310,100,1,406,504,1998
24760062448026,AAPL,3210789,3210791,2,60,100,154,301,1002
24760062448026,AMZN,18473400,18474364,964,52,40,698,366,2538
24760062448026,GOOGL,14376280,14377837,1557,97,40,492,362,5227
24760062448026,MSFT,1736500,1737500,1000,2300,308,91,272,1358
24760062448026,TSLA,6428799,6429000,201,100,269,407,501,1997
24771209872555,AAPL,3210789,3210800,11,60,100,154,301,1002
24771209872555,AMZN,18473400,18474364,964,37,40,699,366,2538
24771209872555,GOOGL,14376280,14377837,1557,97,25,492,362,5231
24771209872555,MSFT,1736500,1737600,1100,2300,2053,91,271,1356
24771209872555,TSLA,6428932,6429000,68,100,239,407,502,1999
24780034103769,AAPL,3210789,3210804,15,60,100,154,302,1002
24780034103769,AMZN,18473400,18474364,964,37,40,699,366,2538
24780034103769,GOOGL,14376280,14376318,38,97,85,492,362,5235
24780034103769,MSFT,1736500,1737600,1100,2300,1883,91,272,1355
24780034103769,TSLA,6429286,6429500,214,100,149,407,502,1999
24791382638660,AAPL,3210789,3210804,15,60,100,154,302,1002
24791382638660,AMZN,18473400,18474364,964,37,40,699,366,2539
24791382638660,GOOGL,14376280,14376318,38,82,70,492,362,5236
24791382638660,MSFT,1736500,1737600,1100,2300,1618,91,272,1354
24791382638660,TSLA,6429326,6429500,174,100,84,408,504,2001
24800032913160,AAPL,3210789,3210794,5,60,100,154,305,1003
24800032913160,AMZN,18473400,18474364,964,37,40,700,366,2541
24800032913160,GOOGL,14376280,14376318,38,22,70,492,362,5239
24800032913160,MSFT,1736500,1737600,1100,2300,1503,91,271,1352
24800032913160,TSLA,6429326,6429500,174,100,69,409,504,2002
24810114320329,AAPL,3210740,3210807,67,60,70,154,306,1003
24810114320329,AMZN,18473400,18474364,964,37,40,700,367,2545
24810114320329,GOOGL,14376200,14376318,118,22,70,492,362,5245
24810114320329,MSFT,1736500,1737600,1100,2300,1352,91,272,1351
24810114320329,TSLA,6429775,6429900,125,100,614,409,503,2000
24822007639723,AAPL,3210680,3210807,127,60,70,154,306,1002
24822007639723,AMZN,18473100,18474364,1264,32,40,701,367,2545
24822007639723,GOOGL,14376200,14376318,118,7,70,492,362,5258
24822007639723,MSFT,1736500,1737600,1100,2300,1287,91,273,1348
24822007639723,TSLA,6429778,6429900,122,100,584,412,506,2006
24830525124445,AAPL,3210680,3210807,127,60,70,154,307,1006
24830525124445,AMZN,18473100,18474364,1264,2,40,702,368,2549
24830525124445,GOOGL,14376100,14376318,218,55,55,491,363,5267
24830525124445,MSFT,1736500,1737600,1100,2300,1272,91,273,1347
24830525124445,TSLA,6429880,6429900,20,100,554,413,507,2010
24840177682049,AAPL,3210680,3210807,127,60,70,154,307,1010
24840177682049,AMZN,18473100,18474364,1264,2,40,702,368,2551
24840177682049,GOOGL,14376100,14376318,218,40,10,492,364,5273
24840177682049,MSFT,1736500,1737600,1100,2300,1172,91,274,1345
24840177682049,TSLA,6429885,6429900,15,100,430,415,510,2017
24850317912624,AAPL,3210680,3210807,127,60,70,154,306,1009
24850317912624,AMZN,18475500,18476950,1450,20,15,704,370,2563
24850317912624,GOOGL,14376100,14376243,143,40,85,492,364,5276
24850317912624,MSFT,1736500,1737600,1100,2300,1057,91,275,1343
24850317912624,TSLA,6429889,6429900,11,100,385,415,511,2018
24860354134244,AAPL,3210680,3210807,127,60,55,154,306,1009
24860354134244,AMZN,18475500,18476950,1450,20,13,705,369,2565
24860354134244,GOOGL,14376100,14376243,143,40,85,492,364,5280
24860354134244,MSFT,1736500,1737600,1100,2300,1057,91,275,1343
24860354134244,TSLA,6429889,6429900,11,100,370,416,512,2020
24870071905971,AAPL,3210680,3210856,176,60,46,153,303,1003
24870071905971,AMZN,18475184,18476950,1766,60,13,704,369,2568
24870071905971,GOOGL,14376100,14376243,143,40,85,492,364,5284
24870071905971,MSFT,1736500,1737600,1100,2300,1057,91,275,1345
24870071905971,TSLA,6429889,6429900,11,100,355,417,513,2024
24880084678793,AAPL,3210680,3210856,176,60,46,153,303,1002
24880084678793,AMZN,18475184,18475216,32,45,80,704,369,2572
24880084678793,GOOGL,14376100,14376243,143,40,10,492,364,5292
24880084678793,MSFT,1736500,1737600,1100,2300,1042,91,274,1343
24880084678793,TSLA,6429889,6429900,11,100,280,417,513,2025
24891238869814,AAPL,3210680,3210800,120,60,30,153,305,1004
24891238869814,AMZN,18475184,18475216,32,45,80,707,371,2582
24891238869814,GOOGL,14376100,14376258,158,40,55,492,364,5295
24891238869814,MSFT,1736500,1737600,1100,2300,1042,91,275,1345
24891238869814,TSLA,6429889,6429900,11,100,201,417,516,2029
24900025254121,AAPL,3210680,3210700,20,60,15,153,306,1006
24900025254121,AMZN,18473300,18475216,1916,65,80,705,371,2583
24900025254121,GOOGL,14376100,14376258,158,25,55,493,364,5302
24900025254121,MSFT,1736500,1737600,1100,2300,1042,91,276,1352
24900025254121,TSLA,6429889,6429900,11,100,171,417,517,2030
24910651913153,AAPL,3210680,3210700,20,60,15,153,306,1008
24910651913153,AMZN,18473300,18475216,1916,65,80,705,371,2583
24910651913153,GOOGL,14375900,14376258,358,94,55,492,363,5307
24910651913153,MSFT,1736500,1737600,1100,2300,1042,91,278,1355
24910651913153,TSLA,6429889,6429900,11,100,111,417,517,2030
24920262269771,AAPL,3210680,3210700,20,30,15,153,306,1014
24920262269771,AMZN,18473300,18473427,127,20,100,706,372,2587
24920262269771,GOOGL,14375900,14376258,358,64,55,493,363,5315
24920262269771,MSFT,1736500,1737600,1100,2300,1042,91,278,1356
24920262269771,TSLA,6429889,6429900,11,100,96,417,517,2028
24930211093614,AAPL,3210680,3210700,20,30,15,153,305,1018
24930211093614,AMZN,18473077,18473277,200,100,100,704,372,2589
24930211093614,GOOGL,14375900,14376258,358,49,55,493,363,5326
24930211093614,MSFT,1736500,1737600,1100,2300,1042,91,278,1356
24930211093614,TSLA,6429889,6429900,11,100,36,417,517,2028
24940163811177,AAPL,3210579,3210621,42,100,100,152,305,1017
24940163811177,AMZN,18473100,18473300,200,100,100,705,372,2593
24940163811177,GOOGL,14375900,14376258,358,34,55,492,363,5334
24940163811177,MSFT,1736500,1737600,1100,2300,1042,91,278,1357
24940163811177,TSLA,6429955,6430000,45,100,1414,417,515,2027
24951651349344,AAPL,3210579,3210800,221,70,60,153,304,1017
24951651349344,AMZN,18473077,18475216,2139,85,80,704,371,2593
24951651349344,GOOGL,14375900,14376258,358,34,55,492,363,5340
24951651349344,MSFT,1736500,1737600,1100,2300,1042,91,278,1357
24951651349344,TSLA,6429963,6430000,37,100,1224,418,515,2027
24960104285017,AAPL,3210579,3210800,221,10,45,153,304,1016
24960104285017,AMZN,18473077,18475216,2139,85,80,705,371,2595
24960104285017,GOOGL,14375973,14376173,200,100,100,492,364,5341
24960104285017,MSFT,1736500,1737600,1100,2300,927,91,278,1356
24960104285017,TSLA,6429989,6430000,11,100,1164,420,516,2033
24970620801648,AAPL,3210579,3210653,74,10,100,153,305,1020
24970620801648,AMZN,18473100,18473300,200,100,100,705,372,2597
24970620801648,GOOGL,14375994,14376190,196,70,40,494,364,5349
24970620801648,MSFT,1736500,1737600,1100,2300,927,91,278,1357
24970620801648,TSLA,6429989,6430000,11,100,1134,422,517,2043
24980591629696,AAPL,3210579,3210581,2,10,85,153,307,1022
24980591629696,AMZN,18473100,18473297,197,85,100,707,372,2599
24980591629696,GOOGL,14375994,14376190,196,70,25,493,364,5352
24980591629696,MSFT,1736500,1737600,1100,2300,927,91,278,1357
24980591629696,TSLA,6429989,6430000,11,100,1104,426,519,2060
24990026825449,AAPL,3210579,3210581,2,10,25,154,307,1024
24990026825449,AMZN,18473100,18473297,197,85,100,707,372,2599
24990026825449,GOOGL,14375994,14377698,1704,70,35,492,363,5358
24990026825449,MSFT,1736500,1737600,1100,2300,827,91,279,1364
24990026825449,TSLA,6429989,6430000,11,100,1074,426,520,2062
25000262250970,AAPL,3210579,3210638,59,10,100,154,306,1019
25000262250970,AMZN,18473100,18473297,197,85,100,707,372,2599
25000262250970,GOOGL,14375994,14376205,211,55,70,492,364,5365
25000262250970,MSFT,1736500,1737600,1100,2300,827,91,280,1366
25000262250970,TSLA,6429989,6430000,11,100,1074,426,520,2064
25010225792564,AAPL,3210579,3210800,221,10,10,155,305,1018
25010225792564,AMZN,18473100,18475216,2116,85,80,707,371,2599
25010225792564,GOOGL,14375994,14376205,211,55,55,492,364,5373
25010225792564,MSFT,1736500,1737600,1100,2300,827,91,281,1369
25010225792564,TSLA,6429989,6430000,11,100,1029,428,520,2068
25020023394951,AAPL,3210579,3210589,10,10,55,155,307,1020
25020023394951,AMZN,18473100,18475216,2116,85,80,707,371,2599
25020023394951,GOOGL,14375994,14377698,1704,40,15,492,363,5373
25020023394951,MSFT,1737400,1737600,200,100,727,92,282,1373
25020023394951,TSLA,6429989,6430000,11,100,999,430,519,2071
25030464863494,AAPL,3210579,3210589,10,10,55,155,307,1022
25030464863494,AMZN,18473100,18473297,197,85,100,708,372,2601
25030464863494,GOOGL,14376020,14376220,200,100,100,492,364,5378
25030464863494,MSFT,1737400,1737600,200,200,727,92,282,1378
25030464863494,TSLA,6429989,6430000,11,100,984,431,518,2072
25040046992594,AAPL,3210579,3210589,10,10,55,155,307,1026
25040046992594,AMZN,18473100,18473297,197,85,100,708,373,2603
25040046992594,GOOGL,14376020,14376220,200,100,100,492,363,5372
25040046992594,MSFT,1737500,1737600,100,100,127,93,282,1378
25040046992594,TSLA,6429989,6430000,11,100,986,433,517,2077
25050263710229,AAPL,3210374,3210589,215,70,55,155,307,1027
25050263710229,AMZN,18473100,18473297,197,85,100,708,373,2603
25050263710229,GOOGL,14376020,14376220,200,100,100,491,363,5366
25050263710229,MSFT,1737500,1737700,200,100,437,93,281,1384
25050263710229,TSLA,6429989,6430000,11,100,987,432,517,2080
